code,snapshot_date,signal,signal_source,bf_watch_active,bf_watch_type,bf_watch_trigger_price,bf_watch_distance_pct,bf_watch_s_resistance,bf_watch_s_distance_pct,bf_watch_s_side,bf_watch_m_resistance,bf_watch_m_distance_pct,bf_watch_m_side,pullback_v_is_dry,ibd_candidate_rule,ibd_candidate_price,ibd_candidate_signal_source,ibd_candidate_extra,ibd_entry_valid,ibd_entry_date,ibd_entry_price,ibd_trigger_price,ibd_entry_volume_ratio,ibd_entry_close_vs_trigger_pct,ibd_entry_close_position,ibd_entry_breakout_range_ratio,ibd_entry_rule,ibd_entry_reject_reason,latest_close,current_vs_ibd_candidate_pct,ibd_entry_status,volume_ratio,hold_return,breakout_date,pct_above_ceiling,touched_ema10_count,mbox_count,ceiling,ceiling_date,base_depth_pct,base_mbox_count,base_duration_weeks,base_depth_abs,pullback_count,pullback_duration_weeks,pullback_peak_date,pullback_peak_price,pullback_pct,pullback_pct_off_peak,is_bullish,is_priority,eps_yoy_growth,price_52_week_high,dist_to_52w_high_pct,sector,industry,eps_yoy_growth_source,eps_yoy_growth_status,eps_yoy_growth_missing_reason,eps_growth_type
ALNT,2026-10-02,True,pivot,,,,,,,,,,,True,pivot,117.48,pivot,"{""pivot_candidates"": [{""box_type"": ""M_BOX"", ""price"": 117.48, ""resistance_date"": ""2026-09-28""}, {""box_type"": ""S_BOX"", ""price"": 117.48, ""resistance_date"": ""2026-09-28""}]}",0.0,,,,,,,,,daily_volume_not_confirmed,118.3000030517578,0.7,UNCONFIRMED,1.043382228671667,49.4,2026-05-25,70.2,3,2,69.5,2026-02-16,-20.7,1,14,20.7,2,8.0,2026-08-03,117.4800033569336,-26.8,0.7,True,False,83.21927997619756,121.41999816894533,-2.569589165078312,Producer Manufacturing,Electrical Products,TV_DIRECT,resolved,,
AMN,2026-10-02,True,pivot,,,,,,,,,,,True,pivot,35.46,pivot,"{""overridden_signal_source"": ""10_wk_ema_touch_confirm"", ""pivot_candidates"": [{""box_type"": ""S_BOX"", ""price"": 35.46, ""resistance_date"": ""2026-09-28""}], ""selected_pivot"": {""box_type"": ""S_BOX"", ""price"": 35.46, ""resistance_date"": ""2026-09-28""}}",1.0,2026-09-30,35.46,35.46,1.616455181868655,0.0115622936233719,0.7109359400378489,0.3203110164061445,pivot,,36.630001068115234,3.3,ACTIONABLE,1.3528524023654414,26.4,2026-05-04,71.3,2,0,21.3799991607666,2025-10-20,-30.0,2,28,30.0,5,9.0,2026-08-03,36.86000061035156,-14.4,-0.6,True,True,117.5496688742,37.220001220703125,-1.585169621809979,Commercial Services,Personnel Services,YahooLiveObserved,resolved,,TURNAROUND
ANDG,2026-10-02,True,10_wk_ema_touch_confirm,,,,,,,,,,,False,ma10_touch_confirm,55.51,10_wk_ema_touch_confirm,"{""confirm_date"": ""2026-09-28"", ""ma10_prior_week"": 51.246, ""pending_high"": 55.51, ""touch_date"": ""2026-09-21""}",1.0,2026-10-01,55.51,55.51,2.5007579844308028,0.03332733940464,0.8346254350678218,0.4780364653616526,ma10_touch_confirm,,57.13999938964844,2.94,ACTIONABLE,1.8306000913117229,92.6,2026-03-30,107.7,4,1,27.510000228881836,2025-12-15,-34.1,2,15,34.1,7,5.0,2026-08-31,57.619998931884766,-11.0,-0.8,True,True,98.99836575465233,58.18000030517578,-1.7875574253560569,Consumer Services,Other Consumer Services,TV_DIRECT,resolved,,
ARW,2026-10-02,True,ceiling_breakout,,,,,,,,,,,,ceiling,234.46,ceiling_breakout,,1.0,2026-10-02,234.97999572753903,234.46,2.0107124185098644,0.0322016314374986,0.5874010431247124,0.5944878992967733,ceiling,,242.0099945068359,3.22,ACTIONABLE,1.4002741726910568,0.0,2026-09-28,3.2,0,0,234.4600067138672,2026-06-15,-19.0,2,15,19.0,0,,,,,,True,True,46.58210203512685,247.25,-2.1193146585092304,Distribution Services,Electronics Distributors,TV_DIRECT,resolved,,
BDL,2026-10-02,True,10_wk_ema_touch_confirm,,,,,,,,,,,True,ma10_touch_confirm,45.12,10_wk_ema_touch_confirm,"{""confirm_date"": ""2026-09-28"", ""ma10_prior_week"": 44.959, ""pending_high"": 45.12, ""touch_date"": ""2026-09-21""}",1.0,2026-10-02,47.47999954223633,45.12,2.9323956743846615,0.0308067003885905,0.2421858236177669,1.085937224328257,ma10_touch_confirm,,46.5099983215332,3.08,ACTIONABLE,1.6704803820855991,31.1,2026-06-08,32.2,2,0,35.18000030517578,2023-09-18,-35.7,11,142,35.7,3,8.0,2026-08-10,48.84000015258789,-16.0,-4.8,True,True,48.070503404993985,52.119998931884766,-10.763623801457156,Consumer Services,Restaurants,TV_DIRECT,resolved,,
CAKE,2026-10-02,True,10_wk_ema_touch_confirm,,,,,,,,,,,True,ma10_touch_confirm,106.04,10_wk_ema_touch_confirm,"{""confirm_date"": ""2026-09-28"", ""ma10_prior_week"": 104.325, ""pending_high"": 106.04, ""touch_date"": ""2026-09-21""}",0.0,,,,,,,,,daily_volume_not_confirmed,109.6500015258789,3.4,UNCONFIRMED,0.8421677079142934,45.7,2026-06-08,57.3,1,0,69.69999694824219,2025-07-21,-38.2,4,46,38.2,3,8.0,2026-08-10,118.45999908447266,-20.2,-7.4,True,False,23.782360684510763,118.45999908447266,-7.437107569375745,Consumer Services,Restaurants,TV_DIRECT,resolved,,
CBNK,2026-10-02,True,ceiling_breakout,,,,,,,,,,,True,ceiling_pullback,38.02,ceiling_breakout,"{""abandon_line"": 34.81939880371094, ""atr_zone_width"": 0.5638963989973442, ""ceiling"": 35.529998779296875, ""confirm_close"": 40.45000076293945, ""confirm_date"": ""2026-09-28"", ""max_zone_width"": 1.776499938964844, ""overridden_signal_source"": ""pivot"", ""pending_high"": 38.02000045776367, ""touch_atr14"": 1.8796546633244808, ""touch_date"": ""2026-08-17"", ""touch_high"": 38.02000045776367, ""touch_low"": 36.0099983215332, ""zone_cap_applied"": false, ""zone_pct"": 1.5870994043656523, ""zone_upper"": 36.09389517829422, ""zone_width"": 0.5638963989973442}",1.0,2026-09-30,38.25,38.02,14.18009227743741,0.0339295469040246,0.5273643076888039,0.6417922639393124,ceiling_pullback,,40.45000076293945,6.39,EXTENDED,4.705228000580701,12.9,2026-07-13,13.8,1,1,35.529998779296875,2025-05-12,-25.7,6,61,25.7,1,9.0,2026-08-03,38.380001068115234,-7.5,5.4,True,True,11.320030698388322,40.70000076293945,-0.6142506027362105,Finance,Major Banks,TV_DIRECT,resolved,,
CFFI,2026-10-02,True,ceiling_breakout,,,,,,,,,,,False,ceiling_pullback,94.69,ceiling_breakout,"{""abandon_line"": 88.10200149536132, ""atr_zone_width"": 1.6475341039749651, ""ceiling"": 89.9000015258789, ""confirm_close"": 98.30000305175781, ""confirm_date"": ""2026-09-28"", ""max_zone_width"": 4.4950000762939455, ""overridden_signal_source"": ""pivot"", ""pending_high"": 94.69000244140625, ""touch_atr14"": 5.491780346583218, ""touch_date"": ""2026-09-21"", ""touch_high"": 94.69000244140625, ""touch_low"": 91.3499984741211, ""zone_cap_applied"": false, ""zone_pct"": 1.8326296729824867, ""zone_upper"": 91.54753562985387, ""zone_width"": 1.6475341039749651}",1.0,2026-09-28,94.69,94.69,2.921768166640166,2.5783147616920132e-08,0.943130292664936,1.1570642398378057e-06,ceiling_pullback,,98.3000030517578,3.81,ACTIONABLE,1.612400906002265,7.1,2026-08-24,9.3,1,0,89.9000015258789,2025-02-10,-40.9,7,80,40.9,1,4.0,2026-09-07,95.95999908447266,-4.8,2.4,True,True,10.877163431170263,100.0999984741211,-1.7981972525490495,Finance,Regional Banks,TV_DIRECT,resolved,,
CHEF,2026-10-02,True,pivot,,,,,,,,,,,False,pivot,115.72,pivot,"{""overridden_signal_source"": ""three_weeks_tight_breakout"", ""pivot_candidates"": [{""box_type"": ""S_BOX"", ""price"": 115.31, ""resistance_date"": ""2026-09-28""}, {""box_type"": ""M_BOX"", ""price"": 115.72, ""resistance_date"": ""2026-09-28""}]}",0.0,,,,,,,,,daily_volume_not_confirmed,116.41999816894533,0.6,UNCONFIRMED,1.1381004394338696,47.7,2026-04-27,57.5,3,1,73.94000244140625,2026-02-23,-23.5,1,9,23.5,4,10.0,2026-07-27,115.72000122070312,-8.9,0.6,True,False,55.45994673222702,118.51000213623048,-1.763567572028768,Distribution Services,Food Distributors,TV_DIRECT,resolved,,
COHU,2026-10-02,True,ceiling_breakout,,,,,,,,,,,,ceiling,70.47,ceiling_breakout,,0.0,,,,,,,,,daily_volume_not_confirmed,73.4800033569336,4.27,UNCONFIRMED,1.1937965638373729,0.0,2026-09-28,4.3,0,0,70.47000122070312,2026-06-15,-44.4,2,15,44.4,0,,,,,,True,False,99.06025428413488,74.69010162353516,-1.6201588166272596,Electronic Technology,Semiconductors,TV_DIRECT,resolved,,
CON,2026-10-02,True,pivot,,,,,,,,,,,False,pivot,35.52,pivot,"{""overridden_signal_source"": ""10_wk_ema_touch_confirm"", ""pivot_candidates"": [{""box_type"": ""S_BOX"", ""price"": 35.52, ""resistance_date"": ""2026-09-28""}], ""selected_pivot"": {""box_type"": ""S_BOX"", ""price"": 35.52, ""resistance_date"": ""2026-09-28""}}",1.0,2026-10-02,35.52,35.52,1.5092690706896363,0.0036599528682124,0.5859380587940777,0.10156378895167,pivot,,35.650001525878906,0.37,ACTIONABLE,1.266786008749592,37.8,2026-05-11,45.7,3,0,24.46500015258789,2025-08-25,-24.2,3,37,24.2,4,3.0,2026-09-14,36.709999084472656,-6.5,-2.9,True,False,45.64774381368266,36.709999084472656,-2.8874900164247097,Health Services,Medical/Nursing Services,TV_DIRECT,resolved,,
DAC,2026-10-02,True,10_wk_ema_touch_confirm,,,,,,,,,,,False,ma10_touch_confirm,163.13,10_wk_ema_touch_confirm,"{""confirm_date"": ""2026-09-28"", ""ma10_prior_week"": 149.484, ""pending_high"": 163.13, ""touch_date"": ""2026-09-21""}",1.0,2026-10-02,163.13,163.13,1.67496925938771,0.0123827247991441,0.9863751834589656,0.2752036654373709,ma10_touch_confirm,,165.14999389648438,1.24,ACTIONABLE,1.4618295469009412,17.8,2026-07-20,22.1,3,0,135.2100067138672,2026-05-04,-11.3,1,11,11.3,2,3.0,2026-09-14,163.63999938964844,-7.7,0.9,True,True,16.863643390154433,165.25,-0.0605180656675474,Transportation,Marine Shipping,TV_DIRECT,resolved,,
DCO,2026-10-02,True,pivot,,,,,,,,,,,False,pivot,173.07,pivot,"{""pivot_candidates"": [{""box_type"": ""S_BOX"", ""price"": 173.07, ""resistance_date"": ""2026-09-28""}]}",0.0,,,,,,,,,daily_volume_not_confirmed,175.38999938964844,1.34,UNCONFIRMED,0.8562916246350716,62.8,2026-01-05,72.8,4,0,101.47000122070312,2025-10-20,-16.5,1,11,16.5,9,8.0,2026-08-10,207.4600067138672,-24.7,-15.5,True,False,56.45430684800763,210.38999938964844,-16.635771710412417,Electronic Technology,Aerospace & Defense,TV_DIRECT,resolved,,
DHT,2026-10-02,True,10_wk_ema_touch_confirm,,,,,,,,,,,False,ma10_touch_confirm,23.56,10_wk_ema_touch_confirm,"{""confirm_date"": ""2026-09-28"", ""ma10_prior_week"": 20.27, ""pending_high"": 23.56, ""touch_date"": ""2026-09-21""}",0.0,,,,,,,,,daily_volume_not_confirmed,23.68000030517578,0.51,UNCONFIRMED,1.2597322851526611,13.5,2026-08-31,19.3,1,0,19.850000381469727,2026-02-23,-19.5,3,27,19.5,1,3.0,2026-09-14,23.510000228881836,-12.2,0.7,True,False,252.40687679083095,23.719999313354492,-0.1686298875910652,Transportation,Marine Shipping,TV_DIRECT,resolved,,
FTNT,2026-10-02,True,pivot,,,,,,,,,,,True,pivot,173.89,pivot,"{""overridden_signal_source"": ""10_wk_ema_touch_confirm"", ""pivot_candidates"": [{""box_type"": ""S_BOX"", ""price"": 173.89, ""resistance_date"": ""2026-09-28""}]}",0.0,,,,,,,,,daily_volume_not_confirmed,180.9499969482422,4.06,UNCONFIRMED,0.7781191991358088,58.6,2026-05-04,61.0,2,0,112.37000274658205,2025-02-10,-37.6,5,64,37.6,4,4.0,2026-08-24,173.88999938964844,-12.7,4.1,True,False,43.855337078651694,183.08999633789065,-1.1688237656081957,Technology Services,Information Technology Services,TV_DIRECT,resolved,,
HNGE,2026-10-02,True,10_wk_ema_touch_confirm,,,,,,,,,,,False,ma10_touch_confirm,96.45,10_wk_ema_touch_confirm,"{""confirm_date"": ""2026-09-28"", ""ma10_prior_week"": 87.404, ""pending_high"": 96.45, ""touch_date"": ""2026-09-21""}",0.0,,,,,,,,,daily_volume_not_confirmed,97.66999816894533,1.26,UNCONFIRMED,0.8962160315242019,53.5,2026-06-01,61.4,4,0,60.5,2025-08-11,-50.3,3,42,50.3,3,3.0,2026-08-31,93.2969970703125,-7.5,4.7,True,False,103.9694656489,99.7300033569336,-2.065582190562576,Technology Services,Packaged Software,YahooLiveObserved,resolved,,TURNAROUND
HPE,2026-10-02,True,pivot,,,,,,,,,,,False,pivot,63.44,pivot,"{""pivot_candidates"": [{""box_type"": ""S_BOX"", ""price"": 63.44, ""resistance_date"": ""2026-09-28""}, {""box_type"": ""M_BOX"", ""price"": 64.25, ""resistance_date"": ""2026-09-28""}], ""selected_pivot"": {""box_type"": ""S_BOX"", ""price"": 63.44, ""resistance_date"": ""2026-09-28""}}",1.0,2026-09-30,65.76000213623047,63.44,1.6069173232147609,0.0070933068986198,0.0854455788706272,0.1281685204158691,pivot,,69.33000183105469,9.28,EXTENDED,1.252135629662823,162.2,2026-04-13,173.5,4,1,25.350000381469727,2024-12-02,-52.8,6,71,52.8,3,3.0,2026-09-07,62.150001525878906,-11.5,11.6,True,False,410.2256361017762,70.29000091552734,-1.3657690595656136,Electronic Technology,Computer Processing Hardware,TV_DIRECT,resolved,,
IDT,2026-10-02,True,ceiling_breakout,,,,,,,,,,,,ceiling,71.12,ceiling_breakout,"{""overridden_signal_source"": ""pivot""}",1.0,2026-09-29,71.12,71.12,3.7208826755405178,0.0624296619599795,0.7455620300051803,0.6568041650160763,ceiling,,78.9800033569336,11.05,EXTENDED,2.6355624512683997,0.0,2026-09-28,11.1,0,0,71.12000274658203,2025-06-30,-35.7,4,65,35.7,0,,,,,,True,True,30.13432835820895,81.79000091552734,-3.435624803936499,Communications,Major Telecommunications,TV_DIRECT,resolved,,
INSW,2026-10-02,True,10_wk_ema_touch_confirm,,,,,,,,,,,False,ma10_touch_confirm,112.82,10_wk_ema_touch_confirm,"{""confirm_date"": ""2026-09-28"", ""ma10_prior_week"": 100.119, ""pending_high"": 112.82, ""touch_date"": ""2026-09-21""}",0.0,,,,,,,,,daily_volume_not_confirmed,115.80999755859376,2.65,UNCONFIRMED,1.287397993612703,19.3,2026-08-10,25.0,3,0,92.66000366210938,2026-05-04,-19.0,1,14,19.0,3,3.0,2026-09-14,113.13999938964844,-12.1,2.4,True,False,374.7512038523274,116.12999725341795,-0.2755530030074116,Transportation,Marine Shipping,TV_DIRECT,resolved,,
KEYS,2026-10-02,True,ceiling_breakout,,,,,,,,,,,,ceiling,367.17,ceiling_breakout,,0.0,,,,,,,,,daily_volume_not_confirmed,384.6400146484375,4.76,UNCONFIRMED,1.0564874601489045,0.0,2026-09-28,4.8,0,0,367.1700134277344,2026-06-15,-20.1,2,15,20.1,0,,,,,,True,False,107.86231884057968,387.9299926757813,-0.8480855023997647,Electronic Technology,Electronic Equipment/Instruments,TV_DIRECT,resolved,,
KOD,2026-10-02,True,ceiling_breakout,,,,,,,,,,,,ceiling,46.67,ceiling_breakout,"{""overridden_signal_source"": ""pivot""}",1.0,2026-09-28,61.709999084472656,46.67,57.38424761320707,0.9267194808001996,0.834183693053498,1.225907152547581,ceiling,,94.4499969482422,102.38,EXTENDED,6.556313208948562,0.0,2026-09-28,102.4,0,0,46.66999816894531,2026-04-13,-37.4,2,24,37.4,0,,,,,,True,True,-1.846273442814122,104.0,-9.182695242074823,Health Technology,Biotechnology,TV_DIRECT,resolved,,
MSGE,2026-10-02,True,pivot,,,,,,,,,,,False,pivot,79.49,pivot,"{""pivot_candidates"": [{""box_type"": ""S_BOX"", ""price"": 79.49, ""resistance_date"": ""2026-09-28""}], ""selected_pivot"": {""box_type"": ""S_BOX"", ""price"": 79.49, ""resistance_date"": ""2026-09-28""}}",1.0,2026-09-30,81.73999786376953,79.49,1.922374314957083,0.0077997309139712,0.0028741743051886,0.1781609230681551,pivot,,79.87000274658203,0.48,ACTIONABLE,1.6636380360859817,18.0,2026-04-27,22.4,3,0,65.26000213623047,2026-02-16,-16.8,1,10,16.8,4,8.0,2026-08-10,90.41000366210938,-16.7,-11.7,True,True,63.15697266993693,90.41000366210938,-11.658002973784454,Consumer Services,Movies/Entertainment,TV_DIRECT,resolved,,
MSM,2026-10-02,True,pivot,,,,,,,,,,,False,pivot,124.51,pivot,"{""overridden_signal_source"": ""three_weeks_tight_breakout"", ""pivot_candidates"": [{""box_type"": ""S_BOX"", ""price"": 124.51, ""resistance_date"": ""2026-09-28""}, {""box_type"": ""M_BOX"", ""price"": 128.79, ""resistance_date"": ""2026-09-28""}], ""selected_pivot"": {""box_type"": ""S_BOX"", ""price"": 124.51, ""resistance_date"": ""2026-09-28""}}",1.0,2026-10-01,125.01000213623048,124.51,1.944705655230824,0.0320456188257971,0.8455004112614393,0.6774185475670801,pivot,,130.1199951171875,4.51,ACTIONABLE,1.4222657205803564,36.3,2026-04-06,39.7,1,1,93.11000061035156,2024-11-04,-26.9,8,74,26.9,2,11.0,2026-07-20,128.7899932861328,-10.1,1.0,True,True,40.798508926819686,132.3300018310547,-1.67007230657239,Distribution Services,Wholesale Distributors,TV_DIRECT,resolved,,
MTRN,2026-10-02,True,pivot,,,,,,,,,,,True,pivot,304.58,pivot,"{""pivot_candidates"": [{""box_type"": ""M_BOX"", ""price"": 304.58, ""resistance_date"": ""2026-09-28""}, {""box_type"": ""S_BOX"", ""price"": 304.58, ""resistance_date"": ""2026-09-28""}]}",0.0,,,,,,,,,daily_volume_not_confirmed,312.1600036621094,2.49,UNCONFIRMED,1.1173006140474968,71.6,2026-04-13,90.3,1,2,164.0500030517578,2026-02-23,-21.0,1,7,21.0,2,9.0,2026-08-03,304.5799865722656,-25.9,2.5,True,False,52.39910499709951,314.239990234375,-0.6619102077728201,Electronic Technology,Electronic Equipment/Instruments,TV_DIRECT,resolved,,
NEU,2026-10-02,True,ceiling_breakout,,,,,,,,,,,False,ceiling_pullback,915.07,ceiling_breakout,"{""abandon_line"": 835.8713928222656, ""atr_zone_width"": 16.20334301582202, ""ceiling"": 852.9299926757812, ""confirm_close"": 924.0599975585938, ""confirm_date"": ""2026-09-28"", ""max_zone_width"": 42.64649963378906, ""overridden_signal_source"": ""three_weeks_tight_breakout"", ""pending_high"": 915.0700073242188, ""touch_atr14"": 54.01114338607341, ""touch_date"": ""2026-09-07"", ""touch_high"": 894.239990234375, ""touch_low"": 833.4299926757812, ""zone_cap_applied"": false, ""zone_pct"": 1.8997271939036258, ""zone_upper"": 869.1333356916033, ""zone_width"": 16.20334301582202}",0.0,,,,,,,,,daily_volume_not_confirmed,924.0599975585938,0.98,UNCONFIRMED,1.125774810031816,3.9,2026-08-03,8.3,1,0,852.9299926757812,2025-09-29,-32.0,4,44,32.0,1,8.0,2026-08-10,961.97998046875,-13.4,-3.9,True,False,22.87488383881052,981.6599731445312,-5.867609677659436,Process Industries,Chemicals: Specialty,TV_DIRECT,resolved,,
NPK,2026-10-02,True,ceiling_breakout,,,,,,,,,,,,ceiling,146.49,ceiling_breakout,"{""overridden_signal_source"": ""pivot""}",0.0,,,,,,,,,daily_volume_not_confirmed,150.72999572753906,2.89,UNCONFIRMED,1.132010918290134,0.0,2026-09-28,2.9,0,0,146.49000549316406,2026-04-13,-18.3,1,24,18.3,0,,,,,,True,False,207.0051324732973,158.1699981689453,-4.703801307160282,Electronic Technology,Aerospace & Defense,TV_DIRECT,resolved,,
NTAP,2026-10-02,True,pivot,,,,,,,,,,,True,pivot,209.06,pivot,"{""pivot_candidates"": [{""box_type"": ""M_BOX"", ""price"": 209.06, ""resistance_date"": ""2026-09-28""}, {""box_type"": ""S_BOX"", ""price"": 209.06, ""resistance_date"": ""2026-09-28""}], ""selected_pivot"": {""box_type"": ""M_BOX"", ""price"": 209.06, ""resistance_date"": ""2026-09-28""}}",1.0,2026-10-02,216.42999267578125,209.06,2.0558514569556863,0.0823208852600254,0.6402561137555356,1.0996812130595783,pivot,,226.27000427246097,8.23,EXTENDED,1.6166928945821235,62.4,2026-05-18,78.6,3,2,126.66000366210938,2025-09-15,-26.0,2,35,26.0,2,8.0,2026-08-10,209.05999755859375,-23.0,8.2,True,True,63.35598536330372,231.8999938964844,-2.427766180337443,Electronic Technology,Computer Peripherals,TV_DIRECT,resolved,,
PANW,2026-10-02,True,pivot,,,,,,,,,,,False,pivot,398.88,pivot,"{""overridden_signal_source"": ""10_wk_ema_touch_confirm"", ""pivot_candidates"": [{""box_type"": ""M_BOX"", ""price"": 398.88, ""resistance_date"": ""2026-09-28""}, {""box_type"": ""S_BOX"", ""price"": 398.88, ""resistance_date"": ""2026-09-28""}]}",0.0,,,,,,,,,daily_volume_not_confirmed,403.239990234375,1.09,UNCONFIRMED,1.042595291282436,66.1,2026-05-11,80.3,2,1,223.61000061035156,2025-10-27,-37.6,1,28,37.6,4,8.0,2026-08-10,398.8800048828125,-19.4,1.1,True,False,-196.42458100558665,409.5,-1.528695913461542,Technology Services,Packaged Software,TV_DIRECT,resolved,,
PBF,2026-10-02,True,10_wk_ema_touch_confirm,,,,,,,,,,,False,ma10_touch_confirm,78.48,10_wk_ema_touch_confirm,"{""confirm_date"": ""2026-09-28"", ""ma10_prior_week"": 71.58, ""pending_high"": 78.48, ""touch_date"": ""2026-09-14""}",0.0,,,,,,,,,daily_volume_not_confirmed,80.77999877929688,2.93,UNCONFIRMED,1.1593826944820436,51.9,2026-07-06,55.9,2,0,51.79999923706055,2026-03-23,-30.3,1,15,30.3,4,4.0,2026-09-07,82.61000061035156,-17.2,-2.2,True,False,15180.0,83.36000061035156,-3.0950117708304137,Energy Minerals,Oil Refining/Marketing,SEC,resolved,,TURNAROUND
PEB,2026-10-02,True,pivot,,,,,,,,,,,False,pivot,18.67,pivot,"{""overridden_signal_source"": ""10_wk_ema_touch_confirm"", ""pivot_candidates"": [{""box_type"": ""S_BOX"", ""price"": 18.67, ""resistance_date"": ""2026-09-28""}]}",0.0,,,,,,,,,daily_volume_not_confirmed,19.06999969482422,2.14,UNCONFIRMED,1.1904422013262446,4.9,2026-06-08,9.7,1,0,17.3799991607666,2023-01-30,-57.4,13,175,57.4,2,10.0,2026-07-27,19.61000061035156,-11.2,-2.8,True,False,178.4911717495987,19.93000030517578,-4.315105856411961,Finance,Real Estate Investment Trusts,TV_DIRECT,resolved,,
PR,2026-10-02,True,ceiling_breakout,,,,,,,,,,,,ceiling,22.11,ceiling_breakout,"{""overridden_signal_source"": ""pivot""}",0.0,,,,,,,,,daily_volume_not_confirmed,22.1200008392334,0.05,UNCONFIRMED,1.0411336283936512,0.0,2026-09-28,0.0,0,0,22.11000061035156,2026-04-27,-19.0,1,22,19.0,0,,,,,,True,False,231.6392269148175,24.645000457763672,-10.245484161615614,Energy Minerals,Integrated Oil,TV_DIRECT,resolved,,
RAL,2026-10-02,True,10_wk_ema_touch_confirm,,,,,,,,,,,False,ma10_touch_confirm,71.16,10_wk_ema_touch_confirm,"{""confirm_date"": ""2026-09-28"", ""ma10_prior_week"": 66.856, ""pending_high"": 71.16, ""touch_date"": ""2026-09-21""}",0.0,,,,,,,,,daily_volume_not_confirmed,73.19999694824219,2.87,UNCONFIRMED,0.9070489530362804,23.3,2026-05-11,32.5,2,0,55.25,2025-06-23,-32.5,2,46,32.5,3,8.0,2026-08-10,73.34500122070312,-17.9,-0.2,True,False,20.265151515151516,75.41000366210938,-2.930654563775903,Electronic Technology,Electronic Equipment/Instruments,TV_DIRECT,resolved,,
RCBC,2026-10-02,True,pivot,,,,,,,,,,,False,pivot,53.48,pivot,"{""overridden_signal_source"": ""10_wk_ema_touch_confirm"", ""pivot_candidates"": [{""box_type"": ""S_BOX"", ""price"": 53.48, ""resistance_date"": ""2026-09-28""}]}",0.0,,,,,,,,,daily_volume_not_confirmed,54.16999816894531,1.29,UNCONFIRMED,1.5720086802922473,12.9,2026-07-20,19.1,2,0,45.47999954223633,2026-02-09,-10.8,1,23,10.8,2,5.0,2026-08-31,53.47999954223633,-6.1,1.3,True,True,30.00665335994676,54.880001068115234,-1.2937370359900169,Finance,Regional Banks,TV_DIRECT,resolved,,
REPX,2026-10-02,True,ceiling_breakout,,,,,,,,,,,,ceiling,41.53,ceiling_breakout,"{""overridden_signal_source"": ""pivot""}",0.0,,,,,,,,,daily_volume_not_confirmed,42.189998626708984,1.59,UNCONFIRMED,0.8133076838546395,0.0,2026-09-28,1.6,0,0,41.529998779296875,2026-04-06,-24.8,2,25,24.8,0,,,,,,True,False,185.43851121449896,45.310001373291016,-6.885903005999872,Energy Minerals,Integrated Oil,TV_DIRECT,resolved,,
RNG,2026-10-02,True,pivot,,,,,,,,,,,True,pivot,77.95,pivot,"{""pivot_candidates"": [{""box_type"": ""S_BOX"", ""price"": 77.95, ""resistance_date"": ""2026-09-28""}]}",0.0,,,,,,,,,daily_volume_not_confirmed,78.27999877929688,0.42,UNCONFIRMED,0.953434539855103,40.7,2026-07-27,61.2,0,0,48.56999969482422,2023-01-30,-57.6,15,182,57.6,1,4.0,2026-08-31,77.94999694824219,-12.8,0.4,True,False,215.1430565247732,81.9000015258789,-4.4200276912549015,Technology Services,Packaged Software,TV_DIRECT,resolved,,
SAFT,2026-10-02,True,pivot,,,,,,,,,,,True,pivot,103.8,pivot,"{""overridden_signal_source"": ""10_wk_ema_touch_confirm"", ""pivot_candidates"": [{""box_type"": ""S_BOX"", ""price"": 103.8, ""resistance_date"": ""2026-09-28""}]}",0.0,,,,,,,,,daily_volume_not_confirmed,103.91999816894533,0.12,UNCONFIRMED,0.7684900151046405,0.7,2026-07-20,15.5,2,0,90.0,2024-02-12,-25.5,10,127,25.5,2,6.0,2026-08-24,103.8000030517578,-0.7,0.1,True,False,21.068569082323975,104.01000213623048,-0.0865339538857701,Finance,Property/Casualty Insurance,TV_DIRECT,resolved,,
SCSC,2026-10-02,True,ceiling_breakout,,,,,,,,,,,False,ceiling_pullback,58.59,ceiling_breakout,"{""abandon_line"": 52.74359970092773, ""atr_zone_width"": 1.5116200818952163, ""ceiling"": 53.81999969482422, ""confirm_close"": 61.72999954223633, ""confirm_date"": ""2026-09-28"", ""max_zone_width"": 2.690999984741211, ""overridden_signal_source"": ""pivot"", ""pending_high"": 58.59000015258789, ""touch_atr14"": 5.038733606317388, ""touch_date"": ""2026-09-07"", ""touch_high"": 58.59000015258789, ""touch_low"": 55.0, ""zone_cap_applied"": false, ""zone_pct"": 2.8086586593581613, ""zone_upper"": 55.331619776719435, ""zone_width"": 1.5116200818952163}",1.0,2026-10-01,58.709999084472656,58.59,2.3775091733218217,0.0619559860164382,0.9669424527340232,1.0000000420352182,ceiling_pullback,,61.72999954223633,5.36,EXTENDED,1.2117960574289466,13.6,2026-08-17,14.7,0,0,53.81999969482422,2024-12-09,-46.6,6,88,46.6,1,5.0,2026-08-31,58.599998474121094,-6.1,5.3,True,False,40.74411195812949,66.77999877929688,-7.562143350362183,Distribution Services,Electronics Distributors,TV_DIRECT,resolved,,
SHIP,2026-10-02,True,ceiling_breakout,,,,,,,,,,,,ceiling,16.81,ceiling_breakout,"{""overridden_signal_source"": ""pivot""}",1.0,2026-10-02,17.780000686645508,16.81,2.855460541597567,0.0600832656052481,0.470587575312188,1.1882344018220796,ceiling,,17.81999969482422,6.01,EXTENDED,1.9548605586586287,0.0,2026-09-28,6.0,0,0,16.809999465942383,2026-05-04,-21.5,1,21,21.5,0,,,,,,True,True,755.3672316384182,19.219999313354492,-7.284077359760999,Transportation,Marine Shipping,TV_DIRECT,resolved,,
SILC,2026-10-02,True,10_wk_ema_touch_confirm,,,,,,,,,,,,ma10_touch_confirm,53.31,10_wk_ema_touch_confirm,"{""confirm_date"": ""2026-09-28"", ""ma10_prior_week"": 43.917, ""pending_high"": 53.31, ""touch_date"": ""2026-09-21""}",0.0,,,,,,,,,daily_volume_not_confirmed,60.029998779296875,12.61,UNCONFIRMED,1.0031927270120755,13.7,2026-09-21,14.2,1,0,52.58000183105469,2026-05-11,-35.3,2,19,35.3,0,,,,,,True,False,37.82127659574468,60.72999954223633,-1.1526441103504648,Electronic Technology,Computer Communications,TV_DIRECT,resolved,,
SLAB,2026-10-02,True,pivot,,,,,,,,,,,,pivot,222.49,pivot,"{""pivot_candidates"": [{""box_type"": ""S_BOX"", ""price"": 222.49, ""resistance_date"": ""2026-09-28""}]}",0.0,,,,,,,,,daily_volume_not_confirmed,222.7599945068359,0.12,UNCONFIRMED,1.2827723558551076,0.7,2026-09-21,0.8,0,0,220.8999938964844,2026-04-27,-3.0,2,21,3.0,0,,,,,,True,False,52.21689634511684,223.5,-0.331098654659534,Electronic Technology,Semiconductors,TV_DIRECT,resolved,,
SMTC,2026-10-02,True,10_wk_ema_touch_confirm,,,,,,,,,,,False,ma10_touch_confirm,185.46,10_wk_ema_touch_confirm,"{""confirm_date"": ""2026-09-28"", ""ma10_prior_week"": 146.12, ""pending_high"": 185.46, ""touch_date"": ""2026-09-14""}",1.0,2026-10-02,191.8800048828125,185.46,1.6133251223918814,0.0507926500744768,0.3707965760906992,0.8336285255557634,ma10_touch_confirm,,194.8800048828125,5.08,EXTENDED,1.322821278559845,5.3,2026-09-14,14.2,1,0,170.6999969482422,2026-06-08,-39.6,1,14,39.6,1,3.0,2026-09-14,185.4600067138672,-12.3,5.1,True,True,612.9032258065,201.9900054931641,-3.5199764428899827,Electronic Technology,Semiconductors,YahooLiveObserved,resolved,,TURNAROUND
SN,2026-10-02,True,10_wk_ema_touch_confirm,,,,,,,,,,,False,ma10_touch_confirm,181.085,10_wk_ema_touch_confirm,"{""confirm_date"": ""2026-09-28"", ""ma10_prior_week"": 173.065, ""pending_high"": 181.085, ""touch_date"": ""2026-09-21""}",0.0,,,,,,,,,daily_volume_not_confirmed,182.57000732421875,0.82,UNCONFIRMED,0.7108879881285002,36.4,2026-06-08,37.8,2,0,132.47000122070312,2026-02-09,-26.9,2,17,26.9,3,6.0,2026-08-24,194.5399932861328,-19.3,-6.2,True,False,-6.768292682926829,194.5399932861328,-6.152969247977924,Consumer Durables,Electronics/Appliances,TV_DIRECT,resolved,,
SYRE,2026-10-02,True,pivot,,,,,,,,,,,False,pivot,92.1,pivot,"{""pivot_candidates"": [{""box_type"": ""S_BOX"", ""price"": 92.1, ""resistance_date"": ""2026-09-28""}]}",0.0,,,,,,,,,daily_volume_not_confirmed,93.19000244140624,1.18,UNCONFIRMED,1.4601918176885536,81.7,2026-04-06,95.7,1,0,47.61000061035156,2024-03-11,-77.1,7,108,77.1,6,7.0,2026-08-17,110.1750030517578,-24.7,-15.4,True,True,29.37675648867581,110.1750030517578,-15.416383153964953,Health Technology,Pharmaceuticals: Major,TV_DIRECT,resolved,,
TER,2026-10-02,True,ceiling_breakout,,,,,,,,,,,,ceiling,440.75,ceiling_breakout,"{""overridden_signal_source"": ""pivot""}",0.0,,,,,,,,,daily_volume_not_confirmed,449.0400085449219,1.88,UNCONFIRMED,1.004107603801993,0.0,2026-09-28,1.9,0,0,440.75,2026-06-15,-32.7,2,15,32.7,0,,,,,,True,False,385.3085410706989,487.9100036621094,-7.966632129991336,Electronic Technology,Electronic Production Equipment,TV_DIRECT,resolved,,
WTBA,2026-10-02,True,pivot,,,,,,,,,,,True,pivot,29.5,pivot,"{""overridden_signal_source"": ""three_weeks_tight_breakout"", ""pivot_candidates"": [{""box_type"": ""S_BOX"", ""price"": 29.5, ""resistance_date"": ""2026-09-28""}], ""selected_pivot"": {""box_type"": ""S_BOX"", ""price"": 29.5, ""resistance_date"": ""2026-09-28""}}",1.0,2026-10-02,29.5,29.5,2.059955636743215,0.019661014362917,0.6888889202855654,0.4296294517151298,pivot,,30.079999923706055,1.97,ACTIONABLE,1.4344417103168796,11.2,2026-07-13,13.9,1,0,26.399999618530273,2026-02-02,-15.4,2,23,15.4,1,8.0,2026-08-10,30.329999923706055,-9.2,-0.8,True,True,37.19096334185849,30.5,-1.377049430471955,Finance,Regional Banks,TV_DIRECT,resolved,,
XMTR,2026-10-02,True,pivot,,,,,,,,,,,True,pivot,102.0,pivot,"{""pivot_candidates"": [{""box_type"": ""M_BOX"", ""price"": 102.0, ""resistance_date"": ""2026-09-28""}]}",0.0,,,,,,,,,daily_volume_not_confirmed,102.52999877929688,0.52,UNCONFIRMED,1.1983943346796635,28.1,2026-05-04,52.6,2,2,67.19000244140625,2025-11-03,-46.6,2,26,46.6,2,11.0,2026-07-13,102.0,-20.9,0.5,True,False,81.20444955887994,107.93000030517578,-5.0032442422034755,Technology Services,Information Technology Services,TV_DIRECT,resolved,,
XRPN,2026-10-02,True,ceiling_breakout,,,,,,,,,,,,ceiling,10.9,ceiling_breakout,"{""overridden_signal_source"": ""three_weeks_tight_breakout""}",1.0,2026-09-29,12.100000381469728,10.9,31.69067221113701,0.1834862035348874,0.265232896500357,0.3584228756049764,ceiling,,39.41999816894531,261.65,EXTENDED,8.378422155115867,0.0,2026-09-28,261.7,0,0,10.899999618530272,2025-10-13,-7.3,3,50,7.3,0,,,,,,True,True,82.91814946619218,53.0,-25.62264496425413,Finance,Financial Conglomerates,TV_DIRECT,resolved,,
A,2026-10-02,False,,False,,,,,,,,,,,,,,,,,,,,,,,,,167.77999877929688,,,1.2416717877703545,-2.9,2026-09-21,4.7,0,0,160.27000427246094,2024-05-13,-39.8,8,123,39.8,1,2.0,2026-09-21,174.77000427246094,-5.0,-4.0,False,False,,177.0500030517578,-5.235811416366365,Health Technology,Medical Specialties,,,,
AAMI,2026-10-02,False,,False,pivot,98.5199966430664,-4.415345739282706,,,LEFT,98.5199966430664,-4.415345739282706,LEFT,False,,,,,,,,,,,,,,,94.16999816894533,,,1.2505613290657338,52.1,2026-04-06,67.3,2,0,56.29499816894531,2026-01-26,-18.6,1,10,18.6,5,6.0,2026-08-24,98.5199966430664,-13.1,-4.4,True,False,,98.5199966430664,-4.415345739282706,Finance,Investment Managers,,,,
AAPL,2026-10-02,False,,False,ma10_pullback,344.57000732421875,-3.1575600463028985,,,,,,,True,,,,,,,,,,,,,,,333.69000244140625,,,0.981999135359796,13.8,2026-05-04,18.8,1,1,280.9100036621094,2025-11-24,-13.3,2,23,13.3,3,2.0,2026-09-21,345.3399963378906,-5.7,-3.4,False,False,,345.3399963378906,-3.3734852667009596,Electronic Technology,Telecommunications Equipment,,,,
ABBV,2026-10-02,False,,True,pivot,266.9700012207031,-1.5544794836531373,,,RIGHT,266.9700012207031,-1.5544794836531373,RIGHT,True,,,,,,,,,,,,,,,262.82000732421875,,,1.2027414159441494,3.7,2026-06-22,10.4,2,1,238.1499938964844,2025-11-17,-19.9,2,31,19.9,2,7.0,2026-08-17,266.9700012207031,-7.6,-1.6,False,False,,269.3900146484375,-2.4388458988700124,Health Technology,Pharmaceuticals: Major,,,,
ACA,2026-10-02,False,,False,ma10_pullback,147.0,-0.3401360544217691,,,,,,,False,,,,,,,,,,,,,,,146.5,,,1.3356886151739853,7.8,2026-06-15,11.8,2,0,131.0,2026-02-09,-23.8,2,18,23.8,5,2.0,2026-09-21,146.82000732421875,-0.6,-0.2,False,False,,147.0,-0.3401360544217691,Non-Energy Minerals,Construction Materials,,,,
ACNB,2026-10-02,False,,False,pivot,67.5999984741211,-5.650887250073843,67.5999984741211,-5.650887250073843,BOTTOM,,,,False,,,,,,,,,,,,,,,63.779998779296875,,,0.8359649915561238,17.1,2026-05-18,18.4,2,0,53.88999938964844,2025-12-08,-17.2,2,23,17.2,6,5.0,2026-08-31,67.5999984741211,-9.9,-5.7,True,False,,67.5999984741211,-5.650887250073843,Finance,Regional Banks,,,,
ACT,2026-10-02,False,,False,pivot,50.0,-9.480003356933596,50.0,-9.480003356933596,BOTTOM,50.2599983215332,-9.948269333423,LEFT,False,,,,,,,,,,,,,,,45.2599983215332,,,1.4963450485098035,13.8,2026-01-26,15.3,5,2,39.2599983215332,2025-09-22,-11.8,1,18,11.8,5,8.0,2026-08-10,50.2599983215332,-14.8,-9.9,False,False,,50.560001373291016,-10.482600687897936,Finance,Multi-Line Insurance,,,,
ACU,2026-10-02,False,,False,ma10_pullback,64.87000274658203,-2.1119202845327756,,,,,,,False,,,,,,,,,,,,,,,63.5,,,1.1076821213290184,17.7,2026-07-20,27.1,1,0,49.97999954223633,2024-02-05,-34.3,10,128,34.3,2,5.0,2026-08-31,64.16999816894531,-6.9,-1.0,True,False,,64.87000274658203,-2.1119202845327756,Distribution Services,Wholesale Distributors,,,,
ADM,2026-10-02,False,,False,pivot,88.75,-9.352116114656695,88.75,-9.352116114656695,LEFT,,,,False,,,,,,,,,,,,,,,80.44999694824219,,,0.9522453678349588,23.4,2026-01-12,24.6,5,0,64.56999969482422,2025-10-13,-13.9,2,13,13.9,8,4.0,2026-09-07,88.75,-12.0,-9.4,False,False,,88.75,-9.352116114656695,Process Industries,Agricultural Commodities/Milling,,,,
ADPT,2026-10-02,False,,False,,,,,,,,,,True,,,,,,,,,,,,,,,28.350000381469727,,,1.3645857661037433,35.3,2026-06-22,36.6,1,0,20.760000228881836,2025-11-24,-42.2,2,30,42.2,5,2.0,2026-09-21,29.959999084472656,-9.4,-5.4,False,False,,29.959999084472656,-5.373827610820392,Health Technology,Biotechnology,,,,
AIT,2026-10-02,False,,False,ma10_pullback,348.17999267578125,-1.358487152693599,,,,,,,False,,,,,,,,,,,,,,,343.45001220703125,,,1.0626184149997964,13.4,2026-04-27,16.3,3,0,295.260009765625,2026-02-02,-15.0,1,12,15.0,4,8.0,2026-08-10,374.7999877929687,-16.7,-8.4,True,False,,374.7999877929687,-8.364454804426124,Distribution Services,Wholesale Distributors,,,,
AIZ,2026-10-02,False,,False,pivot,288.70001220703125,-7.405612739455158,288.70001220703125,-7.405612739455158,BOTTOM,,,,False,,,,,,,,,,,,,,,267.32000732421875,,,1.0430029688841016,5.0,2026-05-11,8.5,0,0,246.30999755859375,2026-02-02,-14.8,1,14,14.8,4,9.0,2026-08-03,303.94000244140625,-14.2,-12.0,True,False,,303.94000244140625,-12.048428908020137,Finance,Property/Casualty Insurance,,,,
ALL,2026-10-02,False,,False,pivot,262.19000244140625,-14.664936340139413,262.19000244140625,-14.664936340139413,BOTTOM,,,,False,,,,,,,,,,,,,,,223.7400054931641,,,1.642348597451032,1.2,2026-06-01,3.6,1,0,215.88999938964844,2024-11-25,-18.5,8,79,18.5,3,9.0,2026-08-03,275.3900146484375,-19.9,-18.8,False,False,,277.2200012207031,-19.291535780985026,,,,,,
ALMR,2026-10-02,False,,False,pivot,37.7599983215332,-9.00423162689269,37.7599983215332,-9.00423162689269,RIGHT,,,,False,,,,,,,,,,,,,,,34.36000061035156,,,1.583086485132787,28.8,2026-06-22,40.2,2,0,24.5,2026-04-13,-23.1,2,10,23.1,4,3.0,2026-09-14,37.7599983215332,-16.1,-9.0,True,True,,38.540000915527344,-10.84587495038617,Health Technology,Biotechnology,,,,
ALRS,2026-10-02,False,,False,pivot,33.880001068115234,-3.5714370160060738,33.880001068115234,-3.5714370160060738,BOTTOM,,,,False,,,,,,,,,,,,,,,32.66999816894531,,,1.281176506649894,21.2,2026-04-27,24.1,0,0,26.31999969482422,2026-02-02,-12.7,1,12,12.7,5,5.0,2026-08-31,33.880001068115234,-9.0,-3.6,True,False,,34.400001525878906,-5.029079302895156,Finance,Major Banks,,,,
AMAL,2026-10-02,False,,False,pivot,51.59000015258789,-6.590427439082602,,,LEFT,51.59000015258789,-6.590427439082602,LEFT,False,,,,,,,,,,,,,,,48.189998626708984,,,2.2136344849449197,26.7,2026-01-19,29.3,3,2,37.2599983215332,2024-11-18,-32.8,4,61,32.8,6,8.0,2026-08-10,51.59000015258789,-11.3,-6.6,True,True,,51.59000015258789,-6.590427439082602,Finance,Regional Banks,,,,
AMD,2026-10-02,False,,False,,,,,,,,,,True,,,,,,,,,,,,,,,633.9099731445312,,,0.9782278635870432,127.7,2026-04-13,137.3,1,1,267.0799865722656,2025-10-27,-29.5,2,24,29.5,4,11.0,2026-07-06,572.5,-25.9,10.7,True,False,,645.4600219726562,-1.789429001787857,Electronic Technology,Semiconductors,,,,
AMG,2026-10-02,False,,False,ma10_pullback,379.8599853515625,-2.219236824320736,,,,,,,False,,,,,,,,,,,,,,,371.4299926757813,,,1.27647709882817,10.3,2026-06-01,12.4,1,0,330.3800048828125,2026-02-09,-23.0,1,16,23.0,3,8.0,2026-08-10,374.8999938964844,-9.3,-0.9,True,False,,392.9200134277344,-5.4693118236660005,Finance,Investment Managers,,,,
AMLX,2026-10-02,False,,False,pivot,34.345001220703125,-19.085747771714846,34.345001220703125,-19.085747771714846,LEFT,,,,True,,,,,,,,,,,,,,,27.790000915527344,,,0.5199122128357477,36.8,2026-07-27,49.4,0,0,18.604999542236328,2026-04-13,-33.1,1,15,33.1,2,7.0,2026-08-17,41.13999938964844,-33.0,-32.5,False,False,,41.13999938964844,-32.4501669231434,Health Technology,Pharmaceuticals: Major,,,,
AMRX,2026-10-02,False,,False,,,,,,,,,,True,,,,,,,,,,,,,,,20.299999237060547,,,1.6443566445730349,25.3,2026-06-08,35.4,1,1,14.989999771118164,2026-02-09,-21.9,2,17,21.9,2,8.0,2026-07-27,19.260000228881836,-13.1,5.4,True,True,,21.174999237060547,-4.132231553843802,Health Technology,Pharmaceuticals: Major,,,,
AMTB,2026-10-02,False,,False,pivot,29.90999984741211,-1.1701784796231296,29.90999984741211,-1.1701784796231296,BOTTOM,,,,False,,,,,,,,,,,,,,,29.559999465942383,,,1.0897706945878929,29.8,2026-03-30,36.3,4,1,21.68000030517578,2025-08-25,-28.0,2,31,28.0,6,3.0,2026-09-14,29.90999984741211,-5.6,-1.2,True,False,,30.600000381469727,-3.398695760007675,Finance,Major Banks,,,,
ANET,2026-10-02,False,,False,ma10_pullback,208.6324005126953,-0.6146669481961187,,,,,,,False,,,,,,,,,,,,,,,207.3500061035156,,,0.8269486046977239,15.0,2026-07-27,15.3,2,0,179.8000030517578,2026-04-20,-24.8,1,14,24.8,2,3.0,2026-09-07,200.6750030517578,-7.3,3.3,True,False,,214.88999938964844,-3.5087688154630925,Electronic Technology,Computer Peripherals,,,,
AOUT,2026-10-02,False,,False,,,,,,,,,,True,,,,,,,,,,,,,,,16.350000381469727,,,0.8862415659896736,58.6,2026-06-08,63.7,2,1,9.989999771118164,2026-01-12,-22.4,2,21,22.4,3,2.0,2026-09-21,17.68899917602539,-11.2,-7.6,False,False,,17.68899917602539,-7.569669607823048,Consumer Durables,Recreational Products,,,,
ARX,2026-10-02,False,,False,,,,,,,,,,True,,,,,,,,,,,,,,,19.729999542236328,,,0.6006624584992926,0.8,2026-08-10,11.5,1,0,17.700000762939453,2026-05-18,-39.2,1,12,39.2,1,5.0,2026-08-31,19.899999618530273,-2.0,-0.9,False,False,,19.899999618530273,-0.8542717565463986,Finance,Property/Casualty Insurance,,,,
ASIC,2026-10-02,False,,False,pivot,29.0,-9.758620426572604,29.0,-9.758620426572604,LEFT,,,,False,,,,,,,,,,,,,,,26.170000076293945,,,1.0748592898446678,9.0,2026-07-27,9.6,1,0,23.875,2026-02-23,-22.8,3,22,22.8,2,3.0,2026-09-14,29.0,-11.9,-9.8,False,False,,29.0,-9.758620426572604,Finance,Property/Casualty Insurance,,,,
ATI,2026-10-02,False,,False,pivot,243.57000732421875,-21.00012629518342,,,BOTTOM,243.57000732421875,-21.00012629518342,BOTTOM,False,,,,,,,,,,,,,,,192.4199981689453,,,1.0312805767453337,94.4,2025-10-27,102.2,5,2,95.16999816894533,2025-07-21,-26.0,1,14,26.0,8,8.0,2026-08-10,243.57000732421875,-26.8,-21.0,True,False,,243.57000732421875,-21.00012629518342,Non-Energy Minerals,Other Metals/Minerals,,,,
ATRC,2026-10-02,False,,False,,,,,,,,,,False,,,,,,,,,,,,,,,55.13999938964844,,,1.4346331147379163,24.5,2026-08-10,29.9,0,0,42.439998626708984,2025-02-03,-40.2,6,79,40.2,2,2.0,2026-09-21,61.70000076293945,-15.7,-10.6,False,False,,61.70000076293945,-10.632092856036602,Health Technology,Medical Specialties,,,,
ATRO,2026-10-02,False,,False,pivot,94.45999908447266,-27.810710245268965,,,LEFT,94.45999908447266,-27.810710245268965,LEFT,True,,,,,,,,,,,,,,,68.19000244140625,,,0.924634310346977,5.7,2026-05-18,5.9,2,0,64.40542602539062,2026-02-23,-23.8,1,12,23.8,3,8.0,2026-08-10,94.45999908447266,-33.7,-27.8,False,False,,94.45999908447266,-27.810710245268965,Electronic Technology,Aerospace & Defense,,,,
AVBC,2026-10-02,False,,False,ceiling_pullback,22.549999237060547,-1.3747205163222476,22.59000015258789,-1.5493598012642384,LEFT,,,,False,,,,,,,,,,,,,,,22.239999771118164,,,0.8223826181384679,3.2,2026-07-20,4.9,0,0,21.19499969482422,2026-04-13,-12.6,1,14,12.6,2,3.0,2026-09-14,22.59000015258789,-5.7,-1.5,True,False,,22.89699935913086,-2.8693698143931523,Finance,Savings Banks,,,,
AVT,2026-10-02,False,,False,,,,,,,,,,False,,,,,,,,,,,,,,,106.93499755859376,,,1.4713346595768113,71.4,2026-01-26,85.4,7,2,57.68000030517578,2024-05-20,-32.0,7,88,32.0,6,3.0,2026-09-07,99.91999816894533,-9.0,7.0,True,True,,108.62999725341795,-1.560342205357912,Distribution Services,Electronics Distributors,,,,
AXGN,2026-10-02,False,,False,ceiling_pullback,43.939998626708984,-14.906689671763262,46.88999938964844,-20.260183671696197,BOTTOM,52.90999984741211,-29.332830282596905,BOTTOM,False,,,,,,,,,,,,,,,37.38999938964844,,,1.8321936202364335,-2.9,2026-04-13,4.2,5,0,35.88999938964844,2026-02-16,-23.3,1,8,23.3,3,6.0,2026-08-24,52.90999984741211,-30.1,-29.3,False,False,,52.90999984741211,-29.332830282596905,,,,,,
BDSX,2026-10-02,False,,False,pivot,29.959999084472656,-7.476634978534047,29.959999084472656,-7.476634978534047,RIGHT,,,,False,,,,,,,,,,,,,,,27.719999313354492,,,1.7213565280009209,18.8,2026-06-22,46.0,1,1,18.989999771118164,2026-03-02,-50.3,1,16,50.3,3,3.0,2026-09-14,29.959999084472656,-12.1,-7.5,False,False,,31.969999313354492,-13.293713141322128,Health Services,Medical/Nursing Services,,,,
BEN,2026-10-02,False,,False,pivot,35.099998474121094,-6.524208548095722,35.099998474121094,-6.524208548095722,BOTTOM,,,,False,,,,,,,,,,,,,,,32.810001373291016,,,1.3370094690464258,10.0,2026-04-27,16.5,0,0,28.170000076293945,2026-02-16,-19.8,1,10,19.8,3,5.0,2026-08-31,35.099998474121094,-10.1,-6.5,False,False,,36.279998779296875,-9.564491518081333,Finance,Investment Managers,,,,
BFH,2026-10-02,False,,False,pivot,110.97000122070312,-11.642784560531204,110.97000122070312,-11.642784560531204,BOTTOM,113.87999725341795,-13.900592363410013,LEFT,True,,,,,,,,,,,,,,,98.0500030517578,,,1.102095328718744,8.2,2026-04-13,19.5,3,1,82.02999877929688,2026-01-05,-17.4,1,14,17.4,3,8.0,2026-08-10,113.87999725341795,-17.3,-13.9,False,False,,114.52999877929688,-14.389239416038556,Finance,Finance/Rental/Leasing,,,,
BFST,2026-10-02,False,,False,ceiling_pullback,31.88999938964844,-3.1044207904234677,,,,,,,False,,,,,,,,,,,,,,,30.899999618530273,,,1.213366429800938,0.0,2026-07-13,1.9,1,0,30.31999969482422,2024-11-04,-33.8,7,88,33.8,2,8.0,2026-08-10,32.525001525878906,-9.3,-5.0,True,False,,32.525001525878906,-4.996162432323581,Finance,Regional Banks,,,,
BHB,2026-10-02,False,,False,pivot,40.849998474121094,-3.42716710765254,40.849998474121094,-3.42716710765254,BOTTOM,,,,True,,,,,,,,,,,,,,,39.45000076293945,,,1.2186658219094413,6.7,2026-06-08,9.4,1,0,36.04999923706055,2026-02-02,-16.2,2,18,16.2,3,8.0,2026-08-10,41.0,-8.3,-3.8,True,False,,41.119998931884766,-4.061279699232633,Finance,Regional Banks,,,,
BIIB,2026-10-02,False,,False,,,,,,,,,,False,,,,,,,,,,,,,,,219.8800048828125,,,1.5435340654087002,8.3,2026-07-27,8.6,1,0,202.41000366210935,2026-02-02,-16.7,2,25,16.7,2,2.0,2026-09-21,229.19000244140625,-4.1,-4.1,False,False,,230.4900054931641,-4.603236738031247,Health Technology,Pharmaceuticals: Major,,,,
BJRI,2026-10-02,False,,False,,,,,,,,,,True,,,,,,,,,,,,,,,61.93000030517578,,,1.00561281352609,17.7,2026-06-08,31.7,1,0,47.02000045776367,2025-06-30,-39.5,2,49,39.5,3,9.0,2026-08-03,70.43000030517578,-19.3,-12.1,True,False,,74.5999984741211,-16.98391210200971,Consumer Services,Restaurants,,,,
BLFS,2026-10-02,False,,False,,,,,,,,,,True,,,,,,,,,,,,,,,37.29999923706055,,,2.083074640749392,24.4,2026-07-20,25.9,1,0,29.6200008392334,2025-01-20,-39.7,5,78,39.7,2,2.0,2026-09-21,38.88999938964844,-5.6,-4.1,False,False,,39.7599983215332,-6.187120694973403,Health Technology,Medical Specialties,,,,
BLZE,2026-10-02,False,,False,pivot,20.90999984741211,-31.3247261527145,,,RIGHT,20.90999984741211,-31.3247261527145,RIGHT,True,,,,,,,,,,,,,,,14.359999656677246,,,0.6412634339543982,-1.4,2026-06-22,34.0,2,0,10.720000267028809,2025-10-20,-69.6,2,35,69.6,2,8.0,2026-08-10,20.90999984741211,-41.9,-31.3,True,False,,23.989999771118164,-40.14172657906643,,,,,,
BNY,2026-10-02,False,,False,pivot,165.83999633789062,-12.32513440229508,165.83999633789062,-12.32513440229508,BOTTOM,,,,False,,,,,,,,,,,,,,,145.39999389648438,,,1.4913982905687118,14.0,2026-04-06,16.8,0,0,124.45999908447266,2026-02-02,-10.2,1,9,10.2,5,5.0,2026-08-31,165.83999633789062,-15.0,-12.3,False,False,,165.83999633789062,-12.32513440229508,Finance,Investment Banks/Brokers,,,,
BOTJ,2026-10-02,False,,False,pivot,28.010000228881836,-2.5348125170280733,28.010000228881836,-2.5348125170280733,BOTTOM,28.290000915527344,-3.4994755971302305,LEFT,False,,,,,,,,,,,,,,,27.299999237060547,,,1.4653604223400225,53.6,2025-11-17,60.1,6,0,17.049999237060547,2024-12-02,-32.2,3,50,32.2,9,8.0,2026-08-10,28.290000915527344,-9.9,-3.5,True,True,,29.790000915527344,-8.358514944418616,Finance,Regional Banks,,,,
BOW,2026-10-02,False,,False,,,,,,,,,,False,,,,,,,,,,,,,,,33.77000045776367,,,1.01226989267778,13.4,2026-06-22,16.6,2,0,28.950000762939453,2025-12-22,-26.7,2,26,26.7,2,3.0,2026-08-10,33.77000045776367,-1.1,0.0,True,False,,35.06999969482422,-3.706869827125792,Finance,Multi-Line Insurance,,,,
BPOP,2026-10-02,False,,False,pivot,173.19000244140625,-8.689879808073531,173.19000244140625,-8.689879808073531,BOTTOM,179.13999938964844,-11.722675042731678,LEFT,False,,,,,,,,,,,,,,,158.13999938964844,,,1.390221990395112,18.4,2026-01-26,22.3,4,1,129.32000732421875,2025-09-22,-15.9,1,18,15.9,8,8.0,2026-08-10,179.13999938964844,-14.9,-11.7,False,False,,179.24000549316406,-11.771928953840805,Finance,Regional Banks,,,,
BPRN,2026-10-02,False,,False,pivot,44.005001068115234,-0.6476533132471873,44.005001068115234,-0.6476533132471873,LEFT,,,,False,,,,,,,,,,,,,,,43.720001220703125,,,1.5210614815836785,7.0,2026-07-20,11.1,1,0,39.349998474121094,2024-11-04,-30.7,7,89,30.7,2,5.0,2026-08-31,44.005001068115234,-4.0,-0.6,True,True,,44.494998931884766,-1.7417636358819766,Finance,Regional Banks,,,,
BSVN,2026-10-02,False,,False,ceiling_pullback,57.68000030517578,-3.814148320561017,,,,,,,False,,,,,,,,,,,,,,,55.47999954223633,,,1.293494682413823,10.3,2026-07-27,11.0,2,0,49.9900016784668,2025-08-25,-23.4,2,48,23.4,2,5.0,2026-08-31,57.68000030517578,-7.2,-3.8,True,False,,57.68000030517578,-3.814148320561017,Finance,Regional Banks,,,,
BUSE,2026-10-02,False,,False,pivot,30.93000030517578,-3.8797308473955794,30.93000030517578,-3.8797308473955794,BOTTOM,,,,False,,,,,,,,,,,,,,,29.729999542236328,,,1.3677406029731174,8.6,2026-05-25,8.7,3,0,27.350000381469727,2026-02-02,-12.9,1,16,12.9,4,8.0,2026-08-10,31.56999969482422,-9.6,-5.8,False,False,,31.700000762939453,-6.214514742240185,Finance,Regional Banks,,,,
BUUU,2026-10-02,False,,False,pivot,48.11000061035156,-18.52005764783755,48.11000061035156,-18.52005764783755,RIGHT,25.989999771118164,50.82724551041024,RIGHT,False,,,,,,,,,,,,,,,39.20000076293945,,,1.410753703095099,241.2,2026-01-26,318.4,3,2,9.369999885559082,2025-09-29,-39.2,2,17,39.2,9,3.0,2026-09-14,48.11000061035156,-23.1,-18.5,False,False,,52.90999984741211,-25.911924256305262,Commercial Services,Miscellaneous Commercial Services,,,,
BWB,2026-10-02,False,,False,pivot,22.11000061035156,-6.331983207741054,22.11000061035156,-6.331983207741054,BOTTOM,22.6200008392334,-8.443862439863082,BOTTOM,True,,,,,,,,,,,,,,,20.709999084472656,,,0.7492105468598971,-0.6,2026-06-22,2.0,1,0,20.299999237060547,2022-11-07,-61.1,14,189,61.1,2,8.0,2026-08-10,22.6200008392334,-12.8,-8.4,False,False,,22.6200008392334,-8.443862439863082,Finance,Regional Banks,,,,
BWFG,2026-10-02,False,,False,pivot,68.58000183105469,-2.814231924242716,68.58000183105469,-2.814231924242716,LEFT,69.20999908447266,-3.698883965406796,LEFT,False,,,,,,,,,,,,,,,66.6500015258789,,,1.4903567485753724,93.5,2025-04-28,99.6,9,4,33.400001525878906,2024-11-18,-21.0,2,23,21.0,13,4.0,2026-09-07,68.58000183105469,-6.7,-2.8,True,True,,69.58999633789062,-4.224737701862669,Finance,Regional Banks,,,,
BY,2026-10-02,False,,False,pivot,38.959999084472656,-3.1314102532720156,38.959999084472656,-3.1314102532720156,BOTTOM,,,,True,,,,,,,,,,,,,,,37.7400016784668,,,1.1657557284084354,6.6,2026-06-08,11.4,1,0,33.88999938964844,2026-02-02,-12.3,2,18,12.3,4,8.0,2026-08-10,39.54499816894531,-8.7,-4.6,True,False,,40.029998779296875,-5.720702399857281,Finance,Regional Banks,,,,
BZH,2026-10-02,False,,False,ma10_pullback,33.45000076293945,-0.1494745468464731,,,,,,,False,,,,,,,,,,,,,,,33.400001525878906,,,1.306632039087945,4.7,2026-07-06,18.8,0,0,28.11000061035156,2025-09-01,-36.6,3,44,36.6,2,3.0,2026-08-31,33.310001373291016,-0.2,0.3,True,True,,34.540000915527344,-3.3005192803453376,Consumer Durables,Homebuilding,,,,
CAC,2026-10-02,False,,False,pivot,58.75,-2.6553214864527885,58.75,-2.6553214864527885,LEFT,,,,False,,,,,,,,,,,,,,,57.189998626708984,,,1.1951332577964708,5.3,2026-06-22,10.9,1,0,51.56999969482422,2022-08-15,-48.6,16,201,48.6,3,8.0,2026-08-10,59.54999923706055,-9.1,-4.0,False,False,,60.59000015258789,-5.611489548302451,Finance,Major Banks,,,,
CAI,2026-10-02,False,,False,,,,,,,,,,False,,,,,,,,,,,,,,,28.299999237060547,,,0.8162249313672576,24.5,2026-08-03,31.9,1,0,21.459999084472656,2026-04-13,-33.9,2,16,33.9,3,2.0,2026-09-21,32.88999938964844,-14.7,-14.0,False,False,,33.654998779296875,-15.911453681378518,Health Technology,Biotechnology,,,,
CARE,2026-10-02,False,,False,pivot,32.119998931884766,-4.265252109098916,32.119998931884766,-4.265252109098916,BOTTOM,,,,True,,,,,,,,,,,,,,,30.75,,,0.7850383570101697,34.4,2026-03-23,36.6,1,0,22.510000228881836,2026-02-02,-13.8,1,7,13.8,5,10.0,2026-07-27,34.9900016784668,-16.1,-12.1,True,False,,36.060001373291016,-14.7254608182684,Finance,Regional Banks,,,,
CASS,2026-10-02,False,,False,pivot,59.13999938964844,-8.589783680732666,59.13999938964844,-8.589783680732666,LEFT,,,,False,,,,,,,,,,,,,,,54.060001373291016,,,1.0641028095986844,9.3,2026-06-08,11.2,1,0,48.61000061035156,2024-03-25,-25.8,12,115,25.8,2,8.0,2026-08-10,59.13999938964844,-12.6,-8.6,False,False,,59.630001068115234,-9.340935091484605,Commercial Services,Miscellaneous Commercial Services,,,,
CATY,2026-10-02,False,,False,pivot,63.130001068115234,-3.627436839509168,63.130001068115234,-3.627436839509168,BOTTOM,,,,False,,,,,,,,,,,,,,,60.84000015258789,,,1.1722282015331424,7.9,2026-04-27,11.9,2,0,54.380001068115234,2026-02-02,-15.9,1,12,15.9,4,8.0,2026-08-10,65.16999816894531,-10.6,-6.6,False,False,,65.26000213623047,-6.7729111844278105,Finance,Regional Banks,,,,
CBC,2026-10-02,False,,False,pivot,33.81800079345703,-5.287131031430137,,,BOTTOM,33.81800079345703,-5.287131031430137,BOTTOM,False,,,,,,,,,,,,,,,32.029998779296875,,,1.0057574343041689,25.1,2026-04-13,25.6,3,0,25.5,2025-11-17,-11.8,2,21,11.8,5,9.0,2026-08-03,33.81800079345703,-9.7,-5.3,False,False,,33.81800079345703,-5.287131031430137,Finance,Regional Banks,,,,
CBK,2026-10-02,False,,False,pivot,34.959999084472656,-8.810068662370263,34.959999084472656,-8.810068662370263,BOTTOM,,,,True,,,,,,,,,,,,,,,31.8799991607666,,,0.7409448359470726,11.1,2026-05-18,14.6,2,0,27.825000762939453,2026-02-02,-12.3,2,15,12.3,3,8.0,2026-08-10,35.779998779296875,-13.9,-10.9,False,False,,35.779998779296875,-10.899943408569657,Finance,Regional Banks,,,,
CBL,2026-10-02,False,,False,pivot,60.400001525878906,-9.43708711745187,60.400001525878906,-9.43708711745187,BOTTOM,,,,False,,,,,,,,,,,,,,,54.70000076293945,,,1.138070846677209,35.4,2026-03-30,42.0,2,0,38.51300048828125,2026-01-05,-11.5,2,12,11.5,5,10.0,2026-07-27,60.400001525878906,-15.7,-9.4,True,False,,60.400001525878906,-9.43708711745187,Finance,Real Estate Investment Trusts,,,,
CBLL,2026-10-02,False,,False,ma10_pullback,25.25,-6.178215706702506,,,,,,,False,,,,,,,,,,,,,,,23.690000534057617,,,0.9299012076303732,-2.1,2026-08-17,1.2,0,0,23.399999618530273,2026-01-05,-32.3,3,32,32.3,2,5.0,2026-08-31,25.06999969482422,-8.1,-5.5,True,False,,25.62700080871582,-7.55843529688196,Health Technology,Medical Specialties,,,,
CBNA,2026-10-02,False,,False,pivot,47.689998626708984,-0.8806839610812855,47.689998626708984,-0.8806839610812855,RIGHT,,,,False,,,,,,,,,,,,,,,47.27000045776367,,,0.8778614651096216,16.8,2026-06-15,23.0,3,0,38.42499923706055,2025-12-15,-20.3,3,26,20.3,5,2.0,2026-09-21,49.709999084472656,-9.0,-4.9,True,False,,49.709999084472656,-4.908466448697113,Finance,Major Banks,,,,
CCBG,2026-10-02,False,,False,pivot,52.65999984741211,-5.69692367773037,52.65999984741211,-5.69692367773037,BOTTOM,53.459999084472656,-7.108116913837081,LEFT,True,,,,,,,,,,,,,,,49.65999984741211,,,1.2923888039003997,7.0,2026-04-06,10.4,2,1,45.0,2025-08-25,-15.0,2,32,15.0,3,8.0,2026-08-10,53.459999084472656,-10.7,-7.1,True,False,,53.599998474121094,-7.350743915806779,Finance,Regional Banks,,,,
CCNE,2026-10-02,False,,False,pivot,34.939998626708984,-2.404121882093535,34.939998626708984,-2.404121882093535,BOTTOM,,,,True,,,,,,,,,,,,,,,34.099998474121094,,,1.1065860251189663,25.8,2026-01-12,29.1,5,2,26.40999984741211,2025-08-18,-13.7,2,21,13.7,6,10.0,2026-07-27,36.08000183105469,-9.4,-5.5,False,False,,36.16999816894531,-5.722974287019655,Finance,Regional Banks,,,,
CCSI,2026-10-02,False,,False,pivot,39.32500076293945,-10.08264482050455,,,BOTTOM,39.32500076293945,-10.08264482050455,BOTTOM,False,,,,,,,,,,,,,,,35.36000061035156,,,0.8543902256239299,2.9,2026-05-25,17.6,1,0,30.075000762939453,2025-02-10,-40.7,5,67,40.7,4,8.0,2026-08-10,39.32500076293945,-15.3,-10.1,True,False,,41.400001525878906,-14.589373654374803,Technology Services,Packaged Software,,,,
CDNA,2026-10-02,False,,False,,,,,,,,,,False,,,,,,,,,,,,,,,67.1500015258789,,,1.3761654106798775,69.0,2026-07-13,102.7,0,0,33.1349983215332,2024-08-12,-66.9,7,100,66.9,3,3.0,2026-08-31,51.369998931884766,-5.3,30.7,True,True,,69.80000305175781,-3.796563624666161,Health Technology,Medical Specialties,,,,
CFBK,2026-10-02,False,,False,ceiling_pullback,38.11000061035156,-9.682504283151228,35.95000076293945,-4.2559181127234,BOTTOM,,,,True,,,,,,,,,,,,,,,34.41999816894531,,,0.9713379289945157,-3.2,2026-07-27,2.4,0,0,33.599998474121094,2026-02-02,-21.3,2,25,21.3,1,8.0,2026-08-10,36.70000076293945,-9.1,-6.2,False,False,,38.11000061035156,-9.682504283151228,Finance,Savings Banks,,,,
CFR,2026-10-02,False,,False,ceiling_pullback,157.6199951171875,-1.6368493281176066,166.75,-7.022492781929346,BOTTOM,,,,False,,,,,,,,,,,,,,,155.0399932861328,,,0.9098827583463606,-0.2,2026-06-22,4.7,0,0,148.1199951171875,2024-11-18,-32.3,6,83,32.3,3,8.0,2026-08-10,170.35000610351562,-11.8,-9.0,False,False,,170.8000030517578,-9.227171829059754,Finance,Regional Banks,,,,
CHCO,2026-10-02,False,,False,pivot,146.4499969482422,-2.4786546259241926,146.4499969482422,-2.4786546259241926,BOTTOM,,,,False,,,,,,,,,,,,,,,142.82000732421875,,,1.27226810480578,6.6,2026-06-22,7.9,1,0,132.30999755859375,2024-11-18,-22.7,7,83,22.7,3,8.0,2026-08-10,148.99000549316406,-7.6,-4.1,True,False,,148.99000549316406,-4.141216149715765,Finance,Major Banks,,,,
CHE,2026-10-02,False,,False,,,,,,,,,,True,,,,,,,,,,,,,,,507.5,,,1.242962567559536,3.6,2026-06-29,5.4,0,0,481.3800048828125,2026-02-16,-24.1,1,19,24.1,2,9.0,2026-08-03,553.0,-11.1,-8.2,False,False,,557.0,-8.886894075403951,Health Services,Hospital/Nursing Management,,,,
CHMG,2026-10-02,False,,False,pivot,86.0,-4.732557784679326,86.0,-4.732557784679326,BOTTOM,,,,False,,,,,,,,,,,,,,,81.93000030517578,,,1.396237335410362,22.6,2026-04-20,26.0,3,0,65.0,2026-02-02,-22.6,1,11,22.6,8,4.0,2026-09-07,86.0,-8.2,-4.7,True,True,,86.0,-4.732557784679326,Finance,Regional Banks,,,,
CIVB,2026-10-02,False,,False,ceiling_pullback,27.489999771118164,-1.855220928076029,27.959999084472656,-3.5050056306352384,BOTTOM,,,,False,,,,,,,,,,,,,,,26.979999542236328,,,0.8657934763934476,4.2,2026-05-25,5.4,1,0,25.59000015258789,2025-06-30,-25.9,4,47,25.9,3,10.0,2026-07-27,29.670000076293945,-12.7,-9.1,True,False,,29.969999313354492,-9.976642774849298,Finance,Regional Banks,,,,
CIX,2026-10-02,False,,False,,,,,,,,,,,,,,,,,,,,,,,,,37.400001525878906,,,1.2940980878024906,6.9,2026-08-31,15.8,0,0,32.29999923706055,2025-08-11,-37.2,2,55,37.2,1,2.0,2026-09-21,39.72999954223633,-9.0,-5.9,False,False,,40.290000915527344,-7.172994102699715,Producer Manufacturing,Metal Fabrication,,,,
CLBK,2026-10-02,False,,False,pivot,11.800000190734863,-3.305087601854229,11.800000190734863,-3.305087601854229,LEFT,11.84000015258789,-3.631759287450642,LEFT,False,,,,,,,,,,,,,,,11.40999984741211,,,1.0314865527384167,23.3,2026-05-18,27.6,2,0,8.945454597473145,2023-12-18,-35.8,10,126,35.8,4,7.0,2026-08-17,12.0,-10.4,-4.9,True,False,,12.0,-4.916667938232422,,,,,,
CLMT,2026-10-02,False,,False,pivot,59.66999816894531,-7.35713008942771,59.66999816894531,-7.35713008942771,LEFT,,,,False,,,,,,,,,,,,,,,55.279998779296875,,,1.4681057169442655,119.5,2026-02-02,133.1,3,1,23.719999313354492,2024-12-30,-67.6,4,57,67.6,8,3.0,2026-09-14,59.66999816894531,-14.0,-7.4,True,True,,59.869998931884766,-7.666611382121491,Energy Minerals,Oil Refining/Marketing,,,,
CLYM,2026-10-02,False,,False,pivot,18.135000228881836,-39.674665330523474,18.135000228881836,-39.674665330523474,BOTTOM,18.135000228881836,-39.674665330523474,BOTTOM,False,,,,,,,,,,,,,,,10.9399995803833,,,1.0087569388142024,264.7,2025-12-08,339.4,6,0,2.490000009536743,2025-09-01,-38.2,2,14,38.2,9,7.0,2026-08-17,18.135000228881836,-40.8,-39.7,False,False,,18.329999923706055,-40.316423208301934,,,,,,
CMDB,2026-10-02,False,,False,ma10_pullback,24.329999923706055,-8.055894330533564,,,,,,,True,,,,,,,,,,,,,,,22.3700008392334,,,0.8356175398848562,10.5,2026-08-17,12.3,1,0,19.924999237060547,2026-02-09,-25.3,2,27,25.3,1,4.0,2026-09-07,24.760000228881836,-13.0,-9.7,True,False,,24.760000228881836,-9.652663035360442,Transportation,Marine Shipping,,,,
CNO,2026-10-02,False,,False,pivot,56.97999954223633,-5.475603645051052,56.97999954223633,-5.475603645051052,BOTTOM,,,,False,,,,,,,,,,,,,,,53.86000061035156,,,1.1268020975440962,17.0,2026-05-04,20.1,1,0,44.84000015258789,2025-12-15,-13.0,2,20,13.0,5,5.0,2026-08-31,56.97999954223633,-8.8,-5.5,False,False,,57.59000015258789,-6.4768180801415,Finance,Multi-Line Insurance,,,,
CNS,2026-10-02,False,,False,ceiling_pullback,75.6500015258789,-3.5029761697656703,86.55999755859375,-15.665432002137925,RIGHT,,,,False,,,,,,,,,,,,,,,73.0,,,1.412006694680915,-1.3,2026-06-01,3.3,2,0,70.66000366210938,2026-01-12,-14.8,1,20,14.8,4,8.0,2026-08-10,86.55999755859375,-18.8,-15.7,False,False,,86.55999755859375,-15.665432002137925,Finance,Investment Managers,,,,
CNXN,2026-10-02,False,,False,,,,,,,,,,True,,,,,,,,,,,,,,,92.37999725341795,,,1.1195977326909436,19.6,2026-07-06,20.5,3,0,76.6500015258789,2024-09-16,-28.3,9,94,28.3,1,5.0,2026-08-03,88.30000305175781,-13.7,4.6,True,False,,93.88999938964844,-1.6082672766498551,Technology Services,Information Technology Services,,,,
CORT,2026-10-02,False,,False,ma10_pullback,120.51000213623048,-3.551571407706522,,,,,,,False,,,,,,,,,,,,,,,116.2300033569336,,,0.8612944319488332,28.8,2026-06-29,31.0,1,0,88.7300033569336,2025-09-29,-67.7,2,39,67.7,3,7.0,2026-08-17,123.44000244140624,-12.3,-5.8,True,False,,126.37999725341795,-8.031329416894629,Health Technology,Pharmaceuticals: Major,,,,
COSO,2026-10-02,False,,False,pivot,28.040000915527344,-3.780318611559075,28.040000915527344,-3.780318611559075,BOTTOM,28.25,-4.495576841641313,BOTTOM,False,,,,,,,,,,,,,,,26.979999542236328,,,1.8706140228642136,3.9,2026-06-01,4.2,2,0,25.899999618530273,2025-12-22,-12.7,3,23,12.7,2,9.0,2026-08-03,28.25,-8.0,-4.5,True,True,,28.559999465942383,-5.532212721467989,Finance,Regional Banks,,,,
CPAY,2026-10-02,False,,False,ceiling_pullback,415.2900085449219,-4.982061214017442,427.4599914550781,-7.687265711045088,BOTTOM,,,,False,,,,,,,,,,,,,,,394.6000061035156,,,1.39789945034536,0.4,2026-08-03,0.9,0,0,391.1000061035156,2024-11-25,-35.4,6,88,35.4,1,8.0,2026-08-10,425.9500122070313,-9.3,-7.4,False,False,,427.4599914550781,-7.687265711045088,Commercial Services,Miscellaneous Commercial Services,,,,
CPF,2026-10-02,False,,False,ceiling_pullback,37.119998931884766,-1.88577797166416,38.31999969482422,-4.958250367980909,BOTTOM,,,,False,,,,,,,,,,,,,,,36.41999816894531,,,1.292756615604172,3.5,2026-06-01,4.0,2,0,35.0099983215332,2025-12-15,-14.2,3,24,14.2,3,10.0,2026-07-27,40.310001373291016,-12.9,-9.7,False,False,,40.9900016784668,-11.14906885188599,Finance,Regional Banks,,,,
CRL,2026-10-02,False,,False,ma10_pullback,298.9800109863281,-2.9399987363448954,,,,,,,False,,,,,,,,,,,,,,,290.19000244140625,,,0.8693716365905414,25.8,2026-06-29,30.5,1,0,222.3699951171875,2026-01-05,-34.3,2,25,34.3,2,7.0,2026-08-17,299.32000732421875,-10.7,-3.1,True,False,,303.30999755859375,-4.325605889285922,Commercial Services,Miscellaneous Commercial Services,,,,
CRWD,2026-10-02,False,,False,,,,,,,,,,False,,,,,,,,,,,,,,,270.0400085449219,,,0.8801619825400607,81.8,2026-05-11,95.1,1,0,138.41000366210938,2025-10-27,-38.1,2,28,38.1,5,4.0,2026-08-24,229.0800018310547,-12.4,17.9,True,False,,273.53509521484375,-1.2777470719714137,Technology Services,Packaged Software,,,,
CTBI,2026-10-02,False,,False,pivot,78.19999694824219,-2.544754400804694,78.19999694824219,-2.544754400804694,BOTTOM,,,,False,,,,,,,,,,,,,,,76.20999908447266,,,1.5252608578668347,14.3,2026-05-18,16.0,2,0,65.69999694824219,2026-02-02,-13.5,2,15,13.5,4,8.0,2026-08-10,79.43000030517578,-8.3,-4.1,True,True,,79.91999816894531,-4.642141102943942,Finance,Regional Banks,,,,
CVI,2026-10-02,False,,False,,,,,,,,,,False,,,,,,,,,,,,,,,54.83000183105469,,,1.0722424018965162,31.3,2026-08-24,36.2,0,0,40.27000045776367,2025-10-20,-51.3,3,44,51.3,1,3.0,2026-09-14,54.63999938964844,-8.9,0.3,True,False,,56.2400016784668,-2.5071120293937876,Energy Minerals,Oil Refining/Marketing,,,,
CXW,2026-10-02,False,,False,pivot,36.54999923706055,-8.53624896583085,36.54999923706055,-8.53624896583085,BOTTOM,,,,False,,,,,,,,,,,,,,,33.43000030517578,,,1.4025186678778054,23.4,2026-06-08,33.8,2,0,24.989999771118164,2024-11-04,-49.3,6,83,49.3,3,3.0,2026-09-14,36.54999923706055,-16.4,-8.5,True,True,,36.54999923706055,-8.53624896583085,Commercial Services,Miscellaneous Commercial Services,,,,
DCOM,2026-10-02,False,,False,pivot,41.4900016784668,-3.8804544353324255,41.4900016784668,-3.8804544353324255,BOTTOM,,,,False,,,,,,,,,,,,,,,39.880001068115234,,,1.3913611750388994,8.1,2026-05-18,9.3,2,0,36.5,2024-11-18,-36.3,5,78,36.3,5,5.0,2026-08-31,41.4900016784668,-7.5,-3.9,False,False,,41.970001220703125,-4.979747657374212,Finance,Regional Banks,,,,
DDOG,2026-10-02,False,,True,ma10_pullback,280.70001220703125,-1.239761608475254,,,,,,,True,,,,,,,,,,,,,,,277.2200012207031,,,0.7689252876701455,38.5,2026-05-04,42.3,1,0,194.8699951171875,2025-11-03,-49.7,2,26,49.7,3,9.0,2026-07-27,278.75799560546875,-27.1,-0.6,True,False,,292.7200012207031,-5.29516259065379,Technology Services,Packaged Software,,,,
DE,2026-10-02,False,,False,ma10_pullback,690.9400024414062,-0.5702379985938588,,,,,,,False,,,,,,,,,,,,,,,687.0,,,1.1762952269479006,-0.9,2026-08-31,1.9,0,0,674.1900024414062,2026-02-16,-23.6,2,28,23.6,1,5.0,2026-08-31,705.8800048828125,-8.8,-2.7,False,False,,721.219970703125,-4.744734213302992,Producer Manufacturing,Trucks/Construction/Farm Machinery,,,,
DELL,2026-10-02,False,,False,pivot,595.510009765625,-5.539787693469478,595.510009765625,-5.539787693469478,RIGHT,,,,False,,,,,,,,,,,,,,,562.52001953125,,,0.8896248115999112,227.4,2026-03-23,235.0,2,1,167.94000244140625,2024-05-20,-60.6,5,96,60.6,7,3.0,2026-09-14,595.510009765625,-12.6,-5.5,True,False,,595.510009765625,-5.539787693469478,Electronic Technology,Computer Processing Hardware,,,,
DGII,2026-10-02,False,,False,pivot,85.72000122070312,-11.79421426315821,,,RIGHT,85.72000122070312,-11.79421426315821,RIGHT,True,,,,,,,,,,,,,,,75.61000061035156,,,1.170810743622843,71.2,2026-02-02,73.1,5,1,43.68000030517578,2022-11-21,-53.8,11,167,53.8,5,8.0,2026-08-10,85.72000122070312,-22.8,-11.8,False,False,,86.83999633789062,-12.931824275813696,Electronic Technology,Telecommunications Equipment,,,,
DGX,2026-10-02,False,,False,pivot,248.6999969482422,-6.180134823397765,248.6999969482422,-6.180134823397765,BOTTOM,,,,False,,,,,,,,,,,,,,,233.3300018310547,,,1.38789616589936,2.4,2026-07-20,9.3,2,0,213.5,2026-02-23,-12.8,1,21,12.8,3,3.0,2026-09-14,248.6999969482422,-8.6,-6.2,False,False,,248.83999633789065,-6.232918636510298,Health Services,Services to the Health Industry,,,,
DINO,2026-10-02,False,,False,pivot,117.6999969482422,-3.687337680899949,117.6999969482422,-3.687337680899949,LEFT,,,,False,,,,,,,,,,,,,,,113.36000061035156,,,0.978959098296728,88.2,2026-03-16,100.4,5,1,56.58000183105469,2025-11-10,-19.2,2,18,19.2,5,3.0,2026-09-14,117.6999969482422,-12.5,-3.7,True,False,,118.38999938964844,-4.248668641970344,Energy Minerals,Oil Refining/Marketing,,,,
DK,2026-10-02,False,,False,pivot,82.2699966430664,-9.821313396566334,82.2699966430664,-9.821313396566334,BOTTOM,,,,False,,,,,,,,,,,,,,,74.19000244140625,,,1.1056835915771115,55.1,2026-06-22,70.6,2,0,43.5,2025-11-03,-40.6,2,33,40.6,4,3.0,2026-09-14,82.2699966430664,-20.3,-9.8,True,False,,82.2699966430664,-9.821313396566334,Energy Minerals,Oil Refining/Marketing,,,,
DXPE,2026-10-02,False,,False,pivot,203.3000030517578,-4.5843616253394615,,,RIGHT,203.3000030517578,-4.5843616253394615,RIGHT,True,,,,,,,,,,,,,,,193.97999572753903,,,1.5417648292451769,42.0,2026-03-23,48.1,2,2,130.97000122070312,2025-08-18,-35.8,3,31,35.8,3,8.0,2026-08-10,203.3000030517578,-12.8,-4.6,True,True,,208.0,-6.74038666945237,Distribution Services,Wholesale Distributors,,,,
EAT,2026-10-02,False,,False,ceiling_pullback,217.52999877929688,-7.139244640484465,,,,,,,False,,,,,,,,,,,,,,,202.0,,,1.135091361616782,-5.5,2026-07-27,8.0,0,0,187.1199951171875,2025-01-27,-46.4,6,78,46.4,1,7.0,2026-08-17,249.44000244140625,-23.5,-19.0,False,False,,254.9900054931641,-20.78120881274488,Consumer Services,Restaurants,,,,
ECBK,2026-10-02,False,,False,pivot,21.229999542236328,-3.7682489604815017,21.229999542236328,-3.7682489604815017,BOTTOM,,,,False,,,,,,,,,,,,,,,20.43000030517578,,,0.9710088825184922,5.7,2026-06-08,10.5,2,0,18.48699951171875,2025-11-10,-14.1,3,30,14.1,3,4.0,2026-09-07,21.229999542236328,-6.5,-3.8,False,False,,21.780000686645508,-6.198348663494235,Finance,Regional Banks,,,,
ECO,2026-10-02,False,,False,,,,,,,,,,False,,,,,,,,,,,,,,,87.27999877929688,,,1.196882145952767,50.8,2026-07-20,51.6,0,0,57.58000183105469,2026-05-04,-19.1,1,11,19.1,2,3.0,2026-09-14,87.30999755859375,-13.5,-0.0,True,False,,87.70999908447266,-0.4902523197630515,Transportation,Marine Shipping,,,,
ECPG,2026-10-02,False,,False,pivot,102.97000122070312,-6.846657247917309,102.97000122070312,-6.846657247917309,LEFT,103.76000213623048,-7.555901894635387,LEFT,False,,,,,,,,,,,,,,,95.91999816894533,,,0.6655384907576577,72.8,2025-12-22,75.8,4,1,54.54999923706055,2024-02-12,-51.5,8,97,51.5,8,8.0,2026-08-10,103.76000213623048,-10.6,-7.6,False,False,,104.9800033569336,-8.63021994501575,Finance,Finance/Rental/Leasing,,,,
EDRY,2026-10-02,False,,False,pivot,73.06999969482422,-23.525384834409145,73.06999969482422,-23.525384834409145,LEFT,,,,False,,,,,,,,,,,,,,,55.880001068115234,,,0.9710802658023108,138.4,2026-05-18,154.1,1,1,21.989999771118164,2026-02-23,-22.6,1,12,22.6,2,3.0,2026-09-14,73.06999969482422,-36.6,-23.5,True,False,,73.06999969482422,-23.525384834409145,Transportation,Marine Shipping,,,,
EFSI,2026-10-02,False,,False,pivot,48.16999816894531,-5.522109089734162,48.16999816894531,-5.522109089734162,RIGHT,,,,False,,,,,,,,,,,,,,,45.5099983215332,,,0.8030384394435148,9.1,2026-08-03,10.7,2,0,41.119998931884766,2025-09-15,-23.5,4,46,23.5,2,3.0,2026-09-14,48.16999816894531,-6.6,-5.5,False,False,,48.16999816894531,-5.522109089734162,Finance,Regional Banks,,,,
EHLD,2026-10-02,False,,False,pivot,15.800000190734863,-25.063291078117334,15.800000190734863,-25.063291078117334,LEFT,,,,False,,,,,,,,,,,,,,,11.84000015258789,,,0.9581589566422306,59.1,2026-03-23,60.5,1,1,7.375,2025-11-17,-17.2,1,18,17.2,6,4.0,2026-09-07,15.800000190734863,-32.5,-25.1,True,False,,15.800000190734863,-25.063291078117334,,,,,,
ENVA,2026-10-02,False,,False,ceiling_pullback,226.9499969482422,-23.82022396366129,267.45001220703125,-35.35614451353419,BOTTOM,,,,True,,,,,,,,,,,,,,,172.88999938964844,,,1.1789599015000467,2.4,2026-06-01,3.7,1,0,166.75,2026-01-26,-22.5,1,18,22.5,3,8.0,2026-08-10,267.45001220703125,-38.4,-35.4,True,False,,267.45001220703125,-35.35614451353419,,,,,,
ESQ,2026-10-02,False,,False,ma10_pullback,126.15799713134766,-4.9445925777560795,,,,,,,False,,,,,,,,,,,,,,,119.91999816894533,,,0.9609861693859496,-2.7,2026-09-14,0.1,0,0,119.86000061035156,2026-02-02,-21.6,3,32,21.6,1,3.0,2026-09-14,125.6500015258789,-8.8,-4.6,False,False,,134.81500244140625,-11.048476803562467,Finance,Major Banks,,,,
ETON,2026-10-02,False,,False,pivot,64.0,-13.499999046325684,64.0,-13.499999046325684,LEFT,64.0,-13.499999046325684,LEFT,True,,,,,,,,,,,,,,,55.36000061035156,,,1.7944984456309558,148.0,2026-03-16,159.9,4,0,21.299999237060547,2025-05-19,-38.5,3,43,38.5,5,7.0,2026-08-17,64.0,-23.8,-13.5,False,False,,66.37000274658203,-16.58882278228845,Health Technology,Pharmaceuticals: Major,,,,
EWBC,2026-10-02,False,,False,pivot,131.25999450683594,-3.8473225915762743,131.25999450683594,-3.8473225915762743,BOTTOM,,,,False,,,,,,,,,,,,,,,126.20999908447266,,,1.3833711628739007,0.2,2026-06-01,2.4,2,0,123.22000122070312,2026-02-02,-17.0,1,17,17.0,3,8.0,2026-08-10,137.30999755859375,-11.9,-8.1,False,False,,137.47000122070312,-8.19087949097559,Finance,Regional Banks,,,,
EXEL,2026-10-02,False,,True,ma10_pullback,59.720001220703125,-2.2270626320644027,,,,,,,False,,,,,,,,,,,,,,,58.38999938964844,,,1.0048622065146258,16.5,2026-05-11,19.5,2,1,48.849998474121094,2025-05-12,-30.9,5,52,30.9,3,5.0,2026-08-31,59.720001220703125,-8.7,-2.2,True,False,,61.13999938964844,-4.497873777319006,Health Technology,Pharmaceuticals: Major,,,,
EXPD,2026-10-02,False,,False,pivot,193.1499938964844,-0.3520542051612341,193.1499938964844,-0.3520542051612341,BOTTOM,,,,False,,,,,,,,,,,,,,,192.47000122070312,,,1.4038273499713176,14.9,2026-06-29,15.1,2,0,167.19000244140625,2026-02-02,-22.5,1,21,22.5,3,4.0,2026-09-07,193.1499938964844,-5.1,-0.4,True,True,,194.58999633789065,-1.0894676792666649,Transportation,Air Freight/Couriers,,,,
FBIZ,2026-10-02,False,,False,pivot,73.05000305175781,-2.9021254729858836,73.05000305175781,-2.9021254729858836,BOTTOM,,,,False,,,,,,,,,,,,,,,70.93000030517578,,,1.102111765474327,11.2,2026-06-22,17.3,1,0,60.459999084472656,2025-12-08,-16.1,3,28,16.1,3,5.0,2026-08-31,73.05000305175781,-7.5,-2.9,True,False,,73.73999786376953,-3.8106829943025833,Finance,Regional Banks,,,,
FBLA,2026-10-02,False,,False,,,,,,,,,,False,,,,,,,,,,,,,,,16.959999084472656,,,1.1121576206192887,31.9,2025-12-01,34.1,5,1,12.649999618530272,2024-10-21,-22.5,6,58,22.5,9,3.0,2026-08-31,16.030000686645508,-1.9,5.8,True,False,,17.020000457763672,-0.3525344986911927,Finance,Regional Banks,,,,
FBP,2026-10-02,False,,False,pivot,28.770000457763672,-6.013206516197611,28.770000457763672,-6.013206516197611,LEFT,,,,False,,,,,,,,,,,,,,,27.040000915527344,,,1.2669224871730165,12.2,2026-05-18,15.4,1,0,23.43000030517578,2025-09-22,-18.2,3,34,18.2,5,8.0,2026-08-10,29.780000686645508,-13.2,-9.2,False,False,,29.8799991607666,-9.5046798025626,Finance,Regional Banks,,,,
FCCO,2026-10-02,False,,False,pivot,34.720001220703125,-5.904386462219991,34.720001220703125,-5.904386462219991,BOTTOM,,,,False,,,,,,,,,,,,,,,32.66999816894531,,,0.7176928095161441,1.4,2026-06-08,3.7,2,0,31.5,2025-12-15,-12.7,3,25,12.7,4,5.0,2026-08-31,34.720001220703125,-10.7,-5.9,False,False,,35.7400016784668,-8.58982474914417,Finance,Regional Banks,,,,
FCF,2026-10-02,False,,False,pivot,21.43000030517578,-4.059733209725036,21.43000030517578,-4.059733209725036,BOTTOM,,,,False,,,,,,,,,,,,,,,20.559999465942383,,,1.6236084984183758,7.6,2026-06-01,7.8,1,0,19.079999923706055,2025-09-01,-21.4,3,39,21.4,5,8.0,2026-08-10,21.799999237060547,-9.2,-5.7,False,False,,22.34000015258789,-7.967773833874892,Finance,Regional Banks,,,,
FDMT,2026-10-02,False,,False,pivot,15.6899995803833,-12.874439503586066,15.6899995803833,-12.874439503586066,RIGHT,,,,True,,,,,,,,,,,,,,,13.670000076293944,,,1.4015800452542473,12.1,2026-08-10,15.0,1,0,11.890000343322754,2025-11-24,-41.5,4,37,41.5,1,7.0,2026-08-17,16.93000030517578,-23.6,-19.3,False,False,,16.93000030517578,-19.25576001250986,,,,,,
FDSB,2026-10-02,False,,False,pivot,18.69300079345703,-6.917033756181812,18.69300079345703,-6.917033756181812,BOTTOM,,,,True,,,,,,,,,,,,,,,17.399999618530273,,,1.6284333308336798,11.2,2026-06-08,14.4,1,0,15.210000038146973,2026-02-02,-4.5,2,18,4.5,3,5.0,2026-08-31,18.69300079345703,-7.4,-6.9,False,False,,18.69300079345703,-6.917033756181812,Finance,Savings Banks,,,,
FEIM,2026-10-02,False,,False,ma10_pullback,89.76000213623047,-4.155529487702658,,,,,,,False,,,,,,,,,,,,,,,86.02999877929688,,,0.9961299750479784,-2.7,2026-09-07,12.7,0,0,76.33999633789062,2026-05-25,-35.5,1,15,35.5,2,2.0,2026-09-21,89.5999984741211,-9.0,-4.0,False,False,,89.76000213623047,-4.155529487702658,Electronic Technology,Telecommunications Equipment,,,,
FET,2026-10-02,False,,False,ma10_pullback,85.30000305175781,-2.532243358536268,,,,,,,False,,,,,,,,,,,,,,,83.13999938964844,,,0.968589651311938,32.7,2026-07-27,33.7,1,0,62.189998626708984,2026-04-20,-25.2,1,14,25.2,1,8.0,2026-08-10,86.25,-13.9,-3.6,False,False,,87.41999816894531,-4.895903533451785,Industrial Services,Oilfield Services/Equipment,,,,
FFIV,2026-10-02,False,,False,,,,,,,,,,True,,,,,,,,,,,,,,,454.0400085449219,,,1.1039854926099877,28.2,2026-05-04,31.2,1,1,346.0,2025-10-06,-35.3,1,30,35.3,3,11.0,2026-07-06,432.739990234375,-15.2,4.9,True,False,,462.0,-1.722941873393535,Technology Services,Packaged Software,,,,
FISI,2026-10-02,False,,False,pivot,41.75,-4.2395220545237695,41.75,-4.2395220545237695,LEFT,,,,True,,,,,,,,,,,,,,,39.97999954223633,,,0.9911710729713646,10.4,2026-05-25,12.7,1,0,35.470001220703125,2026-02-02,-16.9,1,16,16.9,3,8.0,2026-08-10,42.349998474121094,-10.0,-5.6,True,False,,42.970001220703125,-6.958346738482756,Finance,Regional Banks,,,,
FLXS,2026-10-02,False,,False,ma10_pullback,90.6500015258789,-2.0187554332608104,,,,,,,False,,,,,,,,,,,,,,,88.81999969482422,,,1.018297464514718,21.8,2026-06-22,35.7,2,0,65.44000244140625,2024-12-09,-55.1,6,80,55.1,5,2.0,2026-09-21,90.0,-9.2,-1.3,False,False,,90.6500015258789,-2.0187554332608104,Consumer Durables,Home Furnishings,,,,
FLYW,2026-10-02,False,,False,pivot,19.59000015258789,-10.260337995027069,,,BOTTOM,19.59000015258789,-10.260337995027069,BOTTOM,True,,,,,,,,,,,,,,,17.579999923706055,,,1.194506995076896,10.9,2026-06-15,18.5,2,0,14.84000015258789,2025-12-15,-28.9,3,26,28.9,2,7.0,2026-08-17,19.59000015258789,-14.9,-10.3,True,False,,19.729999542236328,-10.897109317857478,Commercial Services,Miscellaneous Commercial Services,,,,
FMBH,2026-10-02,False,,False,pivot,51.52000045776367,-2.98913218525656,51.52000045776367,-2.98913218525656,BOTTOM,,,,False,,,,,,,,,,,,,,,49.97999954223633,,,1.2729671176097468,11.0,2026-06-01,11.4,2,0,44.849998474121094,2026-02-02,-13.7,1,17,13.7,3,10.0,2026-07-27,53.36000061035156,-10.3,-6.3,True,False,,53.36000061035156,-6.3343347628439295,Finance,Regional Banks,,,,
FRAF,2026-10-02,False,,False,pivot,64.44999694824219,-2.001547186830799,64.44999694824219,-2.001547186830799,LEFT,,,,False,,,,,,,,,,,,,,,63.15999984741211,,,1.224896484790012,8.4,2026-05-18,13.4,2,0,55.689998626708984,2025-12-08,-18.9,2,23,18.9,4,5.0,2026-08-31,64.44999694824219,-6.1,-2.0,True,False,,65.41000366210938,-3.4398466422967733,Finance,Regional Banks,,,,
FRD,2026-10-02,False,,False,pivot,46.4900016784668,-11.636910415337564,46.4900016784668,-11.636910415337564,BOTTOM,46.689998626708984,-12.01541435138338,LEFT,True,,,,,,,,,,,,,,,41.08000183105469,,,0.6865663716960997,68.4,2026-06-01,74.8,1,1,23.5,2025-09-15,-29.6,3,37,29.6,2,8.0,2026-08-10,46.689998626708984,-21.0,-12.0,True,False,,48.77000045776367,-15.76788713251861,Non-Energy Minerals,Steel,,,,
FRNM,2026-10-02,False,,False,pivot,17.2549991607666,-5.4187163802843274,17.2549991607666,-5.4187163802843274,RIGHT,,,,False,,,,,,,,,,,,,,,16.31999969482422,,,0.7796333531109515,10.3,2026-08-24,14.4,0,0,14.270000457763672,2026-01-19,-30.3,2,31,30.3,2,3.0,2026-09-14,17.2549991607666,-11.4,-5.4,True,False,,17.5,-6.74285888671875,Health Technology,Medical Specialties,,,,
FRO,2026-10-02,False,,False,pivot,40.959999084472656,28.75977260082452,,,RIGHT,40.959999084472656,28.75977260082452,RIGHT,False,,,,,,,,,,,,,,,52.7400016784668,,,1.3193862407985706,79.6,2026-02-02,81.5,5,3,29.049999237060547,2024-05-20,-57.3,6,89,57.3,4,3.0,2026-09-14,54.90999984741211,-15.0,-4.0,True,True,,54.90999984741211,-3.951918002140709,Transportation,Marine Shipping,,,,
FROG,2026-10-02,False,,False,pivot,105.76000213623048,-9.701212111375025,,,RIGHT,105.76000213623048,-9.701212111375025,RIGHT,True,,,,,,,,,,,,,,,95.5,,,0.918874318146472,29.1,2026-05-18,35.6,1,0,70.43000030517578,2025-12-08,-51.7,1,23,51.7,4,6.0,2026-08-24,105.76000213623048,-22.8,-9.7,True,False,,105.76000213623048,-9.701212111375025,Technology Services,Packaged Software,,,,
FRST,2026-10-02,False,,False,pivot,16.399999618530273,-4.756096043379621,16.399999618530273,-4.756096043379621,BOTTOM,16.8799991607666,-7.464451053623733,LEFT,True,,,,,,,,,,,,,,,15.619999885559082,,,0.8085399629573989,4.1,2026-06-01,7.4,2,0,14.550000190734863,2026-02-02,-14.5,1,17,14.5,3,8.0,2026-08-10,16.8799991607666,-12.1,-7.5,False,False,,16.8799991607666,-7.464451053623733,Finance,Regional Banks,,,,
FTDR,2026-10-02,False,,False,pivot,84.23999786376953,-8.309591853646758,84.23999786376953,-8.309591853646758,BOTTOM,93.43000030517578,-17.32848377236853,LEFT,False,,,,,,,,,,,,,,,77.23999786376953,,,1.357112837609751,7.9,2026-06-15,10.1,1,0,70.13999938964844,2025-10-20,-30.9,4,34,30.9,2,9.0,2026-08-03,93.43000030517578,-24.8,-17.3,True,True,,93.43000030517578,-17.32848377236853,Consumer Durables,Homebuilding,,,,
FTK,2026-10-02,False,,True,pivot,31.549999237060547,-1.9334349215653468,31.549999237060547,-1.9334349215653468,RIGHT,,,,False,,,,,,,,,,,,,,,30.940000534057617,,,1.2632173144710162,31.5,2026-06-01,54.0,3,0,20.09000015258789,2026-01-05,-27.2,2,21,27.2,3,8.0,2026-08-10,39.66999816894531,-44.2,-22.0,True,False,,39.66999816894531,-22.00654912487937,Industrial Services,Oilfield Services/Equipment,,,,
FTRE,2026-10-02,False,,False,ma10_pullback,21.11000061035156,-5.258174221971645,,,,,,,False,,,,,,,,,,,,,,,20.0,,,1.1131035513946632,0.4,2026-09-14,10.8,0,0,18.049999237060547,2025-12-15,-52.6,2,39,52.6,1,3.0,2026-09-14,21.11000061035156,-8.8,-5.3,True,False,,21.38999938964844,-6.498361053348689,Commercial Services,Miscellaneous Commercial Services,,,,
FVCB,2026-10-02,False,,False,pivot,18.770000457763672,-5.221094929867087,18.770000457763672,-5.221094929867087,BOTTOM,,,,True,,,,,,,,,,,,,,,17.790000915527344,,,0.9600629749564707,6.0,2026-06-08,8.9,0,0,16.34000015258789,2026-02-02,-12.4,1,18,12.4,4,8.0,2026-08-10,18.979999542236328,-9.1,-6.3,False,False,,19.11000061035156,-6.907376518393193,Finance,Regional Banks,,,,
FXNC,2026-10-02,False,,False,pivot,31.649999618530273,-5.02369722512409,31.649999618530273,-5.02369722512409,BOTTOM,32.38999938964844,-7.193578164903281,LEFT,True,,,,,,,,,,,,,,,30.059999465942383,,,1.0001903689457798,8.1,2026-05-18,11.5,2,0,26.969999313354492,2025-02-03,-32.3,6,67,32.3,4,8.0,2026-08-10,32.38999938964844,-15.3,-7.2,True,False,,33.2400016784668,-9.566793176741784,Finance,Regional Banks,,,,
GABC,2026-10-02,False,,False,ma10_pullback,51.70000076293945,-4.448741205259854,,,,,,,True,,,,,,,,,,,,,,,49.400001525878906,,,1.142051575747624,3.7,2026-06-22,7.3,1,0,46.04999923706055,2024-11-18,-28.9,7,83,28.9,4,8.0,2026-08-10,51.529998779296875,-7.6,-4.1,True,False,,52.22999954223633,-5.4183381986609325,Finance,Regional Banks,,,,
GEF,2026-10-02,False,,False,ceiling_pullback,83.50420379638672,-1.5857926080461993,,,,,,,False,,,,,,,,,,,,,,,82.18000030517578,,,1.4846190180803438,4.5,2026-07-20,6.5,0,0,77.13999938964844,2023-07-31,-37.5,11,155,37.5,1,9.0,2026-08-03,90.56999969482422,-13.5,-9.3,True,True,,90.56999969482422,-9.26355241020046,Process Industries,Containers/Packaging,,,,
GENC,2026-10-02,False,,False,ceiling_pullback,18.020000457763672,-2.3862391467949218,,,,,,,False,,,,,,,,,,,,,,,17.59000015258789,,,0.8740370543339963,-2.3,2026-08-10,6.0,1,0,16.600000381469727,2025-08-25,-26.4,3,50,26.4,1,7.0,2026-08-17,20.190000534057617,-16.7,-12.9,True,False,,20.190000534057617,-12.877663757779011,Producer Manufacturing,Trucks/Construction/Farm Machinery,,,,
GH,2026-10-02,False,,False,pivot,183.5099945068359,-3.111542491417507,183.5099945068359,-3.111542491417507,RIGHT,,,,False,,,,,,,,,,,,,,,177.8000030517578,,,0.982460028079409,37.1,2026-05-25,47.3,2,0,120.73999786376952,2026-01-19,-38.3,1,18,38.3,5,3.0,2026-09-14,183.5099945068359,-7.1,-3.1,True,False,,183.5099945068359,-3.111542491417507,Health Technology,Medical Specialties,,,,
GHRS,2026-10-02,False,,False,pivot,29.165000915527344,-21.34407744234137,29.165000915527344,-21.34407744234137,BOTTOM,31.43899917602539,-27.033298974888808,LEFT,True,,,,,,,,,,,,,,,22.940000534057617,,,1.9971210693652892,13.3,2026-04-20,22.0,1,0,18.799999237060547,2025-07-14,-39.8,5,40,39.8,5,9.0,2026-08-03,31.43899917602539,-28.9,-27.0,False,False,,31.43899917602539,-27.033298974888808,Health Technology,Pharmaceuticals: Major,,,,
GRAL,2026-10-02,False,,False,,,,,,,,,,,,,,,,,,,,,,,,,143.25999450683594,,,1.3473286549902657,12.9,2026-09-21,20.5,0,0,118.83999633789062,2025-11-24,-65.1,3,43,65.1,0,,,,,,True,True,,151.45700073242188,-5.412101247183376,Health Technology,Medical Specialties,,,,
GRDN,2026-10-02,False,,False,pivot,48.33000183105469,-12.311194987615847,48.33000183105469,-12.311194987615847,RIGHT,,,,False,,,,,,,,,,,,,,,42.380001068115234,,,1.2413295917499825,30.0,2026-03-09,33.0,3,1,31.86000061035156,2025-09-08,-27.4,3,26,27.4,5,3.0,2026-09-14,48.33000183105469,-17.2,-12.3,True,False,,48.33000183105469,-12.311194987615847,Retail Trade,Drugstore Chains,,,,
GRMN,2026-10-02,False,,False,,,,,,,,,,False,,,,,,,,,,,,,,,281.1600036621094,,,1.0186819158042089,-4.3,2026-07-27,2.9,1,0,273.32000732421875,2026-04-13,-17.8,1,15,17.8,1,9.0,2026-08-03,312.70001220703125,-14.3,-10.1,False,False,,314.2799987792969,-10.53837191225332,Electronic Technology,Telecommunications Equipment,,,,
GSBC,2026-10-02,False,,False,ma10_pullback,81.88999938964844,-3.1994172256804565,,,,,,,True,,,,,,,,,,,,,,,79.2699966430664,,,1.2444473344087563,17.0,2026-04-06,21.0,3,0,65.5,2025-09-01,-17.9,3,31,17.9,5,8.0,2026-08-10,82.0,-7.0,-3.3,True,False,,82.91000366210938,-4.390311009848002,Finance,Regional Banks,,,,
GSL,2026-10-02,False,,False,ceiling_pullback,45.880001068115234,-0.1961642338549007,,,,,,,False,,,,,,,,,,,,,,,45.790000915527344,,,1.1488919610918884,4.5,2026-08-17,7.3,0,0,42.65999984741211,2026-05-04,-15.3,1,15,15.3,1,5.0,2026-08-31,46.5,-7.0,-1.5,True,False,,46.56999969482422,-1.6748953927598231,Transportation,Marine Shipping,,,,
HAE,2026-10-02,False,,False,pivot,110.4499969482422,-5.224080400627152,110.4499969482422,-5.224080400627152,RIGHT,,,,True,,,,,,,,,,,,,,,104.68000030517578,,,0.7188588750904942,-3.8,2026-08-17,7.8,0,0,97.12999725341795,2023-07-24,-51.3,11,160,51.3,1,7.0,2026-08-17,109.56999969482422,-8.3,-4.5,False,False,,110.4499969482422,-5.224080400627152,Health Technology,Medical Specialties,,,,
HALO,2026-10-02,False,,False,ma10_pullback,114.5199966430664,-4.0691548806441435,,,,,,,False,,,,,,,,,,,,,,,109.86000061035156,,,1.3879601565727904,34.1,2026-07-20,35.0,0,0,81.36000061035156,2025-09-15,-24.7,4,44,24.7,4,2.0,2026-09-21,116.8499984741211,-8.7,-6.0,False,False,,116.8499984741211,-5.9820264912691545,Health Technology,Biotechnology,,,,
HBB,2026-10-02,False,,True,ma10_pullback,38.349998474121094,-0.9387139764744036,,,,,,,,,,,,,,,,,,,,,,37.9900016784668,,,1.5430066410219536,2.0,2026-09-21,19.5,0,0,31.780000686645508,2024-10-14,-60.0,6,101,60.0,0,,,,,,True,True,,39.9900016784668,-5.001250102664856,Consumer Durables,Electronics/Appliances,,,,
HBCP,2026-10-02,False,,False,pivot,70.68000030517578,-4.456708421446109,70.68000030517578,-4.456708421446109,BOTTOM,,,,True,,,,,,,,,,,,,,,67.52999877929688,,,1.0523109521917626,3.9,2026-05-18,5.4,3,0,64.06999969482422,2025-12-15,-12.4,3,22,12.4,4,8.0,2026-08-10,74.5,-12.6,-9.4,True,False,,74.5,-9.355706336514258,Finance,Regional Banks,,,,
HBNC,2026-10-02,False,,False,ceiling_pullback,19.799999237060547,-1.6161601371441514,19.969999313354492,-2.453679459019753,BOTTOM,,,,True,,,,,,,,,,,,,,,19.479999542236328,,,1.834666629623238,3.9,2026-06-01,4.6,4,0,18.6200008392334,2025-12-08,-17.1,2,25,17.1,5,8.0,2026-08-10,20.75,-10.9,-6.1,True,True,,21.040000915527344,-7.414454873620024,Finance,Regional Banks,,,,
HBT,2026-10-02,False,,False,ma10_pullback,36.88999938964844,-1.4909169047448656,,,,,,,True,,,,,,,,,,,,,,,36.34000015258789,,,1.1821433769178329,18.8,2026-06-08,21.6,0,0,29.8799991607666,2026-02-02,-16.7,2,18,16.7,3,8.0,2026-08-10,37.5099983215332,-7.3,-3.1,True,False,,37.5099983215332,-3.1191634798705348,Finance,Regional Banks,,,,
HQI,2026-10-02,False,,False,,,,,,,,,,True,,,,,,,,,,,,,,,18.809999465942383,,,0.9530729425108102,11.8,2026-08-10,19.4,1,0,15.75,2024-11-18,-53.1,7,90,53.1,2,2.0,2026-09-21,20.229999542236328,-8.7,-7.0,False,False,,20.84000015258789,-9.740886140988936,Commercial Services,Personnel Services,,,,
HST,2026-10-02,False,,False,,,,,,,,,,True,,,,,,,,,,,,,,,22.559999465942383,,,1.176866249716648,6.8,2026-04-27,7.6,0,0,20.959999084472656,2024-02-26,-41.7,6,113,41.7,3,10.0,2026-07-27,25.709999084472656,-16.3,-12.3,True,False,,25.709999084472656,-12.252040959552934,Finance,Real Estate Investment Trusts,,,,
HTB,2026-10-02,False,,False,pivot,49.560001373291016,-5.992738374506434,49.560001373291016,-5.992738374506434,BOTTOM,,,,False,,,,,,,,,,,,,,,46.59000015258789,,,1.038978910143791,-0.5,2026-05-18,1.3,2,0,45.9900016784668,2025-12-08,-11.4,2,23,11.4,3,10.0,2026-07-27,52.02000045776367,-13.6,-10.4,True,False,,52.5,-11.257142566499256,Finance,Regional Banks,,,,
HTFL,2026-10-02,False,,False,pivot,52.22100067138672,-5.555238197785117,52.22100067138672,-5.555238197785117,RIGHT,,,,False,,,,,,,,,,,,,,,49.31999969482422,,,0.9344220159577824,17.2,2026-08-10,21.5,1,0,40.58000183105469,2025-10-27,-50.4,3,41,50.4,2,3.0,2026-09-14,52.22100067138672,-10.4,-5.6,True,False,,52.22100067138672,-5.555238197785117,Technology Services,Packaged Software,,,,
HWBK,2026-10-02,False,,False,pivot,40.189998626708984,-3.8815566357273457,40.189998626708984,-3.8815566357273457,BOTTOM,40.58000183105469,-4.8053244823837655,BOTTOM,False,,,,,,,,,,,,,,,38.630001068115234,,,1.2480656333669031,2.5,2026-06-08,5.9,1,0,36.4900016784668,2025-02-10,-30.9,6,69,30.9,2,9.0,2026-08-03,40.58000183105469,-12.3,-4.8,True,False,,40.599998474121094,-4.8522105419820605,Finance,Regional Banks,,,,
HZO,2026-10-02,False,,False,pivot,52.560001373291016,-0.3995488844805051,52.560001373291016,-0.3995488844805051,LEFT,,,,False,,,,,,,,,,,,,,,52.349998474121094,,,0.9658310408215603,52.5,2026-05-04,63.6,3,1,32.0,2026-02-23,-24.3,1,10,24.3,5,3.0,2026-09-14,52.560001373291016,-0.6,-0.4,False,False,,52.560001373291016,-0.3995488844805051,Retail Trade,Specialty Stores,,,,
IBEX,2026-10-02,False,,False,,,,,,,,,,,,,,,,,,,,,,,,,43.58000183105469,,,0.811402180951593,-2.1,2026-09-21,1.4,0,0,42.9900016784668,2025-09-08,-39.7,3,54,39.7,1,2.0,2026-09-21,45.279998779296875,-5.2,-3.8,False,False,,45.279998779296875,-3.754410322598034,Commercial Services,Miscellaneous Commercial Services,,,,
ILMN,2026-10-02,False,,False,,,,,,,,,,True,,,,,,,,,,,,,,,273.0400085449219,,,1.0765166862905609,67.6,2026-05-25,74.3,2,0,156.66000366210938,2024-11-04,-56.1,4,81,56.1,4,5.0,2026-08-17,220.42999267578125,-9.3,23.9,True,False,,280.1700134277344,-2.5448850844459026,Health Technology,Medical Specialties,,,,
IMAX,2026-10-02,False,,False,ma10_pullback,57.72999954223633,-8.678327319001266,,,,,,,True,,,,,,,,,,,,,,,52.720001220703125,,,1.2017858293843064,21.5,2026-07-20,22.2,1,0,43.15999984741211,2026-02-23,-24.2,2,21,24.2,2,2.0,2026-09-21,56.68000030517578,-8.9,-7.0,False,False,,57.72999954223633,-8.678327319001266,Consumer Durables,Electronics/Appliances,,,,
INCY,2026-10-02,False,,False,pivot,128.72000122070312,-10.425728745865538,128.72000122070312,-10.425728745865538,BOTTOM,,,,False,,,,,,,,,,,,,,,115.3000030517578,,,1.3835654355581126,1.4,2026-06-22,6.2,2,0,108.5199966430664,2026-02-02,-17.8,1,20,17.8,3,7.0,2026-08-17,129.9199981689453,-11.8,-11.3,False,False,,132.60000610351562,-13.046758865344533,Health Technology,Pharmaceuticals: Major,,,,
IOSP,2026-10-02,False,,False,ma10_pullback,100.4800033569336,-3.055333989110953,,,,,,,False,,,,,,,,,,,,,,,97.41000366210938,,,1.4655829467281314,5.4,2026-08-03,8.1,2,0,90.12999725341795,2026-02-09,-27.3,2,25,27.3,3,2.0,2026-09-21,98.7699966430664,-5.2,-1.4,False,False,,100.4800033569336,-3.055333989110953,Process Industries,Chemicals: Major Diversified,,,,
IQV,2026-10-02,False,,False,ma10_pullback,273.5,-5.590496725748395,,,,,,,False,,,,,,,,,,,,,,,258.2099914550781,,,1.1095149582447572,-0.6,2026-08-17,4.5,0,0,247.0500030517578,2026-01-05,-37.5,1,32,37.5,2,2.0,2026-09-21,277.3999938964844,-7.3,-6.9,False,False,,277.3999938964844,-6.917809251490925,Health Technology,Biotechnology,,,,
IVZ,2026-10-02,False,,False,ceiling_pullback,31.940000534057617,-4.0075161717065155,,,,,,,False,,,,,,,,,,,,,,,30.65999984741211,,,1.1843264103687914,3.5,2026-07-13,3.9,1,0,29.510000228881836,2026-01-12,-26.1,1,26,26.1,3,5.0,2026-08-31,33.34000015258789,-11.3,-8.0,True,False,,33.65999984741211,-8.912656011882458,Finance,Investment Managers,,,,
JAZZ,2026-10-02,False,,False,pivot,252.72000122070312,-6.746598199351805,252.72000122070312,-6.746598199351805,BOTTOM,265.04998779296875,-11.084697595599302,LEFT,False,,,,,,,,,,,,,,,235.6699981689453,,,1.0126692942722642,26.1,2026-03-30,28.8,2,0,182.9900054931641,2025-11-17,-14.2,3,19,14.2,4,9.0,2026-08-03,265.04998779296875,-13.5,-11.1,True,False,,266.3800048828125,-11.528645600625063,Health Technology,Pharmaceuticals: Major,,,,
JMSB,2026-10-02,False,,False,pivot,23.65999984741211,-2.7472511526722143,23.65999984741211,-2.7472511526722143,RIGHT,,,,False,,,,,,,,,,,,,,,23.010000228881836,,,1.5678372808853949,4.6,2026-06-22,7.0,0,0,21.5,2025-12-15,-11.5,3,27,11.5,3,5.0,2026-08-31,23.65999984741211,-5.2,-2.7,False,False,,24.260000228881836,-5.152514378428819,Finance,Regional Banks,,,,
JXN,2026-10-02,False,,False,ceiling_pullback,140.3249969482422,-6.267591918914695,140.8800048828125,-6.63685816258538,RIGHT,,,,False,,,,,,,,,,,,,,,131.52999877929688,,,1.1659850804638,1.2,2026-08-03,6.4,0,0,123.61000061035156,2026-02-02,-18.6,2,26,18.6,2,5.0,2026-08-31,140.8800048828125,-12.0,-6.6,False,False,,140.89999389648438,-6.650103281105457,Finance,Life/Health Insurance,,,,
KELYA,2026-10-02,False,,False,,,,,,,,,,True,,,,,,,,,,,,,,,15.720000267028809,,,0.930387060209924,3.5,2026-08-03,5.2,0,0,14.9399995803833,2025-08-18,-46.6,2,50,46.6,1,6.0,2026-08-24,17.459999084472656,-10.4,-10.0,False,False,,17.75,-11.4366182139222,Commercial Services,Personnel Services,,,,
KFRC,2026-10-02,False,,False,,,,,,,,,,False,,,,,,,,,,,,,,,52.86000061035156,,,0.8178696151991093,6.8,2026-06-22,12.6,1,0,46.95000076293945,2025-07-21,-47.8,2,48,47.8,2,9.0,2026-08-03,59.88999938964844,-17.1,-11.7,True,False,,61.68000030517578,-14.2996103294184,Commercial Services,Personnel Services,,,,
KNSA,2026-10-02,False,,False,pivot,79.76000213623047,-4.977433694049238,79.76000213623047,-4.977433694049238,LEFT,,,,False,,,,,,,,,,,,,,,75.79000091552734,,,1.2077681232506654,37.1,2026-04-27,58.4,2,1,47.85499954223633,2026-02-16,-14.1,1,10,14.1,3,7.0,2026-08-17,81.56600189208984,-10.3,-7.1,True,False,,82.94000244140625,-8.620691241153622,Health Technology,Pharmaceuticals: Major,,,,
KO,2026-10-02,False,,False,pivot,88.95999908447266,-3.7207706752005687,88.95999908447266,-3.7207706752005687,BOTTOM,,,,False,,,,,,,,,,,,,,,85.6500015258789,,,1.2838307662055992,4.1,2026-07-20,4.5,1,0,82.0,2026-02-23,-9.7,1,21,9.7,2,7.0,2026-08-17,91.87000274658205,-7.3,-6.8,False,False,,92.48999786376952,-7.395390308004335,Consumer Non-Durables,Beverages: Non-Alcoholic,,,,
KRT,2026-10-02,False,,False,,,,,,,,,,True,,,,,,,,,,,,,,,54.56999969482422,,,1.3400737801411822,59.3,2026-06-29,66.9,0,0,32.70000076293945,2024-12-09,-37.0,5,81,37.0,2,4.0,2026-08-24,50.66999816894531,-10.8,7.7,True,True,,54.90999984741211,-0.6191953260475502,Process Industries,Containers/Packaging,,,,
KYMR,2026-10-02,False,,False,pivot,122.12999725341795,-12.069105211870468,122.12999725341795,-12.069105211870468,LEFT,127.36000061035156,-15.67996319488083,LEFT,False,,,,,,,,,,,,,,,107.38999938964844,,,1.3967975160580837,-0.7,2026-06-22,4.3,1,0,103.0,2025-12-08,-35.7,3,28,35.7,2,7.0,2026-08-17,127.36000061035156,-16.4,-15.7,False,False,,130.0500030517578,-17.42407007333253,Health Technology,Biotechnology,,,,
LARK,2026-10-02,False,,False,pivot,32.720001220703125,-4.156480927913419,32.720001220703125,-4.156480927913419,BOTTOM,,,,False,,,,,,,,,,,,,,,31.36000061035156,,,0.7896459906586931,-2.0,2026-06-22,6.2,3,0,29.5238094329834,2025-04-28,-24.4,4,60,24.4,3,4.0,2026-09-07,32.720001220703125,-6.0,-4.2,False,False,,34.599998474121094,-9.364156088598886,Finance,Major Banks,,,,
LBRX,2026-10-02,False,,False,pivot,49.93000030517578,-25.91627988707946,49.93000030517578,-25.91627988707946,BOTTOM,,,,False,,,,,,,,,,,,,,,36.9900016784668,,,1.5585187738406052,54.7,2026-01-19,82.7,4,1,20.25,2025-09-08,-34.0,1,19,34.0,8,5.0,2026-08-31,49.93000030517578,-26.8,-25.9,False,False,,50.15999984741211,-26.255977290687305,Health Technology,Pharmaceuticals: Major,,,,
LH,2026-10-02,False,,False,pivot,327.95001220703125,-5.933837855865464,327.95001220703125,-5.933837855865464,BOTTOM,,,,False,,,,,,,,,,,,,,,308.489990234375,,,1.025632930306548,3.9,2026-07-20,6.1,1,0,290.6499938964844,2025-10-13,-15.9,3,40,15.9,2,7.0,2026-08-17,338.19000244140625,-10.5,-8.8,True,False,,341.79998779296875,-9.745464818088267,Health Services,Medical/Nursing Services,,,,
LIND,2026-10-02,False,,True,pivot,34.95000076293945,-0.4864148209771879,,,RIGHT,34.95000076293945,-0.4864148209771879,RIGHT,False,,,,,,,,,,,,,,,34.779998779296875,,,1.549574032572098,131.2,2026-01-05,133.3,3,1,14.90999984741211,2024-11-04,-50.0,3,61,50.0,7,9.0,2026-08-03,34.95000076293945,-30.4,-0.5,True,True,,35.4900016784668,-2.000571613386848,Consumer Services,Hotels/Resorts/Cruise lines,,,,
LLY,2026-10-02,False,,False,pivot,1292.6500244140625,-11.58860062653284,,,RIGHT,1292.6500244140625,-11.58860062653284,RIGHT,True,,,,,,,,,,,,,,,1142.8499755859375,,,1.0475806718635543,3.4,2026-05-25,5.3,1,0,1085.5,2025-12-29,-21.6,1,21,21.6,3,7.0,2026-08-17,1292.6500244140625,-13.9,-11.6,False,False,,1292.6500244140625,-11.58860062653284,Health Technology,Pharmaceuticals: Major,,,,
LPG,2026-10-02,False,,False,pivot,59.970001220703125,-4.602304619059517,59.970001220703125,-4.602304619059517,LEFT,,,,False,,,,,,,,,,,,,,,57.209999084472656,,,1.3527843191509463,11.9,2026-08-17,18.9,0,0,48.119998931884766,2026-05-18,-28.3,1,13,28.3,3,3.0,2026-09-14,59.970001220703125,-13.1,-4.6,True,True,,59.970001220703125,-4.602304619059517,Transportation,Marine Shipping,,,,
LQDT,2026-10-02,False,,False,pivot,43.529998779296875,-0.6891781425990451,,,RIGHT,43.529998779296875,-0.6891781425990451,RIGHT,False,,,,,,,,,,,,,,,43.22999954223633,,,1.5576681059687996,16.1,2026-06-01,17.1,3,0,36.91999816894531,2025-01-20,-41.3,5,71,41.3,5,2.0,2026-09-21,43.97999954223633,-3.2,-1.7,False,False,,45.0,-3.9333343505859375,Retail Trade,Internet Retail,,,,
LSBK,2026-10-02,False,,False,ceiling_pullback,18.510000228881836,-0.7023288304037312,,,,,,,False,,,,,,,,,,,,,,,18.3799991607666,,,1.0066304058184554,-0.2,2026-09-07,5.6,0,0,17.399999618530273,2026-06-15,-8.3,1,12,8.3,1,4.0,2026-09-07,18.989999771118164,-10.1,-3.2,True,False,,19.09000015258789,-3.719229890760578,Finance,Savings Banks,,,,
LTC,2026-10-02,False,,False,,,,,,,,,,,,,,,,,,,,,,,,,43.0,,,1.3859830424075033,4.3,2026-08-31,5.4,1,0,40.79999923706055,2024-11-04,-22.3,8,95,22.3,0,,,,,,True,True,,43.599998474121094,-1.3761433374297585,Finance,Real Estate Investment Trusts,,,,
LTH,2026-10-02,False,,False,pivot,45.279998779296875,-9.474375478100873,45.279998779296875,-9.474375478100873,BOTTOM,,,,False,,,,,,,,,,,,,,,40.9900016784668,,,1.1840433896949276,19.5,2026-06-08,25.8,0,0,32.59000015258789,2025-02-10,-25.9,5,69,25.9,3,8.0,2026-08-10,45.279998779296875,-19.3,-9.5,True,False,,47.23500061035156,-13.221125968433189,Consumer Services,Other Consumer Services,,,,
LXP,2026-10-02,False,,False,ma10_pullback,61.040000915527344,-0.147444546589115,,,,,,,False,,,,,,,,,,,,,,,60.95000076293945,,,1.503329720411218,14.9,2026-06-08,16.3,2,0,52.43000030517578,2026-02-02,-13.8,1,18,13.8,3,7.0,2026-08-17,61.09000015258789,-0.7,-0.2,True,True,,61.61000061035156,-1.0712544081702524,Finance,Real Estate Investment Trusts,,,,
MANU,2026-10-02,False,,False,ceiling_pullback,21.68000030517578,-7.380075456400014,,,,,,,False,,,,,,,,,,,,,,,20.079999923706055,,,1.5644406551370036,0.4,2026-05-18,2.2,3,0,19.649999618530273,2025-06-23,-25.8,4,47,25.8,2,8.0,2026-08-10,24.450000762939453,-22.1,-17.9,False,False,,24.450000762939453,-17.87321350867731,Consumer Services,Movies/Entertainment,,,,
MATX,2026-10-02,False,,False,pivot,240.8699951171875,-4.05197604711518,240.8699951171875,-4.05197604711518,LEFT,,,,False,,,,,,,,,,,,,,,231.11000061035156,,,1.1220240457433766,34.9,2026-04-06,37.6,4,0,167.94000244140625,2024-11-04,-48.2,5,74,48.2,5,3.0,2026-09-14,240.8699951171875,-9.5,-4.1,True,False,,240.8699951171875,-4.05197604711518,Transportation,Marine Shipping,,,,
MBWM,2026-10-02,False,,False,pivot,62.31999969482422,-4.525031624893328,62.31999969482422,-4.525031624893328,BOTTOM,,,,False,,,,,,,,,,,,,,,59.5,,,1.2486215375642515,4.2,2026-06-22,6.7,3,0,55.77000045776367,2026-02-02,-13.4,2,20,13.4,3,5.0,2026-08-31,62.31999969482422,-7.7,-4.5,False,False,,62.95000076293945,-5.480541256753357,Finance,Regional Banks,,,,
MBX,2026-10-02,False,,False,pivot,65.0,-9.984617966872,65.0,-9.984617966872,BOTTOM,,,,True,,,,,,,,,,,,,,,58.5099983215332,,,1.2449772621765878,11.9,2026-06-22,30.3,0,0,44.88999938964844,2026-01-12,-41.8,2,23,41.8,2,8.0,2026-08-10,68.83999633789062,-24.0,-15.0,True,False,,72.63999938964844,-19.45209414488077,Health Technology,Biotechnology,,,,
MCS,2026-10-02,False,,False,,,,,,,,,,True,,,,,,,,,,,,,,,27.059999465942383,,,1.0533392589662716,17.4,2026-07-13,18.5,1,0,22.84000015258789,2024-11-25,-43.7,7,85,43.7,1,9.0,2026-08-03,32.41999816894531,-18.3,-16.5,False,False,,32.41999816894531,-16.533001251484347,Consumer Services,Movies/Entertainment,,,,
MD,2026-10-02,False,,False,,,,,,,,,,True,,,,,,,,,,,,,,,25.969999313354492,,,1.2135844242547655,-3.0,2026-06-29,3.9,1,0,24.989999771118164,2025-11-24,-31.1,1,31,31.1,2,9.0,2026-08-03,27.329999923706055,-8.0,-5.0,False,False,,27.940000534057617,-7.050827426799011,Health Services,Medical/Nursing Services,,,,
MET,2026-10-02,False,,False,pivot,99.25,-4.85642286632163,99.25,-4.85642286632163,BOTTOM,,,,False,,,,,,,,,,,,,,,94.43000030517578,,,1.1040586987500092,4.9,2026-06-29,6.0,1,0,89.05000305175781,2024-11-25,-26.8,7,83,26.8,1,9.0,2026-08-03,100.93000030517578,-8.6,-6.4,False,False,,100.93000030517578,-6.4401069853822985,Finance,Multi-Line Insurance,,,,
MG,2026-10-02,False,,False,,,,,,,,,,,,,,,,,,,,,,,,,20.649999618530273,,,1.2239732567000456,4.2,2026-09-07,6.7,0,0,19.36000061035156,2026-04-27,-23.8,2,19,23.8,1,2.0,2026-09-21,21.770000457763672,-5.8,-5.1,False,False,,21.770000457763672,-5.144698280582627,Industrial Services,Engineering & Construction,,,,
MGYR,2026-10-02,False,,False,pivot,19.799999237060547,-2.449488493389107,19.799999237060547,-2.449488493389107,LEFT,,,,True,,,,,,,,,,,,,,,19.315000534057617,,,1.01772039510192,0.9,2026-07-27,4.7,0,0,18.450000762939453,2025-12-15,-13.1,3,32,13.1,3,5.0,2026-08-31,19.799999237060547,-3.8,-2.4,False,False,,20.0,-3.4249973297119096,Finance,Savings Banks,,,,
MITK,2026-10-02,False,,False,pivot,19.479999542236328,-8.880901349537307,,,LEFT,19.479999542236328,-8.880901349537307,LEFT,True,,,,,,,,,,,,,,,17.75,,,1.075212742432323,50.0,2026-02-02,65.3,4,1,10.739999771118164,2025-08-18,-20.6,1,24,20.6,8,8.0,2026-08-10,19.479999542236328,-15.0,-8.9,True,False,,21.049999237060547,-15.67695656373508,Technology Services,Information Technology Services,,,,
MLAB,2026-10-02,False,,False,,,,,,,,,,True,,,,,,,,,,,,,,,132.5500030517578,,,0.8298234041662541,6.2,2026-08-17,19.1,1,0,111.29000091552734,2026-05-18,-26.9,2,13,26.9,2,2.0,2026-09-21,138.66000366210938,-7.0,-4.4,False,False,,138.66000366210938,-4.406462172928094,Health Technology,Medical Specialties,,,,
MNSB,2026-10-02,False,,False,ma10_pullback,25.709999084472656,-3.0143899110378736,,,,,,,True,,,,,,,,,,,,,,,24.934999465942383,,,0.9946990304349334,8.2,2026-05-18,9.1,1,0,22.850000381469727,2025-08-18,-21.8,4,39,21.8,4,5.0,2026-08-31,25.479999542236328,-5.3,-2.1,True,False,,25.8700008392334,-3.614230162192455,Finance,Regional Banks,,,,
MOG-A,2026-10-02,False,,False,ma10_pullback,399.4500122070313,-1.6823134348085134,,,,,,,True,,,,,,,,,,,,,,,392.7300109863281,,,1.3608487444297752,9.1,2026-05-25,13.5,2,0,345.9200134277344,2026-02-16,-18.3,2,14,18.3,2,8.0,2026-08-10,442.5799865722656,-21.0,-11.3,True,True,,448.8500061035156,-12.50306212633645,,,,,,
MPB,2026-10-02,False,,False,ceiling_pullback,37.22999954223633,-2.229379603982573,37.560001373291016,-3.0883913871126434,BOTTOM,,,,True,,,,,,,,,,,,,,,36.400001525878906,,,1.1498761566884252,2.7,2026-07-13,3.4,1,0,35.220001220703125,2026-02-02,-14.6,2,23,14.6,2,8.0,2026-08-10,38.810001373291016,-10.7,-6.2,True,False,,39.150001525878906,-7.02426537118318,Finance,Regional Banks,,,,
MPC,2026-10-02,False,,False,pivot,428.0,-1.3247694924612974,428.0,-1.3247694924612974,LEFT,,,,False,,,,,,,,,,,,,,,422.3299865722656,,,0.953400592648212,88.4,2026-04-20,91.0,4,0,221.11000061035156,2024-04-01,-47.9,9,107,47.9,6,3.0,2026-09-14,428.0,-11.5,-1.3,True,False,,431.0799865722656,-2.029785717860777,Energy Minerals,Oil Refining/Marketing,,,,
MRK,2026-10-02,False,,False,ma10_pullback,150.36000061035156,-4.030325574617311,,,,,,,False,,,,,,,,,,,,,,,144.3000030517578,,,1.0416365249057318,13.2,2026-07-13,15.3,1,0,125.13999938964844,2026-02-23,-13.8,2,20,13.8,2,7.0,2026-08-17,154.49000549316406,-7.9,-6.6,False,False,,156.9199981689453,-8.042311537373582,Health Technology,Pharmaceuticals: Major,,,,
MRNA,2026-10-02,False,,False,,,,,,,,,,True,,,,,,,,,,,,,,,190.0099945068359,,,0.8243974655168708,197.1,2026-06-15,251.7,2,1,54.02000045776367,2026-02-23,-19.1,2,16,19.1,4,2.0,2026-09-21,202.6699981689453,-9.6,-6.2,False,False,,208.9029998779297,-9.043912907968622,Health Technology,Biotechnology,,,,
MRX,2026-10-02,False,,False,pivot,78.37999725341797,-7.182951582933949,78.37999725341797,-7.182951582933949,RIGHT,,,,False,,,,,,,,,,,,,,,72.75,,,1.1803023452288606,45.7,2026-04-06,48.7,3,0,48.90999984741211,2025-05-05,-42.9,1,48,42.9,6,5.0,2026-08-31,78.37999725341797,-14.5,-7.2,True,False,,79.11000061035156,-8.039439465658848,Technology Services,Internet Software/Services,,,,
MSBI,2026-10-02,False,,False,pivot,33.84000015258789,-2.0685601648436247,33.84000015258789,-2.0685601648436247,BOTTOM,,,,False,,,,,,,,,,,,,,,33.13999938964844,,,1.2214534687000496,16.2,2026-06-01,18.4,3,0,28.0,2023-12-18,-49.1,9,128,49.1,4,5.0,2026-08-31,33.84000015258789,-7.2,-2.1,False,False,,35.099998474121094,-5.584043218456958,Finance,Regional Banks,,,,
MSGS,2026-10-02,False,,False,ma10_pullback,438.9299926757813,-7.285895473625614,,,,,,,False,,,,,,,,,,,,,,,406.9500122070313,,,1.7029684151795978,71.4,2025-12-08,73.0,7,1,235.19000244140625,2024-12-09,-26.3,3,52,26.3,9,8.0,2026-08-10,438.9299926757813,-14.3,-7.3,True,True,,438.9299926757813,-7.285895473625614,Consumer Services,Movies/Entertainment,,,,
MTW,2026-10-02,False,,False,,,,,,,,,,False,,,,,,,,,,,,,,,23.219999313354492,,,1.7698735975853983,8.5,2026-08-31,17.2,0,0,19.809999465942383,2023-02-27,-64.4,13,183,64.4,2,3.0,2026-09-14,22.3799991607666,-5.3,3.8,True,True,,23.559999465942383,-1.443124619248759,Producer Manufacturing,Trucks/Construction/Farm Machinery,,,,
MVBF,2026-10-02,False,,False,ceiling_pullback,30.799999237060547,-1.1038966266556982,31.750999450683594,-4.066014892589919,BOTTOM,,,,False,,,,,,,,,,,,,,,30.459999084472656,,,1.440402734633997,-0.6,2026-07-27,2.9,0,0,29.59000015258789,2026-02-02,-18.9,2,25,18.9,3,4.0,2026-09-07,31.750999450683594,-10.3,-4.1,True,True,,31.989999771118164,-4.782746788347437,Finance,Regional Banks,,,,
MYE,2026-10-02,False,,False,,,,,,,,,,True,,,,,,,,,,,,,,,31.6299991607666,,,0.8924963420795622,33.3,2026-06-01,36.7,1,0,23.13999938964844,2026-02-16,-15.3,1,15,15.3,2,9.0,2026-08-03,37.45000076293945,-22.2,-15.5,True,False,,37.45000076293945,-15.540724922847884,Producer Manufacturing,Miscellaneous Manufacturing,,,,
NDSN,2026-10-02,False,,True,ceiling_pullback,338.54998779296875,-1.4798344199352331,,,,,,,False,,,,,,,,,,,,,,,333.5400085449219,,,1.0850125486333582,7.6,2026-08-03,10.9,0,0,300.7900085449219,2026-02-09,-15.6,2,25,15.6,2,7.0,2026-08-17,338.54998779296875,-9.6,-1.5,True,False,,339.1199951171875,-1.6454313082710947,Producer Manufacturing,Industrial Machinery,,,,
NEO,2026-10-02,False,,False,pivot,20.030000686645508,-7.788324112894851,20.030000686645508,-7.788324112894851,RIGHT,,,,False,,,,,,,,,,,,,,,18.469999313354492,,,1.2340993678565844,30.3,2026-06-22,39.7,1,0,13.220000267028809,2026-01-05,-46.5,1,24,46.5,4,3.0,2026-09-14,20.030000686645508,-11.4,-7.8,False,False,,20.049999237060547,-7.880299171211802,Health Services,Medical/Nursing Services,,,,
NET,2026-10-02,False,,False,,,,,,,,,,True,,,,,,,,,,,,,,,349.07000732421875,,,0.91840820350507,30.1,2026-07-06,37.3,2,0,254.3000030517578,2025-10-27,-37.5,2,36,37.5,2,6.0,2026-08-10,332.2200012207031,-18.9,5.1,True,False,,367.4299926757813,-4.99686626501481,Technology Services,Information Technology Services,,,,
NHC,2026-10-02,False,,False,pivot,239.2899932861328,-4.860207259112914,,,RIGHT,239.2899932861328,-4.860207259112914,RIGHT,True,,,,,,,,,,,,,,,227.66000366210935,,,1.0824503958324396,98.3,2025-08-18,106.8,11,2,110.0999984741211,2025-05-12,-15.0,2,14,15.0,11,7.0,2026-08-17,239.2899932861328,-10.5,-4.9,True,False,,239.2899932861328,-4.860207259112914,Health Services,Hospital/Nursing Management,,,,
NIC,2026-10-02,False,,False,ceiling_pullback,173.33999633789062,-3.9633063703289007,173.2100067138672,-3.891233319041521,BOTTOM,,,,True,,,,,,,,,,,,,,,166.47000122070312,,,1.3630609122857538,2.0,2026-06-22,2.8,1,0,162.0,2026-02-16,-18.6,2,18,18.6,3,8.0,2026-08-10,180.0,-11.0,-7.5,False,False,,180.0,-7.516665988498261,Finance,Major Banks,,,,
NTB,2026-10-02,False,,False,pivot,61.56999969482422,-4.563913248690876,61.56999969482422,-4.563913248690876,BOTTOM,,,,True,,,,,,,,,,,,,,,58.7599983215332,,,1.21114998115196,19.7,2025-12-01,26.5,4,3,46.45000076293945,2025-06-30,-12.6,2,22,12.6,8,8.0,2026-08-10,64.16999816894531,-11.7,-8.4,False,False,,64.16999816894531,-8.430730873902759,Finance,Regional Banks,,,,
NTRA,2026-10-02,False,,False,pivot,333.55999755859375,23.02134821530355,333.55999755859375,23.02134821530355,RIGHT,,,,True,,,,,,,,,,,,,,,410.3500061035156,,,1.5032175374903196,56.7,2026-06-22,64.1,2,0,250.0,2025-12-01,-27.6,3,29,27.6,4,2.0,2026-09-21,415.75,-3.5,-1.3,True,True,,427.4679870605469,-4.004505945519298,Health Technology,Biotechnology,,,,
NTRS,2026-10-02,False,,False,pivot,189.58999633789065,-9.594389362710732,189.58999633789065,-9.594389362710732,BOTTOM,,,,False,,,,,,,,,,,,,,,171.39999389648438,,,1.2657874260244395,7.7,2026-04-13,12.3,2,0,152.5800018310547,2026-02-02,-13.0,1,10,13.0,5,8.0,2026-08-10,195.77999877929688,-15.1,-12.5,False,False,,195.77999877929688,-12.452755661877458,Finance,Investment Managers,,,,
NUTX,2026-10-02,False,,False,,,,,,,,,,,,,,,,,,,,,,,,,216.5,,,1.440999052213791,12.0,2026-08-31,12.8,0,0,192.0,2026-01-05,-56.3,3,34,56.3,1,2.0,2026-09-21,222.0,-7.1,-2.5,False,False,,224.27999877929688,-3.468877662583192,Health Services,Medical/Nursing Services,,,,
NWBI,2026-10-02,False,,False,pivot,15.720000267028809,-3.371505582968304,15.720000267028809,-3.371505582968304,BOTTOM,,,,False,,,,,,,,,,,,,,,15.1899995803833,,,1.3287310221167437,0.3,2026-06-22,1.5,0,0,14.960000038146973,2024-07-22,-28.1,9,100,28.1,4,8.0,2026-08-10,15.899999618530272,-8.6,-4.5,False,False,,16.15999984741211,-6.002476956608049,Finance,Savings Banks,,,,
OBK,2026-10-02,False,,False,pivot,54.79499816894531,-2.144354916187352,54.79499816894531,-2.144354916187352,BOTTOM,,,,False,,,,,,,,,,,,,,,53.619998931884766,,,1.3387723552875734,13.3,2026-05-18,16.5,3,0,46.02000045776367,2026-02-02,-14.2,1,15,14.2,3,10.0,2026-07-27,55.56999969482422,-8.1,-3.5,False,False,,55.56999969482422,-3.5090890294193655,Finance,Regional Banks,,,,
OBT,2026-10-02,False,,False,pivot,39.02000045776367,-3.3059992321724296,39.02000045776367,-3.3059992321724296,RIGHT,40.0,-5.675001144409175,RIGHT,True,,,,,,,,,,,,,,,37.72999954223633,,,1.3512703347425437,16.5,2026-03-30,17.9,1,1,31.989999771118164,2023-12-18,-35.9,12,119,35.9,4,8.0,2026-08-10,40.0,-13.2,-5.7,False,False,,40.099998474121094,-5.910222000168575,Finance,Regional Banks,,,,
OESX,2026-10-02,False,,False,,,,,,,,,,False,,,,,,,,,,,,,,,30.440000534057617,,,0.6186967166719582,54.5,2026-08-03,63.7,1,0,18.600000381469727,2025-12-08,-53.9,2,34,53.9,3,2.0,2026-09-21,30.600000381469727,-5.0,-0.5,False,False,,31.649999618530273,-3.8230619243490698,Electronic Technology,Semiconductors,,,,
OFG,2026-10-02,False,,False,pivot,53.400001525878906,-3.951311891496867,53.400001525878906,-3.951311891496867,BOTTOM,,,,True,,,,,,,,,,,,,,,51.290000915527344,,,1.1813184247448638,12.6,2026-05-25,13.3,2,0,45.2599983215332,2025-06-30,-21.1,4,47,21.1,4,8.0,2026-08-10,53.97999954223633,-9.3,-5.0,False,False,,54.470001220703125,-5.8380764345698495,Finance,Major Banks,,,,
OII,2026-10-02,False,,False,pivot,54.25,-18.30414802797379,,,BOTTOM,54.25,-18.30414802797379,BOTTOM,False,,,,,,,,,,,,,,,44.31999969482422,,,1.050773941522063,37.7,2026-02-02,45.7,2,0,30.40999984741211,2024-07-22,-49.2,5,80,49.2,8,7.0,2026-08-17,54.25,-20.5,-18.3,False,False,,54.25,-18.30414802797379,Producer Manufacturing,Industrial Machinery,,,,
OKTA,2026-10-02,False,,False,,,,,,,,,,False,,,,,,,,,,,,,,,211.4900054931641,,,0.9571460793882104,49.5,2026-06-29,65.8,2,1,127.56700134277344,2025-05-12,-50.9,4,59,50.9,3,3.0,2026-08-31,174.0800018310547,-4.8,21.5,True,False,,216.58999633789065,-2.3546751608833905,Technology Services,Packaged Software,,,,
OMER,2026-10-02,False,,False,,,,,,,,,,True,,,,,,,,,,,,,,,18.61000061035156,,,0.6743271928098675,-3.4,2026-08-17,5.6,0,0,17.6299991607666,2025-12-29,-62.0,3,33,62.0,2,2.0,2026-09-21,21.239999771118164,-14.2,-12.4,False,False,,21.239999771118164,-12.382293734027416,Health Technology,Pharmaceuticals: Major,,,,
OOMA,2026-10-02,False,,False,pivot,23.809999465942383,-12.641748409895238,23.809999465942383,-12.641748409895238,LEFT,,,,False,,,,,,,,,,,,,,,20.799999237060547,,,1.142140295030892,32.4,2026-04-13,34.1,3,1,15.510000228881836,2025-02-10,-36.9,5,61,36.9,4,5.0,2026-08-31,23.809999465942383,-14.8,-12.6,False,False,,26.190000534057617,-20.580378721214167,Communications,Major Telecommunications,,,,
ORKA,2026-10-02,False,,False,pivot,98.29000091552734,-14.009567752771911,98.29000091552734,-14.009567752771911,BOTTOM,111.37000274658205,-24.108831320235968,LEFT,True,,,,,,,,,,,,,,,84.5199966430664,,,1.3433947703582332,58.5,2026-03-30,61.5,1,1,52.31999969482422,2024-08-19,-89.5,3,84,89.5,4,8.0,2026-08-10,111.37000274658205,-27.2,-24.1,True,True,,115.5199966430664,-26.83518083521399,Health Technology,Pharmaceuticals: Major,,,,
ORRF,2026-10-02,False,,False,ceiling_pullback,42.16999816894531,-1.1856770730623525,43.15999984741211,-3.45227452209117,BOTTOM,,,,True,,,,,,,,,,,,,,,41.66999816894531,,,1.1300894533012895,1.1,2026-06-22,4.0,1,0,40.08000183105469,2026-02-02,-16.8,2,20,16.8,3,8.0,2026-08-10,43.72999954223633,-8.9,-4.7,False,False,,43.810001373291016,-4.884736674877999,Finance,Regional Banks,,,,
OSBC,2026-10-02,False,,False,pivot,25.850000381469727,-3.4816232311370765,25.850000381469727,-3.4816232311370765,BOTTOM,,,,False,,,,,,,,,,,,,,,24.950000762939453,,,1.5784874895406784,18.4,2026-05-18,18.4,3,0,21.06999969482422,2026-02-02,-10.3,2,15,10.3,3,8.0,2026-08-10,26.010000228881836,-7.8,-4.1,True,True,,26.059999465942383,-4.259396491751966,Finance,Major Banks,,,,
P,2026-10-02,False,,False,,,,,,,,,,,,,,,,,,,,,,,,,140.13999938964844,,,1.048681730055518,34.6,2026-09-14,41.5,1,0,99.0199966430664,2025-10-27,-42.7,4,46,42.7,0,,,,,,True,False,,140.8300018310547,-0.4899541521230732,Electronic Technology,Computer Peripherals,,,,
PAA,2026-10-02,False,,False,pivot,26.1200008392334,-9.073509812731515,26.1200008392334,-9.073509812731515,LEFT,,,,False,,,,,,,,,,,,,,,23.75,,,1.173326801533298,13.7,2026-02-16,14.3,4,1,20.770000457763672,2025-02-17,-25.0,3,52,25.0,5,4.0,2026-09-07,26.1200008392334,-10.3,-9.1,False,False,,26.38999938964844,-10.003787232689309,Industrial Services,Oil & Gas Pipelines,,,,
PAG,2026-10-02,False,,False,pivot,221.0399932861328,-7.695437488010038,221.0399932861328,-7.695437488010038,BOTTOM,,,,False,,,,,,,,,,,,,,,204.02999877929688,,,1.7121645003767032,5.0,2026-07-06,8.0,1,0,189.0,2023-07-10,-29.1,12,156,29.1,2,8.0,2026-08-10,220.4900054931641,-9.7,-7.5,False,False,,227.0,-10.11894326903221,Retail Trade,Specialty Stores,,,,
PAGP,2026-10-02,False,,False,pivot,28.43000030517578,-8.336267371766192,28.43000030517578,-8.336267371766192,LEFT,,,,False,,,,,,,,,,,,,,,26.059999465942383,,,1.4293379171343203,15.6,2026-02-23,16.8,3,1,22.309999465942383,2025-01-20,-25.5,3,57,25.5,6,4.0,2026-09-07,28.43000030517578,-9.9,-8.3,False,False,,28.700000762939453,-9.198610546401545,Industrial Services,Oil & Gas Pipelines,,,,
PARR,2026-10-02,False,,False,pivot,86.97000122070312,-3.4149720352034674,86.97000122070312,-3.4149720352034674,LEFT,,,,False,,,,,,,,,,,,,,,84.0,,,1.0235420731555729,4.6,2026-08-10,25.8,1,0,66.75,2026-03-23,-26.7,2,20,26.7,2,4.0,2026-09-07,86.97000122070312,-14.6,-3.4,True,False,,87.72000122070312,-4.240767406447721,Energy Minerals,Oil Refining/Marketing,,,,
PBAM,2026-10-02,False,,False,pivot,92.08999633789062,-5.635785664459069,92.08999633789062,-5.635785664459069,LEFT,,,,False,,,,,,,,,,,,,,,86.9000015258789,,,1.2974466599269847,35.3,2026-02-02,44.8,3,1,60.0,2025-01-20,-15.7,3,54,15.7,4,4.0,2026-09-07,92.08999633789062,-8.8,-5.6,True,False,,92.08999633789062,-5.635785664459069,Finance,Regional Banks,,,,
PBFS,2026-10-02,False,,False,pivot,18.700000762939453,-4.973263461137922,18.700000762939453,-4.973263461137922,BOTTOM,,,,False,,,,,,,,,,,,,,,17.770000457763672,,,1.2728995578016424,9.7,2026-06-01,17.1,2,0,15.18000030517578,2026-02-02,-11.7,1,17,11.7,4,5.0,2026-08-31,18.700000762939453,-10.6,-5.0,True,False,,19.90999984741211,-10.748364671266398,Finance,Regional Banks,,,,
PBHC,2026-10-02,False,,False,ceiling_pullback,17.450000762939453,-0.1146157987921059,,,,,,,True,,,,,,,,,,,,,,,17.43000030517578,,,0.1665701666658691,1.3,2026-09-07,3.3,0,0,16.8799991607666,2026-06-15,-11.4,1,12,11.4,1,3.0,2026-09-14,18.280000686645508,-8.6,-4.6,True,False,,18.299999237060547,-4.754092722161829,Finance,Regional Banks,,,,
PDLB,2026-10-02,False,,False,ma10_pullback,21.100000381469727,-3.5545023054059266,,,,,,,False,,,,,,,,,,,,,,,20.350000381469727,,,1.5024798250023663,9.6,2026-05-18,13.0,1,0,18.010000228881836,2025-12-15,-13.8,2,22,13.8,4,8.0,2026-08-10,20.969999313354492,-6.3,-3.0,True,True,,21.100000381469727,-3.5545023054059266,Finance,Savings Banks,,,,
PEBO,2026-10-02,False,,False,pivot,40.119998931884766,-6.580257876204321,40.119998931884766,-6.580257876204321,BOTTOM,42.290000915527344,-11.373850246300089,LEFT,False,,,,,,,,,,,,,,,37.47999954223633,,,2.6901859156312513,12.0,2026-03-30,16.0,2,0,32.29999923706055,2025-06-30,-14.9,4,39,14.9,5,10.0,2026-07-27,42.290000915527344,-16.3,-11.4,False,False,,42.290000915527344,-11.373850246300089,Finance,Regional Banks,,,,
PFBC,2026-10-02,False,,False,ceiling_pullback,110.12000274658205,-3.3054842888309066,,,,,,,,,,,,,,,,,,,,,,106.4800033569336,,,1.6994878473485266,1.0,2026-09-14,3.3,1,0,103.0500030517578,2025-12-15,-20.9,4,39,20.9,1,2.0,2026-09-21,110.33999633789062,-7.1,-3.5,False,False,,112.26000213623048,-5.148760617590842,Finance,Regional Banks,,,,
PFG,2026-10-02,False,,False,pivot,119.05999755859376,-5.963378649178052,119.05999755859376,-5.963378649178052,LEFT,,,,False,,,,,,,,,,,,,,,111.95999908447266,,,1.0575476037603215,12.7,2026-04-20,14.4,3,0,97.87999725341795,2026-02-02,-13.2,1,11,13.2,7,3.0,2026-09-14,119.05999755859376,-7.6,-6.0,False,False,,121.18000030517578,-7.60851724499404,Finance,Investment Managers,,,,
PFIS,2026-10-02,False,,False,pivot,73.33999633789062,-5.5222192863280455,73.33999633789062,-5.5222192863280455,BOTTOM,,,,False,,,,,,,,,,,,,,,69.29000091552734,,,1.1767509009978927,16.9,2026-05-18,22.6,1,0,56.5,2024-11-18,-31.2,7,78,31.2,4,4.0,2026-09-07,73.33999633789062,-10.7,-5.5,False,False,,73.37000274658203,-5.56085822314455,Finance,Regional Banks,,,,
PHVS,2026-10-02,False,,False,pivot,43.25,-27.88439182876852,43.25,-27.88439182876852,BOTTOM,,,,False,,,,,,,,,,,,,,,31.190000534057617,,,0.9682302796324588,9.1,2026-04-13,9.5,1,0,28.479999542236328,2025-11-24,-18.7,1,20,18.7,6,4.0,2026-09-07,43.25,-29.0,-27.9,False,False,,43.25,-27.88439182876852,Health Technology,Biotechnology,,,,
PKE,2026-10-02,False,,False,pivot,32.689998626708984,-6.944015435229667,32.689998626708984,-6.944015435229667,BOTTOM,39.63999938964844,-23.25933263198333,BOTTOM,True,,,,,,,,,,,,,,,30.420000076293945,,,1.0022979356561503,48.3,2025-12-08,54.3,4,0,19.719999313354492,2025-07-14,-22.8,2,21,22.8,8,8.0,2026-08-10,39.63999938964844,-27.0,-23.3,True,False,,39.86000061035156,-23.68289109259589,,,,,,
PKOH,2026-10-02,False,,False,ma10_pullback,48.0099983215332,-1.3330543887175803,,,,,,,True,,,,,,,,,,,,,,,47.369998931884766,,,1.2745750963067088,36.4,2026-06-08,40.9,2,0,33.630001068115234,2024-07-22,-53.9,8,98,53.9,2,9.0,2026-08-03,52.65999984741211,-17.2,-10.0,False,False,,53.29999923706055,-11.125704296544402,Producer Manufacturing,Metal Fabrication,,,,
PLBC,2026-10-02,False,,False,pivot,63.470001220703125,-1.4652596302021648,63.470001220703125,-1.4652596302021648,LEFT,,,,False,,,,,,,,,,,,,,,62.540000915527344,,,1.0547761035299943,10.5,2026-06-08,14.6,1,0,54.58000183105469,2026-02-02,-14.0,1,18,14.0,5,5.0,2026-08-31,63.470001220703125,-5.0,-1.5,True,False,,64.0,-2.2812485694885254,Finance,Regional Banks,,,,
PLSE,2026-10-02,False,,False,pivot,56.61000061035156,-15.38597242636307,56.61000061035156,-15.38597242636307,RIGHT,,,,False,,,,,,,,,,,,,,,47.900001525878906,,,1.076162694426671,87.1,2026-06-15,91.6,2,0,25.0,2025-02-03,-49.8,5,71,49.8,4,3.0,2026-09-14,56.61000061035156,-15.6,-15.4,False,False,,58.900001525878906,-18.675721078151295,Health Technology,Medical Specialties,,,,
PRLB,2026-10-02,False,,False,pivot,93.0,5.6021495531964005,,,RIGHT,93.0,5.6021495531964005,RIGHT,True,,,,,,,,,,,,,,,98.20999908447266,,,1.4132103706307624,41.7,2026-05-04,42.5,1,2,68.91000366210938,2026-02-09,-22.3,1,12,22.3,4,7.0,2026-08-10,93.0,-17.8,5.6,True,True,,99.41999816894533,-1.2170580434094247,Process Industries,Chemicals: Specialty,,,,
PROV,2026-10-02,False,,False,pivot,18.989999771118164,-3.5808336670440144,18.989999771118164,-3.5808336670440144,LEFT,,,,False,,,,,,,,,,,,,,,18.309999465942383,,,0.8543299262545588,3.1,2026-07-27,5.4,1,0,17.3700008392334,2024-12-16,-25.3,6,84,25.3,1,5.0,2026-08-31,18.989999771118164,-5.1,-3.6,False,False,,18.989999771118164,-3.5808336670440144,Finance,Savings Banks,,,,
PS,2026-10-02,False,,False,,,,,,,,,,,,,,,,,,,,,,,,,52.7599983215332,,,0.9386180774630296,5.9,2026-09-14,37.9,1,0,38.27000045776367,2026-04-27,-42.5,2,20,42.5,1,2.0,2026-09-21,56.939998626708984,-10.2,-7.3,False,False,,59.939998626708984,-11.978646095557975,,,,,,
PSNL,2026-10-02,False,,False,pivot,18.88999938964844,-13.816827884246452,,,RIGHT,18.88999938964844,-13.816827884246452,RIGHT,True,,,,,,,,,,,,,,,16.280000686645508,,,0.536798490982458,25.0,2026-06-22,41.6,1,0,11.5,2025-11-24,-56.9,2,30,56.9,2,7.0,2026-08-17,18.88999938964844,-15.7,-13.8,True,False,,18.88999938964844,-13.816827884246452,Health Services,Medical/Nursing Services,,,,
PSX,2026-10-02,False,,False,pivot,277.1199951171875,-4.525118636646552,277.1199951171875,-4.525118636646552,LEFT,,,,False,,,,,,,,,,,,,,,264.5799865722656,,,1.009116844448741,27.9,2026-07-13,40.3,0,0,188.52999877929688,2026-03-23,-18.5,1,16,18.5,3,3.0,2026-09-14,277.1199951171875,-10.3,-4.5,True,False,,277.1199951171875,-4.525118636646552,Energy Minerals,Oil Refining/Marketing,,,,
PTGX,2026-10-02,False,,False,pivot,151.18499755859375,-7.358534364951364,151.18499755859375,-7.358534364951364,BOTTOM,,,,False,,,,,,,,,,,,,,,140.05999755859375,,,1.5248715207125951,27.6,2026-06-08,31.0,1,0,106.90299987792967,2026-04-13,-13.2,1,8,13.2,3,8.0,2026-08-10,155.52999877929688,-13.8,-9.9,False,False,,160.80999755859375,-12.90342659972954,Health Technology,Pharmaceuticals: Major,,,,
QCRH,2026-10-02,False,,False,ceiling_pullback,103.5500030517578,-2.510870137025545,,,,,,,False,,,,,,,,,,,,,,,100.9499969482422,,,1.2071434695703898,2.7,2026-06-22,5.2,2,0,96.0,2024-11-18,-36.6,6,83,36.6,2,8.0,2026-08-10,108.11000061035156,-10.7,-6.6,True,False,,108.11000061035156,-6.622887449529625,Finance,Major Banks,,,,
QNBC,2026-10-02,False,,False,ceiling_pullback,45.900001525878906,-0.6318102524764391,,,,,,,,,,,,,,,,,,,,,,45.61000061035156,,,1.8462085686493708,-0.3,2026-09-14,1.4,0,0,45.0,2026-04-13,-5.0,1,22,5.0,1,2.0,2026-09-21,45.939998626708984,-1.8,-0.7,False,False,,46.0,-0.847824760105298,Finance,Regional Banks,,,,
QRVO,2026-10-02,False,,False,,,,,,,,,,,,,,,,,,,,,,,,,114.16999816894533,,,3.267692513709744,-2.1,2026-09-07,7.2,0,0,106.45999908447266,2025-10-27,-29.6,3,45,29.6,1,2.0,2026-09-21,121.08999633789062,-8.2,-5.7,False,False,,121.08999633789062,-5.714756278987476,Electronic Technology,Semiconductors,,,,
RAPP,2026-10-02,False,,False,pivot,52.93000030517578,-39.22161726154466,52.93000030517578,-39.22161726154466,BOTTOM,52.93000030517578,-39.22161726154466,BOTTOM,False,,,,,,,,,,,,,,,32.16999816894531,,,1.420611308153463,-4.2,2026-03-30,2.1,5,0,31.520000457763672,2025-12-15,-20.0,1,15,20.0,4,6.0,2026-08-24,52.93000030517578,-40.3,-39.2,False,False,,52.93000030517578,-39.22161726154466,,,,,,
RBB,2026-10-02,False,,False,ceiling_pullback,27.690000534057617,-5.417117988694365,27.165000915527344,-3.5891785334430937,LEFT,,,,True,,,,,,,,,,,,,,,26.190000534057617,,,0.9583368037156004,2.8,2026-06-15,3.5,1,0,25.299999237060547,2024-11-11,-43.1,5,83,43.1,2,8.0,2026-08-10,27.739999771118164,-8.7,-5.6,False,False,,28.239999771118164,-7.259204156074883,Finance,Regional Banks,,,,
RBCAA,2026-10-02,False,,False,pivot,97.7699966430664,-4.1679421991993815,97.7699966430664,-4.1679421991993815,BOTTOM,,,,False,,,,,,,,,,,,,,,93.69499969482422,,,0.8802788763526543,18.0,2026-05-18,19.7,0,0,78.25,2025-06-30,-18.2,4,46,18.2,3,10.0,2026-07-27,102.0,-11.8,-8.1,False,False,,102.22000122070312,-8.339856607389962,Finance,Regional Banks,,,,
RBRK,2026-10-02,False,,False,,,,,,,,,,,,,,,,,,,,,,,,,118.58000183105467,,,0.9169687053113684,11.1,2026-09-14,15.1,1,0,103.0,2025-06-02,-59.0,4,67,59.0,0,,,,,,True,False,,118.81999969482422,-0.2019844002574822,Technology Services,Information Technology Services,,,,
RCMT,2026-10-02,False,,False,,,,,,,,,,False,,,,,,,,,,,,,,,42.0099983215332,,,1.068605159882592,19.9,2026-08-10,31.3,1,0,32.0,2024-01-01,-58.8,9,136,58.8,1,6.0,2026-08-24,42.380001068115234,-8.4,-0.9,True,False,,43.09000015258789,-2.506386231678448,Commercial Services,Personnel Services,,,,
RDVT,2026-10-02,False,,True,ma10_pullback,80.38999938964844,-1.39321153761105,,,,,,,False,,,,,,,,,,,,,,,79.2699966430664,,,0.8521925537274517,31.5,2026-06-22,34.5,2,0,58.92300033569336,2025-11-10,-43.3,3,32,43.3,3,4.0,2026-08-31,77.36000061035156,-5.8,2.5,True,False,,81.79499816894531,-3.0869876916722716,Technology Services,Packaged Software,,,,
RFAI,2026-10-02,False,,False,pivot,54.70000076293945,-29.926871487314177,54.70000076293945,-29.926871487314177,RIGHT,,,,True,,,,,,,,,,,,,,,38.33000183105469,,,0.0885161052610431,247.8,2026-06-15,248.8,2,0,10.989999771118164,2026-01-05,-2.7,2,23,2.7,2,7.0,2026-08-17,73.0,-65.8,-47.5,True,False,,73.0,-47.49314817663741,Finance,Financial Conglomerates,,,,
RGA,2026-10-02,False,,False,ma10_pullback,257.80999755859375,-3.2582110763859196,,,,,,,False,,,,,,,,,,,,,,,249.41000366210935,,,1.3889936923626944,3.2,2026-07-13,7.0,0,0,233.13999938964844,2024-07-22,-31.7,7,103,31.7,3,5.0,2026-08-31,257.80999755859375,-6.2,-3.3,True,True,,257.80999755859375,-3.2582110763859196,Finance,Life/Health Insurance,,,,
RHI,2026-10-02,False,,False,ceiling_pullback,38.959999084472656,-7.289528283689717,,,,,,,False,,,,,,,,,,,,,,,36.119998931884766,,,0.8722457910651614,-4.4,2026-07-27,1.5,0,0,35.58000183105469,2026-01-26,-38.6,2,26,38.6,1,6.0,2026-08-24,46.70000076293945,-24.2,-22.7,False,False,,46.70000076293945,-22.655249803445077,Commercial Services,Personnel Services,,,,
RLYB,2026-10-02,False,,True,pivot,17.239999771118164,-0.9280733731803936,17.239999771118164,-0.9280733731803936,RIGHT,,,,True,,,,,,,,,,,,,,,17.079999923706055,,,0.8545671027773118,18.8,2026-05-04,75.0,1,0,9.760000228881836,2024-11-25,-82.0,5,75,82.0,7,3.0,2026-09-14,17.239999771118164,-4.0,-0.9,True,False,,17.573999404907227,-2.8109678953513018,Health Technology,Biotechnology,,,,
ROIV,2026-10-02,False,,False,pivot,42.5,-15.952938304227937,42.5,-15.952938304227937,LEFT,,,,False,,,,,,,,,,,,,,,35.720001220703125,,,0.8057938817307496,153.7,2025-09-08,176.1,7,1,12.9350004196167,2023-09-04,-36.3,7,105,36.3,10,4.0,2026-09-07,42.5,-17.2,-16.0,True,False,,42.5,-15.952938304227937,Health Technology,Pharmaceuticals: Major,,,,
ROKU,2026-10-02,False,,False,pivot,157.86000061035156,-3.4650964142619145,157.86000061035156,-3.4650964142619145,LEFT,157.86000061035156,-3.4650964142619145,LEFT,True,,,,,,,,,,,,,,,152.38999938964844,,,0.7943669721334445,23.3,2026-04-27,30.6,1,0,116.66000366210938,2025-10-27,-32.7,2,26,32.7,5,8.0,2026-08-10,157.86000061035156,-4.9,-3.5,True,False,,159.88999938964844,-4.690724891256437,Technology Services,Packaged Software,,,,
ROST,2026-10-02,False,,False,pivot,257.0,-11.073932573489175,,,LEFT,257.0,-11.073932573489175,LEFT,True,,,,,,,,,,,,,,,228.5399932861328,,,0.985743218617252,43.8,2025-10-27,44.3,6,0,158.33999633789062,2024-02-26,-22.7,5,87,22.7,9,9.0,2026-08-03,257.0,-13.6,-11.1,False,False,,257.0,-11.073932573489175,Retail Trade,Apparel/Footwear Retail,,,,
RPRX,2026-10-02,False,,False,pivot,64.37999725341797,-11.214659388048586,64.37999725341797,-11.214659388048586,LEFT,,,,False,,,,,,,,,,,,,,,57.15999984741211,,,1.0990732915539685,48.2,2025-11-03,50.4,5,1,38.0,2025-08-04,-10.3,1,13,10.3,12,5.0,2026-08-31,64.37999725341797,-11.5,-11.2,False,False,,64.37999725341797,-11.214659388048586,Health Technology,Pharmaceuticals: Major,,,,
RRBI,2026-10-02,False,,False,ceiling_pullback,104.87000274658205,-1.392198957027524,104.83999633789062,-1.363976274066725,BOTTOM,,,,True,,,,,,,,,,,,,,,103.41000366210938,,,1.517218535814773,3.9,2026-07-20,4.6,1,0,98.8499984741211,2026-04-13,-13.4,1,14,13.4,3,4.0,2026-09-07,104.83999633789062,-6.5,-1.4,True,True,,104.87000274658205,-1.392198957027524,Finance,Regional Banks,,,,
RS,2026-10-02,False,,False,pivot,405.1300048828125,-1.1897433579655448,405.1300048828125,-1.1897433579655448,LEFT,433.0199890136719,-7.553921824621668,LEFT,True,,,,,,,,,,,,,,,400.30999755859375,,,0.9134356746083506,9.4,2026-04-27,13.0,2,0,354.3800048828125,2024-04-01,-29.4,8,108,29.4,3,8.0,2026-08-10,433.0199890136719,-12.3,-7.6,True,False,,433.0199890136719,-7.553921824621668,Non-Energy Minerals,Steel,,,,
RVMD,2026-10-02,False,,False,ma10_pullback,211.5099945068359,-2.302489359210924,,,,,,,False,,,,,,,,,,,,,,,206.63999938964844,,,1.111570480936844,39.0,2026-04-13,66.0,2,0,124.48999786376952,2026-01-12,-26.5,2,13,26.5,6,5.0,2026-08-31,212.05999755859375,-11.3,-2.6,True,False,,224.30999755859375,-7.877490241748852,Health Technology,Pharmaceuticals: Other,,,,
RVTY,2026-10-02,False,,False,,,,,,,,,,,,,,,,,,,,,,,,,151.52999877929688,,,1.3274285960416632,5.6,2026-09-14,17.0,1,0,129.5,2024-09-23,-37.3,6,103,37.3,0,,,,,,True,True,,158.27999877929688,-4.264594422578993,Health Technology,Medical Specialties,,,,
SAIH,2026-10-02,False,,False,ma10_pullback,33.0,-25.121214895537403,,,,,,,False,,,,,,,,,,,,,,,24.709999084472656,,,1.590660916580007,37.3,2026-07-27,60.4,0,0,15.40999984741211,2025-07-14,-63.3,3,54,63.3,4,2.0,2026-09-21,32.5,-28.5,-24.0,False,False,,33.0,-25.121214895537403,Technology Services,Data Processing Services,,,,
SAIL,2026-10-02,False,,True,ma10_pullback,20.80500030517578,-1.8024513073749304,,,,,,,,,,,,,,,,,,,,,,20.43000030517578,,,1.6052415852580046,3.0,2026-09-14,8.3,0,0,18.864999771118164,2026-05-25,-34.3,1,16,34.3,1,2.0,2026-09-21,22.28499984741211,-11.3,-8.3,True,True,,24.0,-14.87499872843424,Technology Services,Packaged Software,,,,
SBFG,2026-10-02,False,,False,ma10_pullback,32.93000030517578,-10.71971045834056,,,,,,,True,,,,,,,,,,,,,,,29.399999618530273,,,1.0611508584191345,18.8,2026-06-22,20.1,2,0,24.479999542236328,2025-02-03,-30.1,6,72,30.1,3,5.0,2026-08-31,30.06999969482422,-19.0,-2.2,False,False,,32.93000030517578,-10.71971045834056,Finance,Regional Banks,,,,
SBLK,2026-10-02,False,,False,pivot,32.5,-5.384615384615388,32.5,-5.384615384615388,BOTTOM,,,,False,,,,,,,,,,,,,,,30.75,,,1.2421036875464375,9.3,2026-07-20,11.9,2,0,27.469999313354492,2024-05-27,-56.1,7,112,56.1,3,3.0,2026-09-14,32.5,-11.0,-5.4,True,False,,32.880001068115234,-6.478105227863762,Transportation,Marine Shipping,,,,
SEIC,2026-10-02,False,,False,pivot,112.1500015258789,-8.666964858186121,112.1500015258789,-8.666964858186121,LEFT,,,,False,,,,,,,,,,,,,,,102.43000030517578,,,1.020504891071423,7.3,2026-07-06,9.3,1,0,93.75,2025-06-30,-19.9,4,53,19.9,2,6.0,2026-08-24,112.1500015258789,-12.2,-8.7,False,False,,112.1500015258789,-8.666964858186121,Finance,Investment Managers,,,,
SENEA,2026-10-02,False,,False,pivot,201.92999267578125,-12.019011486143992,201.92999267578125,-12.019011486143992,LEFT,201.92999267578125,-12.019011486143992,LEFT,True,,,,,,,,,,,,,,,177.66000366210938,,,1.3927076857951866,39.1,2026-02-09,40.6,5,1,126.4000015258789,2025-11-17,-16.9,1,12,16.9,5,6.0,2026-08-24,201.92999267578125,-13.7,-12.0,False,False,,210.0,-15.399998256138392,Consumer Non-Durables,Food: Specialty/Candy,,,,
SEPN,2026-10-02,False,,False,pivot,40.52000045776367,-6.934850299964934,40.52000045776367,-6.934850299964934,RIGHT,51.099998474121094,-26.20352209292065,RIGHT,True,,,,,,,,,,,,,,,37.709999084472656,,,1.28066666436514,4.9,2026-06-08,15.6,1,0,32.630001068115234,2026-02-23,-30.2,1,15,30.2,2,8.0,2026-08-10,51.099998474121094,-29.5,-26.2,True,False,,51.099998474121094,-26.20352209292065,Health Technology,Biotechnology,,,,
SFNC,2026-10-02,False,,False,ma10_pullback,23.989999771118164,-4.543560495986975,,,,,,,False,,,,,,,,,,,,,,,22.899999618530273,,,1.6182712259537098,1.7,2026-06-08,4.9,2,0,21.81999969482422,2025-09-01,-22.1,4,40,22.1,4,8.0,2026-08-10,24.1200008392334,-8.4,-5.1,False,False,,24.31999969482422,-5.838816176449823,Finance,Major Banks,,,,
SHBI,2026-10-02,False,,False,pivot,23.63999938964844,-2.707273291761092,23.63999938964844,-2.707273291761092,BOTTOM,,,,True,,,,,,,,,,,,,,,23.0,,,1.3504684472874713,11.3,2026-05-25,12.2,2,0,20.5,2026-02-02,-15.9,1,16,15.9,3,10.0,2026-07-27,24.81999969482422,-11.7,-7.3,False,False,,24.88999938964844,-7.593408742446472,Finance,Regional Banks,,,,
SLDE,2026-10-02,False,,False,pivot,26.75,-11.73831547532126,26.75,-11.73831547532126,LEFT,,,,False,,,,,,,,,,,,,,,23.61000061035156,,,1.215073613343437,11.1,2026-06-29,18.4,1,1,19.934999465942383,2025-12-22,-21.1,3,27,21.1,2,3.0,2026-09-14,26.75,-16.8,-11.7,True,False,,26.75,-11.73831547532126,Technology Services,Packaged Software,,,,
SMBK,2026-10-02,False,,False,pivot,52.2400016784668,-2.3928023733491677,52.2400016784668,-2.3928023733491677,BOTTOM,,,,False,,,,,,,,,,,,,,,50.9900016784668,,,1.5630013697715424,12.2,2026-06-08,16.1,2,0,43.90999984741211,2026-02-02,-16.1,2,18,16.1,4,8.0,2026-08-10,53.290000915527344,-9.0,-4.3,True,True,,54.13999938964844,-5.818244822115604,Finance,Regional Banks,,,,
SNOW,2026-10-02,False,,False,pivot,384.55999755859375,-11.316826838454752,384.55999755859375,-11.316826838454752,LEFT,,,,False,,,,,,,,,,,,,,,341.0400085449219,,,1.040959610244318,16.3,2026-07-27,23.8,1,0,275.4800109863281,2025-10-27,-57.1,1,39,57.1,3,5.0,2026-08-31,384.55999755859375,-17.5,-11.3,True,False,,384.55999755859375,-11.316826838454752,Technology Services,Packaged Software,,,,
SOLV,2026-10-02,False,,False,ceiling_pullback,91.87000274658205,-4.375752859777182,,,,,,,True,,,,,,,,,,,,,,,87.8499984741211,,,0.8906720628011497,-0.8,2026-08-10,1.7,1,0,86.36000061035156,2026-01-05,-27.8,2,31,27.8,1,5.0,2026-08-31,94.16000366210938,-8.4,-6.7,False,False,,94.16000366210938,-6.701364637401208,Health Services,Medical/Nursing Services,,,,
SPNT,2026-10-02,False,,False,ceiling_pullback,26.479999542236328,-7.779454311004152,,,,,,,False,,,,,,,,,,,,,,,24.420000076293945,,,1.0633270358043243,2.4,2026-06-22,7.2,3,0,22.790000915527344,2025-12-08,-16.0,3,28,16.0,2,2.0,2026-09-21,26.5,-8.7,-7.8,False,False,,26.5,-7.8490563158719056,Finance,Property/Casualty Insurance,,,,
SRBK,2026-10-02,False,,False,pivot,19.885000228881836,-6.965050102791559,19.885000228881836,-6.965050102791559,BOTTOM,20.950000762939453,-11.69451395569161,BOTTOM,True,,,,,,,,,,,,,,,18.5,,,1.102077314244847,40.6,2025-04-21,46.5,11,3,12.630000114440918,2025-01-27,-10.1,1,12,10.1,14,8.0,2026-08-10,20.950000762939453,-15.6,-11.7,False,False,,20.950000762939453,-11.69451395569161,Finance,Regional Banks,,,,
SRCE,2026-10-02,False,,False,ma10_pullback,88.94000244140625,-2.349903204311299,,,,,,,True,,,,,,,,,,,,,,,86.8499984741211,,,1.251864831720479,27.4,2026-03-23,28.2,3,1,67.7699966430664,2024-07-22,-23.1,8,87,23.1,4,10.0,2026-07-27,91.45999908447266,-9.3,-5.0,True,False,,91.45999908447266,-5.040455561445778,Finance,Regional Banks,,,,
STBA,2026-10-02,False,,False,pivot,50.68000030517578,-2.0520933489835302,50.68000030517578,-2.0520933489835302,BOTTOM,,,,False,,,,,,,,,,,,,,,49.63999938964844,,,1.3105223233471497,3.7,2026-06-08,8.4,0,0,45.790000915527344,2024-07-22,-32.6,8,98,32.6,3,10.0,2026-07-27,53.5,-11.4,-7.2,False,False,,53.5,-7.2149544118720765,Finance,Regional Banks,,,,
STT,2026-10-02,False,,False,pivot,195.3999938964844,-9.948816678528535,195.3999938964844,-9.948816678528535,BOTTOM,,,,False,,,,,,,,,,,,,,,175.9600067138672,,,1.3775542171571082,26.2,2026-04-06,30.7,1,0,134.6699981689453,2026-01-05,-13.8,1,13,13.8,5,5.0,2026-08-31,195.3999938964844,-13.0,-9.9,False,False,,195.92999267578125,-10.192408874816715,Finance,Investment Banks/Brokers,,,,
SUN,2026-10-02,False,,False,pivot,80.22000122070312,-6.843677113224322,80.22000122070312,-6.843677113224322,BOTTOM,,,,False,,,,,,,,,,,,,,,74.7300033569336,,,1.161468722475446,12.4,2026-06-22,15.2,3,0,64.88999938964844,2024-03-04,-26.1,8,120,26.1,2,3.0,2026-09-14,80.22000122070312,-10.3,-6.8,True,False,,80.22000122070312,-6.843677113224322,Distribution Services,Wholesale Distributors,,,,
SUNC,2026-10-02,False,,False,pivot,83.19999694824219,-8.810089507839846,83.19999694824219,-8.810089507839846,BOTTOM,,,,False,,,,,,,,,,,,,,,75.87000274658203,,,1.2788328212253062,43.6,2026-01-05,46.0,8,1,51.95000076293945,2025-11-03,-9.5,2,9,9.5,6,3.0,2026-09-14,83.19999694824219,-13.3,-8.8,False,False,,83.5,-9.137721261578402,Distribution Services,Wholesale Distributors,,,,
SXT,2026-10-02,False,,True,ceiling_pullback,130.5399932861328,-1.4937927443951615,130.5399932861328,-1.4937927443951615,RIGHT,,,,True,,,,,,,,,,,,,,,128.58999633789062,,,1.239832281095237,-1.0,2026-08-03,3.7,1,0,124.0,2025-08-11,-33.4,5,51,33.4,1,6.0,2026-08-24,138.82000732421875,-9.7,-7.4,True,False,,138.82000732421875,-7.369262675830002,Consumer Non-Durables,Food: Specialty/Candy,,,,
TBBB,2026-10-02,False,,False,,,,,,,,,,True,,,,,,,,,,,,,,,52.650001525878906,,,1.159734020568927,33.6,2026-06-01,33.7,2,0,39.38999938964844,2026-02-02,-23.6,2,17,23.6,4,2.0,2026-09-21,54.0,-5.0,-2.5,False,False,,54.0,-2.4999971742983185,Retail Trade,Food Retail,,,,
TECH,2026-10-02,False,,False,ma10_pullback,72.6500015258789,-0.344115615621765,,,,,,,False,,,,,,,,,,,,,,,72.4000015258789,,,1.0851735496935426,2.0,2026-06-22,2.5,2,0,70.66000366210938,2026-01-12,-38.9,2,23,38.9,5,2.0,2026-09-21,72.69000244140625,-0.5,-0.4,False,False,,72.69000244140625,-0.3989557102589303,Health Technology,Biotechnology,,,,
TEN,2026-10-02,False,,False,ceiling_pullback,53.7400016784668,-6.866398076211455,,,,,,,False,,,,,,,,,,,,,,,50.04999923706055,,,1.430789953288086,4.5,2026-09-07,12.3,0,0,44.56999969482422,2026-05-04,-21.7,1,18,21.7,1,3.0,2026-09-14,53.84000015258789,-15.5,-7.0,True,True,,53.84000015258789,-7.03937760918667,Transportation,Marine Shipping,,,,
TFSL,2026-10-02,False,,False,pivot,17.75,-5.239438339018488,17.75,-5.239438339018488,BOTTOM,,,,True,,,,,,,,,,,,,,,16.81999969482422,,,1.169240173494262,5.3,2026-05-18,8.9,0,0,15.4399995803833,2022-08-08,-29.0,14,197,29.0,5,10.0,2026-07-27,19.299999237060547,-16.7,-12.8,True,False,,19.489999771118164,-13.69933354360816,Finance,Savings Banks,,,,
THC,2026-10-02,False,,False,,,,,,,,,,True,,,,,,,,,,,,,,,258.6199951171875,,,0.7415082441566969,1.5,2026-07-27,7.4,0,0,240.8300018310547,2026-02-23,-34.6,2,22,34.6,1,7.0,2026-08-17,280.8900146484375,-11.4,-7.9,True,False,,283.04998779296875,-8.630981709721919,Health Services,Hospital/Nursing Management,,,,
THFF,2026-10-02,False,,False,pivot,79.98999786376953,-6.250781514603199,79.98999786376953,-6.250781514603199,BOTTOM,,,,False,,,,,,,,,,,,,,,74.98999786376953,,,1.0991638597067108,5.5,2026-06-01,8.4,2,0,69.20999908447266,2026-02-02,-14.0,1,17,14.0,3,8.0,2026-08-10,82.7699966430664,-13.4,-9.4,False,False,,84.16999816894531,-10.906499352358024,Finance,Major Banks,,,,
THG,2026-10-02,False,,False,pivot,233.27999877929688,-5.937073978047702,233.27999877929688,-5.937073978047702,BOTTOM,,,,False,,,,,,,,,,,,,,,219.42999267578125,,,1.0936994825450723,13.6,2026-06-01,17.1,2,0,187.41000366210935,2025-09-29,-11.1,3,35,11.1,2,10.0,2026-07-27,235.16000366210935,-9.2,-6.7,True,False,,236.07000732421875,-7.048762711132584,Finance,Property/Casualty Insurance,,,,
TISI,2026-10-02,False,,False,,,,,,,,,,False,,,,,,,,,,,,,,,28.899999618530273,,,0.8347583791484555,16.8,2026-08-24,20.4,0,0,24.0,2025-04-14,-48.6,4,71,48.6,2,2.0,2026-09-21,29.56999969482422,-5.3,-2.3,True,False,,29.56999969482422,-2.265810223904796,Commercial Services,Miscellaneous Commercial Services,,,,
TJGC,2026-10-02,False,,False,,,,,,,,,,,,,,,,,,,,,,,,,33.279998779296875,,,0.0857509250823614,236.2,2026-08-24,370.7,1,0,7.070000171661377,2026-06-01,-69.0,1,12,69.0,0,,,,,,True,False,,36.7599983215332,-9.466810938883585,Electronic Technology,Electronic Equipment/Instruments,,,,
TMO,2026-10-02,False,,False,,,,,,,,,,,,,,,,,,,,,,,,,654.7999877929688,,,1.1827510414501687,0.5,2026-09-14,1.7,1,0,643.989990234375,2026-01-19,-32.4,2,34,32.4,1,2.0,2026-09-21,682.97998046875,-5.1,-4.1,False,False,,683.6300048828125,-4.217195980856014,Health Technology,Medical Specialties,,,,
TMP,2026-10-02,False,,False,pivot,100.5500030517578,-1.650923532299542,100.5500030517578,-1.650923532299542,BOTTOM,,,,False,,,,,,,,,,,,,,,98.88999938964844,,,1.1476390131653755,13.1,2026-06-01,14.3,3,0,86.55000305175781,2022-11-21,-50.2,14,184,50.2,4,8.0,2026-08-10,102.58999633789062,-8.1,-3.6,False,False,,102.58999633789062,-3.606586490222563,Finance,Regional Banks,,,,
TNK,2026-10-02,False,,False,,,,,,,,,,False,,,,,,,,,,,,,,,103.0999984741211,,,1.211908633719353,21.1,2026-08-10,22.8,1,0,83.98999786376953,2026-05-04,-23.8,1,14,23.8,2,3.0,2026-09-14,103.16000366210938,-10.3,-0.1,True,False,,103.9800033569336,-0.8463212679381216,Transportation,Marine Shipping,,,,
TOP,2026-10-02,False,,False,ma10_pullback,15.769000053405762,-2.5302819867801585,,,,,,,True,,,,,,,,,,,,,,,15.369999885559082,,,1.0571731649951517,98.3,2026-06-22,99.6,1,0,7.699999809265137,2025-09-15,-60.3,3,40,60.3,2,6.0,2026-08-24,17.41900062561035,-17.7,-11.8,True,False,,17.41900062561035,-11.763021220854188,Finance,Investment Banks/Brokers,,,,
TRGP,2026-10-02,False,,False,pivot,296.6300048828125,-5.01972639427356,296.6300048828125,-5.01972639427356,BOTTOM,307.94000244140625,-8.508154835134318,LEFT,False,,,,,,,,,,,,,,,281.739990234375,,,1.1726323503306395,25.8,2026-02-09,29.8,4,1,217.02000427246097,2025-01-13,-33.6,3,56,33.6,6,7.0,2026-08-17,307.94000244140625,-13.3,-8.5,True,False,,307.94000244140625,-8.508154835134318,Utilities,Gas Distributors,,,,
TRIN,2026-10-02,False,,False,ceiling_pullback,17.895000457763672,-1.7043883619654143,18.895000457763672,-6.906590492510823,LEFT,,,,True,,,,,,,,,,,,,,,17.59000015258789,,,0.9812026277053588,-1.1,2026-06-29,2.3,1,0,17.201000213623047,2025-02-24,-27.3,4,70,27.3,2,6.0,2026-08-24,18.895000457763672,-8.2,-6.9,True,False,,18.895000457763672,-6.906590492510823,Miscellaneous,Investment Trusts/Mutual Funds,,,,
TRMK,2026-10-02,False,,False,pivot,47.97999954223633,-4.272612039639457,47.97999954223633,-4.272612039639457,BOTTOM,48.689998626708984,-5.668511808129728,LEFT,True,,,,,,,,,,,,,,,45.93000030517578,,,1.0549999570912023,9.9,2026-03-23,11.6,3,1,41.16999816894531,2025-09-15,-11.8,2,27,11.8,6,8.0,2026-08-10,48.689998626708984,-9.9,-5.7,False,False,,49.0,-6.2653054996412605,Finance,Regional Banks,,,,
TRST,2026-10-02,False,,False,pivot,59.099998474121094,-5.769881447467872,59.099998474121094,-5.769881447467872,BOTTOM,,,,False,,,,,,,,,,,,,,,55.689998626708984,,,1.0069808351402902,15.9,2026-04-27,18.2,2,1,47.119998931884766,2025-12-08,-14.4,2,20,14.4,5,4.0,2026-09-07,59.099998474121094,-10.2,-5.8,False,False,,59.279998779296875,-6.0560057802188645,Finance,Savings Banks,,,,
TSBK,2026-10-02,False,,False,pivot,47.619998931884766,-4.4729048744093785,47.619998931884766,-4.4729048744093785,BOTTOM,49.380001068115234,-7.87768186615172,LEFT,True,,,,,,,,,,,,,,,45.4900016784668,,,0.8945787740353037,23.9,2026-01-19,24.7,4,2,36.4900016784668,2022-11-21,-39.4,13,165,39.4,5,7.0,2026-08-17,49.380001068115234,-11.6,-7.9,False,False,,49.380001068115234,-7.87768186615172,Finance,Savings Banks,,,,
TVTX,2026-10-02,False,,False,pivot,68.7300033569336,-17.16863447609218,68.7300033569336,-17.16863447609218,LEFT,,,,False,,,,,,,,,,,,,,,56.93000030517578,,,1.2069049503032525,29.0,2026-04-27,35.1,1,0,42.130001068115234,2025-12-22,-46.4,1,18,46.4,5,4.0,2026-09-07,68.7300033569336,-18.2,-17.2,False,False,,68.7300033569336,-17.16863447609218,Health Technology,Pharmaceuticals: Major,,,,
TWIN,2026-10-02,False,,False,ma10_pullback,28.75,-0.8521768321161693,,,,,,,True,,,,,,,,,,,,,,,28.5049991607666,,,1.374121219530437,43.2,2026-06-01,47.5,3,1,19.329999923706055,2026-01-12,-25.9,2,20,25.9,2,5.0,2026-08-10,25.0,-11.4,14.0,True,True,,28.75,-0.8521768321161693,Producer Manufacturing,Trucks/Construction/Farm Machinery,,,,
TWLO,2026-10-02,False,,False,pivot,254.5,15.748521246469792,,,RIGHT,254.5,15.748521246469792,RIGHT,True,,,,,,,,,,,,,,,294.5799865722656,,,1.545931848686387,60.7,2026-04-27,93.9,3,2,151.9499969482422,2025-01-27,-49.0,5,65,49.0,3,7.0,2026-08-03,254.5,-15.2,15.7,True,True,,305.95001220703125,-3.716301742479333,Technology Services,Packaged Software,,,,
TWST,2026-10-02,False,,False,,,,,,,,,,True,,,,,,,,,,,,,,,188.6699981689453,,,1.6791787256869737,434.2,2026-01-05,452.0,5,2,34.18000030517578,2025-10-20,-31.8,1,11,31.8,6,5.0,2026-08-17,145.92999267578125,-17.6,29.3,True,True,,200.30999755859375,-5.810992727032294,Health Technology,Biotechnology,,,,
TXG,2026-10-02,False,,False,,,,,,,,,,,,,,,,,,,,,,,,,93.5,,,1.3230400894868874,36.3,2026-09-07,47.2,0,0,63.52000045776367,2023-07-24,-89.3,8,163,89.3,0,,,,,,True,True,,95.16000366210938,-1.7444342141932356,Health Technology,Biotechnology,,,,
UBSI,2026-10-02,False,,False,ceiling_pullback,48.25,-2.5077701232593896,48.029998779296875,-2.0612073473469827,LEFT,,,,False,,,,,,,,,,,,,,,47.040000915527344,,,1.3981297510259758,1.8,2026-06-22,2.4,1,0,45.93000030517578,2026-02-02,-16.3,2,20,16.3,3,8.0,2026-08-10,49.380001068115234,-8.7,-4.7,True,True,,49.619998931884766,-5.199512438319642,Finance,Regional Banks,,,,
UFCS,2026-10-02,False,,False,pivot,56.7400016784668,-3.7363459356163258,56.7400016784668,-3.7363459356163258,BOTTOM,,,,False,,,,,,,,,,,,,,,54.619998931884766,,,0.9866599096338672,45.3,2026-03-30,46.3,5,0,37.33000183105469,2022-06-20,-51.7,15,197,51.7,6,5.0,2026-08-31,56.7400016784668,-10.5,-3.7,True,False,,56.7400016784668,-3.7363459356163258,Finance,Property/Casualty Insurance,,,,
UNM,2026-10-02,False,,False,pivot,96.7699966430664,-8.47369766735413,96.7699966430664,-8.47369766735413,BOTTOM,,,,False,,,,,,,,,,,,,,,88.56999969482422,,,0.9254851152784456,2.0,2026-06-01,5.5,2,0,83.95999908447266,2025-02-24,-20.4,5,66,20.4,3,5.0,2026-08-31,96.7699966430664,-11.3,-8.5,False,False,,96.7699966430664,-8.47369766735413,Finance,Multi-Line Insurance,,,,
UNP,2026-10-02,False,,False,pivot,308.2900085449219,-9.734343940391488,308.2900085449219,-9.734343940391488,BOTTOM,,,,False,,,,,,,,,,,,,,,278.2799987792969,,,1.240657597120552,3.7,2026-06-22,7.8,2,0,258.0899963378906,2024-02-19,-20.7,10,122,20.7,2,7.0,2026-08-17,308.2900085449219,-13.0,-9.7,True,False,,315.989990234375,-11.933919624196951,Transportation,Railroads,,,,
URGN,2026-10-02,False,,False,pivot,45.880001068115234,-9.764602087923112,45.880001068115234,-9.764602087923112,LEFT,,,,False,,,,,,,,,,,,,,,41.400001525878906,,,1.0298513856470677,23.3,2026-06-15,38.0,1,0,30.0,2025-11-24,-45.0,2,29,45.0,2,8.0,2026-08-10,49.66999816894531,-20.0,-16.6,True,False,,50.810001373291016,-18.519975581733807,Health Technology,Biotechnology,,,,
URI,2026-10-02,False,,False,ma10_pullback,1081.489990234375,-0.0416047467787894,,,,,,,,,,,,,,,,,,,,,,1081.0400390625,,,1.7214083460408975,6.6,2026-09-14,8.4,0,0,997.5,2025-09-29,-29.7,3,50,29.7,0,,,,,,True,True,,1179.1800537109375,-8.322733609645628,Finance,Finance/Rental/Leasing,,,,
USCB,2026-10-02,False,,False,pivot,23.5,-4.042556438040224,23.5,-4.042556438040224,BOTTOM,,,,False,,,,,,,,,,,,,,,22.549999237060547,,,1.1099774623026577,4.1,2026-07-20,9.9,1,0,20.52400016784668,2026-02-02,-14.4,2,24,14.4,2,5.0,2026-08-31,23.5,-9.1,-4.0,False,False,,23.88599967956543,-5.593236458291662,Finance,Regional Banks,,,,
UVE,2026-10-02,False,,False,pivot,44.599998474121094,-1.4573940211204173,44.599998474121094,-1.4573940211204173,BOTTOM,,,,True,,,,,,,,,,,,,,,43.95000076293945,,,1.1909984365366808,11.3,2026-04-20,22.6,3,1,35.84000015258789,2025-11-10,-21.0,2,23,21.0,4,4.0,2026-09-07,44.599998474121094,-6.6,-1.5,True,False,,45.150001525878906,-2.657808908935788,Finance,Property/Casualty Insurance,,,,
VABK,2026-10-02,False,,False,pivot,49.220001220703125,-4.388459556769697,49.220001220703125,-4.388459556769697,LEFT,,,,False,,,,,,,,,,,,,,,47.060001373291016,,,1.336057592086514,4.6,2026-06-08,6.7,3,0,44.119998931884766,2023-12-11,-45.5,8,130,45.5,5,4.0,2026-09-07,49.220001220703125,-5.4,-4.4,False,False,,50.0,-5.879997253417968,Finance,Regional Banks,,,,
VCTR,2026-10-02,False,,False,pivot,123.5500030517578,-8.352893112030879,,,LEFT,123.5500030517578,-8.352893112030879,LEFT,False,,,,,,,,,,,,,,,113.2300033569336,,,1.0502172514260513,45.4,2026-04-27,47.1,1,0,77.0,2024-11-25,-39.0,4,74,39.0,5,6.0,2026-08-24,123.5500030517578,-17.9,-8.4,True,False,,123.5500030517578,-8.352893112030879,Finance,Investment Managers,,,,
VIK,2026-10-02,False,,False,ceiling_pullback,87.4800033569336,-7.910385839955925,110.08999633789062,-26.823507822329972,BOTTOM,,,,False,,,,,,,,,,,,,,,80.55999755859375,,,1.39373830526149,-6.1,2026-04-13,1.2,3,0,79.62000274658203,2026-02-16,-17.5,1,8,17.5,4,9.0,2026-08-03,110.08999633789062,-29.9,-26.8,True,True,,110.08999633789062,-26.823507822329972,,,,,,
VIRT,2026-10-02,False,,False,pivot,68.68000030517578,-14.400115529561408,68.68000030517578,-14.400115529561408,BOTTOM,68.68000030517578,-14.400115529561408,BOTTOM,True,,,,,,,,,,,,,,,58.790000915527344,,,1.7051215068074552,27.2,2026-03-30,30.8,2,0,44.959999084472656,2025-05-05,-29.8,4,47,29.8,5,7.0,2026-08-17,68.68000030517578,-24.9,-14.4,True,True,,68.76000213623047,-14.49971045805104,Finance,Investment Banks/Brokers,,,,
VLO,2026-10-02,False,,False,pivot,416.6600036621094,-2.48644356983736,416.6600036621094,-2.48644356983736,LEFT,,,,False,,,,,,,,,,,,,,,406.2999877929687,,,1.0715081714847885,179.5,2025-08-18,187.0,6,3,141.58999633789062,2025-01-13,-30.1,2,31,30.1,11,3.0,2026-09-14,416.6600036621094,-12.4,-2.5,True,False,,419.0400085449219,-3.0402874408559932,Energy Minerals,Oil Refining/Marketing,,,,
VOYA,2026-10-02,False,,False,pivot,105.63999938964844,-8.510032104989252,105.63999938964844,-8.510032104989252,BOTTOM,,,,False,,,,,,,,,,,,,,,96.6500015258789,,,0.9125829563355604,20.3,2026-04-20,20.8,1,0,79.98999786376953,2025-09-08,-19.4,2,32,19.4,5,5.0,2026-08-31,105.63999938964844,-13.1,-8.5,False,False,,105.63999938964844,-8.510032104989252,Finance,Life/Health Insurance,,,,
VSXY,2026-10-02,False,,False,ma10_pullback,91.9739990234375,-0.2652876563970285,,,,,,,False,,,,,,,,,,,,,,,91.7300033569336,,,1.035958408437597,23.0,2026-06-01,37.1,1,0,66.88899993896484,2026-01-05,-37.2,3,21,37.2,2,9.0,2026-08-03,99.33000183105467,-27.8,-7.7,True,False,,102.45999908447266,-10.472375388850796,Retail Trade,Apparel/Footwear Retail,,,,
VTRS,2026-10-02,False,,False,ceiling_pullback,18.38999938964844,-4.295807691126918,,,,,,,True,,,,,,,,,,,,,,,17.600000381469727,,,1.3252218227940256,7.8,2026-06-22,9.5,3,0,16.06999969482422,2026-02-16,-19.9,2,18,19.9,4,2.0,2026-09-21,17.979999542236328,-3.6,-2.1,False,False,,18.43000030517578,-4.503526369844724,Health Technology,Pharmaceuticals: Major,,,,
WAT,2026-10-02,False,,False,,,,,,,,,,,,,,,,,,,,,,,,,425.2099914550781,,,1.1440460274174118,0.8,2026-09-14,2.7,1,0,414.1499938964844,2025-11-24,-31.7,3,42,31.7,1,2.0,2026-09-21,436.3399963378906,-3.0,-2.6,False,False,,448.2099914550781,-5.131523267772842,Health Technology,Medical Specialties,,,,
WBD,2026-10-02,False,,False,,,,,,,,,,,,,,,,,,,,,,,,,30.940000534057617,,,2.0590235519025932,0.3,2026-09-21,3.1,0,0,30.0,2025-12-08,-15.8,3,41,15.8,0,,,,,,True,True,,30.969999313354492,-0.0968639972941165,Consumer Services,Cable/Satellite TV,,,,
WCCB,2026-10-02,False,,False,,,,,,,,,,False,,,,,,,,,,,,,,,60.65999984741211,,,3.8075300107641743,40.4,2025-12-08,42.7,6,2,42.5,2024-12-02,-15.2,5,53,15.2,8,2.0,2026-09-21,61.95000076293945,-3.5,-2.1,False,False,,61.95000076293945,-2.082325907409943,Finance,Regional Banks,,,,
WES,2026-10-02,False,,False,ceiling_pullback,45.630001068115234,-1.906646342793883,49.75,-10.030154127571455,BOTTOM,,,,False,,,,,,,,,,,,,,,44.7599983215332,,,1.428305197058222,2.5,2026-06-29,2.5,3,0,43.650001525878906,2024-07-15,-23.0,10,102,23.0,3,5.0,2026-08-31,49.75,-11.7,-10.0,False,False,,50.06999969482422,-10.605155593479887,Industrial Services,Oil & Gas Pipelines,,,,
WEYS,2026-10-02,False,,False,ma10_pullback,51.5,-1.184467204566142,,,,,,,False,,,,,,,,,,,,,,,50.88999938964844,,,1.7452499817899627,10.2,2026-08-03,30.5,1,1,39.0,2024-11-11,-34.6,7,90,34.6,1,8.0,2026-08-03,46.5,-7.1,9.4,True,True,,51.5,-1.184467204566142,Consumer Non-Durables,Apparel/Footwear,,,,
WKC,2026-10-02,False,,False,pivot,36.189998626708984,-0.9394865031494226,36.189998626708984,-0.9394865031494226,BOTTOM,,,,False,,,,,,,,,,,,,,,35.849998474121094,,,1.238675551628249,6.3,2026-06-22,13.1,0,0,31.709999084472656,2024-09-16,-30.0,7,92,30.0,2,10.0,2026-07-27,40.849998474121094,-15.4,-12.2,True,False,,41.20000076293945,-12.985442208124509,Distribution Services,Wholesale Distributors,,,,
WSBF,2026-10-02,False,,False,pivot,21.59000015258789,-7.642425228665395,21.59000015258789,-7.642425228665395,BOTTOM,,,,False,,,,,,,,,,,,,,,19.940000534057617,,,1.2067901266267411,17.7,2026-01-05,18.3,3,1,16.860000610351562,2024-11-04,-31.1,4,61,31.1,7,5.0,2026-08-31,21.59000015258789,-10.3,-7.6,False,False,,21.65999984741211,-7.940901779646103,Finance,Finance/Rental/Leasing,,,,
WSFS,2026-10-02,False,,False,pivot,80.77999877929688,-3.4043080484730037,80.77999877929688,-3.4043080484730037,BOTTOM,,,,False,,,,,,,,,,,,,,,78.02999877929688,,,1.043779884125973,8.8,2026-05-18,9.7,3,0,71.12000274658203,2026-02-02,-14.9,2,15,14.9,4,8.0,2026-08-10,82.01000213623047,-9.4,-4.9,True,False,,82.94000244140625,-5.919946367952056,Finance,Savings Banks,,,,
WSM,2026-10-02,False,,False,ceiling_pullback,248.07000732421875,-6.3570781661847935,,,,,,,False,,,,,,,,,,,,,,,232.3000030517578,,,1.1148683063374445,1.7,2026-07-13,4.7,1,0,221.80999755859375,2025-02-10,-41.4,7,74,41.4,2,9.0,2026-08-03,252.9900054931641,-14.4,-8.2,True,False,,254.88999938964844,-8.862645216361532,Retail Trade,Specialty Stores,,,,
WT,2026-10-02,False,,False,ma10_pullback,25.030000686645508,-2.596889764472554,,,,,,,False,,,,,,,,,,,,,,,24.3799991607666,,,1.1541338815930429,35.1,2026-06-29,39.5,3,0,17.479999542236328,2026-02-23,-24.5,2,18,24.5,2,5.0,2026-08-31,25.90999984741211,-16.6,-5.9,True,False,,25.90999984741211,-5.905058647842198,Finance,Investment Managers,,,,
WTS,2026-10-02,False,,False,pivot,393.5700073242187,-7.749574264401304,,,LEFT,393.5700073242187,-7.749574264401304,LEFT,True,,,,,,,,,,,,,,,363.0700073242187,,,1.1585253438627543,9.0,2026-06-08,9.3,1,0,332.1600036621094,2026-02-23,-14.8,2,15,14.8,2,9.0,2026-08-03,393.5700073242187,-12.2,-7.7,True,False,,394.5400085449219,-7.976377690253933,Producer Manufacturing,Industrial Machinery,,,,
WTTR,2026-10-02,False,,False,pivot,20.8700008392334,-4.408241683270287,20.8700008392334,-4.408241683270287,LEFT,21.82799911499023,-8.603621166362785,LEFT,False,,,,,,,,,,,,,,,19.950000762939453,,,1.3625752407929987,27.8,2026-03-23,34.4,4,0,14.84000015258789,2024-11-25,-51.5,6,69,51.5,6,8.0,2026-08-10,21.82799911499023,-15.8,-8.6,False,False,,22.549999237060547,-11.52992710460069,Energy Minerals,Oil & Gas Production,,,,
