code,detection_path,eligible_paths,candidate_rank,signal_type,selection_eligible,reject_reason,confidence,m_price,pct_above_m,structure_mode,effective_trigger_price,trigger_source,pct_above_trigger,double_bottom_signal_type,double_bottom_m_price,ibd_double_bottom_signal_type,ibd_double_bottom_m_price,ibd_double_bottom_structure_mode,ibd_double_bottom_effective_trigger_price,ibd_double_bottom_trigger_source,ibd_double_bottom_retired_reason,ibd_double_bottom_m_breakout_at,ibd_double_bottom_breakout_established_at,ibd_double_bottom_handle_detected_at,ibd_double_bottom_handle_peak_price,entry_valid,entry_date,entry_volume_ratio,downtrend_break_valid,downtrend_break_date,seq_b_valid,target_support_price,target_support_type,pct_above_support,is_shakeout,trendline_price,ma10_price,ma40_price,p0_date,p0_price,l1_date,l1_price,m_date,l2_date,l2_price,base_length_weeks,base_depth_pct,undercut_pct,prior_trend_pct,pullback_v_is_dry,m_attempt_at,m_breakout_at,breakout_established_at,handle_detected_at,handle_peak_price,handle_pullback_pct,handle_pullback_duration_bars,handle_upper_half,first_valid_at,breakout_at,retired_reason,next_p0_floor_date,sector,industry,snapshot_date
PUBM,ibd_double_bottom,ibd_double_bottom,1.0,M Breakout,True,,watch_only,17.8799991607666,4.03,double_bottom,17.8799991607666,m,4.03,,,M Breakout,17.8799991607666,double_bottom,17.8799991607666,m,,2026-09-21,,,,True,2026-09-24,2.26,,,,,,,,,,,2026-08-03,18.440000534057617,2026-08-17,16.030000686645508,2026-08-31,2026-09-07,15.930000305175781,6,13.61,-0.62,,,2026-09-14,2026-09-21,,,,,,,2026-09-14,2026-09-21,,2026-08-03,Technology Services,Internet Software/Services,2026-09-25
KRT,ibd_double_bottom,ibd_double_bottom,2.0,M Breakout,True,,watch_only,50.66999816894531,4.78,double_bottom,50.66999816894531,m,4.78,,,M Breakout,50.66999816894531,double_bottom,50.66999816894531,m,,2026-09-21,,,,True,2026-09-22,1.74,,,,,,,,,,,2026-08-10,50.810001373291016,2026-08-17,46.119998931884766,2026-08-24,2026-09-07,45.18000030517578,5,11.08,-2.04,,,2026-09-21,2026-09-21,,,,,,,2026-09-21,2026-09-21,,2026-08-10,Process Industries,Containers/Packaging,2026-09-25
WEYS,ibd_double_bottom,ibd_double_bottom,3.0,M Breakout,True,,watch_only,46.25,2.57,double_bottom,46.25,m,2.57,,,M Breakout,46.25,double_bottom,46.25,m,,2026-09-21,,,,True,2026-09-22,1.67,,,,,,,,,,,2026-08-10,48.68000030517578,2026-08-17,44.0,2026-08-24,2026-08-31,43.20000076293945,4,11.26,-1.82,,,2026-09-21,2026-09-21,,,,,,,2026-09-21,2026-09-21,,2026-08-10,Consumer Non-Durables,Apparel/Footwear,2026-09-25
TXNM,ibd_double_bottom,ibd_double_bottom,4.0,Buy Zone,True,daily_volume_not_confirmed,watch_only,57.7599983215332,1.32,double_bottom,57.7599983215332,m,1.32,,,Buy Zone,57.7599983215332,double_bottom,57.7599983215332,m,,2026-07-20,,,,False,,,,,,,,,,,,,2026-05-25,59.529998779296875,2026-06-15,56.45000076293945,2026-06-22,2026-06-29,55.63999938964844,6,6.53,-1.43,,,2026-07-13,2026-07-20,,,,,,,2026-07-06,2026-07-20,,2026-05-25,Utilities,Electric Utilities,2026-09-25
EFSI,ibd_double_bottom,ibd_double_bottom,5.0,Buy Zone,True,daily_volume_not_confirmed,watch_only,43.599998474121094,4.86,double_bottom,43.599998474121094,m,4.86,,,Buy Zone,43.599998474121094,double_bottom,43.599998474121094,m,,2026-08-10,2026-09-14,,,False,,,,,,,,,,,,,2026-06-15,44.0,2026-07-06,39.59000015258789,2026-07-13,2026-07-27,39.33000183105469,6,10.61,-0.66,,,2026-08-10,2026-08-10,2026-09-14,,,,,,2026-07-27,2026-08-10,,2026-08-10,Finance,Regional Banks,2026-09-25
FXNC,ibd_double_bottom,ibd_double_bottom,6.0,Buy Zone,True,daily_volume_not_confirmed,watch_only,28.440000534057617,3.31,double_bottom,28.440000534057617,m,3.31,,,Buy Zone,28.440000534057617,double_bottom,28.440000534057617,m,,2026-06-01,2026-06-08,,,False,,,,,,,,,,,,,2026-04-13,29.850000381469727,2026-04-27,26.40999984741211,2026-05-04,2026-05-11,26.360000610351562,5,11.69,-0.19,,,2026-05-25,2026-06-01,2026-06-08,,,,,,2026-05-25,2026-06-01,,2026-06-01,Finance,Regional Banks,2026-09-25
TSBK,ibd_double_bottom,ibd_double_bottom,7.0,Buy Zone,True,,watch_only,42.400001525878906,7.1,double_bottom_handle,43.58000183105469,handle,4.2,,,Buy Zone,42.400001525878906,double_bottom_handle,43.58000183105469,handle,,2026-06-08,,2026-06-15,43.58000183105469,True,2026-06-23,5.71,,,,,,,,,,,2026-04-06,43.54999923706055,2026-04-27,38.599998474121094,2026-05-04,2026-05-11,38.290000915527344,6,12.08,-0.8,,,2026-06-08,2026-06-08,,2026-06-15,43.58000183105469,-5.12,3.0,True,2026-05-18,2026-06-22,,2026-06-22,Finance,Savings Banks,2026-09-25
HBCP,ibd_double_bottom,ibd_double_bottom,8.0,Buy Zone,True,daily_volume_not_confirmed,watch_only,64.06999969482422,5.51,double_bottom_handle,66.08000183105469,handle,2.3,,,Buy Zone,64.06999969482422,double_bottom_handle,66.08000183105469,handle,,2026-04-06,,2026-04-13,66.08000183105469,False,,,,,,,,,,,,,2026-01-19,64.16999816894531,2026-01-26,57.0,2026-02-02,2026-03-09,56.13999938964844,8,12.51,-1.51,,,2026-04-06,2026-04-06,,2026-04-13,66.08000183105469,,,,2026-03-16,2026-06-08,,2026-06-08,Finance,Regional Banks,2026-09-25
HG,ibd_double_bottom,ibd_double_bottom,9.0,Buy Zone,True,,watch_only,32.70000076293945,1.8,double_bottom,32.70000076293945,m,1.8,,,Buy Zone,32.70000076293945,double_bottom,32.70000076293945,m,,2026-06-22,2026-06-29,,,True,2026-06-26,4.16,,,,,,,,,,,2026-04-27,33.71500015258789,2026-05-04,29.979999542236328,2026-05-18,2026-06-01,28.433000564575195,5,15.67,-5.16,,,2026-06-22,2026-06-22,2026-06-29,,,,,,2026-06-08,2026-06-22,,2026-06-22,Finance,Multi-Line Insurance,2026-09-25
CATY,ibd_double_bottom,ibd_double_bottom,10.0,Buy Zone,True,daily_volume_not_confirmed,watch_only,54.79999923706055,12.14,double_bottom_handle,58.68000030517578,handle,4.72,,,Buy Zone,54.79999923706055,double_bottom_handle,58.68000030517578,handle,,2026-04-27,,2026-05-11,58.68000030517578,False,,,,,,,,,,,,,2026-01-19,54.9900016784668,2026-01-26,49.09000015258789,2026-02-09,2026-03-09,45.75,7,16.8,-6.8,,,2026-04-13,2026-04-27,,2026-05-11,58.68000030517578,,,,2026-03-09,2026-06-08,,2026-06-08,Finance,Regional Banks,2026-09-25
SXT,ibd_double_bottom,ibd_double_bottom,11.0,Buy Zone,True,,watch_only,126.27999877929688,2.33,double_bottom,126.27999877929688,m,2.33,,,Buy Zone,126.27999877929688,double_bottom,126.27999877929688,m,,2026-07-20,2026-08-10,,,True,2026-07-24,3.87,,,,,,,,,,,2026-04-27,129.35000610351562,2026-06-01,110.0,2026-06-15,2026-07-20,107.54000091552734,12,16.86,-2.24,,,2026-07-20,2026-07-20,2026-08-10,,,,,,2026-07-20,2026-07-20,,2026-07-20,Consumer Non-Durables,Food: Specialty/Candy,2026-09-25
ESCA,ibd_double_bottom,ibd_double_bottom,12.0,Buy Zone,True,,watch_only,19.489999771118164,0.15,double_bottom,19.489999771118164,m,0.15,,,Buy Zone,19.489999771118164,double_bottom,19.489999771118164,m,,2026-07-27,2026-08-03,,,True,2026-07-30,1.79,,,,,,,,,,,2026-05-04,21.31999969482422,2026-05-11,17.68000030517578,2026-05-25,2026-06-01,17.540000915527344,5,17.73,-0.79,,,2026-07-13,2026-07-27,2026-08-03,,,,,,2026-06-15,2026-07-27,,2026-07-27,Consumer Durables,Recreational Products,2026-09-25
STNG,double_bottom+ibd_double_bottom,double_bottom+ibd_double_bottom,13.0,Buy Zone,True,daily_volume_not_confirmed,watch_only,80.6500015258789,1.04,double_bottom,80.6500015258789,m,1.04,Pullback Support,80.65,Buy Zone,80.6500015258789,double_bottom,80.6500015258789,m,,2026-08-31,2026-09-14,,,False,,,,,,,,,,,,,2026-05-18,83.9800033569336,2026-05-25,72.77999877929688,2026-06-15,2026-06-29,68.0,6,19.03,-6.57,,,2026-07-13,2026-08-31,2026-09-14,,,,,,2026-07-20,2026-08-31,,2026-08-31,Transportation,Marine Shipping,2026-09-25
PR,ibd_double_bottom,ibd_double_bottom,14.0,Buy Zone,True,daily_volume_not_confirmed,watch_only,20.540000915527344,3.99,double_bottom,20.540000915527344,m,3.99,,,Buy Zone,20.540000915527344,double_bottom,20.540000915527344,m,,2026-07-20,2026-08-17,,,False,,,,,,,,,,,,,2026-05-04,22.674999237060547,2026-05-25,18.864999771118164,2026-06-01,2026-06-29,17.899999618530273,7,21.06,-5.12,,,2026-07-20,2026-07-20,2026-08-17,,,,,,2026-06-22,2026-07-20,,2026-07-20,Energy Minerals,Integrated Oil,2026-09-25
CVX,double_bottom+ibd_double_bottom,double_bottom,15.0,Pullback Support,True,daily_volume_not_confirmed,high,198.87,2.81,,,,,Pullback Support,198.87,Below Pivot,198.8699951171875,double_bottom_handle,213.1999969482422,handle,,2026-08-10,,2026-08-24,213.1999969482422,False,,,True,2026-07-13,True,202.19,MA10,1.12,False,171.39,202.19,187.02,2026-03-23,212.46,2026-04-13,177.74,2026-05-18,2026-06-29,164.78,27,22.44,-7.29,0.0,False,,,,,,,,,,,,,Energy Minerals,Integrated Oil,2026-09-25
ESQ,ibd_double_bottom,ibd_double_bottom,16.0,Buy Zone,True,daily_volume_not_confirmed,watch_only,119.86000061035156,2.02,double_bottom,119.86000061035156,m,2.02,,,Buy Zone,119.86000061035156,double_bottom,119.86000061035156,m,,2026-06-29,2026-07-27,,,False,,,,,,,,,,,,,2026-01-12,134.81500244140625,2026-01-19,103.0,2026-02-02,2026-03-09,94.0,7,30.27,-8.74,,,2026-06-29,2026-06-29,2026-07-27,,,,,,2026-03-02,2026-06-29,,2026-06-29,Finance,Major Banks,2026-09-25
RCKY,ibd_double_bottom,ibd_double_bottom,17.0,Buy Zone,True,,watch_only,44.83000183105469,0.6,double_bottom,44.83000183105469,m,0.6,,,Buy Zone,44.83000183105469,double_bottom,44.83000183105469,m,,2026-07-27,2026-07-27,,,True,2026-07-29,4.56,,,,,,,,,,,2026-02-23,48.70000076293945,2026-03-30,37.310001373291016,2026-04-13,2026-05-11,32.0099983215332,10,34.27,-14.21,,,2026-07-27,2026-07-27,2026-07-27,,,,,,2026-05-04,2026-07-27,,2026-07-27,Consumer Non-Durables,Apparel/Footwear,2026-09-25
BUSE,ibd_double_bottom,ibd_double_bottom,18.0,Early Watch,True,,watch_only,30.93000030517578,-2.72,double_bottom,30.93000030517578,m,-2.72,,,Early Watch,30.93000030517578,double_bottom,30.93000030517578,m,,,,,,False,,,,,,,,,,,,,2026-08-03,31.700000762939453,2026-08-24,29.75,2026-08-31,2026-09-21,29.450000762939453,7,7.1,-1.01,,,,,,,,,,,2026-09-21,,,2026-08-03,Finance,Regional Banks,2026-09-25
GABC,ibd_double_bottom,ibd_double_bottom,19.0,Early Watch,True,,watch_only,50.529998779296875,-2.04,double_bottom,50.529998779296875,m,-2.04,,,Early Watch,50.529998779296875,double_bottom,50.529998779296875,m,,,,,,False,,,,,,,,,,,,,2026-07-27,52.22999954223633,2026-08-17,48.790000915527344,2026-08-24,2026-09-21,48.189998626708984,8,7.74,-1.23,,,,,,,,,,,2026-09-21,,,2026-07-27,Finance,Regional Banks,2026-09-25
MBBC,ibd_double_bottom,ibd_double_bottom,20.0,Early Watch,True,,watch_only,15.479999542236328,-1.29,double_bottom,15.479999542236328,m,-1.29,,,Early Watch,15.479999542236328,double_bottom,15.479999542236328,m,,,,,,False,,,,,,,,,,,,,2026-06-29,15.789999961853027,2026-07-13,14.626999855041504,2026-08-24,2026-09-14,14.520000457763672,12,8.04,-0.73,,,,,,,,,,,2026-09-21,,,2026-06-29,Finance,Regional Banks,2026-09-25
QCRH,ibd_double_bottom,ibd_double_bottom,21.0,Early Watch,True,,watch_only,103.55000305175781,-2.54,double_bottom,103.55000305175781,m,-2.54,,,Early Watch,103.55000305175781,double_bottom,103.55000305175781,m,,,,,,False,,,,,,,,,,,,,2026-08-10,108.11000061035156,2026-08-24,99.41999816894531,2026-08-31,2026-09-14,97.62000274658203,6,9.7,-1.81,,,,,,,,,,,2026-09-21,,,2026-08-10,Finance,Major Banks,2026-09-25
CBNA,ibd_double_bottom,ibd_double_bottom,22.0,Early Watch,True,,watch_only,48.404998779296875,-1.33,double_bottom,48.404998779296875,m,-1.33,,,Early Watch,48.404998779296875,double_bottom,48.404998779296875,m,,,,,,False,,,,,,,,,,,,,2026-08-10,49.125,2026-08-24,44.0,2026-09-07,2026-09-14,43.900001525878906,6,10.64,-0.23,,,2026-09-21,,,,,,,,2026-09-21,,,2026-08-10,Finance,Major Banks,2026-09-25
PEB,ibd_double_bottom,ibd_double_bottom,23.0,Early Watch,True,,watch_only,18.790000915527344,-1.97,double_bottom,18.790000915527344,m,-1.97,,,Early Watch,18.790000915527344,double_bottom,18.790000915527344,m,,,,,,False,,,,,,,,,,,,,2026-07-20,19.93000030517578,2026-08-10,17.450000762939453,2026-08-17,2026-08-31,17.40999984741211,7,12.64,-0.23,,,,,,,,,,,2026-09-07,,,2026-07-20,Finance,Real Estate Investment Trusts,2026-09-25
AMN,ibd_double_bottom,ibd_double_bottom,24.0,Early Watch,True,,watch_only,35.459999084472656,-2.54,double_bottom,35.459999084472656,m,-2.54,,,Early Watch,35.459999084472656,double_bottom,35.459999084472656,m,,,,,,False,,,,,,,,,,,,,2026-08-10,37.220001220703125,2026-08-17,33.7400016784668,2026-08-24,2026-08-31,32.029998779296875,4,13.94,-5.07,,,2026-09-14,,,,,,,,2026-09-21,,,2026-08-10,Commercial Services,Personnel Services,2026-09-25
VKTX,ibd_double_bottom,ibd_double_bottom,25.0,Early Watch,True,,watch_only,36.2599983215332,-1.93,double_bottom,36.2599983215332,m,-1.93,,,Early Watch,36.2599983215332,double_bottom,36.2599983215332,m,,,,,,False,,,,,,,,,,,,,2026-07-06,42.790000915527344,2026-07-27,30.799999237060547,2026-08-17,2026-09-14,28.399999618530273,11,33.63,-7.79,,,2026-09-21,,,,,,,,2026-09-21,,,2026-07-06,Health Technology,Pharmaceuticals: Major,2026-09-25
CXW,double_bottom+ibd_double_bottom,,,Pullback Support,False,,high,20.33,58.04,,,,,Pullback Support,20.33,Retired,19.690000534057617,double_bottom_handle,22.200000762939453,handle,matured_breakout,,,2026-03-23,22.200000762939453,True,2026-09-22,1.56,True,2026-03-16,True,33.12,MA10,-2.98,True,16.86,33.12,24.62,2025-07-07,23.19,2025-11-17,15.95,2026-01-05,2026-02-23,15.74,64,32.13,-1.32,0.0,False,,,,,,,,,,,,,Commercial Services,Miscellaneous Commercial Services,2026-09-25
VABK,double_bottom+ibd_double_bottom,,,Pullback Support,False,,high,43.98,9.89,,,,,Pullback Support,43.98,Pre-Breakout,43.97999954223633,double_bottom_handle,50.0,handle,,2026-06-08,,2026-07-20,50.0,True,2026-09-24,2.53,True,2026-06-08,True,46.99,MA10,2.85,False,43.33,46.99,42.89,2025-12-15,44.12,2026-01-05,39.0,2026-02-02,2026-03-09,37.35,41,15.34,-4.23,0.0,False,,,,,,,,,,,,,Finance,Regional Banks,2026-09-25
SAFT,double_bottom,,,Pullback Support,False,daily_volume_not_confirmed,high,77.42,33.7,,,,,Pullback Support,77.42,,,,,,,,,,,False,,,True,2026-06-22,True,103.43,MA10,0.08,False,68.81,103.43,81.98,2026-02-02,81.49,2026-03-09,70.69,2026-04-13,2026-06-01,67.93,34,16.64,-3.9,0.0,True,,,,,,,,,,,,,Finance,Property/Casualty Insurance,2026-09-25
BSVN,double_bottom+ibd_double_bottom,,,Pullback Support,False,daily_volume_not_confirmed,high,46.12,21.1,,,,,Pullback Support,46.12,Retired,42.77000045776367,double_bottom,42.77000045776367,m,matured_breakout,2026-04-13,2026-06-01,,,False,,,True,2026-05-18,True,52.89,MA10,5.59,False,41.08,52.89,46.18,2025-08-25,49.99,2025-11-17,40.0,2026-02-02,2026-03-16,38.29,57,23.4,-4.28,0.0,False,,,,,,,,,,,,,Finance,Regional Banks,2026-09-25
SCSC,double_bottom,,,Pullback Support,False,daily_volume_not_confirmed,high,43.25,34.8,,,,,Pullback Support,43.25,,,,,,,,,,,False,,,True,2026-05-04,True,56.24,MA10,3.66,False,38.8,56.24,45.7,2025-09-01,46.25,2025-11-03,36.0,2026-01-26,2026-02-09,33.76,56,27.01,-6.22,0.0,False,,,,,,,,,,,,,Distribution Services,Electronics Distributors,2026-09-25
TECH,double_bottom,,,Pullback Support,False,,medium,60.44,20.14,,,,,Pullback Support,60.44,,,,,,,,,,,True,2026-09-21,1.53,True,2026-06-15,True,72.26,MA10,0.49,False,45.84,72.26,61.91,2026-01-12,70.66,2026-03-16,48.25,2026-04-13,2026-05-11,43.2,37,38.86,-10.47,0.0,True,,,,,,,,,,,,,Health Technology,Biotechnology,2026-09-25
FBLA,ibd_double_bottom,,,Extended,False,daily_volume_not_confirmed,watch_only,14.229999542236328,15.74,double_bottom,14.229999542236328,m,15.74,,,Extended,14.229999542236328,double_bottom,14.229999542236328,m,,2026-06-08,2026-06-22,,,False,,,,,,,,,,,,,2026-04-06,14.25,2026-04-20,13.859999656677246,2026-04-27,2026-05-11,13.829999923706055,6,2.95,-0.22,,,2026-05-25,2026-06-08,2026-06-22,,,,,,2026-05-18,2026-06-08,,2026-06-08,Finance,Regional Banks,2026-09-25
PROV,ibd_double_bottom,,,Extended,False,,watch_only,17.3700008392334,6.04,double_bottom_handle,17.389999389648438,handle,5.92,,,Extended,17.3700008392334,double_bottom_handle,17.389999389648438,handle,,,,2026-07-13,17.389999389648438,True,2026-07-28,2.5,,,,,,,,,,,2026-04-27,17.420000076293945,2026-05-11,16.8799991607666,2026-05-18,2026-06-01,16.440000534057617,5,5.63,-2.61,,,2026-06-29,,,2026-07-13,17.389999389648438,-2.3,5.0,True,2026-06-08,2026-07-27,,2026-07-27,Finance,Savings Banks,2026-09-25
MGYR,ibd_double_bottom,,,Extended,False,,watch_only,17.690000534057617,9.47,double_bottom,17.690000534057617,m,9.47,,,Extended,17.690000534057617,double_bottom,17.690000534057617,m,,2026-06-15,2026-07-27,,,True,2026-06-18,7.73,,,,,,,,,,,2026-04-13,18.0,2026-04-27,17.219999313354492,2026-05-04,2026-05-25,16.780000686645508,7,6.78,-2.56,,,2026-06-15,2026-06-15,2026-07-27,,,,,,2026-06-01,2026-06-15,,2026-06-15,Finance,Savings Banks,2026-09-25
WBD,double_bottom+ibd_double_bottom,,,Extended,False,,watch_only,27.440000534057617,12.46,double_bottom_handle,28.989999771118164,handle,6.45,Approaching Support,27.57,Extended,27.440000534057617,double_bottom_handle,28.989999771118164,handle,,2026-08-10,,2026-08-31,28.989999771118164,True,2026-09-21,10.77,,,,,,,,,,,2026-03-16,27.799999237060547,2026-04-27,26.600000381469727,2026-05-18,2026-06-01,25.90999984741211,12,6.8,-2.59,,,2026-07-13,2026-08-10,,2026-08-31,28.989999771118164,-4.31,5.0,True,2026-06-08,2026-09-21,,2026-09-21,Consumer Services,Cable/Satellite TV,2026-09-25
WPC,ibd_double_bottom,,,Below Pivot,False,daily_volume_not_confirmed,watch_only,68.16000366210938,-3.04,double_bottom_handle,70.27999877929688,handle,-5.96,,,Below Pivot,68.16000366210938,double_bottom_handle,70.27999877929688,handle,,2026-01-12,,2026-01-19,70.27999877929688,False,,,,,,,,,,,,,2025-09-29,69.79000091552734,2025-10-27,64.72000122070312,2025-11-10,2026-01-05,63.08000183105469,11,9.61,-2.53,,,2026-01-12,2026-01-12,,2026-01-19,70.27999877929688,-3.64,4.0,True,2025-12-15,2026-02-02,,2026-02-02,Finance,Real Estate Investment Trusts,2026-09-25
CCNE,ibd_double_bottom,,,Extended,False,,watch_only,31.540000915527344,8.08,double_bottom,31.540000915527344,m,8.08,,,Extended,31.540000915527344,double_bottom,31.540000915527344,m,,2026-06-08,2026-06-22,,,True,2026-06-11,1.95,,,,,,,,,,,2026-04-13,31.799999237060547,2026-04-20,29.639999389648438,2026-04-27,2026-06-01,28.579999923706055,5,10.13,-3.58,,,2026-06-08,2026-06-08,2026-06-22,,,,,,2026-05-25,2026-06-08,,2026-06-08,Finance,Regional Banks,2026-09-25
WAT,ibd_double_bottom,,,Extended,False,,watch_only,383.5199890136719,13.04,double_bottom,383.5199890136719,m,13.04,,,Extended,383.5199890136719,double_bottom,383.5199890136719,m,,2026-08-03,2026-08-03,,,True,2026-08-04,2.16,,,,,,,,,,,2026-05-25,385.2900085449219,2026-06-15,351.7699890136719,2026-07-06,2026-07-20,345.2099914550781,9,10.4,-1.86,,,2026-07-27,2026-08-03,2026-08-03,,,,,,2026-07-27,2026-08-03,,2026-08-03,Health Technology,Medical Specialties,2026-09-25
FBK,ibd_double_bottom,,,Below Pivot,False,,watch_only,55.83000183105469,-5.53,double_bottom,55.83000183105469,m,-5.53,,,Below Pivot,55.83000183105469,double_bottom,55.83000183105469,m,,2026-06-22,2026-07-13,,,True,2026-06-26,3.35,,,,,,,,,,,2026-04-06,56.76499938964844,2026-04-13,52.83000183105469,2026-04-27,2026-05-11,50.79999923706055,6,10.51,-3.84,,,2026-06-15,2026-06-22,2026-07-13,,,,,,2026-05-18,2026-06-22,,2026-06-22,Finance,Major Banks,2026-09-25
WSBF,ibd_double_bottom,,,Extended,False,,watch_only,18.540000915527344,9.98,double_bottom,18.540000915527344,m,9.98,,,Extended,18.540000915527344,double_bottom,18.540000915527344,m,,2026-04-06,2026-06-08,,,True,2026-04-09,1.76,,,,,,,,,,,2026-02-02,18.8799991607666,2026-02-09,17.479999542236328,2026-02-16,2026-03-09,16.850000381469727,4,10.75,-3.6,,,2026-03-23,2026-04-06,2026-06-08,,,,,,2026-03-16,2026-04-06,,2026-04-06,Finance,Finance/Rental/Leasing,2026-09-25
LLY,ibd_double_bottom,,,Below Pivot,False,,watch_only,1206.93994140625,-1.95,double_bottom,1206.93994140625,m,-1.95,,,Below Pivot,1206.93994140625,double_bottom,1206.93994140625,m,,2026-08-17,,,,True,2026-08-19,1.58,,,,,,,,,,,2026-07-06,1249.449951171875,2026-07-13,1134.4000244140625,2026-07-20,2026-08-03,1109.1500244140625,4,11.23,-2.23,,,2026-08-03,2026-08-17,,,,-13.88,6.0,False,2026-08-17,2026-08-17,,2026-07-06,Health Technology,Pharmaceuticals: Major,2026-09-25
TRMK,ibd_double_bottom,,,Extended,False,daily_volume_not_confirmed,watch_only,41.16999816894531,11.83,double_bottom,41.16999816894531,m,11.83,,,Extended,41.16999816894531,double_bottom,41.16999816894531,m,,2026-01-12,2026-02-02,,,False,,,,,,,,,,,,,2025-09-01,41.34000015258789,2025-09-08,39.709999084472656,2025-09-15,2025-10-13,36.33000183105469,5,12.12,-8.51,,,2025-12-08,2026-01-12,2026-02-02,,,,,,2025-10-13,2026-01-12,,2026-01-12,Finance,Regional Banks,2026-09-25
WES,ibd_double_bottom,,,Below Pivot,False,,watch_only,45.43000030517578,0.37,double_bottom_handle,48.630001068115234,handle,-6.23,,,Below Pivot,45.43000030517578,double_bottom_handle,48.630001068115234,handle,,2026-07-13,,2026-07-27,48.630001068115234,True,2026-08-14,1.99,,,,,,,,,,,2026-05-18,48.0099983215332,2026-05-25,42.790000915527344,2026-06-01,2026-06-22,42.11000061035156,5,12.29,-1.59,,,2026-07-13,2026-07-13,,2026-07-27,48.630001068115234,-6.6,4.0,True,2026-06-29,2026-08-10,,2026-08-10,Industrial Services,Oil & Gas Pipelines,2026-09-25
LTC,ibd_double_bottom,,,Extended,False,,watch_only,39.470001220703125,8.79,double_bottom,39.470001220703125,m,8.79,,,Extended,39.470001220703125,double_bottom,39.470001220703125,m,,2026-07-13,2026-07-13,,,True,2026-07-14,1.78,,,,,,,,,,,2026-04-06,40.119998931884766,2026-04-20,37.25,2026-05-04,2026-06-01,34.529998779296875,8,13.93,-7.3,,,2026-07-06,2026-07-13,2026-07-13,,,,,,2026-06-01,2026-07-13,,2026-07-13,Finance,Real Estate Investment Trusts,2026-09-25
A,double_bottom+ibd_double_bottom,,,Approaching Support,False,,watch_only,121.93,41.71,,,,,Approaching Support,121.93,Retired,120.27999877929688,double_bottom,120.27999877929688,m,matured_breakout,2026-05-25,2026-05-25,,,True,2026-09-22,1.73,True,2026-05-25,True,151.13,MA10,14.33,False,119.41,151.13,131.94,2025-07-07,126.44,2026-03-23,109.9,2026-04-13,2026-05-18,108.35,64,14.31,-1.41,0.0,False,,,,,,,,,,,,,Health Technology,Medical Specialties,2026-09-25
VTRS,ibd_double_bottom,,,Extended,False,daily_volume_not_confirmed,watch_only,16.6299991607666,7.22,double_bottom,16.6299991607666,m,7.22,,,Extended,16.6299991607666,double_bottom,16.6299991607666,m,,2026-06-29,2026-07-27,,,False,,,,,,,,,,,,,2026-05-04,17.530000686645508,2026-06-01,15.5,2026-06-08,2026-06-15,14.9399995803833,7,14.77,-3.61,,,2026-06-29,2026-06-29,2026-07-27,,,,,,2026-06-22,2026-06-29,,2026-06-29,Health Technology,Pharmaceuticals: Major,2026-09-25
LH,ibd_double_bottom,,,Extended,False,,watch_only,290.6499938964844,6.53,double_bottom,290.6499938964844,m,6.53,,,Extended,290.6499938964844,double_bottom,290.6499938964844,m,,2026-07-20,2026-07-27,,,True,2026-07-23,2.42,,,,,,,,,,,2026-02-09,292.0199890136719,2026-02-16,260.57000732421875,2026-02-23,2026-05-04,248.58999633789062,9,14.87,-4.6,,,2026-07-06,2026-07-20,2026-07-27,,,,,,2026-04-13,2026-07-20,,2026-07-20,Health Services,Medical/Nursing Services,2026-09-25
RGA,ibd_double_bottom,,,Extended,False,daily_volume_not_confirmed,watch_only,221.89999389648438,12.05,double_bottom,221.89999389648438,m,12.05,,,Extended,221.89999389648438,double_bottom,221.89999389648438,m,,2026-07-06,2026-07-13,,,False,,,,,,,,,,,,,2026-02-02,229.2100067138672,2026-03-16,196.42999267578125,2026-05-04,2026-06-01,195.10000610351562,18,14.88,-0.68,,,2026-07-06,2026-07-06,2026-07-13,,,,,,2026-06-08,2026-07-06,,2026-07-06,Finance,Life/Health Insurance,2026-09-25
USCB,ibd_double_bottom,,,Extended,False,,watch_only,20.52400016784668,10.26,double_bottom_handle,20.989999771118164,handle,7.81,,,Extended,20.52400016784668,double_bottom_handle,20.989999771118164,handle,,2026-06-22,,2026-06-29,20.989999771118164,True,2026-07-24,1.83,,,,,,,,,,,2026-01-19,20.78499984741211,2026-01-26,17.790000915527344,2026-02-02,2026-03-16,17.56999969482422,8,15.47,-1.24,,,2026-06-22,2026-06-22,,2026-06-29,20.989999771118164,,,,2026-03-16,2026-07-20,,2026-07-20,Finance,Regional Banks,2026-09-25
FRHC,ibd_double_bottom,,,Extended,False,breakout_before_first_valid,watch_only,160.0,7.55,double_bottom,160.0,m,7.55,,,Extended,160.0,double_bottom,160.0,m,,2026-08-17,2026-08-17,,,False,,,,,,,,,,,,,2026-07-13,172.23500061035156,2026-07-20,147.4499969482422,2026-07-27,2026-08-17,144.02000427246094,4,16.38,-2.33,,,2026-08-17,2026-08-17,2026-08-17,,,,,,2026-08-24,2026-08-17,,2026-08-17,Finance,Investment Banks/Brokers,2026-09-25
BIIB,ibd_double_bottom,,,Extended,False,daily_volume_not_confirmed,watch_only,192.27999877929688,18.37,double_bottom,192.27999877929688,m,18.37,,,Extended,192.27999877929688,double_bottom,192.27999877929688,m,,2026-05-04,2026-06-22,,,False,,,,,,,,,,,,,2026-02-02,202.41000366210938,2026-03-16,180.47000122070312,2026-03-23,2026-04-06,168.63999938964844,9,16.68,-6.56,,,2026-04-20,2026-05-04,2026-06-22,,,,,,2026-04-06,2026-05-04,,2026-05-04,Health Technology,Pharmaceuticals: Major,2026-09-25
ROP,double_bottom,,,Broken Support,False,no_current_week_breakout,watch_only,367.69,-2.48,,,,,Broken Support,367.69,,,,,,,,,,,False,,,True,2026-07-20,True,368.45,MA40,-2.68,False,361.7,392.6,368.45,2026-03-02,369.27,2026-03-23,340.41,2026-04-13,2026-05-11,305.96,30,17.14,-10.12,0.0,False,,,,,,,,,,,,,Technology Services,Packaged Software,2026-09-25
WTS,ibd_double_bottom,,,Extended,False,,watch_only,332.1600036621094,7.72,double_bottom,332.1600036621094,m,7.72,,,Extended,332.1600036621094,double_bottom,332.1600036621094,m,,2026-06-08,2026-06-22,,,True,2026-06-12,3.4,,,,,,,,,,,2026-02-09,345.1700134277344,2026-02-16,321.0799865722656,2026-02-23,2026-03-30,282.8800048828125,4,18.05,-11.9,,,2026-06-08,2026-06-08,2026-06-22,,,,,,2026-03-23,2026-06-08,,2026-06-08,Producer Manufacturing,Industrial Machinery,2026-09-25
LARK,ibd_double_bottom,,,Extended,False,,watch_only,28.989999771118164,10.28,double_bottom,28.989999771118164,m,10.28,,,Extended,28.989999771118164,double_bottom,28.989999771118164,m,,2026-06-08,2026-06-22,,,True,2026-06-12,1.88,,,,,,,,,,,2025-12-08,29.459999084472656,2026-01-05,24.850000381469727,2026-02-02,2026-03-16,23.56999969482422,14,19.99,-5.15,,,2026-06-01,2026-06-08,2026-06-22,,,,,,2026-03-16,2026-06-08,,2026-06-08,Finance,Major Banks,2026-09-25
NPK,ibd_double_bottom,,,Below Pivot,False,daily_volume_not_confirmed,watch_only,145.22000122070312,-0.39,double_bottom,145.22000122070312,m,-0.39,,,Below Pivot,145.22000122070312,double_bottom,145.22000122070312,m,,2026-08-17,2026-08-24,,,False,,,,,,,,,,,,,2026-04-27,149.74000549316406,2026-05-04,122.91000366210938,2026-05-11,2026-07-27,119.69999694824219,9,20.06,-2.61,,,2026-08-17,2026-08-17,2026-08-24,,,,,,2026-06-29,2026-08-17,,2026-08-17,Electronic Technology,Aerospace & Defense,2026-09-25
ZIM,ibd_double_bottom,,,Below Pivot,False,,watch_only,29.299999237060547,-0.38,double_bottom_handle,29.559999465942383,handle,-1.25,,,Below Pivot,29.299999237060547,double_bottom_handle,29.559999465942383,handle,,,,2026-08-24,29.559999465942383,True,2026-09-08,2.94,,,,,,,,,,,2026-02-16,29.969999313354492,2026-04-27,25.700000762939453,2026-05-04,2026-05-25,22.93000030517578,13,23.49,-10.78,,,2026-08-17,,,2026-08-24,29.559999465942383,-9.17,4.0,True,2026-05-18,2026-09-07,,2026-09-07,Transportation,Marine Shipping,2026-09-25
DE,double_bottom+ibd_double_bottom,,,Approaching Support,False,daily_volume_not_confirmed,watch_only,619.24,11.5,,,,,Approaching Support,619.24,Retired,594.4099731445312,double_bottom_handle,643.989990234375,handle,matured_breakout,2026-06-22,,2026-07-06,643.989990234375,False,,,True,2026-06-01,True,647.2,MA10,6.68,False,462.66,647.2,587.81,2026-02-16,674.19,2026-03-30,549.68,2026-04-06,2026-05-18,515.15,32,23.59,-6.28,0.0,False,,,,,,,,,,,,,Producer Manufacturing,Trucks/Construction/Farm Machinery,2026-09-25
NVGS,ibd_double_bottom,,,Below Pivot,False,,watch_only,23.15999984741211,-0.6,double_bottom,23.15999984741211,m,-0.6,,,Below Pivot,23.15999984741211,double_bottom,23.15999984741211,m,,2026-09-14,2026-09-14,,,True,2026-09-15,2.14,,,,,,,,,,,2026-05-18,24.360000610351562,2026-06-01,21.440000534057617,2026-06-08,2026-06-29,18.299999237060547,6,24.88,-14.65,,,2026-09-07,2026-09-14,2026-09-14,,,,,,2026-06-29,2026-09-14,,2026-09-14,Transportation,Marine Shipping,2026-09-25
ATKR,ibd_double_bottom,,,Extended,False,,watch_only,82.36000061035156,14.83,double_bottom,82.36000061035156,m,14.83,,,Extended,82.36000061035156,double_bottom,82.36000061035156,m,,2026-08-03,2026-08-03,,,True,2026-08-03,21.32,,,,,,,,,,,2026-05-25,90.16000366210938,2026-06-08,76.12000274658203,2026-06-22,2026-07-06,67.5,6,25.13,-11.32,,,2026-08-03,2026-08-03,2026-08-03,,,,,,2026-07-06,2026-08-03,,2026-08-03,Producer Manufacturing,Electrical Products,2026-09-25
CBNK,ibd_double_bottom,,,Below Pivot,False,daily_volume_not_confirmed,watch_only,35.0,3.0,double_bottom_handle,37.0,handle,-2.57,,,Below Pivot,35.0,double_bottom_handle,37.0,handle,,2026-06-22,,2026-07-06,37.0,False,,,,,,,,,,,,,2025-07-21,36.400001525878906,2025-07-28,30.450000762939453,2025-09-01,2025-11-24,26.399999618530273,11,27.47,-13.3,,,2026-06-22,2026-06-22,,2026-07-06,37.0,,,,2025-10-06,2026-07-27,,2026-07-27,Finance,Major Banks,2026-09-25
OXY,double_bottom+ibd_double_bottom,,,Approaching Support,False,no_current_week_breakout,watch_only,59.7,-4.76,,,,,Approaching Support,59.7,Pre-Breakout,60.5,double_bottom_handle,63.77000045776367,handle,,2026-08-17,,2026-08-24,63.77000045776367,False,,,True,2026-07-13,True,54.24,MA40,4.83,False,45.47,58.62,54.24,2026-03-23,66.0,2026-04-13,51.96,2026-05-11,2026-06-29,47.77,27,27.62,-8.06,0.0,False,,,,,,,,,,,,,Energy Minerals,Integrated Oil,2026-09-25
DDOG,ibd_double_bottom,,,Extended,False,daily_volume_not_confirmed,watch_only,251.99000549316406,6.41,double_bottom,251.99000549316406,m,6.41,,,Extended,251.99000549316406,double_bottom,251.99000549316406,m,,2026-09-21,2026-09-21,,,False,,,,,,,,,,,,,2026-08-03,292.7200012207031,2026-08-17,227.11000061035156,2026-08-24,2026-09-07,203.24000549316406,5,30.57,-10.51,,,2026-09-21,2026-09-21,2026-09-21,,,,,,2026-09-14,2026-09-21,,2026-09-21,Technology Services,Packaged Software,2026-09-25
FIVE,ibd_double_bottom,,,Below Pivot,False,daily_volume_not_confirmed,watch_only,229.0399932861328,-2.81,double_bottom,229.0399932861328,m,-2.81,,,Below Pivot,229.0399932861328,double_bottom,229.0399932861328,m,,2026-08-03,2026-08-03,,,False,,,,,,,,,,,,,2026-04-20,251.6300048828125,2026-05-11,203.88999938964844,2026-05-25,2026-07-06,173.10000610351562,7,31.21,-15.1,,,2026-08-03,2026-08-03,2026-08-03,,,,,,2026-06-08,2026-08-03,,2026-08-03,Retail Trade,Discount Stores,2026-09-25
SSRM,ibd_double_bottom,,,Extended,False,daily_volume_not_confirmed,watch_only,33.84000015258789,5.44,double_bottom,33.84000015258789,m,5.44,,,Extended,33.84000015258789,double_bottom,33.84000015258789,m,,2026-08-17,2026-08-17,,,False,,,,,,,,,,,,,2026-04-06,36.52000045776367,2026-06-08,24.399999618530273,2026-06-15,2026-07-27,24.170000076293945,17,33.82,-0.94,,,2026-08-17,2026-08-17,2026-08-17,,,,,,2026-08-03,2026-08-17,,2026-08-17,Non-Energy Minerals,Precious Metals,2026-09-25
PLTR,double_bottom,,,Approaching Support,False,daily_volume_not_confirmed,watch_only,157.779,20.21,,,,,Approaching Support,157.779,,,,,,,,,,,False,,,True,2026-08-03,True,166.71,MA10,13.77,False,152.72,166.71,149.97,2026-03-02,161.45,2026-04-06,122.68,2026-05-25,2026-06-22,106.37,30,34.12,-13.29,0.0,True,,,,,,,,,,,,,Technology Services,Packaged Software,2026-09-25
CBLL,ibd_double_bottom,,,Extended,False,daily_volume_not_confirmed,watch_only,21.649999618530273,9.42,double_bottom,21.649999618530273,m,9.42,,,Extended,21.649999618530273,double_bottom,21.649999618530273,m,,2026-08-10,2026-08-10,,,False,,,,,,,,,,,,,2026-01-12,24.329999923706055,2026-03-02,16.84000015258789,2026-04-20,2026-05-11,15.84000015258789,18,34.9,-5.94,,,2026-08-10,2026-08-10,2026-08-10,,,,,,2026-05-18,2026-08-10,,2026-08-10,Health Technology,Medical Specialties,2026-09-25
BLFS,double_bottom+ibd_double_bottom,,,Approaching Support,False,daily_volume_not_confirmed,watch_only,25.25,52.44,,,,,Approaching Support,25.25,Retired,25.25,double_bottom,25.25,m,matured_breakout,2026-06-01,2026-06-01,,,False,,,True,2026-05-18,True,34.99,MA10,10.02,False,19.35,34.99,26.25,2025-10-20,29.62,2026-02-02,21.35,2026-02-23,2026-03-09,17.86,49,39.7,-16.35,0.0,True,,,,,,,,,,,,,Health Technology,Medical Specialties,2026-09-25
WAB,ibd_double_bottom,,,Pre-Breakout,False,,watch_only,301.8900146484375,-4.6,double_bottom,301.8900146484375,m,-4.6,,,Pre-Breakout,301.8900146484375,double_bottom,301.8900146484375,m,,,,,,False,,,,,,,,,,,,,2026-07-27,306.6400146484375,2026-08-03,290.010009765625,2026-08-10,2026-08-17,289.69000244140625,4,5.53,-0.11,,,2026-08-24,,,,,-9.87,5.0,False,2026-09-07,,,2026-07-27,Producer Manufacturing,Trucks/Construction/Farm Machinery,2026-09-25
MBWM,ibd_double_bottom,,,Pre-Breakout,False,,watch_only,62.15999984741211,-3.43,double_bottom,62.15999984741211,m,-3.43,,,Pre-Breakout,62.15999984741211,double_bottom,62.15999984741211,m,,,,,,False,,,,,,,,,,,,,2026-07-27,62.38999938964844,2026-08-03,59.310001373291016,2026-08-10,2026-08-24,58.4900016784668,4,6.25,-1.38,,,2026-08-31,,,,,,,,2026-09-07,,,2026-07-27,Finance,Regional Banks,2026-09-25
ORRF,ibd_double_bottom,,,Pre-Breakout,False,,watch_only,43.439998626708984,-3.84,double_bottom,43.439998626708984,m,-3.84,,,Pre-Breakout,43.439998626708984,double_bottom,43.439998626708984,m,,,,,,False,,,,,,,,,,,,,2026-08-03,43.810001373291016,2026-08-10,41.150001525878906,2026-08-17,2026-09-21,40.9900016784668,7,6.44,-0.39,,,,,,,,,,,2026-09-21,,,2026-08-03,Finance,Regional Banks,2026-09-25
BFST,ibd_double_bottom,,,Pre-Breakout,False,,watch_only,31.899999618530273,-3.26,double_bottom,31.899999618530273,m,-3.26,,,Pre-Breakout,31.899999618530273,double_bottom,31.899999618530273,m,,,,,,False,,,,,,,,,,,,,2026-08-10,32.525001525878906,2026-08-17,30.770000457763672,2026-09-07,2026-09-21,30.290000915527344,6,6.87,-1.56,,,,,,,,,,,2026-09-21,,,2026-08-10,Finance,Regional Banks,2026-09-25
CHCO,ibd_double_bottom,,,Pre-Breakout,False,,watch_only,146.4499969482422,-3.06,double_bottom,146.4499969482422,m,-3.06,,,Pre-Breakout,146.4499969482422,double_bottom,146.4499969482422,m,,,,,,False,,,,,,,,,,,,,2026-08-10,148.99000549316406,2026-08-24,141.72999572753906,2026-08-31,2026-09-21,138.47999572753906,6,7.05,-2.29,,,,,,,,,,,2026-09-21,,,2026-08-10,Finance,Major Banks,2026-09-25
BY,ibd_double_bottom,,,Pre-Breakout,False,,watch_only,38.959999084472656,-3.9,double_bottom,38.959999084472656,m,-3.9,,,Pre-Breakout,38.959999084472656,double_bottom,38.959999084472656,m,,,,,,False,,,,,,,,,,,,,2026-08-03,40.029998779296875,2026-08-17,37.689998626708984,2026-08-31,2026-09-14,37.130001068115234,6,7.24,-1.49,,,2026-09-14,,,,,-6.01,2.0,False,2026-09-14,,,2026-08-03,Finance,Regional Banks,2026-09-25
PFIS,ibd_double_bottom,,,Pre-Breakout,False,,watch_only,72.41000366210938,-3.6,double_bottom,72.41000366210938,m,-3.6,,,Pre-Breakout,72.41000366210938,double_bottom,72.41000366210938,m,,,,,,False,,,,,,,,,,,,,2026-07-27,73.37000274658203,2026-08-03,68.36000061035156,2026-08-10,2026-08-24,67.98999786376953,5,7.33,-0.54,,,2026-09-07,,,,,-6.8,3.0,False,2026-09-07,,,2026-07-27,Finance,Regional Banks,2026-09-25
NWBI,ibd_double_bottom,,,Pre-Breakout,False,,watch_only,15.899999618530273,-3.71,double_bottom,15.899999618530273,m,-3.71,,,Pre-Breakout,15.899999618530273,double_bottom,15.899999618530273,m,,,,,,False,,,,,,,,,,,,,2026-07-27,16.15999984741211,2026-08-03,15.510000228881836,2026-08-10,2026-09-21,14.949999809265137,4,7.49,-3.61,,,,,,,,,,,2026-09-07,,,2026-07-27,Finance,Savings Banks,2026-09-25
BOTJ,ibd_double_bottom,,,Pre-Breakout,False,,watch_only,28.290000915527344,-5.44,double_bottom,28.290000915527344,m,-5.44,,,Pre-Breakout,28.290000915527344,double_bottom,28.290000915527344,m,,,,,,False,,,,,,,,,,,,,2026-07-27,28.559999465942383,2026-08-03,26.420000076293945,2026-08-10,2026-08-24,26.350000381469727,5,7.74,-0.26,,,2026-09-07,,,,,-9.89,3.0,False,2026-09-14,,,2026-07-27,Finance,Regional Banks,2026-09-25
SFNC,ibd_double_bottom,,,Pre-Breakout,False,,watch_only,23.989999771118164,-3.17,double_bottom,23.989999771118164,m,-3.17,,,Pre-Breakout,23.989999771118164,double_bottom,23.989999771118164,m,,,,,,False,,,,,,,,,,,,,2026-08-03,24.31999969482422,2026-08-24,22.440000534057617,2026-08-31,2026-09-14,22.43000030517578,7,7.77,-0.04,,,,,,,,,,,2026-09-21,,,2026-08-03,Finance,Major Banks,2026-09-25
CTBI,ibd_double_bottom,,,Pre-Breakout,False,,watch_only,78.9000015258789,-4.23,double_bottom,78.9000015258789,m,-4.23,,,Pre-Breakout,78.9000015258789,double_bottom,78.9000015258789,m,,,,,,False,,,,,,,,,,,,,2026-08-03,79.91999816894531,2026-08-24,74.55999755859375,2026-09-07,2026-09-21,73.69000244140625,7,7.8,-1.17,,,,,,,,,,,2026-09-21,,,2026-08-03,Finance,Regional Banks,2026-09-25
FBNC,ibd_double_bottom,,,Pre-Breakout,False,,watch_only,65.5,-3.05,double_bottom,65.5,m,-3.05,,,Pre-Breakout,65.5,double_bottom,65.5,m,,,,,,False,,,,,,,,,,,,,2026-08-10,66.77999877929688,2026-08-24,62.72999954223633,2026-09-07,2026-09-14,61.5,6,7.91,-1.96,,,,,,,,,,,2026-09-21,,,2026-08-10,Finance,Regional Banks,2026-09-25
FISI,ibd_double_bottom,,,Pre-Breakout,False,,watch_only,41.939998626708984,-4.08,double_bottom,41.939998626708984,m,-4.08,,,Pre-Breakout,41.939998626708984,double_bottom,41.939998626708984,m,,,,,,False,,,,,,,,,,,,,2026-08-03,42.970001220703125,2026-08-24,39.91999816894531,2026-09-07,2026-09-14,39.560001373291016,7,7.94,-0.9,,,,,,,,,,,2026-09-21,,,2026-08-03,Finance,Regional Banks,2026-09-25
TOWN,ibd_double_bottom,,,Pre-Breakout,False,,watch_only,38.16999816894531,-4.74,double_bottom,38.16999816894531,m,-4.74,,,Pre-Breakout,38.16999816894531,double_bottom,38.16999816894531,m,,,,,,False,,,,,,,,,,,,,2026-07-27,39.029998779296875,2026-08-10,36.97999954223633,2026-08-24,2026-09-21,35.93000030517578,7,7.94,-2.84,,,,,,,,,,,2026-09-14,,,2026-07-27,Finance,Regional Banks,2026-09-25
FCF,ibd_double_bottom,,,Pre-Breakout,False,,watch_only,21.799999237060547,-4.08,double_bottom,21.799999237060547,m,-4.08,,,Pre-Breakout,21.799999237060547,double_bottom,21.799999237060547,m,,,,,,False,,,,,,,,,,,,,2026-07-27,22.34000015258789,2026-08-03,21.100000381469727,2026-08-10,2026-08-31,20.469999313354492,4,8.37,-2.99,,,,,,,,,,,2026-09-07,,,2026-07-27,Finance,Regional Banks,2026-09-25
JPM,ibd_double_bottom,,,Pre-Breakout,False,,watch_only,362.8599853515625,-5.46,double_bottom,362.8599853515625,m,-5.46,,,Pre-Breakout,362.8599853515625,double_bottom,362.8599853515625,m,,,,,,False,,,,,,,,,,,,,2026-08-10,366.5,2026-08-17,350.3699951171875,2026-08-31,2026-09-21,335.2799987792969,5,8.52,-4.31,,,,,,,,,,,2026-09-21,,,2026-08-10,Finance,Major Banks,2026-09-25
MPB,ibd_double_bottom,,,Pre-Breakout,False,,watch_only,38.810001373291016,-6.44,double_bottom,38.810001373291016,m,-6.44,,,Pre-Breakout,38.810001373291016,double_bottom,38.810001373291016,m,,,,,,False,,,,,,,,,,,,,2026-07-27,39.150001525878906,2026-08-03,37.380001068115234,2026-08-10,2026-09-21,35.75,4,8.68,-4.36,,,,,,,,,,,2026-09-07,,,2026-07-27,Finance,Regional Banks,2026-09-25
FRST,ibd_double_bottom,,,Pre-Breakout,False,,watch_only,16.399999618530273,-4.33,double_bottom,16.399999618530273,m,-4.33,,,Pre-Breakout,16.399999618530273,double_bottom,16.399999618530273,m,,,,,,False,,,,,,,,,,,,,2026-08-10,16.8799991607666,2026-08-24,15.8100004196167,2026-08-31,2026-09-21,15.404999732971191,6,8.74,-2.56,,,,,,,,,,,2026-09-21,,,2026-08-10,Finance,Regional Banks,2026-09-25
PAG,ibd_double_bottom,,,Pre-Breakout,False,,watch_only,221.0399932861328,-5.17,double_bottom,221.0399932861328,m,-5.17,,,Pre-Breakout,221.0399932861328,double_bottom,221.0399932861328,m,,,,,,False,,,,,,,,,,,,,2026-07-27,227.0,2026-08-03,215.0,2026-08-31,2026-09-21,207.1300048828125,8,8.75,-3.66,,,,,,,,,,,2026-09-21,,,2026-07-27,Retail Trade,Specialty Stores,2026-09-25
SHC,ibd_double_bottom,,,Pre-Breakout,False,,watch_only,19.729999542236328,-7.05,double_bottom,19.729999542236328,m,-7.05,,,Pre-Breakout,19.729999542236328,double_bottom,19.729999542236328,m,,,,,,False,,,,,,,,,,,,,2026-08-03,19.788000106811523,2026-08-10,18.604999542236328,2026-08-24,2026-09-07,18.010000228881836,5,8.99,-3.2,,,,,,,,,,,2026-09-14,,,2026-08-03,Health Technology,Medical Specialties,2026-09-25
MVBF,ibd_double_bottom,,,Pre-Breakout,False,,watch_only,31.399999618530273,-4.08,double_bottom,31.399999618530273,m,-4.08,,,Pre-Breakout,31.399999618530273,double_bottom,31.399999618530273,m,,,,,,False,,,,,,,,,,,,,2026-07-27,31.989999771118164,2026-08-03,29.729999542236328,2026-08-10,2026-08-24,29.110000610351562,5,9.0,-2.09,,,2026-09-07,,,,,-7.23,2.0,False,2026-09-07,,,2026-07-27,Finance,Regional Banks,2026-09-25
CCBG,ibd_double_bottom,,,Pre-Breakout,False,,watch_only,52.65999984741211,-5.32,double_bottom,52.65999984741211,m,-5.32,,,Pre-Breakout,52.65999984741211,double_bottom,52.65999984741211,m,,,,,,False,,,,,,,,,,,,,2026-08-03,53.599998474121094,2026-08-24,50.2599983215332,2026-08-31,2026-09-21,48.630001068115234,6,9.27,-3.24,,,,,,,,,,,2026-09-14,,,2026-08-03,Finance,Regional Banks,2026-09-25
FVCB,ibd_double_bottom,,,Pre-Breakout,False,,watch_only,18.770000457763672,-4.21,double_bottom,18.770000457763672,m,-4.21,,,Pre-Breakout,18.770000457763672,double_bottom,18.770000457763672,m,,,,,,False,,,,,,,,,,,,,2026-08-03,19.110000610351562,2026-08-24,17.75,2026-08-31,2026-09-21,17.31800079345703,7,9.38,-2.43,,,,,,,,,,,2026-09-21,,,2026-08-03,Finance,Regional Banks,2026-09-25
NTB,ibd_double_bottom,,,Pre-Breakout,False,,watch_only,61.720001220703125,-4.49,double_bottom,61.720001220703125,m,-4.49,,,Pre-Breakout,61.720001220703125,double_bottom,61.720001220703125,m,,,,,,False,,,,,,,,,,,,,2026-08-10,64.16999816894531,2026-08-24,58.2599983215332,2026-09-07,2026-09-21,57.808998107910156,6,9.91,-0.77,,,,,,,,,,,2026-09-21,,,2026-08-10,Finance,Regional Banks,2026-09-25
BWB,ibd_double_bottom,,,Pre-Breakout,False,,watch_only,22.110000610351562,-6.06,double_bottom,22.110000610351562,m,-6.06,,,Pre-Breakout,22.110000610351562,double_bottom,22.110000610351562,m,,,,,,False,,,,,,,,,,,,,2026-08-10,22.6200008392334,2026-08-24,20.889999389648438,2026-08-31,2026-09-21,20.360000610351562,6,9.99,-2.54,,,,,,,,,,,2026-09-21,,,2026-08-10,Finance,Regional Banks,2026-09-25
RBCAA,ibd_double_bottom,,,Pre-Breakout,False,,watch_only,99.12999725341797,-4.62,double_bottom,99.12999725341797,m,-4.62,,,Pre-Breakout,99.12999725341797,double_bottom,99.12999725341797,m,,,,,,False,,,,,,,,,,,,,2026-08-03,102.22000122070312,2026-08-24,92.47000122070312,2026-09-07,2026-09-14,92.0,7,10.0,-0.51,,,,,,,,,,,2026-09-21,,,2026-08-03,Finance,Regional Banks,2026-09-25
RBB,ibd_double_bottom,,,Pre-Breakout,False,,watch_only,27.739999771118164,-4.18,double_bottom,27.739999771118164,m,-4.18,,,Pre-Breakout,27.739999771118164,double_bottom,27.739999771118164,m,,,,,,False,,,,,,,,,,,,,2026-07-13,28.239999771118164,2026-07-20,25.479999542236328,2026-08-10,2026-08-31,25.34000015258789,8,10.27,-0.55,,,,,,,,,,,2026-09-07,,,2026-07-13,Finance,Regional Banks,2026-09-25
HBNC,ibd_double_bottom,,,Pre-Breakout,False,,watch_only,20.149999618530273,-4.32,double_bottom,20.149999618530273,m,-4.32,,,Pre-Breakout,20.149999618530273,double_bottom,20.149999618530273,m,,,,,,False,,,,,,,,,,,,,2026-07-27,21.040000915527344,2026-08-24,19.190000534057617,2026-09-07,2026-09-21,18.8700008392334,8,10.31,-1.67,,,,,,,,,,,2026-09-21,,,2026-07-27,Finance,Regional Banks,2026-09-25
JMSB,ibd_double_bottom,,,Pre-Breakout,False,,watch_only,21.200000762939453,8.92,double_bottom_handle,24.260000228881836,handle,-4.82,,,Pre-Breakout,21.200000762939453,double_bottom_handle,24.260000228881836,handle,,2026-04-27,,2026-05-04,24.260000228881836,False,,,,,,,,,,,,,2026-01-19,21.290000915527344,2026-01-26,19.700000762939453,2026-02-09,2026-03-02,19.020000457763672,6,10.66,-3.45,,,2026-04-13,2026-04-27,,2026-05-04,24.260000228881836,-8.0,8.0,True,2026-03-09,,,2026-01-19,Finance,Regional Banks,2026-09-25
AMAL,ibd_double_bottom,,,Pre-Breakout,False,,watch_only,50.20000076293945,-5.22,double_bottom,50.20000076293945,m,-5.22,,,Pre-Breakout,50.20000076293945,double_bottom,50.20000076293945,m,,,,,,False,,,,,,,,,,,,,2026-08-10,51.59000015258789,2026-08-24,47.95000076293945,2026-08-31,2026-09-14,45.7400016784668,5,11.34,-4.61,,,,,,,,,,,2026-09-21,,,2026-08-10,Finance,Regional Banks,2026-09-25
BEN,ibd_double_bottom,,,Pre-Breakout,False,,watch_only,35.38999938964844,-6.7,double_bottom,35.38999938964844,m,-6.7,,,Pre-Breakout,35.38999938964844,double_bottom,35.38999938964844,m,,,,,,False,,,,,,,,,,,,,2026-08-03,36.279998779296875,2026-08-10,33.25,2026-08-24,2026-09-14,32.06999969482422,7,11.6,-3.55,,,,,,,,,,,2026-09-21,,,2026-08-03,Finance,Investment Managers,2026-09-25
ESS,ibd_double_bottom,,,Pre-Breakout,False,,watch_only,294.7200012207031,-7.84,double_bottom,294.7200012207031,m,-7.84,,,Pre-Breakout,294.7200012207031,double_bottom,294.7200012207031,m,,,,,,False,,,,,,,,,,,,,2026-07-06,303.3500061035156,2026-07-27,279.32000732421875,2026-08-24,2026-09-14,268.0299987792969,9,11.64,-4.04,,,,,,,,,,,2026-09-07,,,2026-07-06,Finance,Real Estate Investment Trusts,2026-09-25
UNM,ibd_double_bottom,,,Pre-Breakout,False,,watch_only,92.36000061035156,-0.29,double_bottom_handle,96.7699966430664,handle,-4.84,,,Pre-Breakout,92.36000061035156,double_bottom_handle,96.7699966430664,handle,,2026-08-10,,2026-09-07,96.7699966430664,False,,,,,,,,,,,,,2026-06-15,93.22000122070312,2026-06-22,87.4800033569336,2026-06-29,2026-07-27,82.12000274658203,4,11.91,-6.13,,,2026-08-10,2026-08-10,,2026-09-07,96.7699966430664,-5.93,4.0,True,2026-07-27,,,2026-06-15,Finance,Multi-Line Insurance,2026-09-25
GEF,ibd_double_bottom,,,Pre-Breakout,False,,watch_only,86.33999633789062,-4.26,double_bottom,86.33999633789062,m,-4.26,,,Pre-Breakout,86.33999633789062,double_bottom,86.33999633789062,m,,,,,,False,,,,,,,,,,,,,2026-08-03,90.56999969482422,2026-08-24,83.30000305175781,2026-08-31,2026-09-14,79.56999969482422,6,12.15,-4.48,,,,,,,,,,,2026-09-14,,,2026-08-03,Process Industries,Containers/Packaging,2026-09-25
NTRS,ibd_double_bottom,,,Pre-Breakout,False,,watch_only,189.58999633789062,-7.31,double_bottom,189.58999633789062,m,-7.31,,,Pre-Breakout,189.58999633789062,double_bottom,189.58999633789062,m,,,,,,False,,,,,,,,,,,,,2026-08-10,195.77999877929688,2026-08-31,181.14999389648438,2026-09-07,2026-09-21,171.3800048828125,6,12.46,-5.39,,,,,,,,,,,2026-09-21,,,2026-08-10,Finance,Investment Managers,2026-09-25
CBK,ibd_double_bottom,,,Pre-Breakout,False,,watch_only,34.959999084472656,-8.21,double_bottom,34.959999084472656,m,-8.21,,,Pre-Breakout,34.959999084472656,double_bottom,34.959999084472656,m,,,,,,False,,,,,,,,,,,,,2026-08-10,35.779998779296875,2026-08-24,33.32500076293945,2026-08-31,2026-09-21,31.309999465942383,5,12.49,-6.05,,,,,,,,,,,2026-09-21,,,2026-08-10,Finance,Regional Banks,2026-09-25
AUB,ibd_double_bottom,,,Pre-Breakout,False,,watch_only,43.09000015258789,-10.0,double_bottom,43.09000015258789,m,-10.0,,,Pre-Breakout,43.09000015258789,double_bottom,43.09000015258789,m,,,,,,False,,,,,,,,,,,,,2026-07-13,43.56999969482422,2026-08-03,40.790000915527344,2026-08-17,2026-09-21,38.060001373291016,7,12.65,-6.69,,,,,,,,,,,2026-09-14,,,2026-07-13,Finance,Regional Banks,2026-09-25
GH,ibd_double_bottom,,,Pre-Breakout,False,,watch_only,173.1699981689453,2.36,double_bottom_handle,183.50999450683594,handle,-3.41,,,Pre-Breakout,173.1699981689453,double_bottom_handle,183.50999450683594,handle,,2026-09-14,,2026-09-21,183.50999450683594,False,,,,,,,,,,,,,2026-07-27,176.5800018310547,2026-08-03,155.0500030517578,2026-08-24,2026-08-31,154.0,6,12.79,-0.68,,,2026-09-14,2026-09-14,,2026-09-21,183.50999450683594,-7.09,2.0,True,2026-09-07,,,2026-07-27,Health Technology,Medical Specialties,2026-09-25
OBT,ibd_double_bottom,,,Pre-Breakout,False,,watch_only,39.02000045776367,-3.08,double_bottom,39.02000045776367,m,-3.08,,,Pre-Breakout,39.02000045776367,double_bottom,39.02000045776367,m,,,,,,False,,,,,,,,,,,,,2026-08-10,40.0,2026-08-24,36.86000061035156,2026-08-31,2026-09-07,34.70000076293945,5,13.25,-5.86,,,2026-09-14,,,,,-6.28,2.0,False,2026-09-21,,,2026-08-10,Finance,Regional Banks,2026-09-25
FCCO,ibd_double_bottom,,,Pre-Breakout,False,,watch_only,35.16999816894531,-6.31,double_bottom,35.16999816894531,m,-6.31,,,Pre-Breakout,35.16999816894531,double_bottom,35.16999816894531,m,,,,,,False,,,,,,,,,,,,,2026-07-27,35.7400016784668,2026-08-03,32.720001220703125,2026-08-17,2026-09-21,31.0,6,13.26,-5.26,,,,,,,,,,,2026-09-07,,,2026-07-27,Finance,Regional Banks,2026-09-25
DMLP,ibd_double_bottom,,,Pre-Breakout,False,,watch_only,28.889999389648438,0.52,double_bottom_handle,30.540000915527344,handle,-4.91,,,Pre-Breakout,28.889999389648438,double_bottom_handle,30.540000915527344,handle,,2026-08-17,,2026-09-21,30.540000915527344,False,,,,,,,,,,,,,2026-04-20,28.950000762939453,2026-05-04,25.520000457763672,2026-05-18,2026-06-15,24.809999465942383,9,14.3,-2.78,,,2026-08-17,2026-08-17,,2026-09-21,30.540000915527344,-5.89,2.0,True,2026-06-22,,,2026-04-20,Miscellaneous,Investment Trusts/Mutual Funds,2026-09-25
CDP,ibd_double_bottom,,,Pre-Breakout,False,,watch_only,37.869998931884766,-10.54,double_bottom,37.869998931884766,m,-10.54,,,Pre-Breakout,37.869998931884766,double_bottom,37.869998931884766,m,,,,,,False,,,,,,,,,,,,,2026-07-27,38.900001525878906,2026-08-10,36.22999954223633,2026-08-24,2026-08-31,33.27000045776367,6,14.47,-8.17,,,,,,,,,,,2026-09-07,,,2026-07-27,Finance,Real Estate Investment Trusts,2026-09-25
CSX,ibd_double_bottom,,,Pre-Breakout,False,,watch_only,52.150001525878906,-10.3,double_bottom,52.150001525878906,m,-10.3,,,Pre-Breakout,52.150001525878906,double_bottom,52.150001525878906,m,,,,,,False,,,,,,,,,,,,,2026-07-27,53.599998474121094,2026-08-03,49.41999816894531,2026-08-24,2026-09-21,45.790000915527344,6,14.57,-7.35,,,,,,,,,,,2026-09-07,,,2026-07-27,Transportation,Railroads,2026-09-25
UNP,ibd_double_bottom,,,Pre-Breakout,False,,watch_only,314.1499938964844,-12.85,double_bottom,314.1499938964844,m,-12.85,,,Pre-Breakout,314.1499938964844,double_bottom,314.1499938964844,m,,,,,,False,,,,,,,,,,,,,2026-07-20,315.989990234375,2026-07-27,284.7900085449219,2026-08-24,2026-09-21,268.260009765625,8,15.1,-5.8,,,,,,,,,,,2026-09-14,,,2026-07-20,Transportation,Railroads,2026-09-25
ALX,ibd_double_bottom,,,Pre-Breakout,False,,watch_only,280.2699890136719,-11.83,double_bottom,280.2699890136719,m,-11.83,,,Pre-Breakout,280.2699890136719,double_bottom,280.2699890136719,m,,,,,,False,,,,,,,,,,,,,2026-07-13,289.42999267578125,2026-07-27,252.5399932861328,2026-08-03,2026-09-14,242.3000030517578,9,16.28,-4.05,,,,,,,,,,,2026-09-14,,,2026-07-13,Finance,Real Estate Investment Trusts,2026-09-25
HSY,ibd_double_bottom,,,Pre-Breakout,False,,watch_only,190.4600067138672,-12.65,double_bottom,190.4600067138672,m,-12.65,,,Pre-Breakout,190.4600067138672,double_bottom,190.4600067138672,m,,,,,,False,,,,,,,,,,,,,2026-05-25,200.0,2026-06-22,167.77000427246094,2026-08-17,2026-09-21,166.0399932861328,17,16.98,-1.03,,,,,,,,,,,2026-09-21,,,2026-05-25,Consumer Non-Durables,Food: Specialty/Candy,2026-09-25
INGM,ibd_double_bottom,,,Pre-Breakout,False,,watch_only,29.55500030517578,-8.71,double_bottom,29.55500030517578,m,-8.71,,,Pre-Breakout,29.55500030517578,double_bottom,29.55500030517578,m,,,,,,False,,,,,,,,,,,,,2026-07-27,30.950000762939453,2026-08-17,26.8799991607666,2026-08-24,2026-09-14,25.68000030517578,7,17.03,-4.46,,,,,,,,,,,2026-09-14,,,2026-07-27,Technology Services,Information Technology Services,2026-09-25
AXTA,ibd_double_bottom,,,Pre-Breakout,False,,watch_only,37.31999969482422,-11.87,double_bottom,37.31999969482422,m,-11.87,,,Pre-Breakout,37.31999969482422,double_bottom,37.31999969482422,m,,,,,,False,,,,,,,,,,,,,2026-08-03,38.61000061035156,2026-08-17,35.2599983215332,2026-08-24,2026-09-21,31.84000015258789,5,17.53,-9.7,,,,,,,,,,,2026-09-14,,,2026-08-03,Process Industries,Industrial Specialties,2026-09-25
REX,ibd_double_bottom,,,Pre-Breakout,False,,watch_only,45.459999084472656,-5.76,double_bottom,45.459999084472656,m,-5.76,,,Pre-Breakout,45.459999084472656,double_bottom,45.459999084472656,m,,,,,,False,,,,,,,,,,,,,2026-07-13,48.29999923706055,2026-07-27,41.689998626708984,2026-08-17,2026-08-31,39.70000076293945,7,17.81,-4.77,,,,,,,,,,,2026-08-31,,,2026-07-13,Process Industries,Chemicals: Specialty,2026-09-25
ALL,ibd_double_bottom,,,Pre-Breakout,False,,watch_only,266.45001220703125,-14.58,double_bottom,266.45001220703125,m,-14.58,,,Pre-Breakout,266.45001220703125,double_bottom,266.45001220703125,m,,,,,,False,,,,,,,,,,,,,2026-07-27,277.2200012207031,2026-08-17,252.8300018310547,2026-08-31,2026-09-21,225.5800018310547,7,18.63,-10.78,,,,,,,,,,,2026-09-14,,,2026-07-27,Finance,Multi-Line Insurance,2026-09-25
WDAY,ibd_double_bottom,,,Pre-Breakout,False,,watch_only,211.8300018310547,-10.57,double_bottom,211.8300018310547,m,-10.57,,,Pre-Breakout,211.8300018310547,double_bottom,211.8300018310547,m,,,,,,False,,,,,,,,,,,,,2026-08-10,227.49000549316406,2026-08-17,189.30999755859375,2026-08-31,2026-09-07,183.5399932861328,5,19.32,-3.05,,,,,,,,,,,2026-09-21,,,2026-08-10,Technology Services,Information Technology Services,2026-09-25
TSN,ibd_double_bottom,,,Pre-Breakout,False,,watch_only,59.849998474121094,-14.92,double_bottom,59.849998474121094,m,-14.92,,,Pre-Breakout,59.849998474121094,double_bottom,59.849998474121094,m,,,,,,False,,,,,,,,,,,,,2026-07-27,63.029998779296875,2026-08-03,54.529998779296875,2026-08-17,2026-09-21,50.68000030517578,6,19.59,-7.06,,,,,,,,,,,2026-09-07,,,2026-07-27,Consumer Non-Durables,Food: Meat/Fish/Dairy,2026-09-25
ANIP,ibd_double_bottom,,,Pre-Breakout,False,,watch_only,82.0,-9.76,double_bottom,82.0,m,-9.76,,,Pre-Breakout,82.0,double_bottom,82.0,m,,,,,,False,,,,,,,,,,,,,2026-07-06,87.19000244140625,2026-07-20,76.43000030517578,2026-07-27,2026-09-07,69.58000183105469,5,20.2,-8.96,,,,,,,,,,,2026-08-17,,,2026-07-06,Health Technology,Biotechnology,2026-09-25
DAL,ibd_double_bottom,,,Pre-Breakout,False,,watch_only,95.01000213623047,-10.6,double_bottom,95.01000213623047,m,-10.6,,,Pre-Breakout,95.01000213623047,double_bottom,95.01000213623047,m,,,,,,False,,,,,,,,,,,,,2026-06-29,95.68000030517578,2026-07-20,80.63999938964844,2026-08-03,2026-08-31,75.98999786376953,9,20.58,-5.77,,,,,,,,,,,2026-08-31,,,2026-06-29,Transportation,Airlines,2026-09-25
CSTM,ibd_double_bottom,,,Pre-Breakout,False,,watch_only,28.100000381469727,-11.42,double_bottom,28.100000381469727,m,-11.42,,,Pre-Breakout,28.100000381469727,double_bottom,28.100000381469727,m,,,,,,False,,,,,,,,,,,,,2026-08-10,30.75,2026-08-17,25.670000076293945,2026-09-07,2026-09-21,24.3700008392334,6,20.75,-5.06,,,,,,,,,,,2026-09-21,,,2026-08-10,Non-Energy Minerals,Aluminum,2026-09-25
INDV,ibd_double_bottom,,,Pre-Breakout,False,,watch_only,40.0,-10.45,double_bottom,40.0,m,-10.45,,,Pre-Breakout,40.0,double_bottom,40.0,m,,,,,,False,,,,,,,,,,,,,2026-06-22,42.810001373291016,2026-08-03,35.7599983215332,2026-08-17,2026-09-14,33.7400016784668,10,21.19,-5.65,,,,,,,,,,,2026-08-31,,,2026-06-22,Health Technology,Pharmaceuticals: Major,2026-09-25
OUT,ibd_double_bottom,,,Pre-Breakout,False,,watch_only,34.15999984741211,-19.06,double_bottom,34.15999984741211,m,-19.06,,,Pre-Breakout,34.15999984741211,double_bottom,34.15999984741211,m,,,,,,False,,,,,,,,,,,,,2026-05-04,34.959999084472656,2026-06-08,30.139999389648438,2026-07-06,2026-09-21,27.540000915527344,15,21.22,-8.63,,,,,,,,,,,2026-08-17,,,2026-05-04,Finance,Real Estate Investment Trusts,2026-09-25
AYI,ibd_double_bottom,,,Pre-Breakout,False,,watch_only,367.29998779296875,-13.04,double_bottom,367.29998779296875,m,-13.04,,,Pre-Breakout,367.29998779296875,double_bottom,367.29998779296875,m,,,,,,False,,,,,,,,,,,,,2026-06-29,378.6499938964844,2026-07-20,323.510009765625,2026-08-10,2026-09-14,295.760009765625,11,21.89,-8.58,,,,,,,,,,,2026-09-14,,,2026-06-29,Producer Manufacturing,Electrical Products,2026-09-25
JEF,ibd_double_bottom,,,Pre-Breakout,False,,watch_only,56.13999938964844,-15.07,double_bottom,56.13999938964844,m,-15.07,,,Pre-Breakout,56.13999938964844,double_bottom,56.13999938964844,m,,,,,,False,,,,,,,,,,,,,2026-07-27,57.84000015258789,2026-08-24,51.029998779296875,2026-08-31,2026-09-21,45.09000015258789,8,22.04,-11.64,,,,,,,,,,,2026-09-21,,,2026-07-27,Finance,Investment Banks/Brokers,2026-09-25
CPA,ibd_double_bottom,,,Pre-Breakout,False,,watch_only,152.6699981689453,-12.41,double_bottom,152.6699981689453,m,-12.41,,,Pre-Breakout,152.6699981689453,double_bottom,152.6699981689453,m,,,,,,False,,,,,,,,,,,,,2026-06-22,160.47000122070312,2026-07-20,132.61000061035156,2026-08-03,2026-08-31,124.55999755859375,9,22.38,-6.07,,,,,,,,,,,2026-08-24,,,2026-06-22,Transportation,Airlines,2026-09-25
LTH,ibd_double_bottom,,,Pre-Breakout,False,,watch_only,46.310001373291016,-13.69,double_bottom,46.310001373291016,m,-13.69,,,Pre-Breakout,46.310001373291016,double_bottom,46.310001373291016,m,,,,,,False,,,,,,,,,,,,,2026-07-27,47.23500061035156,2026-08-03,42.77399826049805,2026-08-17,2026-09-21,36.52000045776367,6,22.68,-14.62,,,,,,,,,,,2026-09-07,,,2026-07-27,Consumer Services,Other Consumer Services,2026-09-25
WBI,ibd_double_bottom,,,Pre-Breakout,False,,watch_only,34.279998779296875,-13.07,double_bottom,34.279998779296875,m,-13.07,,,Pre-Breakout,34.279998779296875,double_bottom,34.279998779296875,m,,,,,,False,,,,,,,,,,,,,2026-07-20,36.88999938964844,2026-08-24,30.614999771118164,2026-09-07,2026-09-21,28.5,9,22.74,-6.91,,,,,,,,,,,2026-09-21,,,2026-07-20,Industrial Services,Oilfield Services/Equipment,2026-09-25
KYMR,ibd_double_bottom,,,Pre-Breakout,False,,watch_only,120.9000015258789,-7.4,double_bottom,120.9000015258789,m,-7.4,,,Pre-Breakout,120.9000015258789,double_bottom,120.9000015258789,m,,,,,,False,,,,,,,,,,,,,2026-06-22,130.0500030517578,2026-06-29,105.0,2026-07-06,2026-08-03,99.5199966430664,6,23.48,-5.22,,,2026-08-17,,,,,-13.73,5.0,False,2026-08-03,,,2026-06-22,Health Technology,Biotechnology,2026-09-25
HXL,ibd_double_bottom,,,Pre-Breakout,False,,watch_only,104.12000274658203,-17.6,double_bottom,104.12000274658203,m,-17.6,,,Pre-Breakout,104.12000274658203,double_bottom,104.12000274658203,m,,,,,,False,,,,,,,,,,,,,2026-07-27,111.73999786376953,2026-08-03,100.91000366210938,2026-08-10,2026-09-21,84.2699966430664,4,24.58,-16.49,,,,,,,,,,,2026-09-07,,,2026-07-27,Electronic Technology,Aerospace & Defense,2026-09-25
KALU,ibd_double_bottom,,,Pre-Breakout,False,,watch_only,173.1199951171875,-11.88,double_bottom,173.1199951171875,m,-11.88,,,Pre-Breakout,173.1199951171875,double_bottom,173.1199951171875,m,,,,,,False,,,,,,,,,,,,,2026-06-29,195.9600067138672,2026-08-17,148.0,2026-09-07,2026-09-14,147.66000366210938,12,24.65,-0.23,,,,,,,,,,,2026-09-21,,,2026-06-29,Non-Energy Minerals,Aluminum,2026-09-25
FTRE,ibd_double_bottom,,,Pre-Breakout,False,,watch_only,19.34000015258789,2.84,double_bottom_handle,21.110000610351562,handle,-5.78,,,Pre-Breakout,19.34000015258789,double_bottom_handle,21.110000610351562,handle,,2026-09-14,,2026-09-21,21.110000610351562,False,,,,,,,,,,,,,2026-07-27,21.389999389648438,2026-08-10,16.84000015258789,2026-08-24,2026-09-07,16.07200050354004,7,24.86,-4.56,,,2026-09-14,2026-09-14,,2026-09-21,21.110000610351562,-8.81,2.0,True,2026-09-14,,,2026-07-27,Commercial Services,Miscellaneous Commercial Services,2026-09-25
LSCC,ibd_double_bottom,,,Pre-Breakout,False,,watch_only,139.3699951171875,-8.12,double_bottom,139.3699951171875,m,-8.12,,,Pre-Breakout,139.3699951171875,double_bottom,139.3699951171875,m,,,,,,False,,,,,,,,,,,,,2026-07-20,139.97999572753906,2026-07-27,112.55000305175781,2026-08-03,2026-09-14,103.81999969482422,6,25.83,-7.76,,,,,,,,,,,2026-09-14,,,2026-07-20,Electronic Technology,Semiconductors,2026-09-25
NKE,ibd_double_bottom,,,Pre-Breakout,False,,watch_only,45.040000915527344,-20.63,double_bottom,45.040000915527344,m,-20.63,,,Pre-Breakout,45.040000915527344,double_bottom,45.040000915527344,m,,,,,,False,,,,,,,,,,,,,2026-05-25,47.650001525878906,2026-06-22,40.0,2026-06-29,2026-09-21,35.21590042114258,13,26.09,-11.96,,,,,,,,,,,2026-08-24,,,2026-05-25,Consumer Non-Durables,Apparel/Footwear,2026-09-25
WRLD,ibd_double_bottom,,,Pre-Breakout,False,,watch_only,217.6300048828125,-20.97,double_bottom,217.6300048828125,m,-20.97,,,Pre-Breakout,217.6300048828125,double_bottom,217.6300048828125,m,,,,,,False,,,,,,,,,,,,,2026-06-29,227.67999267578125,2026-07-13,188.47999572753906,2026-07-20,2026-09-21,168.1699981689453,5,26.14,-10.78,,,,,,,,,,,2026-08-10,,,2026-06-29,Finance,Finance/Rental/Leasing,2026-09-25
PPLI,ibd_double_bottom,,,Pre-Breakout,False,,watch_only,47.599998474121094,-15.97,double_bottom,47.599998474121094,m,-15.97,,,Pre-Breakout,47.599998474121094,double_bottom,47.599998474121094,m,,,,,,False,,,,,,,,,,,,,2026-07-06,48.31999969482422,2026-07-27,40.369998931884766,2026-08-03,2026-09-21,35.380001068115234,6,26.78,-12.36,,,,,,,,,,,2026-08-17,,,2026-07-06,Technology Services,Internet Software/Services,2026-09-25
JBTM,ibd_double_bottom,,,Pre-Breakout,False,,watch_only,146.41000366210938,-24.81,double_bottom,146.41000366210938,m,-24.81,,,Pre-Breakout,146.41000366210938,double_bottom,146.41000366210938,m,,,,,,False,,,,,,,,,,,,,2026-07-06,149.5399932861328,2026-07-20,131.22999572753906,2026-07-27,2026-09-14,109.22000122070312,5,26.96,-16.77,,,,,,,,,,,2026-08-17,,,2026-07-06,Producer Manufacturing,Industrial Machinery,2026-09-25
PKE,ibd_double_bottom,,,Pre-Breakout,False,,watch_only,39.63999938964844,-24.04,double_bottom,39.63999938964844,m,-24.04,,,Pre-Breakout,39.63999938964844,double_bottom,39.63999938964844,m,,,,,,False,,,,,,,,,,,,,2026-07-20,39.689998626708984,2026-07-27,32.130001068115234,2026-08-10,2026-09-21,28.940000534057617,6,27.08,-9.93,,,,,,,,,,,2026-09-14,,,2026-07-20,,,2026-09-25
RYZ,ibd_double_bottom,,,Pre-Breakout,False,,watch_only,29.450000762939453,-19.02,double_bottom,29.450000762939453,m,-19.02,,,Pre-Breakout,29.450000762939453,double_bottom,29.450000762939453,m,,,,,,False,,,,,,,,,,,,,2026-07-27,32.0,2026-08-03,25.290000915527344,2026-08-10,2026-09-21,23.229999542236328,4,27.41,-8.15,,,,,,,,,,,2026-09-07,,,2026-07-27,Non-Energy Minerals,Steel,2026-09-25
WRBY,ibd_double_bottom,,,Pre-Breakout,False,,watch_only,28.700000762939453,-6.93,double_bottom,28.700000762939453,m,-6.93,,,Pre-Breakout,28.700000762939453,double_bottom,28.700000762939453,m,,,,,,False,,,,,,,,,,,,,2026-08-03,30.93000030517578,2026-08-10,24.84000015258789,2026-08-17,2026-09-21,22.40999984741211,5,27.55,-9.78,,,,,,,,,,,2026-09-14,,,2026-08-03,Retail Trade,Specialty Stores,2026-09-25
TFIN,ibd_double_bottom,,,Pre-Breakout,False,,watch_only,80.37999725341797,-23.55,double_bottom,80.37999725341797,m,-23.55,,,Pre-Breakout,80.37999725341797,double_bottom,80.37999725341797,m,,,,,,False,,,,,,,,,,,,,2026-07-20,83.5199966430664,2026-07-27,73.41000366210938,2026-08-03,2026-09-21,60.40999984741211,5,27.67,-17.71,,,,,,,,,,,2026-08-31,,,2026-07-20,Finance,Savings Banks,2026-09-25
PMTS,ibd_double_bottom,,,Pre-Breakout,False,,watch_only,29.489999771118164,-16.07,double_bottom,29.489999771118164,m,-16.07,,,Pre-Breakout,29.489999771118164,double_bottom,29.489999771118164,m,,,,,,False,,,,,,,,,,,,,2026-08-10,31.25,2026-08-17,27.0,2026-08-31,2026-09-07,21.899999618530273,5,29.92,-18.89,,,,,,,,,,,2026-09-21,,,2026-08-10,Finance,Finance/Rental/Leasing,2026-09-25
VSXY,ibd_double_bottom,,,Pre-Breakout,False,,watch_only,92.6449966430664,-10.51,double_bottom,92.6449966430664,m,-10.51,,,Pre-Breakout,92.6449966430664,double_bottom,92.6449966430664,m,,,,,,False,,,,,,,,,,,,,2026-08-10,102.45999908447266,2026-08-17,83.18000030517578,2026-08-24,2026-09-07,71.72000122070312,4,30.0,-13.78,,,,,,,,,,,2026-09-21,,,2026-08-10,Retail Trade,Apparel/Footwear Retail,2026-09-25
THRM,ibd_double_bottom,,,Pre-Breakout,False,,watch_only,44.45000076293945,-20.79,double_bottom,44.45000076293945,m,-20.79,,,Pre-Breakout,44.45000076293945,double_bottom,44.45000076293945,m,,,,,,False,,,,,,,,,,,,,2026-07-20,48.349998474121094,2026-08-03,40.06999969482422,2026-08-10,2026-09-21,33.27000045776367,6,31.19,-16.97,,,,,,,,,,,2026-08-31,,,2026-07-20,Producer Manufacturing,Auto Parts: OEM,2026-09-25
CRC,ibd_double_bottom,,,Pre-Breakout,False,,watch_only,63.900001525878906,-17.82,double_bottom,63.900001525878906,m,-17.82,,,Pre-Breakout,63.900001525878906,double_bottom,63.900001525878906,m,,,,,,False,,,,,,,,,,,,,2026-03-30,71.9800033569336,2026-05-11,57.98500061035156,2026-05-18,2026-07-27,49.25,11,31.58,-15.06,,,,,,,,,,,2026-06-15,,,2026-03-30,Energy Minerals,Integrated Oil,2026-09-25
BHE,ibd_double_bottom,,,Pre-Breakout,False,,watch_only,86.51000213623047,-4.61,double_bottom,86.51000213623047,m,-4.61,,,Pre-Breakout,86.51000213623047,double_bottom,86.51000213623047,m,,,,,,False,,,,,,,,,,,,,2026-06-29,100.41000366210938,2026-07-27,71.2699966430664,2026-08-03,2026-08-31,68.6500015258789,9,31.63,-3.68,,,,,,,,,,,2026-08-31,,,2026-06-29,Electronic Technology,Electronic Production Equipment,2026-09-25
RELL,ibd_double_bottom,,,Pre-Breakout,False,,watch_only,21.739999771118164,-19.41,double_bottom,21.739999771118164,m,-19.41,,,Pre-Breakout,21.739999771118164,double_bottom,21.739999771118164,m,,,,,,False,,,,,,,,,,,,,2026-07-20,23.149999618530273,2026-07-27,16.56999969482422,2026-08-03,2026-09-14,15.710000038146973,6,32.14,-5.19,,,,,,,,,,,2026-08-31,,,2026-07-20,Electronic Technology,Electronic Production Equipment,2026-09-25
AVGO,ibd_double_bottom,,,Pre-Breakout,False,,watch_only,432.7300109863281,-18.47,double_bottom,432.7300109863281,m,-18.47,,,Pre-Breakout,432.7300109863281,double_bottom,432.7300109863281,m,,,,,,False,,,,,,,,,,,,,2026-06-01,495.0,2026-06-29,356.42999267578125,2026-08-10,2026-09-14,335.80999755859375,13,32.16,-5.79,,,,,,,,,,,2026-08-31,,,2026-06-01,Electronic Technology,Semiconductors,2026-09-25
CIEN,ibd_double_bottom,,,Pre-Breakout,False,,watch_only,462.69000244140625,-22.86,double_bottom,462.69000244140625,m,-22.86,,,Pre-Breakout,462.69000244140625,double_bottom,462.69000244140625,m,,,,,,False,,,,,,,,,,,,,2026-07-13,466.6600036621094,2026-07-27,323.2900085449219,2026-08-10,2026-08-31,311.6000061035156,8,33.23,-3.62,,,,,,,,,,,2026-09-14,,,2026-07-13,Electronic Technology,Telecommunications Equipment,2026-09-25
AMTM,ibd_double_bottom,,,Pre-Breakout,False,,watch_only,25.079999923706055,-23.48,double_bottom,25.079999923706055,m,-23.48,,,Pre-Breakout,25.079999923706055,double_bottom,25.079999923706055,m,,,,,,False,,,,,,,,,,,,,2026-04-20,28.540000915527344,2026-06-22,19.802000045776367,2026-08-10,2026-09-21,19.010000228881836,20,33.39,-4.0,,,,,,,,,,,2026-09-07,,,2026-04-20,Electronic Technology,Aerospace & Defense,2026-09-25
KMT,ibd_double_bottom,,,Pre-Breakout,False,,watch_only,41.119998931884766,-24.54,double_bottom,41.119998931884766,m,-24.54,,,Pre-Breakout,41.119998931884766,double_bottom,41.119998931884766,m,,,,,,False,,,,,,,,,,,,,2026-05-04,43.810001373291016,2026-06-01,31.719999313354492,2026-08-03,2026-08-31,28.739999771118164,15,34.4,-9.39,,,,,,,,,,,2026-08-17,,,2026-05-04,Producer Manufacturing,Industrial Machinery,2026-09-25
CRI,ibd_double_bottom,,,Pre-Breakout,False,,watch_only,41.2599983215332,-24.12,double_bottom,41.2599983215332,m,-24.12,,,Pre-Breakout,41.2599983215332,double_bottom,41.2599983215332,m,,,,,,False,,,,,,,,,,,,,2026-06-22,44.279998779296875,2026-07-27,35.439998626708984,2026-08-03,2026-09-14,28.860000610351562,9,34.82,-18.57,,,,,,,,,,,2026-08-24,,,2026-06-22,Retail Trade,Apparel/Footwear Retail,2026-09-25
AAP,ibd_double_bottom,,,Pre-Breakout,False,,watch_only,60.279998779296875,-30.77,double_bottom,60.279998779296875,m,-30.77,,,Pre-Breakout,60.279998779296875,double_bottom,60.279998779296875,m,,,,,,False,,,,,,,,,,,,,2026-06-29,63.20000076293945,2026-07-20,50.939998626708984,2026-08-03,2026-08-17,40.65999984741211,8,35.66,-20.18,,,,,,,,,,,2026-08-24,,,2026-06-29,Retail Trade,Specialty Stores,2026-09-25
UPST,ibd_double_bottom,,,Pre-Breakout,False,,watch_only,34.689998626708984,-31.36,double_bottom,34.689998626708984,m,-31.36,,,Pre-Breakout,34.689998626708984,double_bottom,34.689998626708984,m,,,,,,False,,,,,,,,,,,,,2026-06-29,36.900001525878906,2026-07-27,25.889999389648438,2026-08-03,2026-09-21,23.719999313354492,11,35.72,-8.38,,,,,,,,,,,2026-09-14,,,2026-06-29,Finance,Finance/Rental/Leasing,2026-09-25
VCYT,ibd_double_bottom,,,Pre-Breakout,False,,watch_only,60.81999969482422,-25.3,double_bottom,60.81999969482422,m,-25.3,,,Pre-Breakout,60.81999969482422,double_bottom,60.81999969482422,m,,,,,,False,,,,,,,,,,,,,2026-06-29,60.90999984741211,2026-07-06,54.25,2026-07-13,2026-09-14,38.244998931884766,5,37.21,-29.5,,,,,,,,,,,2026-08-10,,,2026-06-29,Health Technology,Medical Specialties,2026-09-25
PPIH,ibd_double_bottom,,,Pre-Breakout,False,,watch_only,33.349998474121094,-4.83,double_bottom,33.349998474121094,m,-4.83,,,Pre-Breakout,33.349998474121094,double_bottom,33.349998474121094,m,,,,,,False,,,,,,,,,,,,,2026-04-13,36.720001220703125,2026-05-18,29.06999969482422,2026-06-01,2026-07-27,23.040000915527344,9,37.25,-20.74,,,,,,,,,,,2026-06-15,,,2026-04-13,Producer Manufacturing,Industrial Machinery,2026-09-25
MGM,ibd_double_bottom,,,Pre-Breakout,False,,watch_only,50.54999923706055,-35.55,double_bottom,50.54999923706055,m,-35.55,,,Pre-Breakout,50.54999923706055,double_bottom,50.54999923706055,m,,,,,,False,,,,,,,,,,,,,2026-06-01,51.59000015258789,2026-06-08,46.15999984741211,2026-06-29,2026-09-21,32.275001525878906,6,37.44,-30.08,,,,,,,,,,,2026-07-13,,,2026-06-01,Consumer Services,Casinos/Gaming,2026-09-25
LYB,ibd_double_bottom,,,Pre-Breakout,False,,watch_only,78.43000030517578,-25.87,double_bottom,78.43000030517578,m,-25.87,,,Pre-Breakout,78.43000030517578,double_bottom,78.43000030517578,m,,,,,,False,,,,,,,,,,,,,2026-03-30,83.94000244140625,2026-04-13,65.76000213623047,2026-05-04,2026-06-29,51.97999954223633,10,38.07,-20.95,,,,,,,,,,,2026-06-08,,,2026-03-30,Process Industries,Chemicals: Specialty,2026-09-25
HIPO,ibd_double_bottom,,,Pre-Breakout,False,,watch_only,37.93000030517578,-19.3,double_bottom,37.93000030517578,m,-19.3,,,Pre-Breakout,37.93000030517578,double_bottom,37.93000030517578,m,,,,,,False,,,,,,,,,,,,,2025-09-15,38.97999954223633,2025-10-13,33.45000076293945,2025-10-27,2026-04-27,24.079999923706055,8,38.22,-28.01,,,,,,,,,,,2025-11-10,,,2025-09-15,Finance,Property/Casualty Insurance,2026-09-25
CRS,ibd_double_bottom,,,Pre-Breakout,False,,watch_only,612.780029296875,-35.24,double_bottom,612.780029296875,m,-35.24,,,Pre-Breakout,612.780029296875,double_bottom,612.780029296875,m,,,,,,False,,,,,,,,,,,,,2026-07-06,625.989990234375,2026-07-13,532.5800170898438,2026-07-20,2026-09-21,386.510009765625,4,38.26,-27.43,,,,,,,,,,,2026-08-17,,,2026-07-06,,,2026-09-25
DLTR,ibd_double_bottom,,,Pre-Breakout,False,,watch_only,138.91000366210938,-17.88,double_bottom,138.91000366210938,m,-17.88,,,Pre-Breakout,138.91000366210938,double_bottom,138.91000366210938,m,,,,,,False,,,,,,,,,,,,,2026-01-12,142.39999389648438,2026-01-26,116.0199966430664,2026-02-16,2026-05-11,85.87999725341797,8,39.69,-25.98,,,,,,,,,,,2026-03-09,,,2026-01-12,Retail Trade,Discount Stores,2026-09-25
LSBK,ibd_double_bottom,,,Retired,False,daily_volume_not_confirmed,watch_only,15.59000015258789,14.3,double_bottom,15.59000015258789,m,14.3,,,Retired,15.59000015258789,double_bottom,15.59000015258789,m,matured_breakout,2026-04-06,2026-06-15,,,False,,,,,,,,,,,,,2026-02-02,15.75,2026-02-09,15.420000076293945,2026-02-16,2026-02-23,15.399999618530273,4,2.22,-0.13,,,2026-03-02,2026-04-06,2026-06-15,,,,,,2026-03-16,2026-04-06,matured_breakout,2026-04-06,Finance,Savings Banks,2026-09-25
QNBC,ibd_double_bottom,,,Retired,False,,watch_only,35.34000015258789,29.57,double_bottom,35.34000015258789,m,29.57,,,Retired,35.34000015258789,double_bottom,35.34000015258789,m,matured_breakout,2026-01-26,2026-01-26,,,True,2026-01-27,5.21,,,,,,,,,,,2025-11-03,35.439998626708984,2025-11-24,34.75,2025-12-01,2025-12-15,34.0,7,4.06,-2.16,,,2026-01-26,2026-01-26,2026-01-26,,,,,,2026-01-05,2026-01-26,matured_breakout,2026-01-26,Finance,Regional Banks,2026-09-25
WCCB,ibd_double_bottom,,,Retired,False,daily_volume_not_confirmed,watch_only,41.9900016784668,44.58,double_bottom_handle,44.5,handle,36.43,,,Retired,41.9900016784668,double_bottom_handle,44.5,handle,matured_breakout,2025-12-01,,2025-12-29,44.5,False,,,,,,,,,,,,,2025-09-22,42.5,2025-10-13,40.5,2025-10-20,2025-10-27,40.20000076293945,6,5.41,-0.74,,,2025-12-01,2025-12-01,,2025-12-29,44.5,,,,2025-11-03,2026-01-19,matured_breakout,2026-01-19,Finance,Regional Banks,2026-09-25
PBFS,ibd_double_bottom,,,Retired,False,daily_volume_not_confirmed,watch_only,13.289999961853027,32.96,double_bottom,13.289999961853027,m,32.96,,,Retired,13.289999961853027,double_bottom,13.289999961853027,m,matured_breakout,2025-11-03,2025-12-08,,,False,,,,,,,,,,,,,2025-09-15,13.649999618530273,2025-09-22,12.819999694824219,2025-09-29,2025-10-20,12.640000343322754,5,7.4,-1.4,,,2025-10-20,2025-11-03,2025-12-08,,,,,,2025-10-27,2025-11-03,matured_breakout,2025-11-03,Finance,Regional Banks,2026-09-25
HBT,ibd_double_bottom,,,Retired,False,daily_volume_not_confirmed,watch_only,28.690000534057617,26.35,double_bottom,28.690000534057617,m,26.35,,,Retired,28.690000534057617,double_bottom,28.690000534057617,m,matured_breakout,2026-06-01,2026-06-08,,,False,,,,,,,,,,,,,2026-04-13,29.3799991607666,2026-04-27,27.360000610351562,2026-05-04,2026-05-11,26.940000534057617,5,8.3,-1.54,,,2026-05-18,2026-06-01,2026-06-08,,,,,,2026-05-25,2026-06-01,matured_breakout,2026-06-01,Finance,Regional Banks,2026-09-25
UBSI,ibd_double_bottom,,,Retired,False,,watch_only,36.880001068115234,27.06,double_bottom,36.880001068115234,m,27.06,,,Retired,36.880001068115234,double_bottom,36.880001068115234,m,matured_breakout,2025-06-30,2025-08-18,,,True,2025-07-01,1.67,,,,,,,,,,,2025-05-12,37.459999084472656,2025-05-19,35.41999816894531,2025-05-26,2025-06-16,34.34000015258789,5,8.33,-3.05,,,2025-06-30,2025-06-30,2025-08-18,,,,,,2025-06-23,2025-06-30,matured_breakout,2025-06-30,Finance,Regional Banks,2026-09-25
NDSN,ibd_double_bottom,,,Retired,False,daily_volume_not_confirmed,watch_only,220.91000366210938,47.47,double_bottom_handle,251.47000122070312,handle,29.55,,,Retired,220.91000366210938,double_bottom_handle,251.47000122070312,handle,matured_breakout,2025-08-18,,2025-08-25,251.47000122070312,False,,,,,,,,,,,,,2025-07-07,226.13999938964844,2025-07-14,210.42999267578125,2025-07-21,2025-07-28,207.0800018310547,4,8.43,-1.59,,,2025-08-11,2025-08-18,,2025-08-25,251.47000122070312,-6.71,5.0,True,2025-08-18,2026-01-05,matured_breakout,2026-01-05,Producer Manufacturing,Industrial Machinery,2026-09-25
CPF,ibd_double_bottom,,,Retired,False,,watch_only,32.31999969482422,14.02,double_bottom,32.31999969482422,m,14.02,,,Retired,32.31999969482422,double_bottom,32.31999969482422,m,matured_breakout,2026-01-26,2026-02-02,,,True,2026-01-30,1.76,,,,,,,,,,,2025-12-15,33.349998474121094,2025-12-29,30.479999542236328,2026-01-05,2026-01-12,30.420000076293945,5,8.79,-0.2,,,2026-01-19,2026-01-26,2026-02-02,,,,,,2026-01-26,2026-01-26,matured_breakout,2026-01-26,Finance,Regional Banks,2026-09-25
RPRX,ibd_double_bottom,,,Retired,False,daily_volume_not_confirmed,watch_only,37.2760009765625,56.16,double_bottom,37.2760009765625,m,56.16,,,Retired,37.2760009765625,double_bottom,37.2760009765625,m,matured_breakout,2025-10-27,2025-11-10,,,False,,,,,,,,,,,,,2025-08-04,38.0,2025-08-25,35.47999954223633,2025-09-01,2025-09-22,34.630001068115234,7,8.87,-2.4,,,2025-10-20,2025-10-27,2025-11-10,,,,,,2025-09-22,2025-10-27,matured_breakout,2025-10-27,Health Technology,Pharmaceuticals: Major,2026-09-25
PFG,ibd_double_bottom,,,Retired,False,daily_volume_not_confirmed,watch_only,82.16000366210938,39.69,double_bottom_handle,86.05000305175781,handle,33.38,,,Retired,82.16000366210938,double_bottom_handle,86.05000305175781,handle,matured_breakout,2025-09-08,,2025-11-17,86.05000305175781,False,,,,,,,,,,,,,2025-05-12,82.36000061035156,2025-06-16,75.30999755859375,2025-07-07,2025-07-28,75.0,12,8.94,-0.41,,,2025-09-08,2025-09-08,,2025-11-17,86.05000305175781,-7.03,4.0,True,2025-08-04,2025-12-01,matured_breakout,2025-12-01,Finance,Investment Managers,2026-09-25
OHI,ibd_double_bottom,,,Retired,False,daily_volume_not_confirmed,watch_only,45.20000076293945,2.39,double_bottom_handle,47.939998626708984,handle,-3.46,,,Retired,45.20000076293945,double_bottom_handle,47.939998626708984,handle,failed_breakout,2026-02-02,,2026-02-16,47.939998626708984,False,,,,,,,,,,,,,2025-12-01,46.36000061035156,2026-01-05,42.900001525878906,2026-01-19,2026-01-26,42.18000030517578,9,9.02,-1.68,,,2026-02-02,2026-02-02,,2026-02-16,47.939998626708984,-3.46,3.0,True,2026-02-02,2026-02-23,failed_breakout,2026-02-23,Finance,Real Estate Investment Trusts,2026-09-25
CHMG,ibd_double_bottom,,,Retired,False,,watch_only,53.75,52.56,double_bottom,53.75,m,52.56,,,Retired,53.75,double_bottom,53.75,m,matured_breakout,2025-12-08,2025-12-08,,,True,2025-12-09,2.0,,,,,,,,,,,2025-09-01,54.77000045776367,2025-09-15,52.20000076293945,2025-09-22,2025-10-13,49.81999969482422,5,9.04,-4.56,,,2025-12-01,2025-12-08,2025-12-08,,,,,,2025-10-13,2025-12-08,matured_breakout,2025-12-08,Finance,Regional Banks,2026-09-25
AAMI,ibd_double_bottom,,,Retired,False,no_daily_detail,watch_only,23.270000457763672,303.44,double_bottom,23.270000457763672,m,303.44,,,Retired,23.270000457763672,double_bottom,23.270000457763672,m,matured_breakout,2024-07-08,2024-07-15,,,False,,,,,,,,,,,,,2024-04-22,23.6299991607666,2024-06-03,21.950000762939453,2024-06-10,2024-06-24,21.450000762939453,9,9.23,-2.28,,,2024-07-08,2024-07-08,2024-07-15,,,,,,2024-06-24,2024-07-08,matured_breakout,2024-07-08,Finance,Investment Managers,2026-09-25
ACNB,ibd_double_bottom,,,Retired,False,,watch_only,46.29999923706055,37.65,double_bottom,46.29999923706055,m,37.65,,,Retired,46.29999923706055,double_bottom,46.29999923706055,m,matured_breakout,2025-11-03,2025-12-01,,,True,2025-11-05,1.57,,,,,,,,,,,2025-08-18,46.849998474121094,2025-09-01,43.810001373291016,2025-09-15,2025-10-06,42.52000045776367,7,9.24,-2.94,,,2025-11-03,2025-11-03,2025-12-01,,,,,,2025-10-06,2025-11-03,matured_breakout,2025-11-03,Finance,Regional Banks,2026-09-25
TRV,ibd_double_bottom,,,Retired,False,daily_volume_not_confirmed,watch_only,295.1000061035156,23.02,double_bottom_handle,304.3999938964844,handle,19.26,,,Retired,295.1000061035156,double_bottom_handle,304.3999938964844,handle,matured_breakout,2026-02-02,,2026-02-09,304.3999938964844,False,,,,,,,,,,,,,2025-11-24,296.8500061035156,2025-12-08,277.3999938964844,2025-12-15,2026-01-19,268.0,8,9.72,-3.39,,,2026-02-02,2026-02-02,,2026-02-09,304.3999938964844,-4.22,3.0,True,2026-01-19,2026-02-16,matured_breakout,2026-02-16,Finance,Property/Casualty Insurance,2026-09-25
CLBK,ibd_double_bottom,,,Retired,False,,watch_only,8.46363639831543,33.87,double_bottom,8.46363639831543,m,33.87,,,Retired,8.46363639831543,double_bottom,8.46363639831543,m,matured_breakout,2026-04-27,2026-05-11,,,True,2026-04-28,1.85,,,,,,,,,,,2026-02-02,8.57727336883545,2026-02-23,7.96818208694458,2026-03-02,2026-03-16,7.736363887786865,6,9.8,-2.91,,,2026-04-06,2026-04-27,2026-05-11,,,,,,2026-03-16,2026-04-27,matured_breakout,2026-04-27,,,2026-09-25
TMP,ibd_double_bottom,,,Retired,False,,watch_only,63.52000045776367,56.75,double_bottom,63.52000045776367,m,56.75,,,Retired,63.52000045776367,double_bottom,63.52000045776367,m,matured_breakout,2025-06-23,2025-08-18,,,True,2025-06-27,3.54,,,,,,,,,,,2025-05-12,66.30000305175781,2025-05-19,59.84000015258789,2025-06-09,2025-06-16,59.66999816894531,6,10.0,-0.28,,,2025-06-23,2025-06-23,2025-08-18,,,,,,2025-06-23,2025-06-23,matured_breakout,2025-06-23,Finance,Regional Banks,2026-09-25
CASS,ibd_double_bottom,,,Retired,False,daily_volume_not_confirmed,watch_only,45.959999084472656,17.78,double_bottom,45.959999084472656,m,17.78,,,Retired,45.959999084472656,double_bottom,45.959999084472656,m,matured_breakout,2026-04-06,2026-04-20,,,False,,,,,,,,,,,,,2026-02-09,47.43000030517578,2026-02-23,43.08000183105469,2026-03-02,2026-03-23,42.540000915527344,6,10.31,-1.25,,,2026-04-06,2026-04-06,2026-04-20,,,,,,2026-03-23,2026-04-06,matured_breakout,2026-04-06,Commercial Services,Miscellaneous Commercial Services,2026-09-25
SMBC,ibd_double_bottom,,,Retired,False,daily_volume_not_confirmed,watch_only,64.05000305175781,12.82,double_bottom,64.05000305175781,m,12.82,,,Retired,64.05000305175781,double_bottom,64.05000305175781,m,matured_breakout,2026-03-30,2026-04-13,,,False,,,,,,,,,,,,,2026-02-02,66.55999755859375,2026-02-23,61.36000061035156,2026-03-02,2026-03-09,59.70000076293945,6,10.31,-2.71,,,2026-03-23,2026-03-30,2026-04-13,,,,,,2026-03-16,2026-03-30,matured_breakout,2026-03-30,Finance,Savings Banks,2026-09-25
SRBK,ibd_double_bottom,,,Retired,False,daily_volume_not_confirmed,watch_only,17.280000686645508,11.11,double_bottom,17.280000686645508,m,11.11,,,Retired,17.280000686645508,double_bottom,17.280000686645508,m,matured_breakout,2026-04-06,2026-04-20,,,False,,,,,,,,,,,,,2026-02-09,18.040000915527344,2026-02-23,16.25,2026-03-23,2026-03-30,16.15999984741211,8,10.42,-0.55,,,2026-04-06,2026-04-06,2026-04-20,,,,,,2026-04-06,2026-04-06,matured_breakout,2026-04-06,Finance,Regional Banks,2026-09-25
MNSB,ibd_double_bottom,,,Retired,False,daily_volume_not_confirmed,watch_only,19.899999618530273,24.77,double_bottom_handle,20.780000686645508,handle,19.49,,,Retired,19.899999618530273,double_bottom_handle,20.780000686645508,handle,failed_breakout,2025-06-30,,2025-07-14,20.780000686645508,False,,,,,,,,,,,,,2025-05-05,20.09000015258789,2025-05-12,18.729999542236328,2025-05-19,2025-06-09,17.950000762939453,4,10.65,-4.16,,,2025-06-30,2025-06-30,,2025-07-14,20.780000686645508,-7.41,3.0,True,2025-06-16,2025-07-21,failed_breakout,2025-07-21,Finance,Regional Banks,2026-09-25
PRLB,ibd_double_bottom,,,Retired,False,no_daily_detail,watch_only,32.529998779296875,195.88,double_bottom,32.529998779296875,m,195.88,,,Retired,32.529998779296875,double_bottom,32.529998779296875,m,failed_breakout,2024-07-15,2024-07-22,,,False,,,,,,,,,,,,,2024-05-13,33.209999084472656,2024-05-27,30.200000762939453,2024-06-03,2024-07-08,29.649999618530273,5,10.72,-1.82,,,2024-07-15,2024-07-15,2024-07-22,,,,,,2024-06-24,2024-07-15,failed_breakout,2024-07-15,Process Industries,Chemicals: Specialty,2026-09-25
DGII,ibd_double_bottom,,,Retired,False,daily_volume_not_confirmed,watch_only,51.709999084472656,51.42,double_bottom,51.709999084472656,m,51.42,,,Retired,51.709999084472656,double_bottom,51.709999084472656,m,matured_breakout,2026-04-06,2026-04-13,,,False,,,,,,,,,,,,,2026-02-16,51.779998779296875,2026-02-23,47.0,2026-03-16,2026-03-30,46.20000076293945,7,10.78,-1.7,,,2026-04-06,2026-04-06,2026-04-13,,,,,,2026-04-06,2026-04-06,matured_breakout,2026-04-06,Electronic Technology,Telecommunications Equipment,2026-09-25
HWM,ibd_double_bottom,,,Retired,False,daily_volume_not_confirmed,watch_only,207.77000427246094,11.89,double_bottom,207.77000427246094,m,11.89,,,Retired,207.77000427246094,double_bottom,207.77000427246094,m,matured_breakout,2025-12-22,2026-01-05,,,False,,,,,,,,,,,,,2025-10-27,211.9499969482422,2025-11-17,192.75999450683594,2025-11-24,2025-12-01,188.8300018310547,6,10.91,-2.04,,,2025-12-22,2025-12-22,2026-01-05,,,,,,2025-12-08,2025-12-22,matured_breakout,2025-12-22,,,2026-09-25
FLXS,ibd_double_bottom,,,Retired,False,,watch_only,42.56999969482422,109.94,double_bottom,42.56999969482422,m,109.94,,,Retired,42.56999969482422,double_bottom,42.56999969482422,m,matured_breakout,2026-02-02,2026-02-02,,,True,2026-02-03,3.14,,,,,,,,,,,2025-12-15,42.93000030517578,2025-12-29,38.529998779296875,2026-01-12,2026-01-26,38.220001220703125,7,10.97,-0.8,,,2026-02-02,2026-02-02,2026-02-02,,,,,,2026-02-02,2026-02-02,matured_breakout,2026-02-02,Consumer Durables,Home Furnishings,2026-09-25
GSBC,ibd_double_bottom,,,Retired,False,daily_volume_not_confirmed,watch_only,64.80000305175781,21.77,double_bottom,64.80000305175781,m,21.77,,,Retired,64.80000305175781,double_bottom,64.80000305175781,m,matured_breakout,2026-04-06,2026-04-13,,,False,,,,,,,,,,,,,2025-12-15,66.58999633789062,2025-12-29,60.72999954223633,2026-01-12,2026-01-26,59.279998779296875,6,10.98,-2.39,,,2026-02-09,2026-04-06,2026-04-13,,,,,,2026-01-26,2026-04-06,matured_breakout,2026-04-06,Finance,Regional Banks,2026-09-25
WELL,ibd_double_bottom,,,Retired,False,daily_volume_not_confirmed,watch_only,210.67999267578125,9.82,double_bottom,210.67999267578125,m,9.82,,,Retired,210.67999267578125,double_bottom,210.67999267578125,m,matured_breakout,2026-04-27,2026-06-22,,,False,,,,,,,,,,,,,2026-02-16,216.42999267578125,2026-03-02,199.1999969482422,2026-03-09,2026-03-23,192.66000366210938,5,10.98,-3.28,,,2026-04-06,2026-04-27,2026-06-22,,,,,,2026-03-30,2026-04-27,matured_breakout,2026-04-27,Finance,Real Estate Investment Trusts,2026-09-25
KO,ibd_double_bottom,,,Retired,False,,watch_only,71.70999908447266,22.45,double_bottom,71.70999908447266,m,22.45,,,Retired,71.70999908447266,double_bottom,71.70999908447266,m,matured_breakout,2025-11-17,2026-02-02,,,True,2025-11-21,1.67,,,,,,,,,,,2025-04-28,73.4800033569336,2025-07-28,67.73999786376953,2025-08-18,2025-09-29,65.3499984741211,19,11.06,-3.53,,,2025-11-10,2025-11-17,2026-02-02,,,,,,2025-09-08,2025-11-17,matured_breakout,2025-11-17,Consumer Non-Durables,Beverages: Non-Alcoholic,2026-09-25
HTB,ibd_double_bottom,,,Retired,False,daily_volume_not_confirmed,watch_only,43.45000076293945,6.31,double_bottom,43.45000076293945,m,6.31,,,Retired,43.45000076293945,double_bottom,43.45000076293945,m,matured_breakout,2026-04-06,2026-04-27,,,False,,,,,,,,,,,,,2026-02-02,45.9900016784668,2026-02-23,41.90999984741211,2026-03-02,2026-03-09,40.869998931884766,6,11.13,-2.48,,,2026-03-30,2026-04-06,2026-04-27,,,,,,2026-03-16,2026-04-06,matured_breakout,2026-04-06,Finance,Regional Banks,2026-09-25
DAC,ibd_double_bottom,,,Retired,False,,watch_only,132.75999450683594,16.1,double_bottom,132.75999450683594,m,16.1,,,Retired,132.75999450683594,double_bottom,132.75999450683594,m,matured_breakout,2026-07-20,2026-07-20,,,True,2026-07-23,1.88,,,,,,,,,,,2026-05-04,135.2100067138672,2026-05-25,122.56999969482422,2026-06-15,2026-06-29,120.0,8,11.25,-2.1,,,2026-07-20,2026-07-20,2026-07-20,,,,,,2026-06-29,2026-07-20,matured_breakout,2026-07-20,Transportation,Marine Shipping,2026-09-25
AIZ,ibd_double_bottom,,,Retired,False,,watch_only,202.24000549316406,31.03,double_bottom,202.24000549316406,m,31.03,,,Retired,202.24000549316406,double_bottom,202.24000549316406,m,matured_breakout,2025-08-04,2025-08-11,,,True,2025-08-06,2.04,,,,,,,,,,,2025-06-02,206.74000549316406,2025-06-09,195.0399932861328,2025-06-16,2025-07-28,183.38999938964844,5,11.29,-5.97,,,2025-08-04,2025-08-04,2025-08-11,,,,,,2025-07-14,2025-08-04,matured_breakout,2025-08-04,Finance,Property/Casualty Insurance,2026-09-25
ACA,ibd_double_bottom,,,Retired,False,,watch_only,99.69999694824219,47.06,double_bottom,99.69999694824219,m,47.06,,,Retired,99.69999694824219,double_bottom,99.69999694824219,m,matured_breakout,2025-10-27,2025-11-24,,,True,2025-10-31,2.42,,,,,,,,,,,2025-08-11,100.47000122070312,2025-08-18,93.9800033569336,2025-08-25,2025-10-06,89.02999877929688,7,11.39,-5.27,,,2025-10-27,2025-10-27,2025-11-24,,,,,,2025-09-29,2025-10-27,matured_breakout,2025-10-27,Non-Energy Minerals,Construction Materials,2026-09-25
WTBA,ibd_double_bottom,,,Retired,False,,watch_only,24.719999313354492,18.08,double_bottom_handle,25.489999771118164,handle,14.52,,,Retired,24.719999313354492,double_bottom_handle,25.489999771118164,handle,matured_breakout,2026-06-08,,2026-06-15,25.489999771118164,True,2026-06-26,9.43,,,,,,,,,,,2026-04-06,25.5,2026-04-20,23.40999984741211,2026-04-27,2026-05-11,22.579999923706055,6,11.45,-3.55,,,2026-06-08,2026-06-08,,2026-06-15,25.489999771118164,-4.63,3.0,True,2026-05-18,2026-06-22,matured_breakout,2026-06-22,Finance,Regional Banks,2026-09-25
UFCS,ibd_double_bottom,,,Retired,False,,watch_only,28.100000381469727,89.79,double_bottom,28.100000381469727,m,89.79,,,Retired,28.100000381469727,double_bottom,28.100000381469727,m,matured_breakout,2025-08-04,2025-08-11,,,True,2025-08-06,1.78,,,,,,,,,,,2025-06-16,29.190000534057617,2025-07-07,26.950000762939453,2025-07-14,2025-07-28,25.790000915527344,6,11.65,-4.3,,,2025-08-04,2025-08-04,2025-08-11,,,,,,2025-07-28,2025-08-04,matured_breakout,2025-08-04,Finance,Property/Casualty Insurance,2026-09-25
CBL,ibd_double_bottom,,,Retired,False,daily_volume_not_confirmed,watch_only,38.51300048828125,34.79,double_bottom,38.51300048828125,m,34.79,,,Retired,38.51300048828125,double_bottom,38.51300048828125,m,matured_breakout,2026-03-30,2026-04-06,,,False,,,,,,,,,,,,,2025-12-15,38.66999816894531,2025-12-22,36.369998931884766,2026-01-05,2026-01-26,34.099998474121094,5,11.82,-6.24,,,2026-02-16,2026-03-30,2026-04-06,,,,,,2026-01-26,2026-03-30,matured_breakout,2026-03-30,Finance,Real Estate Investment Trusts,2026-09-25
MSGS,ibd_double_bottom,,,Retired,False,daily_volume_not_confirmed,watch_only,228.5800018310547,76.24,double_bottom,228.5800018310547,m,76.24,,,Retired,228.5800018310547,double_bottom,228.5800018310547,m,matured_breakout,2025-12-08,2025-12-15,,,False,,,,,,,,,,,,,2025-09-29,235.91700744628906,2025-10-06,215.07000732421875,2025-10-20,2025-10-27,207.89999389648438,5,11.88,-3.33,,,2025-11-24,2025-12-08,2025-12-15,,,,,,2025-11-10,2025-12-08,matured_breakout,2025-12-08,Consumer Services,Movies/Entertainment,2026-09-25
PLBC,ibd_double_bottom,,,Retired,False,,watch_only,44.5,39.98,double_bottom,44.5,m,39.98,,,Retired,44.5,double_bottom,44.5,m,matured_breakout,2025-12-08,2026-01-19,,,True,2025-12-10,4.69,,,,,,,,,,,2025-09-08,46.59000015258789,2025-09-15,42.970001220703125,2025-09-22,2025-10-06,41.0099983215332,4,11.98,-4.56,,,2025-10-13,2025-12-08,2026-01-19,,,,,,2025-10-20,2025-12-08,matured_breakout,2025-12-08,Finance,Regional Banks,2026-09-25
FROG,ibd_double_bottom,,,Retired,False,,watch_only,44.94200134277344,98.43,double_bottom,44.94200134277344,m,98.43,,,Retired,44.94200134277344,double_bottom,44.94200134277344,m,matured_breakout,2025-08-11,2025-08-25,,,True,2025-08-15,1.85,,,,,,,,,,,2025-06-02,45.099998474121094,2025-06-16,40.20000076293945,2025-06-30,2025-07-14,39.63999938964844,6,12.11,-1.39,,,2025-07-28,2025-08-11,2025-08-25,,,,,,2025-07-14,2025-08-11,matured_breakout,2025-08-11,Technology Services,Packaged Software,2026-09-25
EDRY,ibd_double_bottom,,,Retired,False,,watch_only,13.75,250.25,double_bottom,13.75,m,250.25,,,Retired,13.75,double_bottom,13.75,m,matured_breakout,2026-01-26,2026-02-16,,,True,2026-01-29,2.52,,,,,,,,,,,2025-11-10,14.0,2025-11-24,12.479999542236328,2025-12-08,2026-01-05,12.300000190734863,9,12.14,-1.44,,,2026-01-26,2026-01-26,2026-02-16,,,,,,2026-01-12,2026-01-26,matured_breakout,2026-01-26,Transportation,Marine Shipping,2026-09-25
ACT,ibd_double_bottom,,,Retired,False,,watch_only,39.2599983215332,19.64,double_bottom_handle,41.349998474121094,handle,13.59,,,Retired,39.2599983215332,double_bottom_handle,41.349998474121094,handle,matured_breakout,2025-12-08,,2025-12-22,41.349998474121094,True,2026-02-04,3.47,,,,,,,,,,,2025-09-08,39.470001220703125,2025-09-15,37.54999923706055,2025-09-22,2025-10-27,34.63999938964844,4,12.24,-7.75,,,2025-11-24,2025-12-08,,2025-12-22,41.349998474121094,-9.33,5.0,True,2025-10-20,2026-02-02,matured_breakout,2026-02-02,Finance,Multi-Line Insurance,2026-09-25
TBBB,ibd_double_bottom,,,Retired,False,,watch_only,43.189998626708984,24.01,double_bottom,43.189998626708984,m,24.01,,,Retired,43.189998626708984,double_bottom,43.189998626708984,m,matured_breakout,2026-08-10,2026-08-10,,,True,2026-08-13,5.24,,,,,,,,,,,2026-06-15,43.810001373291016,2026-06-29,40.31999969482422,2026-07-06,2026-07-20,38.439998626708984,5,12.26,-4.66,,,2026-08-03,2026-08-10,2026-08-10,,,,,,2026-07-27,2026-08-10,matured_breakout,2026-08-10,Retail Trade,Food Retail,2026-09-25
THG,ibd_double_bottom,,,Retired,False,,watch_only,156.63999938964844,38.82,double_bottom,156.63999938964844,m,38.82,,,Retired,156.63999938964844,double_bottom,156.63999938964844,m,matured_breakout,2025-02-03,2025-02-03,,,True,2025-02-05,2.74,,,,,,,,,,,2024-11-25,166.1300048828125,2024-12-16,149.97000122070312,2024-12-23,2025-01-06,145.1699981689453,7,12.62,-3.2,,,2025-01-13,2025-02-03,2025-02-03,,,,,,2025-01-13,2025-02-03,matured_breakout,2025-02-03,Finance,Property/Casualty Insurance,2026-09-25
ALRS,ibd_double_bottom,,,Retired,False,,watch_only,25.010000228881836,28.63,double_bottom_handle,26.079999923706055,handle,23.35,,,Retired,25.010000228881836,double_bottom_handle,26.079999923706055,handle,matured_breakout,2026-04-06,,2026-04-20,26.079999923706055,True,2026-04-30,2.21,,,,,,,,,,,2026-02-02,26.31999969482422,2026-02-23,23.59000015258789,2026-03-02,2026-03-16,22.979999542236328,6,12.69,-2.59,,,2026-04-06,2026-04-06,,2026-04-20,26.079999923706055,-4.75,3.0,True,2026-03-16,2026-04-27,matured_breakout,2026-04-27,Finance,Major Banks,2026-09-25
VIRT,ibd_double_bottom,,,Retired,False,daily_volume_not_confirmed,watch_only,36.25,47.31,double_bottom,36.25,m,47.31,,,Retired,36.25,double_bottom,36.25,m,matured_breakout,2026-01-12,2026-01-26,,,False,,,,,,,,,,,,,2025-11-10,36.27000045776367,2025-11-17,33.5,2025-12-08,2026-01-05,31.549999237060547,6,13.01,-5.82,,,2026-01-12,2026-01-12,2026-01-26,,,,,,2025-12-29,2026-01-12,matured_breakout,2026-01-12,Finance,Investment Banks/Brokers,2026-09-25
EBF,ibd_double_bottom,,,Retired,False,daily_volume_not_confirmed,watch_only,17.860000610351562,23.91,double_bottom_handle,19.0,handle,16.47,,,Retired,17.860000610351562,double_bottom_handle,19.0,handle,matured_breakout,2025-12-08,,2025-12-29,19.0,False,,,,,,,,,,,,,2025-09-01,18.739999771118164,2025-10-06,17.010000228881836,2025-10-13,2025-10-27,16.299999237060547,8,13.02,-4.17,,,2025-12-01,2025-12-08,,2025-12-29,19.0,-6.84,4.0,True,2025-10-27,2026-01-12,matured_breakout,2026-01-12,Commercial Services,Commercial Printing/Forms,2026-09-25
GHC,ibd_double_bottom,,,Retired,False,daily_volume_not_confirmed,watch_only,980.219970703125,17.82,double_bottom,980.219970703125,m,17.82,,,Retired,980.219970703125,double_bottom,980.219970703125,m,matured_breakout,2025-08-11,2025-08-11,,,False,,,,,,,,,,,,,2025-05-12,1015.0,2025-05-19,908.5,2025-06-23,2025-07-21,882.2100219726562,10,13.08,-2.89,,,2025-08-11,2025-08-11,2025-08-11,,,,,,2025-07-21,2025-08-11,matured_breakout,2025-08-11,Consumer Services,Other Consumer Services,2026-09-25
AMTB,ibd_double_bottom,,,Retired,False,daily_volume_not_confirmed,watch_only,23.75,24.51,double_bottom,23.75,m,24.51,,,Retired,23.75,double_bottom,23.75,m,matured_breakout,2026-06-08,2026-06-22,,,False,,,,,,,,,,,,,2026-04-06,24.3799991607666,2026-04-20,21.989999771118164,2026-05-04,2026-05-18,21.18000030517578,7,13.13,-3.68,,,2026-06-08,2026-06-08,2026-06-22,,,,,,2026-05-25,2026-06-08,matured_breakout,2026-06-08,Finance,Major Banks,2026-09-25
BNY,ibd_double_bottom,,,Retired,False,daily_volume_not_confirmed,watch_only,123.13999938964844,21.93,double_bottom,123.13999938964844,m,21.93,,,Retired,123.13999938964844,double_bottom,123.13999938964844,m,matured_breakout,2026-04-06,2026-04-13,,,False,,,,,,,,,,,,,2026-02-09,128.75999450683594,2026-02-16,116.55000305175781,2026-02-23,2026-03-09,111.70999908447266,4,13.24,-4.15,,,2026-04-06,2026-04-06,2026-04-13,,,,,,2026-03-23,2026-04-06,matured_breakout,2026-04-06,Finance,Investment Banks/Brokers,2026-09-25
MSM,ibd_double_bottom,,,Retired,False,,watch_only,87.83999633789062,38.0,double_bottom,87.83999633789062,m,38.0,,,Retired,87.83999633789062,double_bottom,87.83999633789062,m,matured_breakout,2026-02-02,2026-02-02,,,True,2026-02-03,1.51,,,,,,,,,,,2025-11-10,90.8499984741211,2025-12-08,81.04000091552734,2025-12-29,2026-01-05,78.80000305175781,9,13.26,-2.76,,,2026-01-19,2026-02-02,2026-02-02,,,,,,2026-01-12,2026-02-02,matured_breakout,2026-02-02,Distribution Services,Wholesale Distributors,2026-09-25
CNXN,ibd_double_bottom,,,Retired,False,,watch_only,60.84000015258789,46.81,double_bottom,60.84000015258789,m,46.81,,,Retired,60.84000015258789,double_bottom,60.84000015258789,m,failed_breakout,2026-02-02,2026-02-02,,,True,2026-02-05,2.46,,,,,,,,,,,2025-09-22,63.400001525878906,2025-10-27,55.5,2025-11-03,2025-11-17,54.970001220703125,9,13.3,-0.95,,,2025-12-08,2026-02-02,2026-02-02,,,,,,2025-11-24,2026-02-02,failed_breakout,2026-02-02,Technology Services,Information Technology Services,2026-09-25
FTDR,ibd_double_bottom,,,Retired,False,,watch_only,60.68000030517578,21.93,double_bottom,60.68000030517578,m,21.93,,,Retired,60.68000030517578,double_bottom,60.68000030517578,m,failed_breakout,2026-02-23,2026-02-23,,,True,2026-02-26,2.25,,,,,,,,,,,2026-01-12,62.16999816894531,2026-01-19,56.939998626708984,2026-01-26,2026-02-23,53.77000045776367,4,13.51,-5.57,,,2026-02-23,2026-02-23,2026-02-23,,,,,,2026-02-23,2026-02-23,failed_breakout,2026-02-23,Consumer Durables,Homebuilding,2026-09-25
SRCE,ibd_double_bottom,,,Retired,False,,watch_only,65.2699966430664,31.9,double_bottom,65.2699966430664,m,31.9,,,Retired,65.2699966430664,double_bottom,65.2699966430664,m,matured_breakout,2025-12-08,2026-02-02,,,True,2025-12-10,1.87,,,,,,,,,,,2025-09-01,65.81999969482422,2025-09-08,63.29999923706055,2025-09-15,2025-10-13,56.88999938964844,4,13.57,-10.13,,,2025-12-08,2025-12-08,2026-02-02,,,,,,2025-10-13,2025-12-08,matured_breakout,2025-12-08,Finance,Regional Banks,2026-09-25
SUN,ibd_double_bottom,,,Retired,False,,watch_only,53.2400016784668,40.42,double_bottom,53.2400016784668,m,40.42,,,Retired,53.2400016784668,double_bottom,53.2400016784668,m,matured_breakout,2025-10-13,2025-11-24,,,True,2025-10-17,1.55,,,,,,,,,,,2025-07-28,55.630001068115234,2025-08-11,50.45000076293945,2025-08-18,2025-09-22,47.97999954223633,7,13.75,-4.9,,,2025-10-13,2025-10-13,2025-11-24,,,,,,2025-09-15,2025-10-13,matured_breakout,2025-10-13,Distribution Services,Wholesale Distributors,2026-09-25
VIK,ibd_double_bottom,,,Retired,False,,watch_only,62.619998931884766,28.23,double_bottom,62.619998931884766,m,28.23,,,Retired,62.619998931884766,double_bottom,62.619998931884766,m,matured_breakout,2025-11-17,2025-11-24,,,True,2025-11-21,1.76,,,,,,,,,,,2025-09-08,65.37000274658203,2025-10-06,57.849998474121094,2025-10-13,2025-11-03,56.369998931884766,9,13.77,-2.56,,,2025-11-17,2025-11-17,2025-11-24,,,,,,2025-11-10,2025-11-17,matured_breakout,2025-11-17,,,2026-09-25
MRK,ibd_double_bottom,,,Retired,False,daily_volume_not_confirmed,watch_only,124.0,19.98,double_bottom_handle,135.0500030517578,handle,10.17,,,Retired,124.0,double_bottom_handle,135.0500030517578,handle,matured_breakout,2026-06-22,,2026-07-06,135.0500030517578,False,,,,,,,,,,,,,2026-02-23,125.13999938964844,2026-03-16,112.72000122070312,2026-04-06,2026-04-27,107.9000015258789,9,13.78,-4.28,,,2026-06-22,2026-06-22,,2026-07-06,135.0500030517578,-6.54,3.0,True,2026-04-27,2026-08-10,matured_breakout,2026-08-10,Health Technology,Pharmaceuticals: Major,2026-09-25
LXP,ibd_double_bottom,,,Retired,False,,watch_only,50.720001220703125,20.03,double_bottom_handle,54.709999084472656,handle,11.28,,,Retired,50.720001220703125,double_bottom_handle,54.709999084472656,handle,matured_breakout,2026-04-13,,2026-05-11,54.709999084472656,True,2026-06-26,5.09,,,,,,,,,,,2026-02-02,52.43000030517578,2026-02-09,46.47999954223633,2026-02-23,2026-03-23,45.18000030517578,6,13.83,-2.8,,,2026-04-13,2026-04-13,,2026-05-11,54.709999084472656,,,,2026-03-16,2026-06-22,matured_breakout,2026-06-22,Finance,Real Estate Investment Trusts,2026-09-25
FBIZ,ibd_double_bottom,,,Retired,False,daily_volume_not_confirmed,watch_only,52.83000183105469,33.5,double_bottom,52.83000183105469,m,33.5,,,Retired,52.83000183105469,double_bottom,52.83000183105469,m,matured_breakout,2025-12-01,2025-12-08,,,False,,,,,,,,,,,,,2025-09-01,53.470001220703125,2025-09-08,51.290000915527344,2025-09-15,2025-10-13,46.06999969482422,4,13.84,-10.18,,,2025-11-10,2025-12-01,2025-12-08,,,,,,2025-10-13,2025-12-01,matured_breakout,2025-12-01,Finance,Regional Banks,2026-09-25
OOMA,ibd_double_bottom,,,Retired,False,,watch_only,12.40999984741211,75.42,double_bottom,12.40999984741211,m,75.42,,,Retired,12.40999984741211,double_bottom,12.40999984741211,m,matured_breakout,2026-03-02,2026-03-02,,,True,2026-03-04,1.97,,,,,,,,,,,2025-12-08,12.800000190734863,2025-12-29,11.109999656677246,2026-01-12,2026-02-09,11.020000457763672,10,13.91,-0.81,,,2026-02-23,2026-03-02,2026-03-02,,,,,,2026-02-16,2026-03-02,matured_breakout,2026-03-02,Communications,Major Telecommunications,2026-09-25
PTGX,ibd_double_bottom,,,Retired,False,daily_volume_not_confirmed,watch_only,107.0,32.58,double_bottom,107.0,m,32.58,,,Retired,107.0,double_bottom,107.0,m,matured_breakout,2026-06-08,2026-06-15,,,False,,,,,,,,,,,,,2026-03-30,107.83999633789062,2026-04-06,98.4000015258789,2026-04-20,2026-06-01,92.75,5,13.99,-5.74,,,2026-06-08,2026-06-08,2026-06-15,,,,,,2026-05-11,2026-06-08,matured_breakout,2026-06-08,Health Technology,Pharmaceuticals: Major,2026-09-25
JAZZ,ibd_double_bottom,,,Retired,False,,watch_only,174.11000061035156,36.67,double_bottom,174.11000061035156,m,36.67,,,Retired,174.11000061035156,double_bottom,174.11000061035156,m,matured_breakout,2026-02-23,2026-02-23,,,True,2026-02-25,5.8,,,,,,,,,,,2025-11-17,182.99000549316406,2025-12-08,161.0,2025-12-29,2026-01-05,156.9499969482422,8,14.23,-2.52,,,2026-02-23,2026-02-23,2026-02-23,,,,,,2026-01-12,2026-02-23,matured_breakout,2026-02-23,Health Technology,Pharmaceuticals: Major,2026-09-25
CFFI,ibd_double_bottom,,,Retired,False,,watch_only,80.0,17.0,double_bottom,80.0,m,17.0,,,Retired,80.0,double_bottom,80.0,m,matured_breakout,2026-06-22,2026-06-22,,,True,2026-06-26,10.85,,,,,,,,,,,2026-03-23,80.98999786376953,2026-03-30,72.0,2026-05-04,2026-05-11,69.44000244140625,8,14.26,-3.56,,,2026-06-22,2026-06-22,2026-06-22,,,,,,2026-05-18,2026-06-22,matured_breakout,2026-06-22,Finance,Regional Banks,2026-09-25
JXN,ibd_double_bottom,,,Retired,False,daily_volume_not_confirmed,watch_only,102.08999633789062,30.39,double_bottom,102.08999633789062,m,30.39,,,Retired,102.08999633789062,double_bottom,102.08999633789062,m,matured_breakout,2025-12-08,2025-12-15,,,False,,,,,,,,,,,,,2025-10-06,104.61499786376953,2025-10-13,93.33000183105469,2025-10-27,2025-11-17,89.66999816894531,5,14.29,-3.92,,,2025-12-08,2025-12-08,2025-12-15,,,,,,2025-11-17,2025-12-08,matured_breakout,2025-12-08,Finance,Life/Health Insurance,2026-09-25
MSGE,ibd_double_bottom,,,Retired,False,,watch_only,41.02000045776367,92.81,double_bottom,41.02000045776367,m,92.81,,,Retired,41.02000045776367,double_bottom,41.02000045776367,m,matured_breakout,2025-09-08,2025-09-08,,,True,2025-09-12,2.0,,,,,,,,,,,2025-06-23,41.2400016784668,2025-07-07,37.439998626708984,2025-07-14,2025-08-11,35.310001373291016,6,14.38,-5.69,,,2025-09-01,2025-09-08,2025-09-08,,,,,,2025-08-04,2025-09-08,matured_breakout,2025-09-08,Consumer Services,Movies/Entertainment,2026-09-25
FMBH,ibd_double_bottom,,,Retired,False,daily_volume_not_confirmed,watch_only,37.439998626708984,32.8,double_bottom,37.439998626708984,m,32.8,,,Retired,37.439998626708984,double_bottom,37.439998626708984,m,matured_breakout,2025-11-17,2025-12-01,,,False,,,,,,,,,,,,,2025-06-30,39.91999816894531,2025-10-13,34.75,2025-10-20,2025-11-03,34.15999984741211,18,14.43,-1.7,,,2025-11-10,2025-11-17,2025-12-01,,,,,,2025-11-03,2025-11-17,matured_breakout,2025-11-17,Finance,Regional Banks,2026-09-25
IBEX,ibd_double_bottom,,,Retired,False,daily_volume_not_confirmed,watch_only,32.709999084472656,36.14,double_bottom,32.709999084472656,m,36.14,,,Retired,32.709999084472656,double_bottom,32.709999084472656,m,matured_breakout,2026-07-06,2026-07-13,,,False,,,,,,,,,,,,,2026-05-04,33.584999084472656,2026-05-11,29.075000762939453,2026-05-18,2026-06-22,28.719999313354492,8,14.49,-1.22,,,2026-07-06,2026-07-06,2026-07-13,,,,,,2026-06-29,2026-07-06,matured_breakout,2026-07-06,Commercial Services,Miscellaneous Commercial Services,2026-09-25
DINO,ibd_double_bottom,,,Retired,False,daily_volume_not_confirmed,watch_only,74.37999725341797,43.61,double_bottom,74.37999725341797,m,43.61,,,Retired,74.37999725341797,double_bottom,74.37999725341797,m,matured_breakout,2026-07-06,2026-07-13,,,False,,,,,,,,,,,,,2026-05-04,74.7300033569336,2026-05-25,66.25,2026-06-01,2026-06-22,63.81999969482422,7,14.6,-3.67,,,2026-06-29,2026-07-06,2026-07-13,,,,,,2026-06-22,2026-07-06,matured_breakout,2026-07-06,Energy Minerals,Oil Refining/Marketing,2026-09-25
PEBO,ibd_double_bottom,,,Retired,False,,watch_only,31.549999237060547,24.31,double_bottom,31.549999237060547,m,24.31,,,Retired,31.549999237060547,double_bottom,31.549999237060547,m,matured_breakout,2026-01-26,2026-02-02,,,True,2026-01-26,1.55,,,,,,,,,,,2025-07-21,32.20000076293945,2025-08-04,27.709999084472656,2025-09-01,2025-10-13,27.489999771118164,13,14.63,-0.79,,,2025-12-15,2026-01-26,2026-02-02,,,,,,2025-10-20,2026-01-26,matured_breakout,2026-01-26,Finance,Regional Banks,2026-09-25
IQV,ibd_double_bottom,,,Retired,False,,watch_only,196.22000122070312,37.79,double_bottom,196.22000122070312,m,37.79,,,Retired,196.22000122070312,double_bottom,196.22000122070312,m,matured_breakout,2025-09-29,2025-09-29,,,True,2025-10-01,1.65,,,,,,,,,,,2025-07-21,206.77999877929688,2025-08-04,176.47000122070312,2025-08-18,2025-09-22,176.16000366210938,10,14.81,-0.18,,,2025-09-29,2025-09-29,2025-09-29,,,,,,2025-09-29,2025-09-29,matured_breakout,2025-09-29,Health Technology,Biotechnology,2026-09-25
CNS,ibd_double_bottom,,,Retired,False,daily_volume_not_confirmed,watch_only,68.9800033569336,7.57,double_bottom,68.9800033569336,m,7.57,,,Retired,68.9800033569336,double_bottom,68.9800033569336,m,matured_breakout,2026-04-27,2026-05-04,,,False,,,,,,,,,,,,,2026-01-12,70.66000366210938,2026-02-02,60.33000183105469,2026-02-23,2026-03-23,60.16999816894531,11,14.85,-0.27,,,2026-04-20,2026-04-27,2026-05-04,,,,,,2026-03-30,2026-04-27,matured_breakout,2026-04-27,Finance,Investment Managers,2026-09-25
MOG-A,ibd_double_bottom,,,Retired,False,daily_volume_not_confirmed,watch_only,416.19000244140625,-6.82,double_bottom,416.19000244140625,m,-6.82,,,Retired,416.19000244140625,double_bottom,416.19000244140625,m,failed_breakout,2026-08-10,2026-08-10,,,False,,,,,,,,,,,,,2026-06-29,430.5199890136719,2026-07-13,367.92999267578125,2026-07-20,2026-07-27,365.739990234375,5,15.05,-0.6,,,2026-08-03,2026-08-10,2026-08-10,,,,,,2026-08-10,2026-08-10,failed_breakout,2026-08-10,,,2026-09-25
CFR,ibd_double_bottom,,,Retired,False,daily_volume_not_confirmed,watch_only,132.8300018310547,18.51,double_bottom,132.8300018310547,m,18.51,,,Retired,132.8300018310547,double_bottom,132.8300018310547,m,matured_breakout,2026-01-05,2026-02-02,,,False,,,,,,,,,,,,,2025-07-21,140.27000427246094,2025-08-04,121.33999633789062,2025-08-25,2025-10-13,119.0,13,15.16,-1.93,,,2026-01-05,2026-01-05,2026-02-02,,,,,,2025-10-20,2026-01-05,matured_breakout,2026-01-05,Finance,Regional Banks,2026-09-25
STT,ibd_double_bottom,,,Retired,False,daily_volume_not_confirmed,watch_only,134.0,35.33,double_bottom,134.0,m,35.33,,,Retired,134.0,double_bottom,134.0,m,matured_breakout,2026-04-06,2026-04-13,,,False,,,,,,,,,,,,,2026-01-12,137.0500030517578,2026-02-09,122.87000274658203,2026-02-23,2026-03-09,116.1500015258789,8,15.25,-5.47,,,2026-04-06,2026-04-06,2026-04-13,,,,,,2026-03-09,2026-04-06,matured_breakout,2026-04-06,Finance,Investment Banks/Brokers,2026-09-25
LMT,ibd_double_bottom,,,Retired,False,daily_volume_not_confirmed,watch_only,494.4599914550781,5.08,double_bottom,494.4599914550781,m,5.08,,,Retired,494.4599914550781,double_bottom,494.4599914550781,m,matured_breakout,2025-12-29,2026-01-05,,,False,,,,,,,,,,,,,2025-10-06,516.0,2025-10-20,482.5400085449219,2025-10-27,2025-12-01,437.25,5,15.26,-9.39,,,2025-12-29,2025-12-29,2026-01-05,,,,,,2025-11-17,2025-12-29,matured_breakout,2025-12-29,Electronic Technology,Aerospace & Defense,2026-09-25
FDSB,ibd_double_bottom,,,Retired,False,daily_volume_not_confirmed,watch_only,12.800000190734863,38.67,double_bottom,12.800000190734863,m,38.67,,,Retired,12.800000190734863,double_bottom,12.800000190734863,m,matured_breakout,2025-07-07,2025-08-18,,,False,,,,,,,,,,,,,2024-12-16,13.399999618530273,2025-02-24,12.15999984741211,2025-03-03,2025-04-07,11.350000381469727,15,15.3,-6.66,,,2025-05-05,2025-07-07,2025-08-18,,,,,,2025-03-31,2025-07-07,matured_breakout,2025-07-07,Finance,Savings Banks,2026-09-25
AIT,ibd_double_bottom,,,Retired,False,daily_volume_not_confirmed,watch_only,288.739990234375,15.46,double_bottom,288.739990234375,m,15.46,,,Retired,288.739990234375,double_bottom,288.739990234375,m,matured_breakout,2026-04-06,2026-05-04,,,False,,,,,,,,,,,,,2026-02-09,296.70001220703125,2026-02-16,275.9599914550781,2026-02-23,2026-03-16,250.89999389648438,4,15.44,-9.08,,,2026-04-06,2026-04-06,2026-05-04,,,,,,2026-03-23,2026-04-06,matured_breakout,2026-04-06,Distribution Services,Wholesale Distributors,2026-09-25
AMRX,ibd_double_bottom,,,Retired,False,,watch_only,13.84000015258789,42.85,double_bottom,13.84000015258789,m,42.85,,,Retired,13.84000015258789,double_bottom,13.84000015258789,m,matured_breakout,2026-06-08,2026-06-08,,,True,2026-06-09,1.56,,,,,,,,,,,2026-04-13,13.920000076293945,2026-04-20,12.345000267028809,2026-05-04,2026-05-18,11.760000228881836,5,15.52,-4.74,,,2026-06-01,2026-06-08,2026-06-08,,,,,,2026-05-25,2026-06-08,matured_breakout,2026-06-08,Health Technology,Pharmaceuticals: Major,2026-09-25
UVE,ibd_double_bottom,,,Retired,False,,watch_only,40.79999923706055,3.28,double_bottom,40.79999923706055,m,3.28,,,Retired,40.79999923706055,double_bottom,40.79999923706055,m,failed_breakout,2026-06-22,2026-06-29,,,True,2026-06-26,3.71,,,,,,,,,,,2026-04-27,41.959999084472656,2026-05-11,38.290000915527344,2026-05-18,2026-06-01,35.38999938964844,5,15.66,-7.57,,,2026-06-22,2026-06-22,2026-06-29,,,,,,2026-06-08,2026-06-22,failed_breakout,2026-06-22,Finance,Property/Casualty Insurance,2026-09-25
ECO,ibd_double_bottom,,,Retired,False,daily_volume_not_confirmed,watch_only,24.510000228881836,217.83,double_bottom,24.510000228881836,m,217.83,,,Retired,24.510000228881836,double_bottom,24.510000228881836,m,matured_breakout,2025-08-11,2025-08-11,,,False,,,,,,,,,,,,,2025-05-05,25.25,2025-06-02,21.604999542236328,2025-06-16,2025-06-30,21.270000457763672,9,15.76,-1.55,,,2025-07-21,2025-08-11,2025-08-11,,,,,,2025-07-07,2025-08-11,matured_breakout,2025-08-11,Transportation,Marine Shipping,2026-09-25
HZO,ibd_double_bottom,,,Retired,False,,watch_only,36.86000061035156,42.27,double_bottom,36.86000061035156,m,42.27,,,Retired,36.86000061035156,double_bottom,36.86000061035156,m,matured_breakout,2026-08-10,2026-08-10,,,True,2026-08-10,26.54,,,,,,,,,,,2026-06-22,38.13999938964844,2026-07-13,33.369998931884766,2026-07-27,2026-08-03,32.09000015258789,7,15.86,-3.84,,,2026-08-10,2026-08-10,2026-08-10,,,,,,2026-08-10,2026-08-10,matured_breakout,2026-08-10,Retail Trade,Specialty Stores,2026-09-25
PODD,ibd_double_bottom,,,Retired,False,daily_volume_not_confirmed,watch_only,316.0,-56.92,double_bottom,316.0,m,-56.92,,,Retired,316.0,double_bottom,316.0,m,failed_breakout,2025-08-11,2025-08-25,,,False,,,,,,,,,,,,,2025-05-19,329.3299865722656,2025-06-09,295.55999755859375,2025-06-30,2025-08-04,276.4599914550781,8,16.05,-6.46,,,2025-08-04,2025-08-11,2025-08-25,,,,,,2025-07-14,2025-08-11,failed_breakout,2025-08-11,Health Technology,Medical Specialties,2026-09-25
KRNT,ibd_double_bottom,,,Retired,False,daily_volume_not_confirmed,watch_only,16.170000076293945,-3.77,double_bottom,16.170000076293945,m,-3.77,,,Retired,16.170000076293945,double_bottom,16.170000076293945,m,failed_breakout,2026-08-03,2026-08-03,,,False,,,,,,,,,,,,,2026-06-22,17.1299991607666,2026-06-29,15.510000228881836,2026-07-06,2026-07-27,14.359999656677246,4,16.17,-7.41,,,2026-08-03,2026-08-03,2026-08-03,,,,,,2026-08-03,2026-08-03,failed_breakout,2026-08-03,Process Industries,Chemicals: Specialty,2026-09-25
NGL,ibd_double_bottom,,,Retired,False,,watch_only,10.239999771118164,47.46,double_bottom,10.239999771118164,m,47.46,,,Retired,10.239999771118164,double_bottom,10.239999771118164,m,matured_breakout,2026-01-26,2026-01-26,,,True,2026-01-26,3.02,,,,,,,,,,,2025-11-10,10.289999961853027,2025-11-24,9.149999618530273,2025-12-08,2026-01-05,8.619999885559082,9,16.23,-5.79,,,2026-01-19,2026-01-26,2026-01-26,,,,,,2026-01-12,2026-01-26,matured_breakout,2026-01-26,Industrial Services,Oil & Gas Pipelines,2026-09-25
WSFS,ibd_double_bottom,,,Retired,False,,watch_only,59.290000915527344,31.15,double_bottom,59.290000915527344,m,31.15,,,Retired,59.290000915527344,double_bottom,59.290000915527344,m,matured_breakout,2026-01-26,2026-01-26,,,True,2026-01-27,1.73,,,,,,,,,,,2025-07-07,59.66999816894531,2025-08-04,52.58000183105469,2025-08-25,2025-10-13,49.91999816894531,14,16.34,-5.06,,,2026-01-19,2026-01-26,2026-01-26,,,,,,2025-10-13,2026-01-26,matured_breakout,2026-01-26,Finance,Savings Banks,2026-09-25
PAGP,ibd_double_bottom,,,Retired,False,daily_volume_not_confirmed,watch_only,19.040000915527344,39.6,double_bottom_handle,19.139999389648438,handle,38.87,,,Retired,19.040000915527344,double_bottom_handle,19.139999389648438,handle,matured_breakout,,,2025-12-08,19.139999389648438,False,,,,,,,,,,,,,2025-07-28,19.989999771118164,2025-09-08,18.209999084472656,2025-09-22,2025-10-13,16.68000030517578,10,16.56,-8.4,,,2025-12-01,,,2025-12-08,19.139999389648438,,,,2025-10-06,2025-12-29,matured_breakout,2025-12-29,Industrial Services,Oil & Gas Pipelines,2026-09-25
KNSA,ibd_double_bottom,,,Retired,False,breakout_before_first_valid,watch_only,43.54999923706055,72.4,double_bottom,43.54999923706055,m,72.4,,,Retired,43.54999923706055,double_bottom,43.54999923706055,m,matured_breakout,2026-01-26,2026-02-16,,,False,,,,,,,,,,,,,2025-12-22,44.41999816894531,2025-12-29,40.52000045776367,2026-01-05,2026-01-12,37.02000045776367,4,16.66,-8.64,,,2026-01-26,2026-01-26,2026-02-16,,,,,,2026-02-02,2026-01-26,matured_breakout,2026-01-26,Health Technology,Pharmaceuticals: Major,2026-09-25
PAA,ibd_double_bottom,,,Retired,False,daily_volume_not_confirmed,watch_only,17.8799991607666,36.58,double_bottom_handle,17.979999542236328,handle,35.82,,,Retired,17.8799991607666,double_bottom_handle,17.979999542236328,handle,matured_breakout,,,2025-12-15,17.979999542236328,False,,,,,,,,,,,,,2025-07-28,18.850000381469727,2025-09-01,16.969999313354492,2025-09-22,2025-10-13,15.6899995803833,10,16.76,-7.54,,,2025-12-01,,,2025-12-15,17.979999542236328,-3.62,5.0,True,2025-10-06,2025-12-29,matured_breakout,2025-12-29,Industrial Services,Oil & Gas Pipelines,2026-09-25
CON,ibd_double_bottom,,,Retired,False,,watch_only,24.46500015258789,43.1,double_bottom,24.46500015258789,m,43.1,,,Retired,24.46500015258789,double_bottom,24.46500015258789,m,matured_breakout,2026-05-11,2026-05-11,,,True,2026-05-11,1.5,,,,,,,,,,,2026-02-09,24.684999465942383,2026-02-16,23.329999923706055,2026-02-23,2026-04-06,20.540000915527344,4,16.79,-11.96,,,2026-05-04,2026-05-11,2026-05-11,,,,,,2026-03-23,2026-05-11,matured_breakout,2026-05-11,Health Services,Medical/Nursing Services,2026-09-25
ECPG,ibd_double_bottom,,,Retired,False,daily_volume_not_confirmed,watch_only,41.560001373291016,136.79,double_bottom,41.560001373291016,m,136.79,,,Retired,41.560001373291016,double_bottom,41.560001373291016,m,matured_breakout,2025-08-18,2025-09-01,,,False,,,,,,,,,,,,,2025-05-12,42.90999984741211,2025-05-19,37.15999984741211,2025-07-07,2025-07-28,35.66999816894531,12,16.87,-4.01,,,2025-08-04,2025-08-18,2025-09-01,,,,,,2025-08-04,2025-08-18,matured_breakout,2025-08-18,Finance,Finance/Rental/Leasing,2026-09-25
ACU,ibd_double_bottom,,,Retired,False,,watch_only,46.5099983215332,34.92,double_bottom,46.5099983215332,m,34.92,,,Retired,46.5099983215332,double_bottom,46.5099983215332,m,matured_breakout,2026-06-22,2026-06-22,,,True,2026-06-26,5.3,,,,,,,,,,,2026-03-16,47.310001373291016,2026-03-30,43.150001525878906,2026-04-13,2026-05-11,39.310001373291016,6,16.91,-8.9,,,2026-06-22,2026-06-22,2026-06-22,,,,,,2026-04-27,2026-06-22,matured_breakout,2026-06-22,Distribution Services,Wholesale Distributors,2026-09-25
THC,ibd_double_bottom,,,Retired,False,,watch_only,211.0,23.09,double_bottom,211.0,m,23.09,,,Retired,211.0,double_bottom,211.0,m,failed_breakout,2026-02-09,2026-02-09,,,True,2026-02-11,3.91,,,,,,,,,,,2025-12-01,222.82000732421875,2025-12-15,193.25,2026-01-05,2026-01-19,185.0,8,16.97,-4.27,,,2026-02-09,2026-02-09,2026-02-09,,,,,,2026-01-26,2026-02-09,failed_breakout,2026-02-09,Health Services,Hospital/Nursing Management,2026-09-25
LQDT,ibd_double_bottom,,,Retired,False,daily_volume_not_confirmed,watch_only,33.119998931884766,31.67,double_bottom,33.119998931884766,m,31.67,,,Retired,33.119998931884766,double_bottom,33.119998931884766,m,matured_breakout,2026-04-13,2026-04-20,,,False,,,,,,,,,,,,,2026-02-09,33.61000061035156,2026-02-16,30.280000686645508,2026-03-02,2026-03-16,27.889999389648438,5,17.02,-7.89,,,2026-04-13,2026-04-13,2026-04-20,,,,,,2026-03-23,2026-04-13,matured_breakout,2026-04-13,Retail Trade,Internet Retail,2026-09-25
CVS,ibd_double_bottom,,,Retired,False,daily_volume_not_confirmed,watch_only,81.69000244140625,9.11,double_bottom,81.69000244140625,m,9.11,,,Retired,81.69000244140625,double_bottom,81.69000244140625,m,matured_breakout,2026-04-27,2026-05-04,,,False,,,,,,,,,,,,,2026-01-26,84.0,2026-02-09,73.0,2026-03-02,2026-03-30,69.51000213623047,8,17.25,-4.78,,,2026-04-27,2026-04-27,2026-05-04,,,,,,2026-03-23,2026-04-27,matured_breakout,2026-04-27,Retail Trade,Drugstore Chains,2026-09-25
CMDB,ibd_double_bottom,,,Retired,False,breakout_before_first_valid,watch_only,19.989999771118164,9.55,double_bottom,19.989999771118164,m,9.55,,,Retired,19.989999771118164,double_bottom,19.989999771118164,m,matured_breakout,2026-08-17,2026-08-31,,,False,,,,,,,,,,,,,2026-07-13,20.5,2026-07-20,18.219999313354492,2026-07-27,2026-08-10,16.8799991607666,4,17.66,-7.35,,,2026-08-17,2026-08-17,2026-08-31,,,,,,2026-08-24,2026-08-17,matured_breakout,2026-08-17,Transportation,Marine Shipping,2026-09-25
BATRA,ibd_double_bottom,,,Retired,False,daily_volume_not_confirmed,watch_only,48.150001525878906,22.6,double_bottom,48.150001525878906,m,22.6,,,Retired,48.150001525878906,double_bottom,48.150001525878906,m,matured_breakout,2026-02-23,2026-04-13,,,False,,,,,,,,,,,,,2025-07-14,50.5,2025-08-11,46.20000076293945,2025-08-25,2026-01-19,41.5,8,17.82,-10.17,,,2026-02-16,2026-02-23,2026-04-13,,,,,,2025-09-08,2026-02-23,matured_breakout,2026-02-23,Consumer Services,Movies/Entertainment,2026-09-25
CARE,ibd_double_bottom,,,Retired,False,,watch_only,19.229999542236328,57.62,double_bottom_handle,21.56999969482422,handle,40.52,,,Retired,19.229999542236328,double_bottom_handle,21.56999969482422,handle,failed_breakout,2025-12-08,,2025-12-22,21.56999969482422,True,2026-02-02,2.39,,,,,,,,,,,2025-09-08,20.530000686645508,2025-10-13,18.200000762939453,2025-10-20,2025-11-03,16.780000686645508,8,18.27,-7.8,,,2025-12-08,2025-12-08,,2025-12-22,21.56999969482422,,,,2025-11-03,2026-02-02,failed_breakout,2026-02-02,Finance,Regional Banks,2026-09-25
SBFG,ibd_double_bottom,,,Retired,False,,watch_only,23.059999465942383,29.49,double_bottom,23.059999465942383,m,29.49,,,Retired,23.059999465942383,double_bottom,23.059999465942383,m,matured_breakout,2026-06-08,2026-06-22,,,True,2026-06-12,3.18,,,,,,,,,,,2025-12-15,23.93000030517578,2026-01-12,20.670000076293945,2026-01-19,2026-03-09,19.540000915527344,12,18.35,-5.47,,,2026-06-08,2026-06-08,2026-06-22,,,,,,2026-03-09,2026-06-08,matured_breakout,2026-06-08,Finance,Regional Banks,2026-09-25
SPNT,ibd_double_bottom,,,Retired,False,daily_volume_not_confirmed,watch_only,19.420000076293945,30.69,double_bottom,19.420000076293945,m,30.69,,,Retired,19.420000076293945,double_bottom,19.420000076293945,m,matured_breakout,2025-11-03,2025-11-17,,,False,,,,,,,,,,,,,2025-06-23,21.030000686645508,2025-08-04,17.760000228881836,2025-09-01,2025-09-22,17.170000076293945,13,18.35,-3.32,,,2025-11-03,2025-11-03,2025-11-17,,,,,,2025-09-22,2025-11-03,matured_breakout,2025-11-03,Finance,Property/Casualty Insurance,2026-09-25
MYE,ibd_double_bottom,,,Retired,False,daily_volume_not_confirmed,watch_only,22.59000015258789,38.82,double_bottom,22.59000015258789,m,38.82,,,Retired,22.59000015258789,double_bottom,22.59000015258789,m,matured_breakout,2026-05-04,2026-06-01,,,False,,,,,,,,,,,,,2026-03-02,24.030000686645508,2026-03-16,19.729999542236328,2026-04-06,2026-04-27,19.610000610351562,9,18.39,-0.61,,,2026-05-04,2026-05-04,2026-06-01,,,-12.82,4.0,False,2026-05-04,2026-05-04,matured_breakout,2026-05-04,Producer Manufacturing,Miscellaneous Manufacturing,2026-09-25
ASIC,ibd_double_bottom,,,Retired,False,,watch_only,21.280000686645508,27.58,double_bottom,21.280000686645508,m,27.58,,,Retired,21.280000686645508,double_bottom,21.280000686645508,m,matured_breakout,2026-06-22,2026-06-22,,,True,2026-06-26,5.12,,,,,,,,,,,2026-04-27,23.100000381469727,2026-05-11,19.049999237060547,2026-05-18,2026-06-01,18.825000762939453,6,18.51,-1.18,,,2026-06-08,2026-06-22,2026-06-22,,,,,,2026-06-08,2026-06-22,matured_breakout,2026-06-22,Finance,Property/Casualty Insurance,2026-09-25
EHLD,ibd_double_bottom,,,Retired,False,daily_volume_not_confirmed,watch_only,7.150000095367432,67.13,double_bottom_handle,7.659999847412109,handle,56.01,,,Retired,7.150000095367432,double_bottom_handle,7.659999847412109,handle,matured_breakout,2026-03-02,,2026-03-09,7.659999847412109,False,,,,,,,,,,,,,2025-11-24,7.5,2025-12-29,6.670000076293945,2026-01-05,2026-02-02,6.110000133514404,9,18.53,-8.4,,,2026-03-02,2026-03-02,,2026-03-09,7.659999847412109,-4.18,3.0,True,2026-01-26,2026-04-13,matured_breakout,2026-04-13,,,2026-09-25
OBK,ibd_double_bottom,,,Retired,False,,watch_only,36.81999969482422,45.68,double_bottom,36.81999969482422,m,45.68,,,Retired,36.81999969482422,double_bottom,36.81999969482422,m,matured_breakout,2025-12-01,2025-12-08,,,True,2025-12-01,1.75,,,,,,,,,,,2025-09-01,39.5,2025-09-08,34.720001220703125,2025-09-15,2025-10-13,32.125,5,18.67,-7.47,,,2025-11-24,2025-12-01,2025-12-08,,,,,,2025-10-13,2025-12-01,matured_breakout,2025-12-01,Finance,Regional Banks,2026-09-25
HPE,ibd_double_bottom,,,Retired,False,daily_volume_not_confirmed,watch_only,24.3799991607666,158.16,double_bottom,24.3799991607666,m,158.16,,,Retired,24.3799991607666,double_bottom,24.3799991607666,m,matured_breakout,2026-03-30,2026-04-13,,,False,,,,,,,,,,,,,2026-01-05,24.40999984741211,2026-01-19,20.075000762939453,2026-02-09,2026-02-23,19.84000015258789,8,18.72,-1.17,,,2026-03-23,2026-03-30,2026-04-13,,,,,,2026-03-09,2026-03-30,matured_breakout,2026-03-30,Electronic Technology,Computer Processing Hardware,2026-09-25
OKTA,ibd_double_bottom,,,Retired,False,daily_volume_not_confirmed,watch_only,156.38999938964844,24.81,double_bottom,156.38999938964844,m,24.81,,,Retired,156.38999938964844,double_bottom,156.38999938964844,m,matured_breakout,2026-08-31,2026-08-31,,,False,,,,,,,,,,,,,2026-07-13,157.0,2026-07-27,129.02000427246094,2026-08-10,2026-08-24,127.5999984741211,7,18.73,-1.1,,,2026-08-31,2026-08-31,2026-08-31,,,,,,2026-08-31,2026-08-31,matured_breakout,2026-08-31,Technology Services,Packaged Software,2026-09-25
TEN,ibd_double_bottom,,,Retired,False,,watch_only,25.149999618530273,83.82,double_bottom,25.149999618530273,m,83.82,,,Retired,25.149999618530273,double_bottom,25.149999618530273,m,matured_breakout,2026-01-12,2026-01-26,,,True,2026-01-14,1.52,,,,,,,,,,,2025-11-17,26.690000534057617,2025-11-24,23.09000015258789,2025-12-08,2025-12-29,21.649999618530273,5,18.88,-6.24,,,2026-01-05,2026-01-12,2026-01-26,,,,,,2025-12-29,2026-01-12,matured_breakout,2026-01-12,Transportation,Marine Shipping,2026-09-25
INSW,ibd_double_bottom,,,Retired,False,daily_volume_not_confirmed,watch_only,90.75,16.41,double_bottom,90.75,m,16.41,,,Retired,90.75,double_bottom,90.75,m,matured_breakout,2026-07-20,2026-07-27,,,False,,,,,,,,,,,,,2026-05-04,92.66000366210938,2026-05-25,75.08300018310547,2026-06-22,2026-06-29,75.05000305175781,9,19.0,-0.04,,,2026-07-13,2026-07-20,2026-07-27,,,,,,2026-07-06,2026-07-20,matured_breakout,2026-07-20,Transportation,Marine Shipping,2026-09-25
DCOM,ibd_double_bottom,,,Retired,False,,watch_only,29.770000457763672,35.61,double_bottom,29.770000457763672,m,35.61,,,Retired,29.770000457763672,double_bottom,29.770000457763672,m,matured_breakout,2025-12-08,2025-12-08,,,True,2025-12-10,1.87,,,,,,,,,,,2025-09-15,31.81999969482422,2025-10-13,27.579999923706055,2025-10-20,2025-11-17,25.6299991607666,7,19.45,-7.07,,,2025-12-01,2025-12-08,2025-12-08,,,,,,2025-11-03,2025-12-08,matured_breakout,2025-12-08,Finance,Regional Banks,2026-09-25
RS,ibd_double_bottom,,,Retired,False,,watch_only,296.44000244140625,30.64,double_bottom_handle,306.5299987792969,handle,26.34,,,Retired,296.44000244140625,double_bottom_handle,306.5299987792969,handle,failed_breakout,2025-04-28,,2025-05-19,306.5299987792969,True,2025-06-04,1.65,,,,,,,,,,,2025-02-17,310.9800109863281,2025-03-17,273.75,2025-03-24,2025-04-07,250.07000732421875,7,19.59,-8.65,,,2025-04-28,2025-04-28,,2025-05-19,306.5299987792969,-6.53,4.0,True,2025-04-07,2025-06-02,failed_breakout,2025-06-02,Non-Energy Minerals,Steel,2026-09-25
ANDE,ibd_double_bottom,,,Retired,False,daily_volume_not_confirmed,watch_only,75.0,-10.71,double_bottom,75.0,m,-10.71,,,Retired,75.0,double_bottom,75.0,m,failed_breakout,2026-07-13,2026-07-13,,,False,,,,,,,,,,,,,2026-05-04,82.11000061035156,2026-05-18,69.3499984741211,2026-06-08,2026-07-06,65.8499984741211,7,19.8,-5.05,,,2026-07-13,2026-07-13,2026-07-13,,,,,,2026-06-22,2026-07-13,failed_breakout,2026-07-13,Commercial Services,Miscellaneous Commercial Services,2026-09-25
ROST,ibd_double_bottom,,,Retired,False,daily_volume_not_confirmed,watch_only,144.5500030517578,63.35,double_bottom_handle,158.02999877929688,handle,49.41,,,Retired,144.5500030517578,double_bottom_handle,158.02999877929688,handle,matured_breakout,2025-08-04,,2025-09-08,158.02999877929688,False,,,,,,,,,,,,,2025-05-19,155.5800018310547,2025-05-26,138.07000732421875,2025-06-02,2025-06-23,124.48999786376953,4,19.98,-9.84,,,2025-08-04,2025-08-04,,2025-09-08,158.02999877929688,,,,2025-06-30,2025-10-27,matured_breakout,2025-10-27,Retail Trade,Apparel/Footwear Retail,2026-09-25
RCMT,ibd_double_bottom,,,Retired,False,,watch_only,21.40999984741211,89.02,double_bottom,21.40999984741211,m,89.02,,,Retired,21.40999984741211,double_bottom,21.40999984741211,m,matured_breakout,2026-04-06,2026-04-06,,,True,2026-04-06,6.09,,,,,,,,,,,2025-12-15,21.579999923706055,2026-01-19,19.15999984741211,2026-02-02,2026-02-09,17.260000228881836,9,20.02,-9.92,,,2026-04-06,2026-04-06,2026-04-06,,,,,,2026-02-16,2026-04-06,matured_breakout,2026-04-06,Commercial Services,Personnel Services,2026-09-25
CAC,ibd_double_bottom,,,Retired,False,daily_volume_not_confirmed,watch_only,41.7400016784668,38.52,double_bottom,41.7400016784668,m,38.52,,,Retired,41.7400016784668,double_bottom,41.7400016784668,m,matured_breakout,2025-12-01,2025-12-08,,,False,,,,,,,,,,,,,2025-07-07,43.779998779296875,2025-07-28,36.310001373291016,2025-09-15,2025-10-13,35.0,15,20.05,-3.61,,,2025-12-01,2025-12-01,2025-12-08,,,,,,2025-10-20,2025-12-01,matured_breakout,2025-12-01,Finance,Major Banks,2026-09-25
MSBI,ibd_double_bottom,,,Retired,False,,watch_only,24.260000228881836,37.1,double_bottom_handle,24.719999313354492,handle,34.55,,,Retired,24.260000228881836,double_bottom_handle,24.719999313354492,handle,matured_breakout,,,2026-04-13,24.719999313354492,True,2026-04-24,2.24,,,,,,,,,,,2026-01-19,24.565000534057617,2026-01-26,22.3700008392334,2026-02-02,2026-03-09,19.639999389648438,6,20.05,-12.2,,,2026-04-06,,,2026-04-13,24.719999313354492,-7.32,3.0,True,2026-03-02,2026-04-20,matured_breakout,2026-04-20,Finance,Regional Banks,2026-09-25
BWFG,ibd_double_bottom,,,Retired,False,daily_volume_not_confirmed,watch_only,30.850000381469727,115.49,double_bottom,30.850000381469727,m,115.49,,,Retired,30.850000381469727,double_bottom,30.850000381469727,m,matured_breakout,2025-04-21,2025-04-28,,,False,,,,,,,,,,,,,2025-02-10,33.119998931884766,2025-03-10,28.5,2025-03-24,2025-04-07,26.389999389648438,8,20.32,-7.4,,,2025-04-21,2025-04-21,2025-04-28,,,,,,2025-04-07,2025-04-21,matured_breakout,2025-04-21,Finance,Regional Banks,2026-09-25
PBHC,ibd_double_bottom,,,Retired,False,,watch_only,14.380000114440918,20.65,double_bottom,14.380000114440918,m,20.65,,,Retired,14.380000114440918,double_bottom,14.380000114440918,m,matured_breakout,2026-06-08,2026-06-08,,,True,2026-06-09,5.87,,,,,,,,,,,2025-11-10,15.149999618530273,2025-12-22,13.350000381469727,2026-01-05,2026-02-02,12.0600004196167,13,20.4,-9.66,,,2026-06-08,2026-06-08,2026-06-08,,,,,,2026-02-09,2026-06-08,matured_breakout,2026-06-08,Finance,Regional Banks,2026-09-25
MITK,ibd_double_bottom,,,Retired,False,,watch_only,9.859999656677246,79.11,double_bottom,9.859999656677246,m,79.11,,,Retired,9.859999656677246,double_bottom,9.859999656677246,m,matured_breakout,2025-12-08,2025-12-15,,,True,2025-12-12,8.95,,,,,,,,,,,2025-08-18,10.739999771118164,2025-10-13,8.890000343322754,2025-10-20,2025-11-17,8.529999732971191,13,20.58,-4.05,,,2025-12-08,2025-12-08,2025-12-15,,,,,,2025-11-17,2025-12-08,matured_breakout,2025-12-08,Technology Services,Information Technology Services,2026-09-25
PBT,ibd_double_bottom,,,Retired,False,,watch_only,19.3700008392334,73.1,double_bottom,19.3700008392334,m,73.1,,,Retired,19.3700008392334,double_bottom,19.3700008392334,m,matured_breakout,2026-02-23,2026-03-02,,,True,2026-02-23,2.97,,,,,,,,,,,2025-11-10,20.459999084472656,2025-11-24,17.40999984741211,2025-12-01,2025-12-15,16.25,5,20.58,-6.66,,,2026-02-16,2026-02-23,2026-03-02,,,,,,2025-12-22,2026-02-23,matured_breakout,2026-02-23,Miscellaneous,Investment Trusts/Mutual Funds,2026-09-25
ILMN,ibd_double_bottom,,,Retired,False,,watch_only,104.22000122070312,159.07,double_bottom,104.22000122070312,m,159.07,,,Retired,104.22000122070312,double_bottom,104.22000122070312,m,matured_breakout,2025-10-27,2025-10-27,,,True,2025-10-31,4.36,,,,,,,,,,,2025-07-28,111.0,2025-08-04,92.69999694824219,2025-09-15,2025-10-13,88.0,9,20.72,-5.07,,,2025-10-27,2025-10-27,2025-10-27,,,,,,2025-09-29,2025-10-27,matured_breakout,2025-10-27,Health Technology,Medical Specialties,2026-09-25
SYRE,ibd_double_bottom,,,Retired,False,,watch_only,17.799999237060547,381.4,double_bottom,17.799999237060547,m,381.4,,,Retired,17.799999237060547,double_bottom,17.799999237060547,m,matured_breakout,2025-10-06,2025-10-06,,,True,2025-10-09,4.93,,,,,,,,,,,2025-07-21,18.30500030517578,2025-08-11,14.720999717712402,2025-08-18,2025-09-22,14.505000114440918,9,20.76,-1.47,,,2025-10-06,2025-10-06,2025-10-06,,,,,,2025-09-22,2025-10-06,matured_breakout,2025-10-06,Health Technology,Pharmaceuticals: Major,2026-09-25
TRST,ibd_double_bottom,,,Retired,False,daily_volume_not_confirmed,watch_only,31.639999389648438,77.62,double_bottom,31.639999389648438,m,77.62,,,Retired,31.639999389648438,double_bottom,31.639999389648438,m,matured_breakout,2025-05-12,2025-06-23,,,False,,,,,,,,,,,,,2025-02-10,34.369998931884766,2025-03-10,29.510000228881836,2025-03-24,2025-04-14,27.18000030517578,8,20.92,-7.9,,,2025-04-28,2025-05-12,2025-06-23,,,,,,2025-04-07,2025-05-12,matured_breakout,2025-05-12,Finance,Savings Banks,2026-09-25
BPRN,ibd_double_bottom,,,Retired,False,daily_volume_not_confirmed,watch_only,31.709999084472656,36.9,double_bottom,31.709999084472656,m,36.9,,,Retired,31.709999084472656,double_bottom,31.709999084472656,m,matured_breakout,2025-05-05,2025-08-18,,,False,,,,,,,,,,,,,2025-02-03,34.5,2025-03-03,29.200000762939453,2025-03-10,2025-04-07,27.25,9,21.01,-6.68,,,2025-05-05,2025-05-05,2025-08-18,,,,,,2025-04-07,2025-05-05,matured_breakout,2025-05-05,Finance,Regional Banks,2026-09-25
WTTR,ibd_double_bottom,,,Retired,False,,watch_only,9.96500015258789,99.1,double_bottom,9.96500015258789,m,99.1,,,Retired,9.96500015258789,double_bottom,9.96500015258789,m,matured_breakout,2025-09-15,2025-09-22,,,True,2025-09-18,1.68,,,,,,,,,,,2025-07-07,10.0,2025-07-14,9.149999618530273,2025-07-21,2025-08-18,7.860000133514404,4,21.4,-14.1,,,2025-09-15,2025-09-15,2025-09-22,,,,,,2025-08-25,2025-09-15,matured_breakout,2025-09-15,Energy Minerals,Oil & Gas Production,2026-09-25
PKOH,ibd_double_bottom,,,Retired,False,daily_volume_not_confirmed,watch_only,21.5,123.44,double_bottom,21.5,m,123.44,,,Retired,21.5,double_bottom,21.5,m,matured_breakout,2025-12-01,2025-12-08,,,False,,,,,,,,,,,,,2025-09-15,22.989999771118164,2025-10-06,19.049999237060547,2025-10-20,2025-11-03,18.059999465942383,8,21.44,-5.2,,,2025-12-01,2025-12-01,2025-12-08,,,,,,2025-11-10,2025-12-01,matured_breakout,2025-12-01,Producer Manufacturing,Metal Fabrication,2026-09-25
LIVN,ibd_double_bottom,,,Retired,False,,watch_only,68.04000091552734,12.62,double_bottom,68.04000091552734,m,12.62,,,Retired,68.04000091552734,double_bottom,68.04000091552734,m,matured_breakout,2026-05-04,2026-05-04,,,True,2026-05-07,2.04,,,,,,,,,,,2026-02-23,71.91999816894531,2026-03-09,58.13999938964844,2026-04-13,2026-05-04,56.439998626708984,10,21.52,-2.92,,,2026-05-04,2026-05-04,2026-05-04,,,,,,2026-05-04,2026-05-04,matured_breakout,2026-05-04,Health Technology,Medical Specialties,2026-09-25
HCC,ibd_double_bottom,,,Retired,False,,watch_only,92.80000305175781,-3.55,double_bottom,92.80000305175781,m,-3.55,,,Retired,92.80000305175781,double_bottom,92.80000305175781,m,failed_breakout,2026-05-25,2026-06-01,,,True,2026-05-27,1.53,,,,,,,,,,,2026-03-30,100.7300033569336,2026-04-06,82.16999816894531,2026-04-20,2026-04-27,79.01000213623047,5,21.56,-3.85,,,2026-05-25,2026-05-25,2026-06-01,,,,,,2026-05-11,2026-05-25,failed_breakout,2026-05-25,Energy Minerals,Coal,2026-09-25
ADM,ibd_double_bottom,,,Retired,False,daily_volume_not_confirmed,watch_only,48.47999954223633,67.33,double_bottom_handle,49.79999923706055,handle,62.89,,,Retired,48.47999954223633,double_bottom_handle,49.79999923706055,handle,matured_breakout,,,2025-04-28,49.79999923706055,False,,,,,,,,,,,,,2025-03-10,52.36000061035156,2025-03-17,45.97999954223633,2025-03-24,2025-04-07,40.97999954223633,4,21.73,-10.87,,,2025-04-21,,,2025-04-28,49.79999923706055,,,,2025-04-21,2025-05-12,matured_breakout,2025-05-12,Process Industries,Agricultural Commodities/Milling,2026-09-25
DT,ibd_double_bottom,,,Retired,False,daily_volume_not_confirmed,watch_only,37.86000061035156,53.06,double_bottom,37.86000061035156,m,53.06,,,Retired,37.86000061035156,double_bottom,37.86000061035156,m,failed_breakout,2026-05-04,2026-05-04,,,False,,,,,,,,,,,,,2026-03-16,40.41999816894531,2026-03-23,35.20500183105469,2026-03-30,2026-04-06,31.635000228881836,4,21.73,-10.14,,,2026-04-27,2026-05-04,2026-05-04,,,,,,2026-04-27,2026-05-04,failed_breakout,2026-05-04,Technology Services,Packaged Software,2026-09-25
RFAI,ibd_double_bottom,,,Retired,False,,watch_only,11.300000190734863,189.82,double_bottom,11.300000190734863,m,189.82,,,Retired,11.300000190734863,double_bottom,11.300000190734863,m,matured_breakout,2026-08-24,2026-08-24,,,True,2026-08-24,5.04,,,,,,,,,,,2026-04-06,11.4350004196167,2026-04-13,10.899999618530273,2026-08-10,2026-08-17,8.9399995803833,20,21.82,-17.98,,,2026-08-24,2026-08-24,2026-08-24,,,,,,2026-08-24,2026-08-24,matured_breakout,2026-08-24,Finance,Financial Conglomerates,2026-09-25
VCTR,ibd_double_bottom,,,Retired,False,,watch_only,69.0999984741211,57.38,double_bottom,69.0999984741211,m,57.38,,,Retired,69.0999984741211,double_bottom,69.0999984741211,m,failed_breakout,2026-01-26,2026-02-09,,,True,2026-01-28,2.34,,,,,,,,,,,2025-09-01,73.0,2025-09-29,62.33000183105469,2025-10-13,2025-11-03,57.029998779296875,9,21.88,-8.5,,,2026-01-19,2026-01-26,2026-02-09,,,,,,2025-11-03,2026-01-26,failed_breakout,2026-01-26,Finance,Investment Managers,2026-09-25
RVMD,ibd_double_bottom,,,Retired,False,daily_volume_not_confirmed,watch_only,39.619998931884766,417.34,double_bottom,39.619998931884766,m,417.34,,,Retired,39.619998931884766,double_bottom,39.619998931884766,m,matured_breakout,2025-09-01,2025-09-08,,,False,,,,,,,,,,,,,2025-05-05,43.66999816894531,2025-07-07,36.369998931884766,2025-07-14,2025-08-04,34.0,14,22.14,-6.52,,,2025-09-01,2025-09-01,2025-09-08,,,,,,2025-08-11,2025-09-01,matured_breakout,2025-09-01,Health Technology,Pharmaceuticals: Other,2026-09-25
RRBI,ibd_double_bottom,,,Retired,False,,watch_only,57.0,77.19,double_bottom_handle,58.09000015258789,handle,73.87,,,Retired,57.0,double_bottom_handle,58.09000015258789,handle,matured_breakout,,,2025-06-02,58.09000015258789,True,2025-06-27,2.73,,,,,,,,,,,2025-02-03,59.869998931884766,2025-02-17,55.220001220703125,2025-02-24,2025-04-07,46.327999114990234,5,22.62,-16.1,,,2025-05-12,,,2025-06-02,58.09000015258789,,,,2025-03-17,2025-06-23,matured_breakout,2025-06-23,Finance,Regional Banks,2026-09-25
COO,ibd_double_bottom,,,Retired,False,daily_volume_not_confirmed,watch_only,72.62999725341797,-23.75,double_bottom_handle,75.12999725341797,handle,-26.29,,,Retired,72.62999725341797,double_bottom_handle,75.12999725341797,handle,failed_breakout,2026-06-29,,2026-07-06,75.12999725341797,False,,,,,,,,,,,,,2026-03-09,76.18000030517578,2026-03-30,69.05999755859375,2026-04-13,2026-05-11,58.88999938964844,7,22.7,-14.73,,,2026-06-29,2026-06-29,,2026-07-06,75.12999725341797,,,,2026-05-11,2026-08-10,failed_breakout,2026-08-10,Health Technology,Medical Specialties,2026-09-25
HALO,ibd_double_bottom,,,Retired,False,,watch_only,74.25,53.4,double_bottom,74.25,m,53.4,,,Retired,74.25,double_bottom,74.25,m,failed_breakout,2026-02-02,2026-02-02,,,True,2026-02-03,1.85,,,,,,,,,,,2025-09-22,79.5,2025-10-06,63.779998779296875,2025-11-24,2025-12-08,61.22999954223633,11,22.98,-4.0,,,2026-01-05,2026-02-02,2026-02-02,,,,,,2025-12-08,2026-02-02,failed_breakout,2026-02-02,Health Technology,Biotechnology,2026-09-25
GHRS,ibd_double_bottom,,,Retired,False,daily_volume_not_confirmed,watch_only,16.479999542236328,44.66,double_bottom,16.479999542236328,m,44.66,,,Retired,16.479999542236328,double_bottom,16.479999542236328,m,matured_breakout,2026-04-13,2026-04-13,,,False,,,,,,,,,,,,,2026-02-16,16.610000610351562,2026-02-23,14.359999656677246,2026-03-09,2026-03-23,12.770000457763672,5,23.12,-11.07,,,2026-04-13,2026-04-13,2026-04-13,,,,,,2026-04-06,2026-04-13,matured_breakout,2026-04-13,Health Technology,Pharmaceuticals: Major,2026-09-25
RELY,ibd_double_bottom,,,Retired,False,,watch_only,14.479999542236328,47.51,double_bottom,14.479999542236328,m,47.51,,,Retired,14.479999542236328,double_bottom,14.479999542236328,m,matured_breakout,2026-02-16,2026-02-16,,,True,2026-02-19,7.16,,,,,,,,,,,2025-12-08,15.770000457763672,2026-01-05,13.010000228881836,2026-01-19,2026-02-02,12.100000381469727,9,23.27,-6.99,,,2026-02-16,2026-02-16,2026-02-16,,,,,,2026-02-09,2026-02-16,matured_breakout,2026-02-16,Commercial Services,Miscellaneous Commercial Services,2026-09-25
AXGN,ibd_double_bottom,,,Retired,False,,watch_only,35.88999938964844,20.9,double_bottom,35.88999938964844,m,20.9,,,Retired,35.88999938964844,double_bottom,35.88999938964844,m,matured_breakout,2026-04-13,2026-04-13,,,True,2026-04-16,2.82,,,,,,,,,,,2026-02-02,36.0,2026-02-09,30.979999542236328,2026-02-16,2026-03-09,27.540000915527344,4,23.5,-11.1,,,2026-04-13,2026-04-13,2026-04-13,,,,,,2026-03-16,2026-04-13,matured_breakout,2026-04-13,Health Technology,Medical Specialties,2026-09-25
AII,ibd_double_bottom,,,Retired,False,daily_volume_not_confirmed,watch_only,20.290000915527344,24.15,double_bottom,20.290000915527344,m,24.15,,,Retired,20.290000915527344,double_bottom,20.290000915527344,m,matured_breakout,2026-08-03,2026-08-10,,,False,,,,,,,,,,,,,2026-03-02,21.200000762939453,2026-04-13,18.200000762939453,2026-04-27,2026-06-01,16.190000534057617,11,23.63,-11.04,,,2026-07-27,2026-08-03,2026-08-10,,,,,,2026-05-18,2026-08-03,matured_breakout,2026-08-03,Finance,Property/Casualty Insurance,2026-09-25
RVTY,ibd_double_bottom,,,Retired,False,,watch_only,94.95999908447266,59.13,double_bottom,94.95999908447266,m,59.13,,,Retired,94.95999908447266,double_bottom,94.95999908447266,m,matured_breakout,2026-05-04,2026-05-04,,,True,2026-05-06,2.75,,,,,,,,,,,2025-11-24,106.5199966430664,2026-03-09,83.4800033569336,2026-04-13,2026-04-27,81.22000122070312,22,23.75,-2.71,,,2026-05-04,2026-05-04,2026-05-04,,,,,,2026-04-27,2026-05-04,matured_breakout,2026-05-04,Health Technology,Medical Specialties,2026-09-25
TNK,ibd_double_bottom,,,Retired,False,daily_volume_not_confirmed,watch_only,76.2300033569336,23.4,double_bottom,76.2300033569336,m,23.4,,,Retired,76.2300033569336,double_bottom,76.2300033569336,m,matured_breakout,2026-07-27,2026-08-10,,,False,,,,,,,,,,,,,2026-05-04,83.98999786376953,2026-06-01,69.01000213623047,2026-06-08,2026-06-29,64.04000091552734,8,23.75,-7.2,,,2026-07-20,2026-07-27,2026-08-10,,,,,,2026-06-29,2026-07-27,matured_breakout,2026-07-27,Transportation,Marine Shipping,2026-09-25
ANET,ibd_double_bottom,,,Retired,False,,watch_only,141.77000427246094,45.69,double_bottom,141.77000427246094,m,45.69,,,Retired,141.77000427246094,double_bottom,141.77000427246094,m,matured_breakout,2026-04-06,2026-04-13,,,True,2026-04-08,1.57,,,,,,,,,,,2026-01-26,151.8000030517578,2026-03-02,122.37000274658203,2026-03-09,2026-03-30,115.41999816894531,9,23.97,-5.68,,,2026-04-06,2026-04-06,2026-04-13,,,,,,2026-03-30,2026-04-06,matured_breakout,2026-04-06,Electronic Technology,Computer Peripherals,2026-09-25
SWK,ibd_double_bottom,,,Retired,False,daily_volume_not_confirmed,watch_only,73.43000030517578,24.47,double_bottom,73.43000030517578,m,24.47,,,Retired,73.43000030517578,double_bottom,73.43000030517578,m,matured_breakout,2025-12-08,2026-01-05,,,False,,,,,,,,,,,,,2025-09-15,81.44000244140625,2025-10-13,63.20000076293945,2025-10-27,2025-11-17,61.900001525878906,10,23.99,-2.06,,,2025-12-08,2025-12-08,2026-01-05,,,,,,2025-11-24,2025-12-08,matured_breakout,2025-12-08,Consumer Durables,Tools & Hardware,2026-09-25
IMAX,ibd_double_bottom,,,Retired,False,daily_volume_not_confirmed,watch_only,38.22999954223633,46.61,double_bottom_handle,40.79999923706055,handle,37.38,,,Retired,38.22999954223633,double_bottom_handle,40.79999923706055,handle,failed_breakout,2026-05-18,,2026-06-01,40.79999923706055,False,,,,,,,,,,,,,2026-02-23,43.15999984741211,2026-04-13,34.540000915527344,2026-04-27,2026-05-18,32.709999084472656,12,24.21,-5.3,,,2026-05-18,2026-05-18,,2026-06-01,40.79999923706055,-5.44,3.0,True,2026-05-18,2026-06-08,failed_breakout,2026-06-08,Consumer Durables,Electronics/Appliances,2026-09-25
LIND,ibd_double_bottom,,,Retired,False,daily_volume_not_confirmed,watch_only,18.93000030517578,50.29,double_bottom,18.93000030517578,m,50.29,,,Retired,18.93000030517578,double_bottom,18.93000030517578,m,failed_breakout,2026-04-06,2026-04-13,,,False,,,,,,,,,,,,,2026-02-16,21.229999542236328,2026-03-09,16.06999969482422,2026-03-23,2026-03-30,16.040000915527344,7,24.45,-0.19,,,2026-04-06,2026-04-06,2026-04-13,,,,,,2026-04-06,2026-04-06,failed_breakout,2026-04-06,Consumer Services,Hotels/Resorts/Cruise lines,2026-09-25
HAE,ibd_double_bottom,,,Retired,False,daily_volume_not_confirmed,watch_only,62.779998779296875,67.73,double_bottom,62.779998779296875,m,67.73,,,Retired,62.779998779296875,double_bottom,62.779998779296875,m,matured_breakout,2026-05-18,2026-05-25,,,False,,,,,,,,,,,,,2026-02-02,67.62999725341797,2026-03-23,53.880001068115234,2026-04-13,2026-05-04,51.0,14,24.59,-5.35,,,2026-05-18,2026-05-18,2026-05-25,,,,,,2026-05-11,2026-05-18,matured_breakout,2026-05-18,Health Technology,Medical Specialties,2026-09-25
MTRN,ibd_double_bottom,,,Retired,False,daily_volume_not_confirmed,watch_only,164.0500030517578,61.51,double_bottom,164.0500030517578,m,61.51,,,Retired,164.0500030517578,double_bottom,164.0500030517578,m,matured_breakout,2026-04-13,2026-04-13,,,False,,,,,,,,,,,,,2026-02-09,172.02999877929688,2026-02-16,145.50999450683594,2026-02-23,2026-03-16,129.5399932861328,4,24.7,-10.98,,,2026-04-06,2026-04-13,2026-04-13,,,,,,2026-03-23,2026-04-13,matured_breakout,2026-04-13,Electronic Technology,Electronic Equipment/Instruments,2026-09-25
ATRO,ibd_double_bottom,,,Retired,False,breakout_before_first_valid,watch_only,18.834796905517578,267.51,double_bottom,18.834796905517578,m,267.51,,,Retired,18.834796905517578,double_bottom,18.834796905517578,m,matured_breakout,2025-04-28,2025-05-05,,,False,,,,,,,,,,,,,2025-03-24,21.252992630004883,2025-03-31,17.19074249267578,2025-04-14,2025-04-21,15.873903274536133,5,25.31,-7.66,,,2025-04-28,2025-04-28,2025-05-05,,,,,,2025-05-05,2025-04-28,matured_breakout,2025-04-28,Electronic Technology,Aerospace & Defense,2026-09-25
GLBE,ibd_double_bottom,,,Retired,False,,watch_only,35.45500183105469,13.3,double_bottom,35.45500183105469,m,13.3,,,Retired,35.45500183105469,double_bottom,35.45500183105469,m,matured_breakout,2026-06-22,2026-07-06,,,True,2026-06-26,1.59,,,,,,,,,,,2026-03-16,36.0,2026-03-30,27.795000076293945,2026-04-13,2026-05-11,26.844999313354492,9,25.43,-3.42,,,2026-06-22,2026-06-22,2026-07-06,,,,,,2026-05-18,2026-06-22,matured_breakout,2026-06-22,Retail Trade,Internet Retail,2026-09-25
WSM,ibd_double_bottom,,,Retired,False,daily_volume_not_confirmed,watch_only,208.74000549316406,11.1,double_bottom,208.74000549316406,m,11.1,,,Retired,208.74000549316406,double_bottom,208.74000549316406,m,matured_breakout,2026-06-08,2026-06-08,,,False,,,,,,,,,,,,,2026-02-16,222.0,2026-03-23,174.50999450683594,2026-04-20,2026-05-18,165.50999450683594,13,25.45,-5.16,,,2026-06-01,2026-06-08,2026-06-08,,,,,,2026-05-18,2026-06-08,matured_breakout,2026-06-08,Retail Trade,Specialty Stores,2026-09-25
CAKE,ibd_double_bottom,,,Retired,False,daily_volume_not_confirmed,watch_only,51.9900016784668,100.98,double_bottom,51.9900016784668,m,100.98,,,Retired,51.9900016784668,double_bottom,51.9900016784668,m,matured_breakout,2025-05-12,2025-05-12,,,False,,,,,,,,,,,,,2025-02-03,57.31999969482422,2025-03-10,44.400001525878906,2025-03-24,2025-04-07,42.689998626708984,9,25.52,-3.85,,,2025-04-21,2025-05-12,2025-05-12,,,,,,2025-04-07,2025-05-12,matured_breakout,2025-05-12,Consumer Services,Restaurants,2026-09-25
BTSG,ibd_double_bottom,,,Retired,False,daily_volume_not_confirmed,watch_only,23.780000686645508,137.97,double_bottom,23.780000686645508,m,137.97,,,Retired,23.780000686645508,double_bottom,23.780000686645508,m,matured_breakout,2025-08-18,2025-09-08,,,False,,,,,,,,,,,,,2025-06-09,25.56999969482422,2025-06-16,20.861000061035156,2025-06-30,2025-08-04,19.010000228881836,5,25.66,-8.87,,,2025-08-18,2025-08-18,2025-09-08,,,,,,2025-07-21,2025-08-18,matured_breakout,2025-08-18,Health Services,Medical/Nursing Services,2026-09-25
MATX,ibd_double_bottom,,,Retired,False,,watch_only,109.69999694824219,104.79,double_bottom,109.69999694824219,m,104.79,,,Retired,109.69999694824219,double_bottom,109.69999694824219,m,matured_breakout,2025-11-03,2025-12-01,,,True,2025-11-05,2.39,,,,,,,,,,,2025-06-09,117.0,2025-09-01,100.27999877929688,2025-09-15,2025-10-06,86.97000122070312,17,25.67,-13.27,,,2025-11-03,2025-11-03,2025-12-01,,,,,,2025-10-06,2025-11-03,matured_breakout,2025-11-03,Transportation,Marine Shipping,2026-09-25
TRIN,ibd_double_bottom,,,Retired,False,,watch_only,16.229999542236328,8.81,double_bottom_handle,16.31999969482422,handle,8.21,,,Retired,16.229999542236328,double_bottom_handle,16.31999969482422,handle,failed_breakout,,,2025-09-08,16.31999969482422,True,2025-09-19,1.85,,,,,,,,,,,2025-02-24,16.81999969482422,2025-03-10,15.5600004196167,2025-03-24,2025-04-07,12.5,6,25.68,-19.67,,,2025-08-25,,,2025-09-08,16.31999969482422,-2.21,3.0,True,2025-04-07,2025-09-15,failed_breakout,2025-09-15,Miscellaneous,Investment Trusts/Mutual Funds,2026-09-25
AGM,ibd_double_bottom,,,Retired,False,daily_volume_not_confirmed,watch_only,164.13999938964844,30.38,double_bottom,164.13999938964844,m,30.38,,,Retired,164.13999938964844,double_bottom,164.13999938964844,m,matured_breakout,2026-04-13,2026-04-20,,,False,,,,,,,,,,,,,2026-02-09,183.9499969482422,2026-02-23,146.69000244140625,2026-03-02,2026-03-16,136.57000732421875,6,25.76,-6.9,,,2026-04-13,2026-04-13,2026-04-20,,,,,,2026-03-23,2026-04-13,matured_breakout,2026-04-13,Finance,Finance/Rental/Leasing,2026-09-25
NTAP,ibd_double_bottom,,,Retired,False,,watch_only,119.72000122070312,68.01,double_bottom,119.72000122070312,m,68.01,,,Retired,119.72000122070312,double_bottom,119.72000122070312,m,matured_breakout,2026-05-11,2026-05-18,,,True,2026-05-14,2.12,,,,,,,,,,,2025-09-15,126.66000366210938,2025-11-17,102.58999633789062,2025-12-08,2026-01-19,93.69000244140625,19,26.03,-8.68,,,2026-05-11,2026-05-11,2026-05-18,,,,,,2026-01-26,2026-05-11,matured_breakout,2026-05-11,Electronic Technology,Computer Peripherals,2026-09-25
FSEA,ibd_double_bottom,,,Retired,False,,watch_only,14.050000190734863,22.7,double_bottom,14.050000190734863,m,22.7,,,Retired,14.050000190734863,double_bottom,14.050000190734863,m,matured_breakout,2026-05-04,2026-05-04,,,True,2026-05-05,174.74,,,,,,,,,,,2025-12-22,15.0,2025-12-29,12.40999984741211,2026-02-09,2026-04-20,11.074999809265137,16,26.17,-10.76,,,2026-05-04,2026-05-04,2026-05-04,,,,,,2026-04-13,2026-05-04,matured_breakout,2026-05-04,Finance,Savings Banks,2026-09-25
FTK,ibd_double_bottom,,,Retired,False,daily_volume_not_confirmed,watch_only,14.420000076293945,104.79,double_bottom,14.420000076293945,m,104.79,,,Retired,14.420000076293945,double_bottom,14.420000076293945,m,matured_breakout,2025-09-22,2025-09-29,,,False,,,,,,,,,,,,,2025-07-07,14.84000015258789,2025-07-28,11.130000114440918,2025-08-11,2025-09-08,10.949999809265137,7,26.21,-1.62,,,2025-09-22,2025-09-22,2025-09-29,,,,,,2025-09-08,2025-09-22,matured_breakout,2025-09-22,Industrial Services,Oilfield Services/Equipment,2026-09-25
CIVB,ibd_double_bottom,,,Retired,False,,watch_only,23.0,17.65,double_bottom_handle,24.239999771118164,handle,11.63,,,Retired,23.0,double_bottom_handle,24.239999771118164,handle,failed_breakout,2025-05-12,,2025-06-02,24.239999771118164,True,2025-07-02,2.18,,,,,,,,,,,2024-11-11,23.700000762939453,2025-01-06,18.649999618530273,2025-01-27,2025-04-07,17.469999313354492,18,26.29,-6.33,,,2025-04-28,2025-05-12,,2025-06-02,24.239999771118164,,,,2025-03-17,2025-06-30,failed_breakout,2025-06-30,Finance,Regional Banks,2026-09-25
HIW,ibd_double_bottom,,,Retired,False,daily_volume_not_confirmed,watch_only,26.229999542236328,14.72,double_bottom,26.229999542236328,m,14.72,,,Retired,26.229999542236328,double_bottom,26.229999542236328,m,matured_breakout,2026-06-01,2026-06-01,,,False,,,,,,,,,,,,,2026-01-05,27.790000915527344,2026-01-26,25.280000686645508,2026-02-02,2026-03-23,20.450000762939453,6,26.41,-19.11,,,2026-05-11,2026-06-01,2026-06-01,,,,,,2026-02-16,2026-06-01,matured_breakout,2026-06-01,Finance,Real Estate Investment Trusts,2026-09-25
VHI,ibd_double_bottom,,,Retired,False,,watch_only,15.270000457763672,4.72,double_bottom,15.270000457763672,m,4.72,,,Retired,15.270000457763672,double_bottom,15.270000457763672,m,matured_breakout,2026-08-03,2026-08-10,,,True,2026-08-06,3.77,,,,,,,,,,,2026-02-09,16.309999465942383,2026-03-16,12.75,2026-04-27,2026-05-18,12.0,15,26.43,-5.88,,,2026-08-03,2026-08-03,2026-08-10,,,,,,2026-05-25,2026-08-03,matured_breakout,2026-08-03,Process Industries,Chemicals: Specialty,2026-09-25
SENEA,ibd_double_bottom,,,Retired,False,no_daily_detail,watch_only,55.81999969482422,227.23,double_bottom_handle,57.34000015258789,handle,218.56,,,Retired,55.81999969482422,double_bottom_handle,57.34000015258789,handle,failed_breakout,2024-03-25,,2024-04-08,57.34000015258789,False,,,,,,,,,,,,,2023-11-06,59.9900016784668,2023-11-27,46.099998474121094,2024-01-22,2024-02-12,43.88999938964844,15,26.84,-4.79,,,2024-03-25,2024-03-25,,2024-04-08,57.34000015258789,-5.32,3.0,True,2024-02-19,2024-04-15,failed_breakout,2024-04-15,Consumer Non-Durables,Food: Specialty/Candy,2026-09-25
BJRI,ibd_double_bottom,,,Retired,False,,watch_only,45.150001525878906,33.18,double_bottom_handle,47.9900016784668,handle,25.3,,,Retired,45.150001525878906,double_bottom_handle,47.9900016784668,handle,matured_breakout,2026-05-25,,2026-06-01,47.9900016784668,True,2026-06-10,1.73,,,,,,,,,,,2026-01-12,45.9900016784668,2026-01-26,40.91999816894531,2026-02-02,2026-03-09,33.36000061035156,5,27.46,-18.48,,,2026-05-18,2026-05-25,,2026-06-01,47.9900016784668,-11.77,3.0,True,2026-02-23,2026-06-08,matured_breakout,2026-06-08,Consumer Services,Restaurants,2026-09-25
BOW,ibd_double_bottom,,,Retired,False,,watch_only,26.540000915527344,27.2,double_bottom,26.540000915527344,m,27.2,,,Retired,26.540000915527344,double_bottom,26.540000915527344,m,failed_breakout,2026-05-04,2026-05-11,,,True,2026-05-08,1.77,,,,,,,,,,,2025-12-15,29.240999221801758,2026-02-09,23.549999237060547,2026-02-23,2026-03-16,21.209999084472656,12,27.46,-9.94,,,2026-05-04,2026-05-04,2026-05-11,,,,,,2026-03-09,2026-05-04,failed_breakout,2026-05-04,Finance,Multi-Line Insurance,2026-09-25
FFIV,ibd_double_bottom,,,Retired,False,daily_volume_not_confirmed,watch_only,278.8500061035156,58.89,double_bottom,278.8500061035156,m,58.89,,,Retired,278.8500061035156,double_bottom,278.8500061035156,m,matured_breakout,2025-05-12,2025-06-02,,,False,,,,,,,,,,,,,2025-02-17,313.0,2025-03-10,255.64999389648438,2025-03-24,2025-04-07,227.0399932861328,7,27.46,-11.19,,,2025-05-12,2025-05-12,2025-06-02,,,,,,2025-04-07,2025-05-12,matured_breakout,2025-05-12,Technology Services,Packaged Software,2026-09-25
ZM,ibd_double_bottom,,,Retired,False,,watch_only,96.5199966430664,-7.06,double_bottom,96.5199966430664,m,-7.06,,,Retired,96.5199966430664,double_bottom,96.5199966430664,m,failed_breakout,2026-04-27,2026-04-27,,,True,2026-04-30,1.79,,,,,,,,,,,2026-01-26,97.58000183105469,2026-02-02,87.19200134277344,2026-02-09,2026-03-02,70.69999694824219,5,27.55,-18.91,,,2026-04-27,2026-04-27,2026-04-27,,,,,,2026-03-09,2026-04-27,failed_breakout,2026-04-27,Technology Services,Packaged Software,2026-09-25
MLAB,ibd_double_bottom,,,Retired,False,daily_volume_not_confirmed,watch_only,96.98999786376953,38.2,double_bottom,96.98999786376953,m,38.2,,,Retired,96.98999786376953,double_bottom,96.98999786376953,m,failed_breakout,2026-04-13,2026-04-13,,,False,,,,,,,,,,,,,2026-02-02,98.13999938964844,2026-02-09,85.91000366210938,2026-02-23,2026-03-09,71.06999969482422,5,27.58,-17.27,,,2026-04-06,2026-04-13,2026-04-13,,,,,,2026-03-30,2026-04-13,failed_breakout,2026-04-13,Health Technology,Medical Specialties,2026-09-25
CORT,ibd_double_bottom,,,Retired,False,,watch_only,77.41999816894531,49.96,double_bottom,77.41999816894531,m,49.96,,,Retired,77.41999816894531,double_bottom,77.41999816894531,m,failed_breakout,2025-09-15,2025-09-22,,,True,2025-09-18,1.96,,,,,,,,,,,2025-06-02,86.19999694824219,2025-06-09,69.3499984741211,2025-06-23,2025-07-28,62.400001525878906,5,27.61,-10.02,,,2025-09-15,2025-09-15,2025-09-22,,,,,,2025-07-14,2025-09-15,failed_breakout,2025-09-15,Health Technology,Pharmaceuticals: Major,2026-09-25
SOLV,ibd_double_bottom,,,Retired,False,daily_volume_not_confirmed,watch_only,77.88999938964844,14.91,double_bottom,77.88999938964844,m,14.91,,,Retired,77.88999938964844,double_bottom,77.88999938964844,m,matured_breakout,2026-06-01,2026-07-27,,,False,,,,,,,,,,,,,2026-01-05,86.36000061035156,2026-02-16,72.16999816894531,2026-02-23,2026-04-06,62.380001068115234,9,27.77,-13.57,,,2026-06-01,2026-06-01,2026-07-27,,,,,,2026-03-09,2026-06-01,matured_breakout,2026-06-01,Health Services,Medical/Nursing Services,2026-09-25
PARR,ibd_double_bottom,,,Retired,False,daily_volume_not_confirmed,watch_only,59.459999084472656,30.27,double_bottom,59.459999084472656,m,30.27,,,Retired,59.459999084472656,double_bottom,59.459999084472656,m,matured_breakout,2026-07-06,2026-07-06,,,False,,,,,,,,,,,,,2026-04-27,68.0,2026-06-01,54.810001373291016,2026-06-08,2026-06-22,48.91999816894531,8,28.06,-10.75,,,2026-06-29,2026-07-06,2026-07-06,,,,,,2026-06-22,2026-07-06,matured_breakout,2026-07-06,Energy Minerals,Oil Refining/Marketing,2026-09-25
LPG,ibd_double_bottom,,,Retired,False,daily_volume_not_confirmed,watch_only,45.22999954223633,18.13,double_bottom,45.22999954223633,m,18.13,,,Retired,45.22999954223633,double_bottom,45.22999954223633,m,matured_breakout,2026-07-20,2026-08-17,,,False,,,,,,,,,,,,,2026-05-18,48.119998931884766,2026-06-01,39.81999969482422,2026-06-08,2026-06-29,34.494998931884766,5,28.31,-13.37,,,2026-07-20,2026-07-20,2026-08-17,,,,,,2026-06-29,2026-07-20,matured_breakout,2026-07-20,Transportation,Marine Shipping,2026-09-25
HQI,ibd_double_bottom,,,Retired,False,,watch_only,10.0,100.4,double_bottom,10.0,m,100.4,,,Retired,10.0,double_bottom,10.0,m,matured_breakout,2025-12-22,2025-12-29,,,True,2025-12-24,2.63,,,,,,,,,,,2025-09-08,10.300000190734863,2025-10-13,8.039999961853027,2025-11-03,2025-12-15,7.380000114440918,12,28.35,-8.21,,,2025-12-22,2025-12-22,2025-12-29,,,,,,2025-12-01,2025-12-22,matured_breakout,2025-12-22,Commercial Services,Personnel Services,2026-09-25
CBRL,ibd_double_bottom,,,Retired,False,,watch_only,34.86000061035156,48.62,double_bottom_handle,36.25,handle,42.92,,,Retired,34.86000061035156,double_bottom_handle,36.25,handle,matured_breakout,,,2026-06-01,36.25,True,2026-06-09,2.91,,,,,,,,,,,2026-01-12,36.88999938964844,2026-01-26,27.950000762939453,2026-03-02,2026-03-23,26.350000381469727,9,28.57,-5.72,,,2026-05-25,,,2026-06-01,36.25,-10.73,3.0,True,2026-03-16,2026-06-08,matured_breakout,2026-06-08,Consumer Services,Restaurants,2026-09-25
SMBK,ibd_double_bottom,,,Retired,False,,watch_only,32.779998779296875,53.51,double_bottom,32.779998779296875,m,53.51,,,Retired,32.779998779296875,double_bottom,32.779998779296875,m,matured_breakout,2025-06-23,2025-06-30,,,True,2025-06-27,5.22,,,,,,,,,,,2025-02-03,36.900001525878906,2025-03-10,30.690000534057617,2025-03-17,2025-04-07,26.309999465942383,9,28.7,-14.27,,,2025-06-09,2025-06-23,2025-06-30,,,,,,2025-04-07,2025-06-23,matured_breakout,2025-06-23,Finance,Regional Banks,2026-09-25
EAT,ibd_double_bottom,,,Retired,False,daily_volume_not_confirmed,watch_only,161.7100067138672,28.13,double_bottom,161.7100067138672,m,28.13,,,Retired,161.7100067138672,double_bottom,161.7100067138672,m,matured_breakout,2026-06-15,2026-06-22,,,False,,,,,,,,,,,,,2026-02-09,175.2899932861328,2026-03-09,129.02000427246094,2026-04-13,2026-05-18,124.95999908447266,12,28.71,-3.15,,,2026-06-15,2026-06-15,2026-06-22,,,,,,2026-05-04,2026-06-15,matured_breakout,2026-06-15,Consumer Services,Restaurants,2026-09-25
TH,ibd_double_bottom,,,Retired,False,,watch_only,8.40999984741211,144.71,double_bottom,8.40999984741211,m,144.71,,,Retired,8.40999984741211,double_bottom,8.40999984741211,m,matured_breakout,2026-03-09,2026-03-09,,,True,2026-03-11,2.74,,,,,,,,,,,2025-12-08,8.949999809265137,2025-12-29,7.929999828338623,2026-01-05,2026-02-23,6.380000114440918,6,28.72,-19.55,,,2026-03-09,2026-03-09,2026-03-09,,,,,,2026-01-19,2026-03-09,matured_breakout,2026-03-09,Consumer Services,Hotels/Resorts/Cruise lines,2026-09-25
FORM,ibd_double_bottom,,,Retired,False,daily_volume_not_confirmed,watch_only,139.9199981689453,-7.31,double_bottom,139.9199981689453,m,-7.31,,,Retired,139.9199981689453,double_bottom,139.9199981689453,m,failed_breakout,2026-06-15,2026-06-15,,,False,,,,,,,,,,,,,2026-04-20,159.08999633789062,2026-05-11,119.30000305175781,2026-05-25,2026-06-08,113.30000305175781,7,28.78,-5.03,,,2026-06-08,2026-06-15,2026-06-15,,,,,,2026-06-08,2026-06-15,failed_breakout,2026-06-15,Electronic Technology,Semiconductors,2026-09-25
FET,ibd_double_bottom,,,Retired,False,,watch_only,58.75,40.99,double_bottom,58.75,m,40.99,,,Retired,58.75,double_bottom,58.75,m,matured_breakout,2026-07-27,2026-07-27,,,True,2026-07-31,2.29,,,,,,,,,,,2026-04-27,65.43000030517578,2026-05-04,53.52000045776367,2026-05-18,2026-07-06,46.5099983215332,5,28.92,-13.1,,,2026-07-20,2026-07-27,2026-07-27,,,,,,2026-06-08,2026-07-27,matured_breakout,2026-07-27,Industrial Services,Oilfield Services/Equipment,2026-09-25
MTW,ibd_double_bottom,,,Retired,False,,watch_only,14.979999542236328,47.8,double_bottom,14.979999542236328,m,47.8,,,Retired,14.979999542236328,double_bottom,14.979999542236328,m,matured_breakout,2026-08-03,2026-08-03,,,True,2026-08-07,5.16,,,,,,,,,,,2026-02-09,15.5600004196167,2026-02-16,13.989999771118164,2026-02-23,2026-03-16,11.0600004196167,4,28.92,-20.94,,,2026-08-03,2026-08-03,2026-08-03,,,,,,2026-03-23,2026-08-03,matured_breakout,2026-08-03,Producer Manufacturing,Trucks/Construction/Farm Machinery,2026-09-25
NTRA,ibd_double_bottom,,,Retired,False,,watch_only,250.0,65.02,double_bottom,250.0,m,65.02,,,Retired,250.0,double_bottom,250.0,m,matured_breakout,2026-06-22,2026-06-29,,,True,2026-06-24,1.96,,,,,,,,,,,2026-01-05,256.3599853515625,2026-01-12,226.1199951171875,2026-01-19,2026-03-23,181.0,5,29.4,-19.95,,,2026-06-22,2026-06-22,2026-06-29,,,,,,2026-02-16,2026-06-22,matured_breakout,2026-06-22,Health Technology,Biotechnology,2026-09-25
AMD,ibd_double_bottom,,,Retired,False,,watch_only,266.9599914550781,136.23,double_bottom,266.9599914550781,m,136.23,,,Retired,266.9599914550781,double_bottom,266.9599914550781,m,matured_breakout,2026-04-13,2026-04-20,,,True,2026-04-16,1.76,,,,,,,,,,,2025-10-27,267.0799865722656,2025-11-24,194.27999877929688,2026-01-19,2026-03-02,188.22000122070312,15,29.53,-3.12,,,2026-04-13,2026-04-13,2026-04-20,,,,,,2026-02-09,2026-04-13,matured_breakout,2026-04-13,Electronic Technology,Semiconductors,2026-09-25
MCS,ibd_double_bottom,,,Retired,False,daily_volume_not_confirmed,watch_only,16.68000030517578,68.41,double_bottom,16.68000030517578,m,68.41,,,Retired,16.68000030517578,double_bottom,16.68000030517578,m,matured_breakout,2026-02-23,2026-03-30,,,False,,,,,,,,,,,,,2025-07-14,18.260000228881836,2025-08-04,14.130000114440918,2025-09-15,2025-10-20,12.850000381469727,13,29.63,-9.06,,,2026-02-23,2026-02-23,2026-03-30,,,-13.23,5.0,False,2025-10-13,2026-02-23,matured_breakout,2026-02-23,Consumer Services,Movies/Entertainment,2026-09-25
ALNT,ibd_double_bottom,,,Retired,False,,watch_only,24.40999984741211,375.26,double_bottom,24.40999984741211,m,375.26,,,Retired,24.40999984741211,double_bottom,24.40999984741211,m,matured_breakout,2025-05-05,2025-05-05,,,True,2025-05-08,2.41,,,,,,,,,,,2025-02-10,27.479999542236328,2025-03-10,22.280000686645508,2025-03-17,2025-03-31,19.25,8,29.95,-13.6,,,2025-05-05,2025-05-05,2025-05-05,,,,,,2025-04-07,2025-05-05,matured_breakout,2025-05-05,Producer Manufacturing,Electrical Products,2026-09-25
PANW,ibd_double_bottom,,,Retired,False,daily_volume_not_confirmed,watch_only,189.6699981689453,97.57,double_bottom_handle,191.6999969482422,handle,95.48,,,Retired,189.6699981689453,double_bottom_handle,191.6999969482422,handle,failed_breakout,,,2025-05-05,191.6999969482422,False,,,,,,,,,,,,,2025-02-17,208.38999938964844,2025-03-03,173.88999938964844,2025-03-17,2025-04-07,144.14999389648438,6,30.83,-17.1,,,2025-04-28,,,2025-05-05,191.6999969482422,-3.83,3.0,True,2025-03-31,2025-05-12,failed_breakout,2025-05-12,Technology Services,Packaged Software,2026-09-25
GRDN,ibd_double_bottom,,,Retired,False,,watch_only,23.360000610351562,76.41,double_bottom,23.360000610351562,m,76.41,,,Retired,23.360000610351562,double_bottom,23.360000610351562,m,failed_breakout,2025-04-14,2025-04-28,,,True,2025-04-17,1.86,,,,,,,,,,,2024-12-09,25.735000610351562,2025-01-06,18.649999618530273,2025-01-27,2025-03-03,17.780000686645508,12,30.91,-4.66,,,2025-04-14,2025-04-14,2025-04-28,,,,,,2025-03-03,2025-04-14,failed_breakout,2025-04-14,Retail Trade,Drugstore Chains,2026-09-25
MD,ibd_double_bottom,,,Retired,False,daily_volume_not_confirmed,watch_only,21.90999984741211,20.08,double_bottom,21.90999984741211,m,20.08,,,Retired,21.90999984741211,double_bottom,21.90999984741211,m,failed_breakout,2026-04-13,2026-04-13,,,False,,,,,,,,,,,,,2025-11-24,24.989999771118164,2026-01-26,20.25,2026-02-02,2026-02-16,17.229999542236328,13,31.05,-14.91,,,2026-04-06,2026-04-13,2026-04-13,,,,,,2026-02-23,2026-04-13,failed_breakout,2026-04-13,Health Services,Medical/Nursing Services,2026-09-25
VLO,ibd_double_bottom,,,Retired,False,daily_volume_not_confirmed,watch_only,137.4600067138672,181.67,double_bottom_handle,142.92999267578125,handle,170.89,,,Retired,137.4600067138672,double_bottom_handle,142.92999267578125,handle,failed_breakout,2025-06-16,,2025-06-23,142.92999267578125,False,,,,,,,,,,,,,2025-02-03,144.1300048828125,2025-03-03,119.66000366210938,2025-03-24,2025-04-07,99.0,9,31.31,-17.27,,,2025-06-16,2025-06-16,,2025-06-23,142.92999267578125,-6.76,3.0,True,2025-04-07,2025-06-30,failed_breakout,2025-06-30,Energy Minerals,Oil Refining/Marketing,2026-09-25
TNGX,ibd_double_bottom,,,Retired,False,,watch_only,24.299999237060547,2.55,double_bottom,24.299999237060547,m,2.55,,,Retired,24.299999237060547,double_bottom,24.299999237060547,m,matured_breakout,2026-06-08,2026-06-08,,,True,2026-06-08,7.53,,,,,,,,,,,2026-04-20,28.40999984741211,2026-04-27,20.760000228881836,2026-05-04,2026-05-11,19.341999053955078,4,31.92,-6.83,,,2026-06-08,2026-06-08,2026-06-08,,,,,,2026-06-01,2026-06-08,matured_breakout,2026-06-08,Health Technology,Biotechnology,2026-09-25
RNST,ibd_double_bottom,,,Retired,False,daily_volume_not_confirmed,watch_only,36.61000061035156,10.22,double_bottom_handle,36.689998626708984,handle,9.98,,,Retired,36.61000061035156,double_bottom_handle,36.689998626708984,handle,failed_breakout,,,2025-06-16,36.689998626708984,False,,,,,,,,,,,,,2025-02-03,39.630001068115234,2025-03-10,33.15999984741211,2025-03-24,2025-04-07,26.969999313354492,9,31.95,-18.67,,,2025-06-09,,,2025-06-16,36.689998626708984,-6.73,4.0,True,2025-04-07,2025-06-30,failed_breakout,2025-06-30,Finance,Regional Banks,2026-09-25
CVI,ibd_double_bottom,,,Retired,False,daily_volume_not_confirmed,watch_only,22.040000915527344,133.76,double_bottom,22.040000915527344,m,133.76,,,Retired,22.040000915527344,double_bottom,22.040000915527344,m,matured_breakout,2025-05-12,2025-05-12,,,False,,,,,,,,,,,,,2025-02-17,22.200000762939453,2025-03-03,17.25,2025-03-17,2025-04-07,15.100000381469727,7,31.98,-12.46,,,2025-05-12,2025-05-12,2025-05-12,,,,,,2025-04-07,2025-05-12,matured_breakout,2025-05-12,Energy Minerals,Oil Refining/Marketing,2026-09-25
MTDR,ibd_double_bottom,,,Retired,False,daily_volume_not_confirmed,watch_only,56.20000076293945,-8.27,double_bottom,56.20000076293945,m,-8.27,,,Retired,56.20000076293945,double_bottom,56.20000076293945,m,failed_breakout,2026-08-17,2026-08-31,,,False,,,,,,,,,,,,,2026-03-30,66.83999633789062,2026-06-22,48.380001068115234,2026-07-20,2026-07-27,45.439998626708984,18,32.02,-6.08,,,2026-08-17,2026-08-17,2026-08-31,,,-10.12,2.0,False,2026-08-03,2026-08-17,failed_breakout,2026-08-17,Energy Minerals,Integrated Oil,2026-09-25
AAPL,ibd_double_bottom,,,Retired,False,daily_volume_not_confirmed,watch_only,225.02000427246094,51.57,double_bottom_handle,235.1199951171875,handle,45.06,,,Retired,225.02000427246094,double_bottom_handle,235.1199951171875,handle,matured_breakout,2025-08-04,,2025-08-18,235.1199951171875,False,,,,,,,,,,,,,2025-02-24,250.0,2025-03-10,208.4199981689453,2025-03-24,2025-04-07,169.2100067138672,6,32.32,-18.81,,,2025-08-04,2025-08-04,,2025-08-18,235.1199951171875,-4.82,4.0,True,2025-04-07,2025-09-01,matured_breakout,2025-09-01,Electronic Technology,Telecommunications Equipment,2026-09-25
ENVA,ibd_double_bottom,,,Retired,False,,watch_only,103.11000061035156,68.25,double_bottom,103.11000061035156,m,68.25,,,Retired,103.11000061035156,double_bottom,103.11000061035156,m,matured_breakout,2025-06-23,2025-06-23,,,True,2025-06-27,6.29,,,,,,,,,,,2025-02-03,117.55999755859375,2025-03-10,86.11699676513672,2025-03-24,2025-04-07,79.40699768066406,9,32.45,-7.79,,,2025-06-23,2025-06-23,2025-06-23,,,,,,2025-04-07,2025-06-23,matured_breakout,2025-06-23,,,2026-09-25
ROKU,ibd_double_bottom,,,Retired,False,,watch_only,116.33000183105469,31.25,double_bottom,116.33000183105469,m,31.25,,,Retired,116.33000183105469,double_bottom,116.33000183105469,m,matured_breakout,2026-04-27,2026-04-27,,,True,2026-04-30,2.32,,,,,,,,,,,2025-10-27,116.66000366210938,2025-11-17,90.54499816894531,2026-01-12,2026-02-09,78.52999877929688,15,32.68,-13.27,,,2026-04-13,2026-04-27,2026-04-27,,,,,,2026-02-09,2026-04-27,matured_breakout,2026-04-27,Technology Services,Packaged Software,2026-09-25
CHCI,ibd_double_bottom,,,Retired,False,,watch_only,17.579999923706055,9.95,double_bottom,17.579999923706055,m,9.95,,,Retired,17.579999923706055,double_bottom,17.579999923706055,m,matured_breakout,2026-08-17,2026-08-24,,,True,2026-08-17,2.05,,,,,,,,,,,2026-03-30,19.719999313354492,2026-04-27,15.489999771118164,2026-05-04,2026-05-18,13.239999771118164,8,32.86,-14.53,,,2026-08-10,2026-08-17,2026-08-24,,,,,,2026-05-25,2026-08-17,matured_breakout,2026-08-17,Consumer Durables,Homebuilding,2026-09-25
FIGR,ibd_double_bottom,,,Retired,False,,watch_only,35.20000076293945,-9.38,double_bottom,35.20000076293945,m,-9.38,,,Retired,35.20000076293945,double_bottom,35.20000076293945,m,failed_breakout,2026-08-17,2026-08-17,,,True,2026-08-17,2.38,,,,,,,,,,,2026-06-01,36.391998291015625,2026-06-22,26.219999313354492,2026-07-06,2026-08-03,24.110000610351562,9,33.75,-8.05,,,2026-08-17,2026-08-17,2026-08-17,,,,,,2026-08-03,2026-08-17,failed_breakout,2026-08-17,Finance,Finance/Rental/Leasing,2026-09-25
DELL,ibd_double_bottom,,,Retired,False,,watch_only,142.33999633789062,295.45,double_bottom,142.33999633789062,m,295.45,,,Retired,142.33999633789062,double_bottom,142.33999633789062,m,matured_breakout,2026-02-23,2026-03-09,,,True,2026-02-27,4.76,,,,,,,,,,,2025-11-03,168.0800018310547,2025-11-17,116.55999755859375,2025-12-08,2026-01-19,110.22000122070312,10,34.42,-5.44,,,2026-02-23,2026-02-23,2026-03-09,,,,,,2026-01-12,2026-02-23,matured_breakout,2026-02-23,Electronic Technology,Computer Processing Hardware,2026-09-25
NUTX,ibd_double_bottom,,,Retired,False,insufficient_volume_history,watch_only,26.399999618530273,733.75,double_bottom,26.399999618530273,m,733.75,,,Retired,26.399999618530273,double_bottom,26.399999618530273,m,matured_breakout,2024-11-04,2024-11-04,,,False,,,,,,,,,,,,,2024-08-26,26.75,2024-09-02,20.93000030517578,2024-09-09,2024-09-23,17.510000228881836,5,34.54,-16.34,,,2024-11-04,2024-11-04,2024-11-04,,,,,,2024-10-07,2024-11-04,matured_breakout,2024-11-04,Health Services,Medical/Nursing Services,2026-09-25
AOUT,ibd_double_bottom,,,Retired,False,,watch_only,13.206000328063965,32.89,double_bottom,13.206000328063965,m,32.89,,,Retired,13.206000328063965,double_bottom,13.206000328063965,m,matured_breakout,2026-08-31,2026-08-31,,,True,2026-09-04,36.83,,,,,,,,,,,2026-07-13,14.970000267028809,2026-07-27,12.239999771118164,2026-08-03,2026-08-31,9.739999771118164,6,34.94,-20.42,,,2026-08-31,2026-08-31,2026-08-31,,,,,,2026-08-24,2026-08-31,matured_breakout,2026-08-31,Consumer Durables,Recreational Products,2026-09-25
VSH,ibd_double_bottom,,,Retired,False,,watch_only,17.790000915527344,82.97,double_bottom,17.790000915527344,m,82.97,,,Retired,17.790000915527344,double_bottom,17.790000915527344,m,matured_breakout,2026-01-12,2026-01-26,,,True,2026-01-15,2.34,,,,,,,,,,,2025-07-07,18.200000762939453,2025-08-04,13.029999732971191,2025-10-27,2025-11-17,11.770000457763672,20,35.33,-9.67,,,2026-01-12,2026-01-12,2026-01-26,,,,,,2025-11-24,2026-01-12,matured_breakout,2026-01-12,Electronic Technology,Electronic Production Equipment,2026-09-25
DXPE,ibd_double_bottom,,,Retired,False,daily_volume_not_confirmed,watch_only,125.62000274658203,52.92,double_bottom,125.62000274658203,m,52.92,,,Retired,125.62000274658203,double_bottom,125.62000274658203,m,matured_breakout,2026-01-19,2026-02-02,,,False,,,,,,,,,,,,,2025-09-29,130.97000122070312,2025-10-13,109.12999725341797,2025-10-27,2025-11-17,84.04000091552734,6,35.83,-22.99,,,2026-01-19,2026-01-19,2026-02-02,,,,,,2025-11-10,2026-01-19,matured_breakout,2026-01-19,Distribution Services,Wholesale Distributors,2026-09-25
CRL,ibd_double_bottom,,,Retired,False,,watch_only,194.57000732421875,50.51,double_bottom,194.57000732421875,m,50.51,,,Retired,194.57000732421875,double_bottom,194.57000732421875,m,matured_breakout,2026-06-22,2026-06-22,,,True,2026-06-25,1.79,,,,,,,,,,,2026-01-12,228.8800048828125,2026-02-16,146.3300018310547,2026-05-04,2026-05-18,146.1999969482422,19,36.12,-0.09,,,2026-06-22,2026-06-22,2026-06-22,,,,,,2026-05-25,2026-06-22,matured_breakout,2026-06-22,Commercial Services,Miscellaneous Commercial Services,2026-09-25
ORKA,ibd_double_bottom,,,Retired,False,no_daily_detail,watch_only,47.52000045776367,77.74,double_bottom,47.52000045776367,m,77.74,,,Retired,47.52000045776367,double_bottom,47.52000045776367,m,failed_breakout,2024-08-19,2024-08-19,,,False,,,,,,,,,,,,,2024-06-03,48.84000015258789,2024-06-10,34.79999923706055,2024-07-01,2024-08-12,31.200000762939453,9,36.12,-10.34,,,2024-08-19,2024-08-19,2024-08-19,,,,,,2024-08-05,2024-08-19,failed_breakout,2024-08-19,Health Technology,Pharmaceuticals: Major,2026-09-25
ACMR,ibd_double_bottom,,,Retired,False,daily_volume_not_confirmed,watch_only,43.17100143432617,79.06,double_bottom,43.17100143432617,m,79.06,,,Retired,43.17100143432617,double_bottom,43.17100143432617,m,matured_breakout,2025-12-29,2026-01-05,,,False,,,,,,,,,,,,,2025-09-29,45.119998931884766,2025-10-06,36.400001525878906,2025-10-27,2025-11-17,28.459999084472656,6,36.92,-21.81,,,2025-12-29,2025-12-29,2026-01-05,,,,,,2025-11-10,2025-12-29,matured_breakout,2025-12-29,Producer Manufacturing,Industrial Machinery,2026-09-25
BZH,ibd_double_bottom,,,Retired,False,daily_volume_not_confirmed,watch_only,23.6200008392334,41.28,double_bottom,23.6200008392334,m,41.28,,,Retired,23.6200008392334,double_bottom,23.6200008392334,m,matured_breakout,2026-05-18,2026-05-25,,,False,,,,,,,,,,,,,2026-02-16,28.329999923706055,2026-03-16,18.579999923706055,2026-04-20,2026-05-04,17.829999923706055,12,37.06,-4.04,,,2026-05-11,2026-05-18,2026-05-25,,,,,,2026-05-11,2026-05-18,matured_breakout,2026-05-18,Consumer Durables,Homebuilding,2026-09-25
EXPE,ibd_double_bottom,,,Retired,False,,watch_only,179.6999969482422,47.01,double_bottom_handle,193.7899932861328,handle,36.32,,,Retired,179.6999969482422,double_bottom_handle,193.7899932861328,handle,matured_breakout,2025-07-07,,2025-07-28,193.7899932861328,True,2025-08-08,4.27,,,,,,,,,,,2025-02-10,207.72999572753906,2025-03-10,156.57000732421875,2025-03-24,2025-04-07,130.00999450683594,8,37.41,-16.96,,,2025-07-07,2025-07-07,,2025-07-28,193.7899932861328,-10.19,3.0,True,2025-04-07,2025-08-04,matured_breakout,2025-08-04,Consumer Services,Other Consumer Services,2026-09-25
FSLY,ibd_double_bottom,,,Retired,False,,watch_only,10.71500015258789,132.94,double_bottom,10.71500015258789,m,132.94,,,Retired,10.71500015258789,double_bottom,10.71500015258789,m,matured_breakout,2026-02-09,2026-02-09,,,True,2026-02-12,27.41,,,,,,,,,,,2025-12-01,12.590999603271484,2026-01-12,8.9399995803833,2026-01-26,2026-02-02,7.869999885559082,10,37.5,-11.97,,,2026-02-09,2026-02-09,2026-02-09,,,,,,2026-02-09,2026-02-09,matured_breakout,2026-02-09,Technology Services,Information Technology Services,2026-09-25
BLZE,ibd_double_bottom,,,Retired,False,,watch_only,4.489999771118164,193.76,double_bottom,4.489999771118164,m,193.76,,,Retired,4.489999771118164,double_bottom,4.489999771118164,m,matured_breakout,2026-05-04,2026-05-04,,,True,2026-05-04,7.06,,,,,,,,,,,2026-01-12,5.239999771118164,2026-02-09,3.8299999237060547,2026-02-16,2026-03-30,3.260999917984009,7,37.77,-14.86,,,2026-05-04,2026-05-04,2026-05-04,,,,,,2026-03-02,2026-05-04,matured_breakout,2026-05-04,,,2026-09-25
RDDT,ibd_double_bottom,,,Retired,False,daily_volume_not_confirmed,watch_only,230.97000122070312,-35.13,double_bottom,230.97000122070312,m,-35.13,,,Retired,230.97000122070312,double_bottom,230.97000122070312,m,failed_breakout,2025-12-01,2026-01-05,,,False,,,,,,,,,,,,,2025-09-15,282.95001220703125,2025-10-13,189.02000427246094,2025-10-27,2025-11-03,173.55999755859375,8,38.66,-8.18,,,2025-12-01,2025-12-01,2026-01-05,,,,,,2025-11-10,2025-12-01,failed_breakout,2025-12-01,Technology Services,Internet Software/Services,2026-09-25
INBK,ibd_double_bottom,,,Retired,False,daily_volume_not_confirmed,watch_only,25.8799991607666,1.97,double_bottom,25.8799991607666,m,1.97,,,Retired,25.8799991607666,double_bottom,25.8799991607666,m,matured_breakout,2026-06-08,2026-06-22,,,False,,,,,,,,,,,,,2025-07-21,27.93000030517578,2025-07-28,21.09000015258789,2025-08-25,2025-11-17,17.049999237060547,12,38.95,-19.16,,,2026-06-08,2026-06-08,2026-06-22,,,,,,2025-10-13,2026-06-08,matured_breakout,2026-06-08,Finance,Regional Banks,2026-09-25
LQDA,ibd_double_bottom,,,Retired,False,daily_volume_not_confirmed,watch_only,18.59000015258789,268.1,double_bottom,18.59000015258789,m,268.1,,,Retired,18.59000015258789,double_bottom,18.59000015258789,m,failed_breakout,2025-07-21,2025-07-21,,,False,,,,,,,,,,,,,2025-05-12,19.40999984741211,2025-05-26,13.9399995803833,2025-06-02,2025-06-30,11.850000381469727,5,38.95,-14.99,,,2025-07-21,2025-07-21,2025-07-21,,,,,,2025-06-23,2025-07-21,failed_breakout,2025-07-21,Health Technology,Pharmaceuticals: Major,2026-09-25
CRWD,ibd_double_bottom,,,Retired,False,daily_volume_not_confirmed,watch_only,132.4739990234375,90.32,double_bottom,132.4739990234375,m,90.32,,,Retired,132.4739990234375,double_bottom,132.4739990234375,m,matured_breakout,2026-05-11,2026-05-11,,,False,,,,,,,,,,,,,2025-11-10,141.72500610351562,2025-11-17,119.38749694824219,2025-12-08,2026-02-23,85.68000030517578,6,39.54,-28.23,,,2026-05-11,2026-05-11,2026-05-11,,,,,,2025-12-22,2026-05-11,matured_breakout,2026-05-11,Technology Services,Packaged Software,2026-09-25
ARX,ibd_double_bottom,,,Retired,False,,watch_only,14.505000114440918,36.16,double_bottom,14.505000114440918,m,36.16,,,Retired,14.505000114440918,double_bottom,14.505000114440918,m,matured_breakout,2026-08-10,2026-08-10,,,True,2026-08-13,32.96,,,,,,,,,,,2026-05-25,17.850000381469727,2026-06-29,11.65999984741211,2026-07-20,2026-07-27,10.765000343322754,10,39.69,-7.68,,,2026-08-10,2026-08-10,2026-08-10,,,,,,2026-08-03,2026-08-10,matured_breakout,2026-08-10,Finance,Property/Casualty Insurance,2026-09-25
ETON,ibd_double_bottom,,,Retired,False,daily_volume_not_confirmed,watch_only,16.260000228881836,254.74,double_bottom,16.260000228881836,m,254.74,,,Retired,16.260000228881836,double_bottom,16.260000228881836,m,matured_breakout,2025-04-28,2025-04-28,,,False,,,,,,,,,,,,,2025-02-03,18.40999984741211,2025-02-17,14.180000305175781,2025-02-24,2025-04-07,11.09000015258789,5,39.76,-21.79,,,2025-04-28,2025-04-28,2025-04-28,,,,,,2025-03-17,2025-04-28,matured_breakout,2025-04-28,Health Technology,Pharmaceuticals: Major,2026-09-25
ACHC,ibd_double_bottom,,,Retired,False,daily_volume_not_confirmed,watch_only,25.040000915527344,12.18,double_bottom,25.040000915527344,m,12.18,,,Retired,25.040000915527344,double_bottom,25.040000915527344,m,failed_breakout,2025-09-29,2025-09-29,,,False,,,,,,,,,,,,,2025-05-12,28.479999542236328,2025-06-23,20.360000610351562,2025-07-07,2025-08-04,17.1299991607666,13,39.85,-15.86,,,2025-09-29,2025-09-29,2025-09-29,,,,,,2025-08-11,2025-09-29,failed_breakout,2025-09-29,Health Services,Medical/Nursing Services,2026-09-25
