code,detection_path,eligible_paths,candidate_rank,signal_type,selection_eligible,reject_reason,confidence,m_price,pct_above_m,structure_mode,effective_trigger_price,trigger_source,pct_above_trigger,double_bottom_signal_type,double_bottom_m_price,ibd_double_bottom_signal_type,ibd_double_bottom_m_price,ibd_double_bottom_structure_mode,ibd_double_bottom_effective_trigger_price,ibd_double_bottom_trigger_source,ibd_double_bottom_retired_reason,ibd_double_bottom_m_breakout_at,ibd_double_bottom_breakout_established_at,ibd_double_bottom_handle_detected_at,ibd_double_bottom_handle_peak_price,entry_valid,entry_date,entry_volume_ratio,downtrend_break_valid,downtrend_break_date,seq_b_valid,target_support_price,target_support_type,pct_above_support,is_shakeout,trendline_price,ma10_price,ma40_price,p0_date,p0_price,l1_date,l1_price,m_date,l2_date,l2_price,base_length_weeks,base_depth_pct,undercut_pct,prior_trend_pct,pullback_v_is_dry,m_attempt_at,m_breakout_at,breakout_established_at,handle_detected_at,handle_peak_price,handle_pullback_pct,handle_pullback_duration_bars,handle_upper_half,first_valid_at,breakout_at,retired_reason,next_p0_floor_date,sector,industry,snapshot_date
CBNA,ibd_double_bottom,ibd_double_bottom,1.0,Rejected (M Breakout),True,daily_volume_not_confirmed,watch_only,48.405,2.1,double_bottom,48.405,m,2.1,,,Rejected (M Breakout),48.405,double_bottom,48.405,m,,2026-10-05,,,,False,,,,,,,,,,,,,2026-08-10,49.125,2026-08-24,44.0,2026-09-07,2026-09-14,43.9,6,10.64,-0.23,,,2026-09-21,2026-10-05,,,,,,,2026-09-21,2026-10-05,,2026-08-10,Finance,Major Banks,2026-10-06
RAL,double_bottom,double_bottom,2.0,Rejected (M Breakout),True,daily_volume_not_confirmed,high,73.345,0.7,,,,,Rejected (M Breakout),73.345,,,,,,,,,,,False,,,True,2026-09-28,True,71.05,Trendline,3.95,False,71.05,68.08,57.47,2026-06-22,75.41,2026-07-27,62.56,2026-08-10,2026-08-31,60.24,16,20.12,-3.71,0.0,False,,,,,,,,,,,,,Electronic Technology,Electronic Equipment/Instruments,2026-10-06
QCRH,ibd_double_bottom,ibd_double_bottom,3.0,Buy Zone,True,,watch_only,93.7,5.68,double_bottom_handle,97.25,handle,1.82,,,Buy Zone,93.7,double_bottom_handle,97.25,handle,,2026-06-08,,2026-06-15,97.25,True,2026-06-26,5.24,,,,,,,,,,,2026-04-13,94.09,2026-04-20,86.65,2026-05-04,2026-05-11,86.5601,5,8.0,-0.1,,,2026-06-01,2026-06-08,,2026-06-15,97.25,-3.89,3.0,True,2026-05-25,2026-06-22,,2026-06-22,Finance,Major Banks,2026-10-06
EFSI,ibd_double_bottom,ibd_double_bottom,4.0,Buy Zone,True,daily_volume_not_confirmed,watch_only,43.6,4.95,double_bottom,43.6,m,4.95,,,Buy Zone,43.6,double_bottom,43.6,m,,2026-08-10,2026-09-14,,,False,,,,,,,,,,,,,2026-06-15,44.0,2026-07-06,39.585,2026-07-13,2026-07-27,39.325,6,10.62,-0.66,,,2026-08-10,2026-08-10,2026-09-14,,,,,,2026-07-27,2026-08-10,,2026-08-10,Finance,Regional Banks,2026-10-06
HBCP,ibd_double_bottom,ibd_double_bottom,5.0,Buy Zone,True,daily_volume_not_confirmed,watch_only,64.07,4.9,double_bottom_handle,66.075,handle,1.72,,,Buy Zone,64.07,double_bottom_handle,66.075,handle,,2026-04-06,,2026-04-13,66.075,False,,,,,,,,,,,,,2026-01-19,64.17,2026-01-26,57.0,2026-02-02,2026-03-09,56.14,8,12.51,-1.51,,,2026-04-06,2026-04-06,,2026-04-13,66.075,,,,2026-03-16,2026-06-08,,2026-06-08,Finance,Regional Banks,2026-10-06
ZBRA,ibd_double_bottom,ibd_double_bottom,6.0,Buy Zone,True,daily_volume_not_confirmed,watch_only,369.0,4.55,double_bottom,369.0,m,4.55,,,Buy Zone,369.0,double_bottom,369.0,m,,2026-09-21,,,,False,,,,,,,,,,,,,2026-08-10,386.23,2026-08-17,350.36,2026-08-24,2026-09-07,336.3998,5,12.9,-3.98,,,2026-09-21,2026-09-21,,,,,,,2026-09-21,2026-09-21,,2026-08-10,Electronic Technology,Computer Processing Hardware,2026-10-06
CHCO,ibd_double_bottom,ibd_double_bottom,7.0,Buy Zone,True,,watch_only,129.025,9.72,double_bottom_handle,138.18,handle,2.45,,,Buy Zone,129.025,double_bottom_handle,138.18,handle,,2026-06-08,,2026-07-06,138.18,True,2026-07-22,1.85,,,,,,,,,,,2025-07-21,133.59,2025-10-13,116.0,2026-02-02,2026-03-16,113.21,34,15.26,-2.41,,,2026-04-13,2026-06-08,,2026-07-06,138.18,,,,2026-03-16,2026-07-20,,2026-07-20,Finance,Major Banks,2026-10-06
CATY,ibd_double_bottom,ibd_double_bottom,8.0,Buy Zone,True,daily_volume_not_confirmed,watch_only,54.8,9.78,double_bottom_handle,58.68,handle,2.52,,,Buy Zone,54.8,double_bottom_handle,58.68,handle,,2026-04-27,,2026-05-11,58.68,False,,,,,,,,,,,,,2026-01-19,54.99,2026-01-26,49.0876,2026-02-09,2026-03-09,45.75,7,16.8,-6.8,,,2026-04-13,2026-04-27,,2026-05-11,58.68,,,,2026-03-09,2026-06-08,,2026-06-08,Finance,Regional Banks,2026-10-06
NPK,ibd_double_bottom,ibd_double_bottom,9.0,Buy Zone,True,daily_volume_not_confirmed,watch_only,145.215,2.58,double_bottom,145.215,m,2.58,,,Buy Zone,145.215,double_bottom,145.215,m,,2026-08-17,2026-08-24,,,False,,,,,,,,,,,,,2026-04-27,149.74,2026-05-04,122.905,2026-05-11,2026-07-27,119.7,9,20.06,-2.61,,,2026-08-17,2026-08-17,2026-08-24,,,,,,2026-06-29,2026-08-17,,2026-08-17,Electronic Technology,Aerospace & Defense,2026-10-06
CVX,double_bottom+ibd_double_bottom,double_bottom,10.0,Pullback Support,True,daily_volume_not_confirmed,high,198.8699,4.38,,,,,Pullback Support,198.8699,Below Pivot,198.8699,double_bottom_handle,213.2,handle,,2026-08-10,,2026-08-24,213.2,False,,,True,2026-07-13,True,204.46,MA10,1.53,False,168.59,204.46,189.73,2026-03-23,212.455,2026-04-13,177.74,2026-05-18,2026-06-29,164.78,29,22.44,-7.29,0.0,True,,,,,,,,,,,,,Energy Minerals,Integrated Oil,2026-10-06
NVGS,ibd_double_bottom,ibd_double_bottom,11.0,Buy Zone,True,,watch_only,23.16,1.94,double_bottom,23.16,m,1.94,,,Buy Zone,23.16,double_bottom,23.16,m,,2026-09-14,2026-09-14,,,True,2026-09-15,2.14,,,,,,,,,,,2026-05-18,24.36,2026-06-01,21.44,2026-06-08,2026-06-29,18.3,6,24.88,-14.65,,,2026-09-07,2026-09-14,2026-09-14,,,,,,2026-06-29,2026-09-14,,2026-09-14,Transportation,Marine Shipping,2026-10-06
SLAB,ibd_double_bottom,ibd_double_bottom,12.0,Early Watch,True,,watch_only,219.685,1.34,double_bottom_handle,223.5,handle,-0.39,,,Early Watch,219.685,double_bottom_handle,223.5,handle,,2026-08-31,,2026-10-05,223.5,False,,,,,,,,,,,,,2026-06-15,220.895,2026-06-22,216.51,2026-06-29,2026-07-20,216.025,6,2.2,-0.22,,,2026-08-03,2026-08-31,,2026-10-05,223.5,-0.54,2.0,True,2026-07-27,,,2026-06-15,Electronic Technology,Semiconductors,2026-10-06
TXNM,ibd_double_bottom,ibd_double_bottom,13.0,Early Watch,True,,watch_only,57.76,1.37,double_bottom_handle,58.925,handle,-0.64,,,Early Watch,57.76,double_bottom_handle,58.925,handle,,2026-07-20,,2026-09-28,58.925,False,,,,,,,,,,,,,2026-05-25,59.53,2026-06-15,56.45,2026-06-22,2026-06-29,55.64,6,6.53,-1.43,,,2026-07-13,2026-07-20,,2026-09-28,58.925,-1.42,4.0,True,2026-07-06,,,2026-05-25,Utilities,Electric Utilities,2026-10-06
HBT,ibd_double_bottom,ibd_double_bottom,14.0,Early Watch,True,,watch_only,36.89,-1.63,double_bottom,36.89,m,-1.63,,,Early Watch,36.89,double_bottom,36.89,m,,,,,,False,,,,,,,,,,,,,2026-08-10,37.51,2026-08-24,34.93,2026-09-14,2026-09-28,34.79,8,7.25,-0.4,,,,,,,,,,,2026-10-05,,,2026-08-10,Finance,Regional Banks,2026-10-06
GSBC,ibd_double_bottom,ibd_double_bottom,15.0,Early Watch,True,,watch_only,81.38,-2.68,double_bottom,81.38,m,-2.68,,,Early Watch,81.38,double_bottom,81.38,m,,,,,,False,,,,,,,,,,,,,2026-08-03,82.91,2026-08-24,77.2439,2026-09-14,2026-09-28,76.24,9,8.04,-1.3,,,,,,,,,,,2026-10-05,,,2026-08-03,Finance,Regional Banks,2026-10-06
MET,ibd_double_bottom,ibd_double_bottom,16.0,Early Watch,True,,watch_only,99.25,-2.11,double_bottom,99.25,m,-2.11,,,Early Watch,99.25,double_bottom,99.25,m,,,,,,False,,,,,,,,,,,,,2026-08-03,100.93,2026-08-17,93.37,2026-08-31,2026-09-28,92.21,9,8.64,-1.24,,,,,,,,,,,2026-10-05,,,2026-08-03,Finance,Multi-Line Insurance,2026-10-06
SRCE,ibd_double_bottom,ibd_double_bottom,17.0,Early Watch,True,,watch_only,88.1376,-2.69,double_bottom,88.1376,m,-2.69,,,Early Watch,88.1376,double_bottom,88.1376,m,,,,,,False,,,,,,,,,,,,,2026-07-27,91.46,2026-08-31,84.035,2026-09-14,2026-09-28,82.975,10,9.28,-1.26,,,,,,,,,,,2026-10-05,,,2026-07-27,Finance,Regional Banks,2026-10-06
SMBK,ibd_double_bottom,ibd_double_bottom,18.0,Early Watch,True,,watch_only,52.76,-2.86,double_bottom,52.76,m,-2.86,,,Early Watch,52.76,double_bottom,52.76,m,,,,,,False,,,,,,,,,,,,,2026-08-03,54.1399,2026-08-24,49.7501,2026-09-14,2026-09-28,48.495,9,10.43,-2.52,,,,,,,,,,,2026-10-05,,,2026-08-03,Finance,Regional Banks,2026-10-06
PEB,ibd_double_bottom,ibd_double_bottom,19.0,Early Watch,True,,watch_only,18.79,1.01,double_bottom_handle,19.5,handle,-2.67,,,Early Watch,18.79,double_bottom_handle,19.5,handle,,2026-09-28,,2026-10-05,19.5,False,,,,,,,,,,,,,2026-07-20,19.93,2026-08-10,17.45,2026-08-17,2026-08-31,17.405,7,12.67,-0.26,,,2026-09-28,2026-09-28,,2026-10-05,19.5,-4.0,2.0,True,2026-09-07,,,2026-07-20,Finance,Real Estate Investment Trusts,2026-10-06
BHE,ibd_double_bottom,ibd_double_bottom,20.0,Early Watch,True,,watch_only,86.505,-0.63,double_bottom_handle,88.61,handle,-2.99,,,Early Watch,86.505,double_bottom_handle,88.61,handle,,2026-09-28,,2026-10-05,88.61,False,,,,,,,,,,,,,2026-06-29,100.4099,2026-07-27,71.27,2026-08-03,2026-08-31,68.65,9,31.63,-3.68,,,2026-09-28,2026-09-28,,2026-10-05,88.61,-3.08,2.0,True,2026-08-31,,,2026-06-29,Electronic Technology,Electronic Production Equipment,2026-10-06
PPIH,ibd_double_bottom,ibd_double_bottom,21.0,Early Watch,True,,watch_only,33.35,-2.76,double_bottom,33.35,m,-2.76,,,Early Watch,33.35,double_bottom,33.35,m,,,,,,False,,,,,,,,,,,,,2026-04-13,36.72,2026-05-18,29.07,2026-06-01,2026-07-27,23.035,9,37.27,-20.76,,,,,,,,,,,2026-06-15,,,2026-04-13,Producer Manufacturing,Industrial Machinery,2026-10-06
VABK,double_bottom+ibd_double_bottom,,,Pullback Support,False,daily_volume_not_confirmed,high,43.98,9.48,,,,,Pullback Support,43.98,Pre-Breakout,43.98,double_bottom_handle,50.0,handle,,2026-06-08,,2026-07-20,50.0,False,,,True,2026-06-08,True,47.45,MA10,1.49,False,43.29,47.45,43.26,2025-12-15,44.12,2026-01-05,39.0,2026-02-02,2026-03-09,37.3501,43,15.34,-4.23,0.0,True,,,,,,,,,,,,,Finance,Regional Banks,2026-10-06
NKSH,double_bottom+ibd_double_bottom,,,Pullback Support,False,,high,38.12,13.27,,,,,Pullback Support,38.12,Extended,37.91,double_bottom,37.91,m,,2026-07-27,2026-07-27,,,True,2026-10-06,1.52,True,2026-07-13,True,42.23,MA10,2.24,False,34.53,42.23,37.95,2026-02-02,39.66,2026-03-09,34.32,2026-04-13,2026-06-01,33.215,36,16.25,-3.22,0.0,True,,,,,,,,,,,,,Finance,Major Banks,2026-10-06
SAFT,double_bottom,,,Pullback Support,False,daily_volume_not_confirmed,high,77.42,34.25,,,,,Pullback Support,77.42,,,,,,,,,,,False,,,True,2026-06-22,True,103.55,MA10,0.37,False,68.11,103.55,83.33,2026-02-02,81.49,2026-03-09,70.685,2026-04-13,2026-06-01,67.925,36,16.65,-3.9,0.0,True,,,,,,,,,,,,,Finance,Property/Casualty Insurance,2026-10-06
EQH,double_bottom,,,Pullback Support,False,daily_volume_not_confirmed,medium,49.87,9.28,,,,,Pullback Support,49.87,,,,,,,,,,,False,,,True,2026-06-08,True,52.49,MA10,3.82,False,39.76,52.49,45.41,2025-09-15,54.725,2025-11-17,42.34,2026-01-05,2026-03-30,35.195,56,35.69,-16.88,0.0,True,,,,,,,,,,,,,Finance,Life/Health Insurance,2026-10-06
TECH,double_bottom,,,Pullback Support,False,daily_volume_not_confirmed,medium,60.44,19.84,,,,,Pullback Support,60.44,,,,,,,,,,,False,,,True,2026-06-15,True,72.37,MA10,0.08,False,44.76,72.37,62.56,2026-01-12,70.66,2026-03-16,48.25,2026-04-13,2026-05-11,43.195,39,38.87,-10.48,0.0,True,,,,,,,,,,,,,Health Technology,Biotechnology,2026-10-06
PROV,ibd_double_bottom,,,Extended,False,,watch_only,17.37,5.7,double_bottom_handle,17.39,handle,5.58,,,Extended,17.37,double_bottom_handle,17.39,handle,,,,2026-07-13,17.39,True,2026-07-28,2.5,,,,,,,,,,,2026-04-27,17.42,2026-05-11,16.88,2026-05-18,2026-06-01,16.44,5,5.63,-2.61,,,2026-06-29,,,2026-07-13,17.39,-2.3,5.0,True,2026-06-08,2026-07-27,,2026-07-27,Finance,Savings Banks,2026-10-06
MGYR,ibd_double_bottom,,,Extended,False,,watch_only,17.69,9.5,double_bottom,17.69,m,9.5,,,Extended,17.69,double_bottom,17.69,m,,2026-06-15,2026-07-27,,,True,2026-06-18,6.99,,,,,,,,,,,2026-04-13,18.0,2026-04-27,17.22,2026-05-04,2026-05-25,16.78,7,6.78,-2.56,,,2026-06-15,2026-06-15,2026-07-27,,,,,,2026-06-01,2026-06-15,,2026-06-15,Finance,Savings Banks,2026-10-06
TOWN,ibd_double_bottom,,,Below Pivot,False,,watch_only,35.01,1.14,double_bottom_handle,37.19,handle,-4.79,,,Below Pivot,35.01,double_bottom_handle,37.19,handle,,2026-06-08,,2026-07-06,37.19,True,2026-07-27,1.55,,,,,,,,,,,2026-04-13,36.095,2026-05-11,33.4,2026-05-25,2026-06-01,33.1,8,8.3,-0.9,,,2026-06-08,2026-06-08,,2026-07-06,37.19,,,,2026-06-08,2026-07-27,,2026-07-27,Finance,Regional Banks,2026-10-06
WSBF,ibd_double_bottom,,,Extended,False,,watch_only,18.54,7.17,double_bottom,18.54,m,7.17,,,Extended,18.54,double_bottom,18.54,m,,2026-04-06,2026-06-08,,,True,2026-04-09,1.76,,,,,,,,,,,2026-02-02,18.88,2026-02-09,17.48,2026-02-16,2026-03-09,16.85,4,10.75,-3.6,,,2026-03-23,2026-04-06,2026-06-08,,,,,,2026-03-16,2026-04-06,,2026-04-06,Finance,Finance/Rental/Leasing,2026-10-06
LLY,ibd_double_bottom,,,Below Pivot,False,,watch_only,1206.94,-4.1,double_bottom,1206.94,m,-4.1,,,Below Pivot,1206.94,double_bottom,1206.94,m,,2026-08-17,,,,True,2026-08-19,1.58,,,,,,,,,,,2026-07-06,1249.45,2026-07-13,1134.4,2026-07-20,2026-08-03,1109.15,4,11.23,-2.23,,,2026-08-03,2026-08-17,,,,-13.88,8.0,False,2026-08-17,2026-08-17,,2026-07-06,Health Technology,Pharmaceuticals: Major,2026-10-06
UNM,ibd_double_bottom,,,Below Pivot,False,daily_volume_not_confirmed,watch_only,92.36,-0.57,double_bottom,92.36,m,-0.57,,,Below Pivot,92.36,double_bottom,92.36,m,,2026-08-10,,,,False,,,,,,,,,,,,,2026-06-15,93.215,2026-06-22,87.48,2026-06-29,2026-07-27,82.115,4,11.91,-6.13,,,2026-08-10,2026-08-10,,,,-11.35,6.0,False,2026-07-27,2026-08-10,,2026-06-15,Finance,Multi-Line Insurance,2026-10-06
LTC,ibd_double_bottom,,,Extended,False,,watch_only,39.47,7.52,double_bottom,39.47,m,7.52,,,Extended,39.47,double_bottom,39.47,m,,2026-07-13,2026-07-13,,,True,2026-07-14,1.78,,,,,,,,,,,2026-04-06,40.12,2026-04-20,37.25,2026-05-04,2026-06-01,34.525,8,13.95,-7.32,,,2026-07-06,2026-07-13,2026-07-13,,,,,,2026-06-01,2026-07-13,,2026-07-13,Finance,Real Estate Investment Trusts,2026-10-06
MTD,ibd_double_bottom,,,Extended,False,,watch_only,1440.22,6.45,double_bottom,1440.22,m,6.45,,,Extended,1440.22,double_bottom,1440.22,m,,2026-09-21,2026-10-05,,,True,2026-09-22,1.63,,,,,,,,,,,2026-08-03,1474.19,2026-08-17,1377.0994,2026-08-24,2026-09-07,1266.55,5,14.09,-8.03,,,2026-09-21,2026-09-21,2026-10-05,,,,,,2026-09-14,2026-09-21,,2026-09-21,Health Technology,Medical Specialties,2026-10-06
RGA,ibd_double_bottom,,,Extended,False,daily_volume_not_confirmed,watch_only,221.9,13.18,double_bottom,221.9,m,13.18,,,Extended,221.9,double_bottom,221.9,m,,2026-07-06,2026-07-13,,,False,,,,,,,,,,,,,2026-02-02,229.21,2026-03-16,196.425,2026-05-04,2026-06-01,195.1,18,14.88,-0.67,,,2026-07-06,2026-07-06,2026-07-13,,,,,,2026-06-08,2026-07-06,,2026-07-06,Finance,Life/Health Insurance,2026-10-06
ESCA,ibd_double_bottom,,,Below Pivot,False,,watch_only,19.485,-4.29,double_bottom,19.485,m,-4.29,,,Below Pivot,19.485,double_bottom,19.485,m,,2026-07-27,2026-08-03,,,True,2026-07-30,1.79,,,,,,,,,,,2026-05-04,21.32,2026-05-11,17.68,2026-05-25,2026-06-01,17.54,5,17.73,-0.79,,,2026-07-13,2026-07-27,2026-08-03,,,,,,2026-06-15,2026-07-27,,2026-07-27,Consumer Durables,Recreational Products,2026-10-06
NIC,ibd_double_bottom,,,Extended,False,,watch_only,150.9299,8.41,double_bottom,150.9299,m,8.41,,,Extended,150.9299,double_bottom,150.9299,m,,2026-06-22,2026-06-22,,,True,2026-06-22,2.25,,,,,,,,,,,2026-04-13,161.0,2026-04-20,142.49,2026-04-27,2026-06-01,131.86,5,18.1,-7.46,,,2026-06-15,2026-06-22,2026-06-22,,,,,,2026-05-25,2026-06-22,,2026-06-22,Finance,Major Banks,2026-10-06
GIC,double_bottom+ibd_double_bottom,,,Approaching Support,False,daily_volume_not_confirmed,watch_only,34.33,26.54,,,,,Approaching Support,34.33,Retired,35.395,double_bottom,35.395,m,matured_breakout,2026-07-27,2026-08-03,,,False,,,True,2026-07-13,True,40.49,MA10,7.29,False,34.15,40.49,34.21,2026-02-23,34.39,2026-03-16,29.33,2026-04-20,2026-05-18,28.0,33,18.58,-4.53,0.0,True,,,,,,,,,,,,,Retail Trade,Internet Retail,2026-10-06
PR,ibd_double_bottom,,,Extended,False,daily_volume_not_confirmed,watch_only,20.54,8.81,double_bottom,20.54,m,8.81,,,Extended,20.54,double_bottom,20.54,m,,2026-07-20,2026-08-17,,,False,,,,,,,,,,,,,2026-05-04,22.675,2026-05-25,18.865,2026-06-01,2026-06-29,17.9,7,21.06,-5.12,,,2026-07-20,2026-07-20,2026-08-17,,,,,,2026-06-22,2026-07-20,,2026-07-20,Energy Minerals,Integrated Oil,2026-10-06
LARK,ibd_double_bottom,,,Extended,False,,watch_only,28.99,7.86,double_bottom,28.99,m,7.86,,,Extended,28.99,double_bottom,28.99,m,,2026-06-08,2026-06-22,,,True,2026-06-12,1.87,,,,,,,,,,,2025-11-24,30.795,2026-01-05,24.85,2026-02-02,2026-03-16,23.57,16,23.46,-5.15,,,2026-06-01,2026-06-08,2026-06-22,,,,,,2026-03-16,2026-06-08,,2026-06-08,Finance,Major Banks,2026-10-06
DE,ibd_double_bottom,,,Extended,False,daily_volume_not_confirmed,watch_only,619.24,10.26,double_bottom,619.24,m,10.26,,,Extended,619.24,double_bottom,619.24,m,,2026-06-29,2026-08-31,,,False,,,,,,,,,,,,,2026-02-16,674.1899,2026-03-30,549.68,2026-04-06,2026-05-18,515.15,14,23.59,-6.28,,,2026-06-22,2026-06-29,2026-08-31,,,,,,2026-05-25,2026-06-29,,2026-06-29,Producer Manufacturing,Trucks/Construction/Farm Machinery,2026-10-06
SCSC,double_bottom,,,Approaching Support,False,daily_volume_not_confirmed,watch_only,43.2499,40.9,,,,,Approaching Support,43.2499,,,,,,,,,,,False,,,True,2026-05-04,True,57.36,MA10,6.25,False,38.55,57.36,46.79,2025-09-01,46.25,2025-11-03,36.0,2026-01-26,2026-02-09,33.76,58,27.01,-6.22,0.0,True,,,,,,,,,,,,,Distribution Services,Electronics Distributors,2026-10-06
CBNK,ibd_double_bottom,,,Extended,False,daily_volume_not_confirmed,watch_only,35.0,13.11,double_bottom_handle,37.0,handle,7.0,,,Extended,35.0,double_bottom_handle,37.0,handle,,2026-06-22,,2026-07-06,37.0,False,,,,,,,,,,,,,2025-07-21,36.4,2025-07-28,30.445,2025-09-01,2025-11-24,26.4001,11,27.47,-13.29,,,2026-06-22,2026-06-22,,2026-07-06,37.0,,,,2025-10-06,2026-07-27,,2026-07-27,Finance,Major Banks,2026-10-06
CXW,double_bottom+ibd_double_bottom,,,Approaching Support,False,,watch_only,20.33,56.32,,,,,Approaching Support,20.33,Retired,19.32,double_bottom,19.32,m,failed_breakout,2026-01-05,2026-01-05,,,True,2026-10-05,1.64,True,2026-03-16,True,25.29,MA40,25.65,False,16.87,33.51,25.29,2025-09-22,21.84,2025-11-17,15.95,2026-01-05,2026-02-23,15.735,55,27.95,-1.35,0.0,False,,,,,,,,,,,,,Commercial Services,Miscellaneous Commercial Services,2026-10-06
ESQ,ibd_double_bottom,,,Below Pivot,False,daily_volume_not_confirmed,watch_only,119.86,-2.85,double_bottom,119.86,m,-2.85,,,Below Pivot,119.86,double_bottom,119.86,m,,2026-06-29,2026-07-27,,,False,,,,,,,,,,,,,2026-01-12,134.815,2026-01-19,103.0003,2026-02-02,2026-03-09,94.0,7,30.27,-8.74,,,2026-06-29,2026-06-29,2026-07-27,,,,,,2026-03-02,2026-06-29,,2026-06-29,Finance,Major Banks,2026-10-06
WAT,ibd_double_bottom,,,Extended,False,,watch_only,389.82,11.96,double_bottom,389.82,m,11.96,,,Extended,389.82,double_bottom,389.82,m,,2026-08-03,2026-08-10,,,True,2026-08-04,2.16,,,,,,,,,,,2026-01-05,408.67,2026-01-26,367.12,2026-02-02,2026-03-09,282.77,6,30.81,-22.98,,,2026-07-20,2026-08-03,2026-08-10,,,,,,2026-02-16,2026-08-03,,2026-08-03,Health Technology,Medical Specialties,2026-10-06
LSCC,double_bottom+ibd_double_bottom,,,Approaching Support,False,daily_volume_not_confirmed,high,133.01,1.1,,,,,Approaching Support,133.01,Pre-Breakout,139.37,double_bottom,139.37,m,,,,,,False,,,True,2026-09-21,True,123.57,MA10,8.82,False,114.58,123.57,115.51,2026-06-15,154.4,2026-07-27,112.55,2026-08-10,2026-09-14,103.82,17,32.76,-7.76,0.0,False,,,,,,,,,,,,,Electronic Technology,Semiconductors,2026-10-06
CBLL,ibd_double_bottom,,,Extended,False,daily_volume_not_confirmed,watch_only,21.65,12.42,double_bottom,21.65,m,12.42,,,Extended,21.65,double_bottom,21.65,m,,2026-08-10,2026-08-10,,,False,,,,,,,,,,,,,2026-01-12,24.33,2026-03-02,16.84,2026-04-20,2026-05-11,15.84,18,34.9,-5.94,,,2026-08-10,2026-08-10,2026-08-10,,,,,,2026-05-18,2026-08-10,,2026-08-10,Health Technology,Medical Specialties,2026-10-06
XP,double_bottom+ibd_double_bottom,,,Approaching Support,False,,watch_only,21.785,36.47,,,,,Approaching Support,21.785,Retired,19.885,double_bottom,19.885,m,matured_breakout,2026-09-14,2026-09-28,,,True,2026-10-05,7.88,True,2026-08-31,True,19.8,MA10,50.15,False,18.07,19.8,18.59,2026-02-16,23.13,2026-03-30,17.51,2026-04-13,2026-06-08,14.8,34,36.01,-15.48,0.0,False,,,,,,,,,,,,,Finance,Investment Banks/Brokers,2026-10-06
BOTJ,ibd_double_bottom,,,Pre-Breakout,False,,watch_only,28.2901,-3.61,double_bottom,28.2901,m,-3.61,,,Pre-Breakout,28.2901,double_bottom,28.2901,m,,,,,,False,,,,,,,,,,,,,2026-07-27,28.558,2026-08-03,26.42,2026-08-10,2026-08-24,26.35,5,7.73,-0.26,,,2026-09-07,,,,,-5.79,2.0,False,2026-09-14,,,2026-07-27,Finance,Regional Banks,2026-10-06
OBK,ibd_double_bottom,,,Pre-Breakout,False,,watch_only,54.95,-3.88,double_bottom,54.95,m,-3.88,,,Pre-Breakout,54.95,double_bottom,54.95,m,,,,,,False,,,,,,,,,,,,,2026-07-27,55.57,2026-08-17,52.15,2026-09-07,2026-09-28,51.08,10,8.08,-2.05,,,,,,,,,,,2026-10-05,,,2026-07-27,Finance,Regional Banks,2026-10-06
TMP,ibd_double_bottom,,,Pre-Breakout,False,,watch_only,101.0,-3.16,double_bottom,101.0,m,-3.16,,,Pre-Breakout,101.0,double_bottom,101.0,m,,,,,,False,,,,,,,,,,,,,2026-08-10,102.585,2026-08-31,94.79,2026-09-14,2026-09-28,94.27,8,8.11,-0.55,,,,,,,,,,,2026-10-05,,,2026-08-10,Finance,Regional Banks,2026-10-06
CTBI,ibd_double_bottom,,,Pre-Breakout,False,,watch_only,78.895,-3.53,double_bottom,78.895,m,-3.53,,,Pre-Breakout,78.895,double_bottom,78.895,m,,,,,,False,,,,,,,,,,,,,2026-08-03,79.9199,2026-08-24,74.5601,2026-09-07,2026-09-28,72.83,7,8.87,-2.32,,,,,,,,,,,2026-09-21,,,2026-08-03,Finance,Regional Banks,2026-10-06
COSO,ibd_double_bottom,,,Pre-Breakout,False,,watch_only,28.07,-3.81,double_bottom,28.07,m,-3.81,,,Pre-Breakout,28.07,double_bottom,28.07,m,,,,,,False,,,,,,,,,,,,,2026-08-10,28.56,2026-08-17,26.58,2026-09-07,2026-09-28,25.98,7,9.03,-2.26,,,,,,,,,,,2026-09-28,,,2026-08-10,Finance,Regional Banks,2026-10-06
ORRF,ibd_double_bottom,,,Pre-Breakout,False,,watch_only,43.44,-4.86,double_bottom,43.44,m,-4.86,,,Pre-Breakout,43.44,double_bottom,43.44,m,,,,,,False,,,,,,,,,,,,,2026-08-03,43.81,2026-08-10,41.1479,2026-08-17,2026-09-28,39.83,5,9.08,-3.2,,,,,,,,,,,2026-09-14,,,2026-08-03,Finance,Regional Banks,2026-10-06
SFNC,ibd_double_bottom,,,Pre-Breakout,False,,watch_only,23.56,-4.12,double_bottom,23.56,m,-4.12,,,Pre-Breakout,23.56,double_bottom,23.56,m,,,,,,False,,,,,,,,,,,,,2026-08-03,24.32,2026-08-31,22.165,2026-09-07,2026-09-28,22.09,9,9.17,-0.34,,,,,,,,,,,2026-10-05,,,2026-08-03,Finance,Major Banks,2026-10-06
BFST,ibd_double_bottom,,,Pre-Breakout,False,,watch_only,31.9,-3.64,double_bottom,31.9,m,-3.64,,,Pre-Breakout,31.9,double_bottom,31.9,m,,,,,,False,,,,,,,,,,,,,2026-08-10,32.525,2026-08-31,30.54,2026-09-07,2026-09-28,29.51,6,9.27,-3.37,,,,,,,,,,,2026-09-21,,,2026-08-10,Finance,Regional Banks,2026-10-06
THG,ibd_double_bottom,,,Pre-Breakout,False,,watch_only,234.48,-6.16,double_bottom,234.48,m,-6.16,,,Pre-Breakout,234.48,double_bottom,234.48,m,,,,,,False,,,,,,,,,,,,,2026-08-03,236.065,2026-08-17,217.0,2026-09-14,2026-09-28,213.63,8,9.5,-1.55,,,,,,,,,,,2026-09-28,,,2026-08-03,Finance,Property/Casualty Insurance,2026-10-06
CCNE,ibd_double_bottom,,,Pre-Breakout,False,,watch_only,35.19,-3.86,double_bottom,35.19,m,-3.86,,,Pre-Breakout,35.19,double_bottom,35.19,m,,,,,,False,,,,,,,,,,,,,2026-08-03,36.17,2026-08-31,33.23,2026-09-07,2026-09-28,32.7,9,9.59,-1.59,,,,,,,,,,,2026-10-05,,,2026-08-03,Finance,Regional Banks,2026-10-06
CBC,ibd_double_bottom,,,Pre-Breakout,False,,watch_only,33.385,-3.73,double_bottom,33.385,m,-3.73,,,Pre-Breakout,33.385,double_bottom,33.385,m,,,,,,False,,,,,,,,,,,,,2026-08-03,33.8177,2026-08-24,30.72,2026-09-07,2026-09-28,30.53,9,9.72,-0.62,,,,,,,,,,,2026-10-05,,,2026-08-03,Finance,Regional Banks,2026-10-06
FVCB,ibd_double_bottom,,,Pre-Breakout,False,,watch_only,18.77,-6.23,double_bottom,18.77,m,-6.23,,,Pre-Breakout,18.77,double_bottom,18.77,m,,,,,,False,,,,,,,,,,,,,2026-08-03,19.11,2026-08-24,17.7501,2026-08-31,2026-09-28,17.25,7,9.73,-2.82,,,,,,,,,,,2026-09-21,,,2026-08-03,Finance,Regional Banks,2026-10-06
NWBI,ibd_double_bottom,,,Pre-Breakout,False,,watch_only,15.74,-5.15,double_bottom,15.74,m,-5.15,,,Pre-Breakout,15.74,double_bottom,15.74,m,,,,,,False,,,,,,,,,,,,,2026-07-27,16.16,2026-08-31,15.0739,2026-09-14,2026-09-28,14.54,9,10.02,-3.54,,,,,,,,,,,2026-09-28,,,2026-07-27,,,2026-10-06
FMBH,ibd_double_bottom,,,Pre-Breakout,False,,watch_only,51.58,-4.01,double_bottom,51.58,m,-4.01,,,Pre-Breakout,51.58,double_bottom,51.58,m,,,,,,False,,,,,,,,,,,,,2026-07-27,53.36,2026-08-24,48.93,2026-09-14,2026-09-28,47.88,9,10.27,-2.15,,,,,,,,,,,2026-09-28,,,2026-07-27,Finance,Regional Banks,2026-10-06
RBB,ibd_double_bottom,,,Pre-Breakout,False,,watch_only,27.74,-5.91,double_bottom,27.74,m,-5.91,,,Pre-Breakout,27.74,double_bottom,27.74,m,,,,,,False,,,,,,,,,,,,,2026-07-13,28.24,2026-07-20,25.48,2026-08-10,2026-08-31,25.34,8,10.27,-0.55,,,,,,,,,,,2026-09-07,,,2026-07-13,Finance,Regional Banks,2026-10-06
CLBK,ibd_double_bottom,,,Pre-Breakout,False,,watch_only,11.8,-5.68,double_bottom,11.8,m,-5.68,,,Pre-Breakout,11.8,double_bottom,11.8,m,,,,,,False,,,,,,,,,,,,,2026-08-17,12.0,2026-08-24,11.37,2026-08-31,2026-09-28,10.75,4,10.42,-5.45,,,,,,,,,,,2026-09-28,,,2026-08-17,,,2026-10-06
WSFS,ibd_double_bottom,,,Pre-Breakout,False,,watch_only,81.26,-6.57,double_bottom,81.26,m,-6.57,,,Pre-Breakout,81.26,double_bottom,81.26,m,,,,,,False,,,,,,,,,,,,,2026-08-03,82.94,2026-08-31,76.34,2026-09-14,2026-09-28,74.285,8,10.44,-2.69,,,,,,,,,,,2026-09-28,,,2026-08-03,Finance,Savings Banks,2026-10-06
MSBI,ibd_double_bottom,,,Pre-Breakout,False,,watch_only,33.9,-3.3,double_bottom,33.9,m,-3.3,,,Pre-Breakout,33.9,double_bottom,33.9,m,,,,,,False,,,,,,,,,,,,,2026-08-03,35.1,2026-08-17,32.065,2026-09-21,2026-09-28,31.42,9,10.48,-2.01,,,,,,,,,,,2026-10-05,,,2026-08-03,Finance,Regional Banks,2026-10-06
FISI,ibd_double_bottom,,,Pre-Breakout,False,,watch_only,41.94,-6.34,double_bottom,41.94,m,-6.34,,,Pre-Breakout,41.94,double_bottom,41.94,m,,,,,,False,,,,,,,,,,,,,2026-08-03,42.97,2026-08-31,39.74,2026-09-07,2026-09-28,38.095,7,11.35,-4.14,,,,,,,,,,,2026-09-21,,,2026-08-03,Finance,Regional Banks,2026-10-06
STBA,ibd_double_bottom,,,Pre-Breakout,False,,watch_only,51.0016,-4.3,double_bottom,51.0016,m,-4.3,,,Pre-Breakout,51.0016,double_bottom,51.0016,m,,,,,,False,,,,,,,,,,,,,2026-07-27,53.5,2026-08-24,48.84,2026-09-14,2026-09-28,47.4,10,11.4,-2.95,,,,,,,,,,,2026-10-05,,,2026-07-27,Finance,Regional Banks,2026-10-06
LH,ibd_double_bottom,,,Pre-Breakout,False,,watch_only,327.95,-4.95,double_bottom,327.95,m,-4.95,,,Pre-Breakout,327.95,double_bottom,327.95,m,,,,,,False,,,,,,,,,,,,,2026-08-24,341.795,2026-09-07,305.45,2026-09-14,2026-09-28,302.71,5,11.44,-0.9,,,,,,,,,,,2026-10-05,,,2026-08-24,Health Services,Medical/Nursing Services,2026-10-06
FCF,ibd_double_bottom,,,Pre-Breakout,False,,watch_only,21.64,-7.3,double_bottom,21.64,m,-7.3,,,Pre-Breakout,21.64,double_bottom,21.64,m,,,,,,False,,,,,,,,,,,,,2026-07-27,22.3425,2026-08-31,20.47,2026-09-14,2026-09-28,19.785,10,11.45,-3.35,,,,,,,,,,,2026-10-05,,,2026-07-27,Finance,Regional Banks,2026-10-06
JMSB,ibd_double_bottom,,,Pre-Breakout,False,,watch_only,21.29,7.61,double_bottom_handle,24.26,handle,-5.56,,,Pre-Breakout,21.29,double_bottom_handle,24.26,handle,,2026-04-27,,2026-06-15,24.26,False,,,,,,,,,,,,,2025-12-15,21.5,2026-01-05,19.35,2026-01-19,2026-03-02,19.02,11,11.53,-1.71,,,2026-04-13,2026-04-27,,2026-06-15,24.26,-8.0,10.0,True,2026-03-02,,,2025-12-15,Finance,Regional Banks,2026-10-06
SR,ibd_double_bottom,,,Pre-Breakout,False,,watch_only,84.11,-7.06,double_bottom,84.11,m,-7.06,,,Pre-Breakout,84.11,double_bottom,84.11,m,,,,,,False,,,,,,,,,,,,,2026-08-17,84.65,2026-08-24,79.9,2026-09-07,2026-09-28,74.84,5,11.59,-6.33,,,,,,,,,,,2026-09-28,,,2026-08-17,Utilities,Gas Distributors,2026-10-06
TSBK,ibd_double_bottom,,,Pre-Breakout,False,,watch_only,47.6172,-4.13,double_bottom,47.6172,m,-4.13,,,Pre-Breakout,47.6172,double_bottom,47.6172,m,,,,,,False,,,,,,,,,,,,,2026-08-17,49.38,2026-08-31,44.61,2026-09-07,2026-09-28,43.64,6,11.62,-2.17,,,,,,,,,,,2026-09-28,,,2026-08-17,Finance,Savings Banks,2026-10-06
NTB,ibd_double_bottom,,,Pre-Breakout,False,,watch_only,61.72,-4.71,double_bottom,61.72,m,-4.71,,,Pre-Breakout,61.72,double_bottom,61.72,m,,,,,,False,,,,,,,,,,,,,2026-08-10,64.17,2026-08-24,58.26,2026-09-07,2026-09-28,56.66,6,11.7,-2.75,,,,,,,,,,,2026-09-21,,,2026-08-10,Finance,Regional Banks,2026-10-06
FCCO,ibd_double_bottom,,,Pre-Breakout,False,,watch_only,34.96,-6.78,double_bottom,34.96,m,-6.78,,,Pre-Breakout,34.96,double_bottom,34.96,m,,,,,,False,,,,,,,,,,,,,2026-08-03,35.18,2026-08-31,32.62,2026-09-07,2026-09-21,31.0,8,11.88,-4.97,,,,,,,,,,,2026-10-05,,,2026-08-03,Finance,Regional Banks,2026-10-06
RBCAA,ibd_double_bottom,,,Pre-Breakout,False,,watch_only,99.13,-5.89,double_bottom,99.13,m,-5.89,,,Pre-Breakout,99.13,double_bottom,99.13,m,,,,,,False,,,,,,,,,,,,,2026-08-03,102.22,2026-08-24,92.4692,2026-09-07,2026-09-28,89.99,7,11.96,-2.68,,,,,,,,,,,2026-09-21,,,2026-08-03,Finance,Regional Banks,2026-10-06
CFR,ibd_double_bottom,,,Pre-Breakout,False,,watch_only,166.75,-8.27,double_bottom,166.75,m,-8.27,,,Pre-Breakout,166.75,double_bottom,166.75,m,,,,,,False,,,,,,,,,,,,,2026-08-17,170.8,2026-08-31,157.635,2026-09-07,2026-09-28,150.22,5,12.05,-4.7,,,,,,,,,,,2026-09-28,,,2026-08-17,Finance,Regional Banks,2026-10-06
HBNC,ibd_double_bottom,,,Pre-Breakout,False,,watch_only,20.15,-4.17,double_bottom,20.15,m,-4.17,,,Pre-Breakout,20.15,double_bottom,20.15,m,,,,,,False,,,,,,,,,,,,,2026-07-27,21.04,2026-08-31,19.155,2026-09-07,2026-09-28,18.49,9,12.12,-3.47,,,,,,,,,,,2026-09-28,,,2026-07-27,Finance,Regional Banks,2026-10-06
WES,ibd_double_bottom,,,Pre-Breakout,False,,watch_only,49.8876,-7.43,double_bottom,49.8876,m,-7.43,,,Pre-Breakout,49.8876,double_bottom,49.8876,m,,,,,,False,,,,,,,,,,,,,2026-08-17,50.07,2026-08-24,47.62,2026-09-07,2026-09-28,43.92,5,12.28,-7.77,,,,,,,,,,,2026-09-28,,,2026-08-17,Industrial Services,Oil & Gas Pipelines,2026-10-06
PAG,ibd_double_bottom,,,Pre-Breakout,False,,watch_only,221.04,-9.97,double_bottom,221.04,m,-9.97,,,Pre-Breakout,221.04,double_bottom,221.04,m,,,,,,False,,,,,,,,,,,,,2026-07-27,227.0,2026-08-03,215.0,2026-08-31,2026-10-05,198.74,8,12.45,-7.56,,,,,,,,,,,2026-09-21,,,2026-07-27,Retail Trade,Specialty Stores,2026-10-06
BEN,ibd_double_bottom,,,Pre-Breakout,False,,watch_only,35.385,-8.32,double_bottom,35.385,m,-8.32,,,Pre-Breakout,35.385,double_bottom,35.385,m,,,,,,False,,,,,,,,,,,,,2026-08-03,36.28,2026-08-10,33.25,2026-08-24,2026-09-28,31.555,5,13.02,-5.1,,,,,,,,,,,2026-09-14,,,2026-08-03,Finance,Investment Managers,2026-10-06
FBP,ibd_double_bottom,,,Pre-Breakout,False,,watch_only,28.77,-6.74,double_bottom,28.77,m,-6.74,,,Pre-Breakout,28.77,double_bottom,28.77,m,,,,,,False,,,,,,,,,,,,,2026-08-17,29.88,2026-08-24,27.53,2026-08-31,2026-09-28,25.86,4,13.45,-6.07,,,,,,,,,,,2026-09-28,,,2026-08-17,Finance,Regional Banks,2026-10-06
INGM,ibd_double_bottom,,,Pre-Breakout,False,,watch_only,29.555,-4.69,double_bottom,29.555,m,-4.69,,,Pre-Breakout,29.555,double_bottom,29.555,m,,,,,,False,,,,,,,,,,,,,2026-08-03,29.81,2026-08-17,26.88,2026-08-24,2026-09-14,25.68,6,13.85,-4.46,,,,,,,,,,,2026-10-05,,,2026-08-03,Technology Services,Information Technology Services,2026-10-06
CBK,ibd_double_bottom,,,Pre-Breakout,False,,watch_only,34.96,-10.1,double_bottom,34.96,m,-10.1,,,Pre-Breakout,34.96,double_bottom,34.96,m,,,,,,False,,,,,,,,,,,,,2026-08-10,35.78,2026-08-24,33.325,2026-08-31,2026-09-28,30.8,5,13.92,-7.58,,,,,,,,,,,2026-09-21,,,2026-08-10,Finance,Regional Banks,2026-10-06
AIZ,ibd_double_bottom,,,Pre-Breakout,False,,watch_only,289.25,-6.32,double_bottom,289.25,m,-6.32,,,Pre-Breakout,289.25,double_bottom,289.25,m,,,,,,False,,,,,,,,,,,,,2026-08-03,303.94,2026-08-17,274.36,2026-08-24,2026-09-28,260.64,8,14.25,-5.0,,,,,,,,,,,2026-09-28,,,2026-08-03,Finance,Property/Casualty Insurance,2026-10-06
HTB,ibd_double_bottom,,,Pre-Breakout,False,,watch_only,49.555,-6.23,double_bottom,49.555,m,-6.23,,,Pre-Breakout,49.555,double_bottom,49.555,m,,,,,,False,,,,,,,,,,,,,2026-08-03,52.5,2026-08-24,45.92,2026-09-07,2026-09-21,44.93,8,14.42,-2.16,,,,,,,,,,,2026-09-28,,,2026-08-03,Finance,Regional Banks,2026-10-06
AUB,ibd_double_bottom,,,Pre-Breakout,False,,watch_only,43.09,-11.49,double_bottom,43.09,m,-11.49,,,Pre-Breakout,43.09,double_bottom,43.09,m,,,,,,False,,,,,,,,,,,,,2026-07-13,43.57,2026-08-03,40.7942,2026-08-17,2026-09-28,37.215,7,14.59,-8.77,,,,,,,,,,,2026-09-14,,,2026-07-13,Finance,Regional Banks,2026-10-06
UNP,ibd_double_bottom,,,Pre-Breakout,False,,watch_only,314.1499,-11.95,double_bottom,314.1499,m,-11.95,,,Pre-Breakout,314.1499,double_bottom,314.1499,m,,,,,,False,,,,,,,,,,,,,2026-07-20,315.99,2026-07-27,284.79,2026-08-24,2026-09-21,268.26,8,15.1,-5.8,,,,,,,,,,,2026-09-14,,,2026-07-20,Transportation,Railroads,2026-10-06
NTRS,ibd_double_bottom,,,Pre-Breakout,False,,watch_only,189.59,-10.62,double_bottom,189.59,m,-10.62,,,Pre-Breakout,189.59,double_bottom,189.59,m,,,,,,False,,,,,,,,,,,,,2026-08-10,195.78,2026-08-31,181.1468,2026-09-07,2026-09-28,166.1601,6,15.13,-8.27,,,,,,,,,,,2026-09-21,,,2026-08-10,Finance,Investment Managers,2026-10-06
ACT,ibd_double_bottom,,,Pre-Breakout,False,,watch_only,50.0,-7.36,double_bottom,50.0,m,-7.36,,,Pre-Breakout,50.0,double_bottom,50.0,m,,,,,,False,,,,,,,,,,,,,2026-08-17,50.56,2026-08-31,48.15,2026-09-07,2026-09-28,42.83,5,15.29,-11.05,,,,,,,,,,,2026-09-28,,,2026-08-17,Finance,Multi-Line Insurance,2026-10-06
SRBK,ibd_double_bottom,,,Pre-Breakout,False,,watch_only,20.0923,-7.97,double_bottom,20.0923,m,-7.97,,,Pre-Breakout,20.0923,double_bottom,20.0923,m,,,,,,False,,,,,,,,,,,,,2026-08-10,20.95,2026-08-24,19.09,2026-09-14,2026-09-28,17.676,7,15.63,-7.41,,,,,,,,,,,2026-09-28,,,2026-08-10,Finance,Regional Banks,2026-10-06
INCY,ibd_double_bottom,,,Pre-Breakout,False,,watch_only,130.8,-13.81,double_bottom,130.8,m,-13.81,,,Pre-Breakout,130.8,double_bottom,130.8,m,,,,,,False,,,,,,,,,,,,,2026-07-27,132.6,2026-08-03,115.77,2026-08-24,2026-10-05,111.67,10,15.78,-3.54,,,,,,,,,,,2026-10-05,,,2026-07-27,Health Technology,Pharmaceuticals: Major,2026-10-06
FANG,ibd_double_bottom,,,Pre-Breakout,False,,watch_only,207.57,-10.88,double_bottom,207.57,m,-10.88,,,Pre-Breakout,207.57,double_bottom,207.57,m,,,,,,False,,,,,,,,,,,,,2026-08-17,216.9,2026-08-24,196.65,2026-09-07,2026-09-28,181.91,5,16.13,-7.5,,,,,,,,,,,2026-09-28,,,2026-08-17,Energy Minerals,Oil & Gas Production,2026-10-06
PTGX,ibd_double_bottom,,,Pre-Breakout,False,,watch_only,151.185,-8.26,double_bottom,151.185,m,-8.26,,,Pre-Breakout,151.185,double_bottom,151.185,m,,,,,,False,,,,,,,,,,,,,2026-08-17,160.81,2026-08-31,141.9479,2026-09-07,2026-09-21,134.1,5,16.61,-5.53,,,,,,,,,,,2026-09-28,,,2026-08-17,Health Technology,Pharmaceuticals: Major,2026-10-06
BBT,ibd_double_bottom,,,Pre-Breakout,False,,watch_only,32.72,-14.64,double_bottom,32.72,m,-14.64,,,Pre-Breakout,32.72,double_bottom,32.72,m,,,,,,False,,,,,,,,,,,,,2026-04-13,32.83,2026-05-11,27.44,2026-08-17,2026-09-28,27.37,25,16.63,-0.26,,,,,,,,,,,2026-10-05,,,2026-04-13,Finance,Regional Banks,2026-10-06
ALX,ibd_double_bottom,,,Pre-Breakout,False,,watch_only,280.27,-12.41,double_bottom,280.27,m,-12.41,,,Pre-Breakout,280.27,double_bottom,280.27,m,,,,,,False,,,,,,,,,,,,,2026-07-13,289.43,2026-07-27,252.54,2026-08-03,2026-09-28,240.17,9,17.02,-4.9,,,,,,,,,,,2026-09-14,,,2026-07-13,Finance,Real Estate Investment Trusts,2026-10-06
FXNC,ibd_double_bottom,,,Pre-Breakout,False,,watch_only,32.6,-7.82,double_bottom,32.6,m,-7.82,,,Pre-Breakout,32.6,double_bottom,32.6,m,,,,,,False,,,,,,,,,,,,,2026-08-03,33.24,2026-08-17,30.3501,2026-08-24,2026-09-21,27.45,5,17.42,-9.56,,,,,,,,,,,2026-09-14,,,2026-08-03,Finance,Regional Banks,2026-10-06
REX,ibd_double_bottom,,,Pre-Breakout,False,,watch_only,45.46,-3.12,double_bottom,45.46,m,-3.12,,,Pre-Breakout,45.46,double_bottom,45.46,m,,,,,,False,,,,,,,,,,,,,2026-07-13,48.3,2026-07-27,41.685,2026-08-17,2026-08-31,39.6979,7,17.81,-4.77,,,,,,,,,,,2026-08-31,,,2026-07-13,Process Industries,Chemicals: Specialty,2026-10-06
LYB,ibd_double_bottom,,,Pre-Breakout,False,,watch_only,67.49,-12.68,double_bottom,67.49,m,-12.68,,,Pre-Breakout,67.49,double_bottom,67.49,m,,,,,,False,,,,,,,,,,,,,2026-08-17,69.13,2026-08-24,61.48,2026-08-31,2026-09-28,55.88,6,19.17,-9.11,,,,,,,,,,,2026-09-28,,,2026-08-17,Process Industries,Chemicals: Specialty,2026-10-06
ANIP,ibd_double_bottom,,,Pre-Breakout,False,,watch_only,82.0,-12.78,double_bottom,82.0,m,-12.78,,,Pre-Breakout,82.0,double_bottom,82.0,m,,,,,,False,,,,,,,,,,,,,2026-07-06,87.19,2026-07-20,76.425,2026-07-27,2026-09-07,69.58,5,20.2,-8.96,,,,,,,,,,,2026-08-17,,,2026-07-06,Health Technology,Biotechnology,2026-10-06
TSN,ibd_double_bottom,,,Pre-Breakout,False,,watch_only,59.85,-13.17,double_bottom,59.85,m,-13.17,,,Pre-Breakout,59.85,double_bottom,59.85,m,,,,,,False,,,,,,,,,,,,,2026-07-27,63.03,2026-08-03,54.53,2026-08-17,2026-09-28,49.96,6,20.74,-8.38,,,,,,,,,,,2026-09-07,,,2026-07-27,Consumer Non-Durables,Food: Meat/Fish/Dairy,2026-10-06
ALL,ibd_double_bottom,,,Pre-Breakout,False,,watch_only,266.45,-15.83,double_bottom,266.45,m,-15.83,,,Pre-Breakout,266.45,double_bottom,266.45,m,,,,,,False,,,,,,,,,,,,,2026-07-27,277.22,2026-08-17,252.8315,2026-08-31,2026-10-05,219.51,7,20.82,-13.18,,,,,,,,,,,2026-09-14,,,2026-07-27,,,2026-10-06
INDV,ibd_double_bottom,,,Pre-Breakout,False,,watch_only,40.0,-10.25,double_bottom,40.0,m,-10.25,,,Pre-Breakout,40.0,double_bottom,40.0,m,,,,,,False,,,,,,,,,,,,,2026-06-22,42.81,2026-08-03,35.76,2026-08-17,2026-09-14,33.74,10,21.19,-5.65,,,,,,,,,,,2026-08-31,,,2026-06-22,Health Technology,Pharmaceuticals: Major,2026-10-06
INBK,ibd_double_bottom,,,Pre-Breakout,False,,watch_only,30.18,-11.43,double_bottom,30.18,m,-11.43,,,Pre-Breakout,30.18,double_bottom,30.18,m,,,,,,False,,,,,,,,,,,,,2026-08-03,31.09,2026-08-24,27.02,2026-08-31,2026-09-21,24.46,8,21.33,-9.47,,,,,,,,,,,2026-09-28,,,2026-08-03,Finance,Regional Banks,2026-10-06
OUT,ibd_double_bottom,,,Pre-Breakout,False,,watch_only,34.16,-14.9,double_bottom,34.16,m,-14.9,,,Pre-Breakout,34.16,double_bottom,34.16,m,,,,,,False,,,,,,,,,,,,,2026-05-04,34.96,2026-06-08,30.135,2026-07-06,2026-09-28,27.48,15,21.4,-8.81,,,,,,,,,,,2026-08-17,,,2026-05-04,Finance,Real Estate Investment Trusts,2026-10-06
HSY,ibd_double_bottom,,,Pre-Breakout,False,,watch_only,190.46,-15.57,double_bottom,190.46,m,-15.57,,,Pre-Breakout,190.46,double_bottom,190.46,m,,,,,,False,,,,,,,,,,,,,2026-05-25,200.0,2026-06-22,167.77,2026-08-17,2026-09-28,156.16,17,21.92,-6.92,,,,,,,,,,,2026-09-21,,,2026-05-25,Consumer Non-Durables,Food: Specialty/Candy,2026-10-06
LTH,ibd_double_bottom,,,Pre-Breakout,False,,watch_only,46.3099,-12.8,double_bottom,46.3099,m,-12.8,,,Pre-Breakout,46.3099,double_bottom,46.3099,m,,,,,,False,,,,,,,,,,,,,2026-07-27,47.235,2026-08-10,42.45,2026-08-17,2026-09-21,36.52,6,22.68,-13.97,,,,,,,,,,,2026-09-07,,,2026-07-27,Consumer Services,Other Consumer Services,2026-10-06
CSTM,ibd_double_bottom,,,Pre-Breakout,False,,watch_only,28.0999,-9.25,double_bottom,28.0999,m,-9.25,,,Pre-Breakout,28.0999,double_bottom,28.0999,m,,,,,,False,,,,,,,,,,,,,2026-08-10,30.75,2026-08-17,25.67,2026-09-07,2026-09-28,23.731,6,22.83,-7.55,,,,,,,,,,,2026-09-21,,,2026-08-10,Non-Energy Minerals,Aluminum,2026-10-06
FRD,ibd_double_bottom,,,Pre-Breakout,False,,watch_only,46.49,-9.07,double_bottom,46.49,m,-9.07,,,Pre-Breakout,46.49,double_bottom,46.49,m,,,,,,False,,,,,,,,,,,,,2026-08-17,48.7699,2026-08-24,41.16,2026-08-31,2026-09-28,36.88,5,24.38,-10.4,,,,,,,,,,,2026-09-28,,,2026-08-17,Non-Energy Minerals,Steel,2026-10-06
WRLD,ibd_double_bottom,,,Pre-Breakout,False,,watch_only,200.13,-11.58,double_bottom,200.13,m,-11.58,,,Pre-Breakout,200.13,double_bottom,200.13,m,,,,,,False,,,,,,,,,,,,,2026-06-29,227.68,2026-07-27,175.89,2026-08-03,2026-09-28,167.3938,13,26.48,-4.83,,,,,,,,,,,2026-09-28,,,2026-06-29,Finance,Finance/Rental/Leasing,2026-10-06
PPLI,ibd_double_bottom,,,Pre-Breakout,False,,watch_only,47.6,-13.26,double_bottom,47.6,m,-13.26,,,Pre-Breakout,47.6,double_bottom,47.6,m,,,,,,False,,,,,,,,,,,,,2026-07-06,48.32,2026-07-27,40.37,2026-08-03,2026-09-21,35.38,6,26.78,-12.36,,,,,,,,,,,2026-08-17,,,2026-07-06,Technology Services,Internet Software/Services,2026-10-06
PKE,ibd_double_bottom,,,Pre-Breakout,False,,watch_only,39.69,-24.26,double_bottom,39.69,m,-24.26,,,Pre-Breakout,39.69,double_bottom,39.69,m,,,,,,False,,,,,,,,,,,,,2026-06-29,39.86,2026-07-13,31.33,2026-07-20,2026-09-21,28.9436,10,27.39,-7.62,,,,,,,,,,,2026-09-07,,,2026-06-29,,,2026-10-06
RYZ,ibd_double_bottom,,,Pre-Breakout,False,,watch_only,29.45,-9.85,double_bottom,29.45,m,-9.85,,,Pre-Breakout,29.45,double_bottom,29.45,m,,,,,,False,,,,,,,,,,,,,2026-07-27,32.0,2026-08-03,25.29,2026-08-10,2026-09-28,23.02,4,28.06,-8.98,,,,,,,,,,,2026-09-07,,,2026-07-27,Non-Energy Minerals,Steel,2026-10-06
KALU,ibd_double_bottom,,,Pre-Breakout,False,,watch_only,173.12,-11.18,double_bottom,173.12,m,-11.18,,,Pre-Breakout,173.12,double_bottom,173.12,m,,,,,,False,,,,,,,,,,,,,2026-06-29,195.96,2026-08-17,148.0,2026-09-07,2026-09-28,140.33,12,28.39,-5.18,,,,,,,,,,,2026-09-21,,,2026-06-29,Non-Energy Minerals,Aluminum,2026-10-06
TFIN,ibd_double_bottom,,,Pre-Breakout,False,,watch_only,80.38,-22.9,double_bottom,80.38,m,-22.9,,,Pre-Breakout,80.38,double_bottom,80.38,m,,,,,,False,,,,,,,,,,,,,2026-07-20,83.52,2026-07-27,73.41,2026-08-03,2026-09-28,59.01,5,29.35,-19.62,,,,,,,,,,,2026-08-31,,,2026-07-20,Finance,Savings Banks,2026-10-06
PMTS,ibd_double_bottom,,,Pre-Breakout,False,,watch_only,29.49,-15.7,double_bottom,29.49,m,-15.7,,,Pre-Breakout,29.49,double_bottom,29.49,m,,,,,,False,,,,,,,,,,,,,2026-08-10,31.2499,2026-08-17,27.0,2026-08-31,2026-09-07,21.9,5,29.92,-18.89,,,,,,,,,,,2026-09-21,,,2026-08-10,Finance,Finance/Rental/Leasing,2026-10-06
JBTM,ibd_double_bottom,,,Pre-Breakout,False,,watch_only,146.41,-25.76,double_bottom,146.41,m,-25.76,,,Pre-Breakout,146.41,double_bottom,146.41,m,,,,,,False,,,,,,,,,,,,,2026-07-06,149.54,2026-07-20,131.2296,2026-07-27,2026-09-28,104.45,5,30.15,-20.41,,,,,,,,,,,2026-08-17,,,2026-07-06,Producer Manufacturing,Industrial Machinery,2026-10-06
CRC,ibd_double_bottom,,,Pre-Breakout,False,,watch_only,63.9,-17.89,double_bottom,63.9,m,-17.89,,,Pre-Breakout,63.9,double_bottom,63.9,m,,,,,,False,,,,,,,,,,,,,2026-03-30,71.98,2026-05-11,57.985,2026-05-18,2026-07-27,49.25,11,31.58,-15.06,,,,,,,,,,,2026-06-15,,,2026-03-30,Energy Minerals,Integrated Oil,2026-10-06
APOG,ibd_double_bottom,,,Pre-Breakout,False,,watch_only,44.05,-9.19,double_bottom,44.05,m,-9.19,,,Pre-Breakout,44.05,double_bottom,44.05,m,,,,,,False,,,,,,,,,,,,,2026-06-22,50.8816,2026-07-06,37.67,2026-08-03,2026-09-28,34.57,11,32.06,-8.23,,,,,,,,,,,2026-09-07,,,2026-06-22,Producer Manufacturing,Building Products,2026-10-06
AVGO,ibd_double_bottom,,,Pre-Breakout,False,,watch_only,432.73,-13.15,double_bottom,432.73,m,-13.15,,,Pre-Breakout,432.73,double_bottom,432.73,m,,,,,,False,,,,,,,,,,,,,2026-06-01,495.0,2026-06-29,356.43,2026-08-10,2026-09-14,335.8147,13,32.16,-5.78,,,,,,,,,,,2026-08-31,,,2026-06-01,Electronic Technology,Semiconductors,2026-10-06
AXGN,ibd_double_bottom,,,Pre-Breakout,False,,watch_only,47.0,-22.74,double_bottom,47.0,m,-22.74,,,Pre-Breakout,47.0,double_bottom,47.0,m,,,,,,False,,,,,,,,,,,,,2026-08-24,52.91,2026-09-07,39.62,2026-09-21,2026-10-05,35.82,6,32.3,-9.59,,,,,,,,,,,2026-10-05,,,2026-08-24,,,2026-10-06
GHRS,ibd_double_bottom,,,Pre-Breakout,False,,watch_only,29.165,-26.21,double_bottom,29.165,m,-26.21,,,Pre-Breakout,29.165,double_bottom,29.165,m,,,,,,False,,,,,,,,,,,,,2026-08-03,31.439,2026-09-07,26.46,2026-09-14,2026-10-05,21.21,8,32.54,-19.84,,,,,,,,,,,2026-09-28,,,2026-08-03,Health Technology,Pharmaceuticals: Major,2026-10-06
CIEN,ibd_double_bottom,,,Pre-Breakout,False,,watch_only,462.69,-4.12,double_bottom,462.69,m,-4.12,,,Pre-Breakout,462.69,double_bottom,462.69,m,,,,,,False,,,,,,,,,,,,,2026-07-13,466.66,2026-07-27,323.29,2026-08-10,2026-08-31,311.6,8,33.23,-3.62,,,,,,,,,,,2026-09-14,,,2026-07-13,Electronic Technology,Telecommunications Equipment,2026-10-06
FIGR,ibd_double_bottom,,,Pre-Breakout,False,,watch_only,40.6,-32.64,double_bottom,40.6,m,-32.64,,,Pre-Breakout,40.6,double_bottom,40.6,m,,,,,,False,,,,,,,,,,,,,2026-08-24,41.5,2026-08-31,32.2,2026-09-07,2026-10-05,27.32,5,34.17,-15.16,,,,,,,,,,,2026-10-05,,,2026-08-24,Finance,Finance/Rental/Leasing,2026-10-06
KMT,ibd_double_bottom,,,Pre-Breakout,False,,watch_only,41.12,-18.75,double_bottom,41.12,m,-18.75,,,Pre-Breakout,41.12,double_bottom,41.12,m,,,,,,False,,,,,,,,,,,,,2026-05-04,43.81,2026-06-01,31.715,2026-08-03,2026-08-31,28.74,15,34.4,-9.38,,,,,,,,,,,2026-08-17,,,2026-05-04,Producer Manufacturing,Industrial Machinery,2026-10-06
CRI,ibd_double_bottom,,,Pre-Breakout,False,,watch_only,41.26,-18.01,double_bottom,41.26,m,-18.01,,,Pre-Breakout,41.26,double_bottom,41.26,m,,,,,,False,,,,,,,,,,,,,2026-06-22,44.275,2026-07-27,35.44,2026-08-03,2026-09-14,28.86,9,34.82,-18.57,,,,,,,,,,,2026-08-24,,,2026-06-22,Retail Trade,Apparel/Footwear Retail,2026-10-06
FLOC,ibd_double_bottom,,,Pre-Breakout,False,,watch_only,23.86,-22.21,double_bottom,23.86,m,-22.21,,,Pre-Breakout,23.86,double_bottom,23.86,m,,,,,,False,,,,,,,,,,,,,2026-05-18,28.12,2026-07-27,18.49,2026-08-17,2026-09-28,17.83,20,36.59,-3.57,,,,,,,,,,,2026-10-05,,,2026-05-18,Industrial Services,Oilfield Services/Equipment,2026-10-06
ATRO,ibd_double_bottom,,,Pre-Breakout,False,,watch_only,94.46,-26.78,double_bottom,94.46,m,-26.78,,,Pre-Breakout,94.46,double_bottom,94.46,m,,,,,,False,,,,,,,,,,,,,2026-06-08,99.89,2026-07-13,64.22,2026-08-10,2026-09-14,62.655,15,37.28,-2.44,,,,,,,,,,,2026-09-21,,,2026-06-08,Electronic Technology,Aerospace & Defense,2026-10-06
NCLH,ibd_double_bottom,,,Pre-Breakout,False,,watch_only,21.265,-27.06,double_bottom,21.265,m,-27.06,,,Pre-Breakout,21.265,double_bottom,21.265,m,,,,,,False,,,,,,,,,,,,,2026-06-29,21.95,2026-07-06,18.0,2026-07-27,2026-09-21,13.631,8,37.9,-24.27,,,,,,,,,,,2026-08-24,,,2026-06-29,Consumer Services,Hotels/Resorts/Cruise lines,2026-10-06
AMTM,ibd_double_bottom,,,Pre-Breakout,False,,watch_only,25.08,-25.16,double_bottom,25.08,m,-25.16,,,Pre-Breakout,25.08,double_bottom,25.08,m,,,,,,False,,,,,,,,,,,,,2026-04-20,28.54,2026-06-22,19.8022,2026-08-10,2026-09-28,17.72,20,37.91,-10.51,,,,,,,,,,,2026-09-07,,,2026-04-20,Electronic Technology,Aerospace & Defense,2026-10-06
UPST,ibd_double_bottom,,,Pre-Breakout,False,,watch_only,34.69,-31.22,double_bottom,34.69,m,-31.22,,,Pre-Breakout,34.69,double_bottom,34.69,m,,,,,,False,,,,,,,,,,,,,2026-06-29,36.9,2026-07-27,25.89,2026-08-03,2026-09-28,22.555,11,38.88,-12.88,,,,,,,,,,,2026-09-14,,,2026-06-29,Finance,Finance/Rental/Leasing,2026-10-06
DLTR,ibd_double_bottom,,,Pre-Breakout,False,,watch_only,138.91,-16.36,double_bottom,138.91,m,-16.36,,,Pre-Breakout,138.91,double_bottom,138.91,m,,,,,,False,,,,,,,,,,,,,2026-01-12,142.4,2026-01-26,116.02,2026-02-16,2026-05-11,85.8812,8,39.69,-25.98,,,,,,,,,,,2026-03-09,,,2026-01-12,Retail Trade,Discount Stores,2026-10-06
AAP,ibd_double_bottom,,,Pre-Breakout,False,,watch_only,60.275,-31.58,double_bottom,60.275,m,-31.58,,,Pre-Breakout,60.275,double_bottom,60.275,m,,,,,,False,,,,,,,,,,,,,2026-06-29,63.2,2026-07-20,50.94,2026-08-03,2026-09-28,38.05,8,39.79,-25.3,,,,,,,,,,,2026-08-24,,,2026-06-29,Retail Trade,Specialty Stores,2026-10-06
QNBC,ibd_double_bottom,,,Retired,False,,watch_only,35.34,28.92,double_bottom,35.34,m,28.92,,,Retired,35.34,double_bottom,35.34,m,matured_breakout,2026-01-26,2026-01-26,,,True,2026-01-27,1.84,,,,,,,,,,,2025-11-03,35.44,2025-11-24,34.75,2025-12-01,2025-12-15,34.0,7,4.06,-2.16,,,2026-01-26,2026-01-26,2026-01-26,,,,,,2026-01-05,2026-01-26,matured_breakout,2026-01-26,Finance,Regional Banks,2026-10-06
PBFS,ibd_double_bottom,,,Retired,False,,watch_only,11.85,47.97,double_bottom,11.85,m,47.97,,,Retired,11.85,double_bottom,11.85,m,matured_breakout,2025-06-23,2025-06-30,,,True,2025-06-23,1.9,,,,,,,,,,,2025-05-12,11.9,2025-05-19,11.3673,2025-05-26,2025-06-02,11.24,4,5.55,-1.12,,,2025-06-23,2025-06-23,2025-06-30,,,,,,2025-06-23,2025-06-23,matured_breakout,2025-06-23,Finance,Regional Banks,2026-10-06
LSBK,ibd_double_bottom,,,Retired,False,,watch_only,13.375,34.5,double_bottom,13.375,m,34.5,,,Retired,13.375,double_bottom,13.375,m,matured_breakout,2025-10-20,2025-11-03,,,True,2025-10-24,1.69,,,,,,,,,,,2025-08-25,13.48,2025-09-08,12.85,2025-09-22,2025-10-13,12.5,8,7.27,-2.72,,,2025-10-20,2025-10-20,2025-11-03,,,,,,2025-10-20,2025-10-20,matured_breakout,2025-10-20,Finance,Savings Banks,2026-10-06
WTS,ibd_double_bottom,,,Retired,False,daily_volume_not_confirmed,watch_only,283.22,27.97,double_bottom,283.22,m,27.97,,,Retired,283.22,double_bottom,283.22,m,matured_breakout,2025-12-22,2026-01-19,,,False,,,,,,,,,,,,,2025-09-15,287.8909,2025-09-22,273.86,2025-09-29,2025-10-06,265.98,4,7.61,-2.88,,,2025-10-20,2025-12-22,2026-01-19,,,,,,2025-10-27,2025-12-22,matured_breakout,2025-12-22,Producer Manufacturing,Industrial Machinery,2026-10-06
WCCB,ibd_double_bottom,,,Retired,False,,watch_only,40.78,49.93,double_bottom_handle,42.5,handle,43.86,,,Retired,40.78,double_bottom_handle,42.5,handle,matured_breakout,2025-09-15,,2025-09-29,42.5,True,2025-12-10,1.94,,,,,,,,,,,2025-05-12,41.5,2025-05-19,39.53,2025-05-26,2025-06-23,38.3,4,7.71,-3.11,,,2025-09-15,2025-09-15,,2025-09-29,42.5,-5.41,12.0,True,2025-06-23,2025-12-08,matured_breakout,2025-12-08,Finance,Regional Banks,2026-10-06
UBSI,ibd_double_bottom,,,Retired,False,,watch_only,36.88,24.89,double_bottom,36.88,m,24.89,,,Retired,36.88,double_bottom,36.88,m,matured_breakout,2025-06-30,2025-08-18,,,True,2025-07-01,1.67,,,,,,,,,,,2025-05-12,37.46,2025-05-19,35.42,2025-05-26,2025-06-16,34.34,5,8.33,-3.05,,,2025-06-30,2025-06-30,2025-08-18,,,,,,2025-06-23,2025-06-30,matured_breakout,2025-06-30,Finance,Regional Banks,2026-10-06
NDSN,ibd_double_bottom,,,Retired,False,daily_volume_not_confirmed,watch_only,220.91,51.29,double_bottom_handle,251.47,handle,32.91,,,Retired,220.91,double_bottom_handle,251.47,handle,matured_breakout,2025-08-18,,2025-08-25,251.47,False,,,,,,,,,,,,,2025-07-07,226.14,2025-07-14,210.43,2025-07-21,2025-07-28,207.08,4,8.43,-1.59,,,2025-08-11,2025-08-18,,2025-08-25,251.47,-6.71,5.0,True,2025-08-18,2026-01-05,matured_breakout,2026-01-05,Producer Manufacturing,Industrial Machinery,2026-10-06
CPF,ibd_double_bottom,,,Retired,False,,watch_only,32.32,12.25,double_bottom,32.32,m,12.25,,,Retired,32.32,double_bottom,32.32,m,matured_breakout,2026-01-26,2026-02-02,,,True,2026-01-30,1.76,,,,,,,,,,,2025-12-15,33.345,2025-12-29,30.48,2026-01-05,2026-01-12,30.415,5,8.79,-0.21,,,2026-01-19,2026-01-26,2026-02-02,,,,,,2026-01-26,2026-01-26,matured_breakout,2026-01-26,Finance,Regional Banks,2026-10-06
PFG,ibd_double_bottom,,,Retired,False,daily_volume_not_confirmed,watch_only,82.16,33.52,double_bottom_handle,86.05,handle,27.48,,,Retired,82.16,double_bottom_handle,86.05,handle,matured_breakout,2025-09-08,,2025-11-17,86.05,False,,,,,,,,,,,,,2025-05-12,82.36,2025-06-16,75.31,2025-07-07,2025-07-28,75.0,12,8.94,-0.41,,,2025-09-08,2025-09-08,,2025-11-17,86.05,-7.03,4.0,True,2025-08-04,2025-12-01,matured_breakout,2025-12-01,Finance,Investment Managers,2026-10-06
RCBC,ibd_double_bottom,,,Retired,False,no_daily_detail,watch_only,251.0,-78.21,double_bottom_handle,271.99,handle,-79.89,,,Retired,251.0,double_bottom_handle,271.99,handle,matured_breakout,2024-04-22,,2024-05-13,271.99,False,,,,,,,,,,,,,2024-02-19,258.25,2024-02-26,250.0,2024-03-04,2024-04-08,235.0,7,9.0,-6.0,,,2024-04-22,2024-04-22,,2024-05-13,271.99,-8.08,3.0,True,2024-04-15,2024-05-20,matured_breakout,2024-05-20,Finance,Regional Banks,2026-10-06
OHI,ibd_double_bottom,,,Retired,False,daily_volume_not_confirmed,watch_only,45.2,-0.95,double_bottom_handle,47.94,handle,-6.61,,,Retired,45.2,double_bottom_handle,47.94,handle,failed_breakout,2026-02-02,,2026-02-16,47.94,False,,,,,,,,,,,,,2025-12-01,46.36,2026-01-05,42.9,2026-01-19,2026-01-26,42.18,9,9.02,-1.68,,,2026-02-02,2026-02-02,,2026-02-16,47.94,-3.46,3.0,True,2026-02-02,2026-02-23,failed_breakout,2026-02-23,Finance,Real Estate Investment Trusts,2026-10-06
CHMG,ibd_double_bottom,,,Retired,False,,watch_only,53.75,51.85,double_bottom,53.75,m,51.85,,,Retired,53.75,double_bottom,53.75,m,matured_breakout,2025-12-08,2025-12-08,,,True,2025-12-09,1.99,,,,,,,,,,,2025-09-01,54.77,2025-09-15,52.195,2025-09-22,2025-10-13,49.82,5,9.04,-4.55,,,2025-12-01,2025-12-08,2025-12-08,,,,,,2025-10-13,2025-12-08,matured_breakout,2025-12-08,Finance,Regional Banks,2026-10-06
GABC,ibd_double_bottom,,,Retired,False,daily_volume_not_confirmed,watch_only,39.2,25.15,double_bottom,39.2,m,25.15,,,Retired,39.2,double_bottom,39.2,m,matured_breakout,2025-06-30,2025-08-18,,,False,,,,,,,,,,,,,2025-05-12,40.2,2025-06-02,36.97,2025-06-09,2025-06-16,36.55,6,9.08,-1.14,,,2025-06-23,2025-06-30,2025-08-18,,,,,,2025-06-23,2025-06-30,matured_breakout,2025-06-30,Finance,Regional Banks,2026-10-06
TRMK,ibd_double_bottom,,,Retired,False,,watch_only,35.46,27.44,double_bottom,35.46,m,27.44,,,Retired,35.46,double_bottom,35.46,m,matured_breakout,2025-06-23,2025-06-30,,,True,2025-06-27,3.28,,,,,,,,,,,2025-05-12,36.9251,2025-05-19,34.0,2025-05-26,2025-06-16,33.39,5,9.57,-1.79,,,2025-06-23,2025-06-23,2025-06-30,,,,,,2025-06-23,2025-06-23,matured_breakout,2025-06-23,Finance,Regional Banks,2026-10-06
WPC,ibd_double_bottom,,,Retired,False,daily_volume_not_confirmed,watch_only,68.16,-6.09,double_bottom_handle,70.28,handle,-8.92,,,Retired,68.16,double_bottom_handle,70.28,handle,failed_breakout,2026-01-12,,2026-01-19,70.28,False,,,,,,,,,,,,,2025-09-29,69.79,2025-10-27,64.72,2025-11-10,2026-01-05,63.08,11,9.61,-2.53,,,2026-01-12,2026-01-12,,2026-01-19,70.28,-3.64,4.0,True,2025-12-15,2026-02-02,failed_breakout,2026-02-02,Finance,Real Estate Investment Trusts,2026-10-06
BY,ibd_double_bottom,,,Retired,False,,watch_only,26.45,41.17,double_bottom,26.45,m,41.17,,,Retired,26.45,double_bottom,26.45,m,matured_breakout,2025-06-23,2025-06-30,,,True,2025-06-27,2.8,,,,,,,,,,,2025-05-12,27.515,2025-05-19,25.57,2025-05-26,2025-06-16,24.75,5,10.05,-3.21,,,2025-06-23,2025-06-23,2025-06-30,,,,,,2025-06-23,2025-06-23,matured_breakout,2025-06-23,Finance,Regional Banks,2026-10-06
CASS,ibd_double_bottom,,,Retired,False,daily_volume_not_confirmed,watch_only,45.96,17.28,double_bottom,45.96,m,17.28,,,Retired,45.96,double_bottom,45.96,m,matured_breakout,2026-04-06,2026-04-20,,,False,,,,,,,,,,,,,2026-02-09,47.425,2026-02-23,43.08,2026-03-02,2026-03-23,42.54,6,10.3,-1.25,,,2026-04-06,2026-04-06,2026-04-20,,,,,,2026-03-23,2026-04-06,matured_breakout,2026-04-06,Commercial Services,Miscellaneous Commercial Services,2026-10-06
RPRX,ibd_double_bottom,,,Retired,False,daily_volume_not_confirmed,watch_only,37.2763,51.41,double_bottom,37.2763,m,51.41,,,Retired,37.2763,double_bottom,37.2763,m,matured_breakout,2025-10-27,2025-11-10,,,False,,,,,,,,,,,,,2025-08-04,38.0,2025-08-25,35.48,2025-09-01,2025-09-08,34.0805,6,10.31,-3.94,,,2025-10-20,2025-10-27,2025-11-10,,,,,,2025-09-22,2025-10-27,matured_breakout,2025-10-27,Health Technology,Pharmaceuticals: Major,2026-10-06
DGII,ibd_double_bottom,,,Retired,False,daily_volume_not_confirmed,watch_only,51.705,43.0,double_bottom,51.705,m,43.0,,,Retired,51.705,double_bottom,51.705,m,matured_breakout,2026-04-06,2026-04-13,,,False,,,,,,,,,,,,,2026-02-16,51.775,2026-02-23,47.0,2026-03-16,2026-03-30,46.2042,7,10.76,-1.69,,,2026-04-06,2026-04-06,2026-04-13,,,,,,2026-04-06,2026-04-06,matured_breakout,2026-04-06,Electronic Technology,Telecommunications Equipment,2026-10-06
TRIN,ibd_double_bottom,,,Retired,False,daily_volume_not_confirmed,watch_only,15.38,13.0,double_bottom,15.38,m,13.0,,,Retired,15.38,double_bottom,15.38,m,failed_breakout,2026-01-05,2026-01-12,,,False,,,,,,,,,,,,,2025-09-22,15.99,2025-10-06,14.4,2025-10-27,2025-11-17,14.24,7,10.94,-1.11,,,2025-12-15,2026-01-05,2026-01-12,,,,,,2025-11-10,2026-01-05,failed_breakout,2026-01-05,Miscellaneous,Investment Trusts/Mutual Funds,2026-10-06
FLXS,ibd_double_bottom,,,Retired,False,,watch_only,42.57,106.27,double_bottom,42.57,m,106.27,,,Retired,42.57,double_bottom,42.57,m,matured_breakout,2026-02-02,2026-02-02,,,True,2026-02-03,3.14,,,,,,,,,,,2025-12-15,42.925,2025-12-29,38.53,2026-01-12,2026-01-26,38.22,7,10.96,-0.8,,,2026-02-02,2026-02-02,2026-02-02,,,,,,2026-02-02,2026-02-02,matured_breakout,2026-02-02,Consumer Durables,Home Furnishings,2026-10-06
KO,ibd_double_bottom,,,Retired,False,,watch_only,71.705,20.17,double_bottom,71.705,m,20.17,,,Retired,71.705,double_bottom,71.705,m,matured_breakout,2025-11-17,2026-02-02,,,True,2025-11-21,1.67,,,,,,,,,,,2025-04-28,73.48,2025-07-28,67.74,2025-08-18,2025-09-29,65.3538,19,11.06,-3.52,,,2025-11-10,2025-11-17,2026-02-02,,,,,,2025-09-08,2025-11-17,matured_breakout,2025-11-17,Consumer Non-Durables,Beverages: Non-Alcoholic,2026-10-06
ACA,ibd_double_bottom,,,Retired,False,,watch_only,99.7,46.94,double_bottom,99.7,m,46.94,,,Retired,99.7,double_bottom,99.7,m,matured_breakout,2025-10-27,2025-11-24,,,True,2025-10-31,2.42,,,,,,,,,,,2025-08-11,100.47,2025-08-18,93.98,2025-08-25,2025-10-06,89.03,7,11.39,-5.27,,,2025-10-27,2025-10-27,2025-11-24,,,,,,2025-09-29,2025-10-27,matured_breakout,2025-10-27,Non-Energy Minerals,Construction Materials,2026-10-06
WTBA,ibd_double_bottom,,,Retired,False,,watch_only,24.715,19.48,double_bottom_handle,25.49,handle,15.85,,,Retired,24.715,double_bottom_handle,25.49,handle,matured_breakout,2026-06-08,,2026-06-15,25.49,True,2026-06-26,9.43,,,,,,,,,,,2026-04-06,25.5,2026-04-20,23.41,2026-04-27,2026-05-11,22.5802,6,11.45,-3.54,,,2026-06-08,2026-06-08,,2026-06-15,25.49,-4.63,3.0,True,2026-05-18,2026-06-22,matured_breakout,2026-06-22,Finance,Regional Banks,2026-10-06
CBL,ibd_double_bottom,,,Retired,False,daily_volume_not_confirmed,watch_only,38.3375,30.42,double_bottom,38.3375,m,30.42,,,Retired,38.3375,double_bottom,38.3375,m,matured_breakout,2026-03-30,2026-04-06,,,False,,,,,,,,,,,,,2025-12-15,38.495,2025-12-22,36.195,2026-01-05,2026-01-26,33.925,5,11.87,-6.27,,,2026-02-16,2026-03-30,2026-04-06,,,,,,2026-01-26,2026-03-30,matured_breakout,2026-03-30,Finance,Real Estate Investment Trusts,2026-10-06
MSGS,ibd_double_bottom,,,Retired,False,daily_volume_not_confirmed,watch_only,228.58,75.9,double_bottom,228.58,m,75.9,,,Retired,228.58,double_bottom,228.58,m,matured_breakout,2025-12-08,2025-12-15,,,False,,,,,,,,,,,,,2025-09-29,235.917,2025-10-06,215.07,2025-10-20,2025-10-27,207.9,5,11.88,-3.33,,,2025-11-24,2025-12-08,2025-12-15,,,,,,2025-11-10,2025-12-08,matured_breakout,2025-12-08,Consumer Services,Movies/Entertainment,2026-10-06
FROG,ibd_double_bottom,,,Retired,False,,watch_only,44.9419,119.19,double_bottom,44.9419,m,119.19,,,Retired,44.9419,double_bottom,44.9419,m,matured_breakout,2025-08-11,2025-08-25,,,True,2025-08-15,1.85,,,,,,,,,,,2025-06-02,45.1,2025-06-23,39.65,2025-06-30,2025-07-14,39.64,7,12.11,-0.03,,,2025-07-28,2025-08-11,2025-08-25,,,,,,2025-07-21,2025-08-11,matured_breakout,2025-08-11,Technology Services,Packaged Software,2026-10-06
EDRY,ibd_double_bottom,,,Retired,False,,watch_only,13.7499,300.08,double_bottom,13.7499,m,300.08,,,Retired,13.7499,double_bottom,13.7499,m,matured_breakout,2026-01-26,2026-02-16,,,True,2026-01-28,2.79,,,,,,,,,,,2025-11-10,14.0,2025-11-24,12.48,2025-12-08,2026-01-05,12.3,9,12.14,-1.44,,,2026-01-26,2026-01-26,2026-02-16,,,,,,2026-01-12,2026-01-26,matured_breakout,2026-01-26,Transportation,Marine Shipping,2026-10-06
JCI,ibd_double_bottom,,,Retired,False,,watch_only,122.9,29.18,double_bottom,122.9,m,29.18,,,Retired,122.9,double_bottom,122.9,m,matured_breakout,2026-02-02,2026-02-02,,,True,2026-02-04,2.76,,,,,,,,,,,2025-11-10,123.78,2025-11-17,112.205,2025-12-29,2026-01-05,108.41,9,12.42,-3.38,,,2026-02-02,2026-02-02,2026-02-02,,,,,,2026-01-12,2026-02-02,matured_breakout,2026-02-02,Producer Manufacturing,Industrial Machinery,2026-10-06
SOLV,ibd_double_bottom,,,Retired,False,daily_volume_not_confirmed,watch_only,75.5,15.28,double_bottom,75.5,m,15.28,,,Retired,75.5,double_bottom,75.5,m,failed_breakout,2025-11-10,2025-11-17,,,False,,,,,,,,,,,,,2025-09-08,75.6,2025-09-22,69.36,2025-09-29,2025-11-03,66.11,8,12.55,-4.69,,,2025-11-10,2025-11-10,2025-11-17,,,,,,2025-11-03,2025-11-10,failed_breakout,2025-11-10,Health Services,Medical/Nursing Services,2026-10-06
KEYS,ibd_double_bottom,,,Retired,False,,watch_only,170.54,127.53,double_bottom,170.54,m,127.53,,,Retired,170.54,double_bottom,170.54,m,matured_breakout,2025-09-15,2025-10-27,,,True,2025-09-19,2.55,,,,,,,,,,,2025-05-19,174.98,2025-05-26,155.2,2025-08-11,2025-08-18,152.8464,14,12.65,-1.52,,,2025-09-08,2025-09-15,2025-10-27,,,,,,2025-08-25,2025-09-15,matured_breakout,2025-09-15,Electronic Technology,Electronic Equipment/Instruments,2026-10-06
VIRT,ibd_double_bottom,,,Retired,False,daily_volume_not_confirmed,watch_only,36.25,69.99,double_bottom,36.25,m,69.99,,,Retired,36.25,double_bottom,36.25,m,matured_breakout,2026-01-12,2026-01-26,,,False,,,,,,,,,,,,,2025-11-10,36.27,2025-11-17,33.5,2025-12-08,2026-01-05,31.55,6,13.01,-5.82,,,2026-01-12,2026-01-12,2026-01-26,,,,,,2025-12-29,2026-01-12,matured_breakout,2026-01-12,Finance,Investment Banks/Brokers,2026-10-06
GHC,ibd_double_bottom,,,Retired,False,daily_volume_not_confirmed,watch_only,980.22,18.1,double_bottom,980.22,m,18.1,,,Retired,980.22,double_bottom,980.22,m,matured_breakout,2025-08-11,2025-08-11,,,False,,,,,,,,,,,,,2025-05-12,1015.0,2025-05-19,908.5,2025-06-23,2025-07-21,882.21,10,13.08,-2.89,,,2025-08-11,2025-08-11,2025-08-11,,,,,,2025-07-21,2025-08-11,matured_breakout,2025-08-11,Consumer Services,Other Consumer Services,2026-10-06
AMTB,ibd_double_bottom,,,Retired,False,daily_volume_not_confirmed,watch_only,23.75,22.36,double_bottom,23.75,m,22.36,,,Retired,23.75,double_bottom,23.75,m,matured_breakout,2026-06-08,2026-06-22,,,False,,,,,,,,,,,,,2026-04-06,24.38,2026-04-20,21.99,2026-05-04,2026-05-18,21.175,7,13.15,-3.71,,,2026-06-08,2026-06-08,2026-06-22,,,,,,2026-05-25,2026-06-08,matured_breakout,2026-06-08,Finance,Major Banks,2026-10-06
A,ibd_double_bottom,,,Retired,False,breakout_before_first_valid,watch_only,120.28,40.78,double_bottom,120.28,m,40.78,,,Retired,120.28,double_bottom,120.28,m,matured_breakout,2026-05-25,2026-05-25,,,False,,,,,,,,,,,,,2026-04-20,124.89,2026-04-27,110.305,2026-05-04,2026-05-18,108.35,5,13.24,-1.77,,,2026-05-25,2026-05-25,2026-05-25,,,,,,2026-06-01,2026-05-25,matured_breakout,2026-05-25,Health Technology,Medical Specialties,2026-10-06
MSM,ibd_double_bottom,,,Retired,False,,watch_only,87.84,48.36,double_bottom,87.84,m,48.36,,,Retired,87.84,double_bottom,87.84,m,matured_breakout,2026-02-02,2026-02-02,,,True,2026-02-03,1.51,,,,,,,,,,,2025-11-10,90.845,2025-12-08,81.04,2025-12-29,2026-01-05,78.8,9,13.26,-2.76,,,2026-01-19,2026-02-02,2026-02-02,,,,,,2026-01-12,2026-02-02,matured_breakout,2026-02-02,Distribution Services,Wholesale Distributors,2026-10-06
CNXN,ibd_double_bottom,,,Retired,False,,watch_only,60.835,51.87,double_bottom,60.835,m,51.87,,,Retired,60.835,double_bottom,60.835,m,failed_breakout,2026-02-02,2026-02-02,,,True,2026-02-05,2.46,,,,,,,,,,,2025-09-22,63.3975,2025-10-27,55.5,2025-11-03,2025-11-17,54.965,9,13.3,-0.96,,,2025-12-08,2026-02-02,2026-02-02,,,,,,2025-11-24,2026-02-02,failed_breakout,2026-02-02,Technology Services,Information Technology Services,2026-10-06
FTDR,ibd_double_bottom,,,Retired,False,,watch_only,60.68,29.81,double_bottom,60.68,m,29.81,,,Retired,60.68,double_bottom,60.68,m,failed_breakout,2026-02-23,2026-02-23,,,True,2026-02-26,2.25,,,,,,,,,,,2026-01-12,62.17,2026-01-19,56.9381,2026-01-26,2026-02-23,53.77,4,13.51,-5.56,,,2026-02-23,2026-02-23,2026-02-23,,,,,,2026-02-23,2026-02-23,failed_breakout,2026-02-23,Consumer Durables,Homebuilding,2026-10-06
WEYS,ibd_double_bottom,,,Retired,False,daily_volume_not_confirmed,watch_only,31.5,61.78,double_bottom,31.5,m,61.78,,,Retired,31.5,double_bottom,31.5,m,failed_breakout,2025-11-03,2025-11-10,,,False,,,,,,,,,,,,,2025-08-11,32.1126,2025-08-18,27.83,2025-09-01,2025-10-13,27.7301,9,13.65,-0.36,,,2025-11-03,2025-11-03,2025-11-10,,,,,,2025-10-13,2025-11-03,failed_breakout,2025-11-03,Consumer Non-Durables,Apparel/Footwear,2026-10-06
SUN,ibd_double_bottom,,,Retired,False,,watch_only,53.24,37.04,double_bottom,53.24,m,37.04,,,Retired,53.24,double_bottom,53.24,m,matured_breakout,2025-10-13,2025-11-24,,,True,2025-10-17,1.55,,,,,,,,,,,2025-07-28,55.63,2025-08-11,50.45,2025-08-18,2025-09-22,47.98,7,13.75,-4.9,,,2025-10-13,2025-10-13,2025-11-24,,,,,,2025-09-15,2025-10-13,matured_breakout,2025-10-13,Distribution Services,Wholesale Distributors,2026-10-06
VIK,ibd_double_bottom,,,Retired,False,,watch_only,62.62,30.37,double_bottom,62.62,m,30.37,,,Retired,62.62,double_bottom,62.62,m,matured_breakout,2025-11-17,2025-11-24,,,True,2025-11-21,1.76,,,,,,,,,,,2025-09-08,65.37,2025-10-06,57.85,2025-10-13,2025-11-03,56.37,9,13.77,-2.56,,,2025-11-17,2025-11-17,2025-11-24,,,,,,2025-11-10,2025-11-17,matured_breakout,2025-11-17,,,2026-10-06
MRK,ibd_double_bottom,,,Retired,False,daily_volume_not_confirmed,watch_only,124.0,14.47,double_bottom_handle,135.05,handle,5.1,,,Retired,124.0,double_bottom_handle,135.05,handle,matured_breakout,2026-06-22,,2026-07-06,135.05,False,,,,,,,,,,,,,2026-02-23,125.14,2026-03-16,112.72,2026-04-06,2026-04-27,107.9,9,13.78,-4.28,,,2026-06-22,2026-06-22,,2026-07-06,135.05,-6.54,3.0,True,2026-04-27,2026-08-10,matured_breakout,2026-08-10,Health Technology,Pharmaceuticals: Major,2026-10-06
LXP,ibd_double_bottom,,,Retired,False,,watch_only,50.72,20.17,double_bottom_handle,54.71,handle,11.41,,,Retired,50.72,double_bottom_handle,54.71,handle,matured_breakout,2026-04-13,,2026-05-11,54.71,True,2026-06-26,5.09,,,,,,,,,,,2026-02-02,52.43,2026-02-09,46.48,2026-02-23,2026-03-23,45.18,6,13.83,-2.8,,,2026-04-13,2026-04-13,,2026-05-11,54.71,,,,2026-03-16,2026-06-22,matured_breakout,2026-06-22,Finance,Real Estate Investment Trusts,2026-10-06
IDT,ibd_double_bottom,,,Retired,False,daily_volume_not_confirmed,watch_only,52.78,52.16,double_bottom_handle,54.5649,handle,47.18,,,Retired,52.78,double_bottom_handle,54.5649,handle,matured_breakout,2026-05-04,,2026-05-11,54.5649,False,,,,,,,,,,,,,2025-12-15,54.08,2026-02-02,46.63,2026-03-02,2026-03-09,46.48,13,14.05,-0.32,,,2026-04-27,2026-05-04,,2026-05-11,54.5649,,,,2026-03-16,2026-05-25,matured_breakout,2026-05-25,Communications,Major Telecommunications,2026-10-06
JAZZ,ibd_double_bottom,,,Retired,False,,watch_only,174.11,32.9,double_bottom,174.11,m,32.9,,,Retired,174.11,double_bottom,174.11,m,matured_breakout,2026-02-23,2026-02-23,,,True,2026-02-25,5.8,,,,,,,,,,,2025-11-17,182.99,2025-12-08,161.0,2025-12-29,2026-01-05,156.95,8,14.23,-2.52,,,2026-02-23,2026-02-23,2026-02-23,,,,,,2026-01-12,2026-02-23,matured_breakout,2026-02-23,Health Technology,Pharmaceuticals: Major,2026-10-06
JXN,ibd_double_bottom,,,Retired,False,daily_volume_not_confirmed,watch_only,102.09,30.19,double_bottom,102.09,m,30.19,,,Retired,102.09,double_bottom,102.09,m,matured_breakout,2025-12-08,2025-12-15,,,False,,,,,,,,,,,,,2025-10-06,104.615,2025-10-13,93.33,2025-10-27,2025-11-17,89.67,5,14.29,-3.92,,,2025-12-08,2025-12-08,2025-12-15,,,,,,2025-11-17,2025-12-08,matured_breakout,2025-12-08,Finance,Life/Health Insurance,2026-10-06
MSGE,ibd_double_bottom,,,Retired,False,,watch_only,41.02,95.0,double_bottom,41.02,m,95.0,,,Retired,41.02,double_bottom,41.02,m,matured_breakout,2025-09-08,2025-09-08,,,True,2025-09-12,2.0,,,,,,,,,,,2025-06-23,41.2399,2025-07-07,37.44,2025-07-14,2025-08-11,35.31,6,14.38,-5.69,,,2025-09-01,2025-09-08,2025-09-08,,,,,,2025-08-04,2025-09-08,matured_breakout,2025-09-08,Consumer Services,Movies/Entertainment,2026-10-06
ECBK,ibd_double_bottom,,,Retired,False,daily_volume_not_confirmed,watch_only,16.5325,24.72,double_bottom,16.5325,m,24.72,,,Retired,16.5325,double_bottom,16.5325,m,matured_breakout,2025-11-03,2025-11-10,,,False,,,,,,,,,,,,,2025-08-25,17.33,2025-09-08,15.16,2025-09-15,2025-10-13,14.83,7,14.43,-2.18,,,2025-11-03,2025-11-03,2025-11-10,,,,,,2025-10-13,2025-11-03,matured_breakout,2025-11-03,Finance,Regional Banks,2026-10-06
DINO,ibd_double_bottom,,,Retired,False,daily_volume_not_confirmed,watch_only,74.38,54.07,double_bottom,74.38,m,54.07,,,Retired,74.38,double_bottom,74.38,m,matured_breakout,2026-07-06,2026-07-13,,,False,,,,,,,,,,,,,2026-05-04,74.725,2026-05-25,66.25,2026-06-01,2026-06-22,63.82,7,14.59,-3.67,,,2026-06-29,2026-07-06,2026-07-13,,,,,,2026-06-22,2026-07-06,matured_breakout,2026-07-06,Energy Minerals,Oil Refining/Marketing,2026-10-06
PEBO,ibd_double_bottom,,,Retired,False,,watch_only,31.55,16.42,double_bottom,31.55,m,16.42,,,Retired,31.55,double_bottom,31.55,m,matured_breakout,2026-01-26,2026-02-02,,,True,2026-01-26,1.55,,,,,,,,,,,2025-07-21,32.2,2025-08-04,27.705,2025-09-01,2025-10-13,27.49,13,14.63,-0.78,,,2025-12-15,2026-01-26,2026-02-02,,,,,,2025-10-20,2026-01-26,matured_breakout,2026-01-26,Finance,Regional Banks,2026-10-06
GEF,ibd_double_bottom,,,Retired,False,,watch_only,70.65,16.83,double_bottom,70.65,m,16.83,,,Retired,70.65,double_bottom,70.65,m,matured_breakout,2026-06-22,2026-06-22,,,True,2026-06-26,2.63,,,,,,,,,,,2026-04-06,71.03,2026-04-27,62.23,2026-05-04,2026-05-18,60.55,7,14.75,-2.7,,,2026-06-15,2026-06-22,2026-06-22,,,,,,2026-05-25,2026-06-22,matured_breakout,2026-06-22,Process Industries,Containers/Packaging,2026-10-06
CNS,ibd_double_bottom,,,Retired,False,daily_volume_not_confirmed,watch_only,68.975,5.2,double_bottom,68.975,m,5.2,,,Retired,68.975,double_bottom,68.975,m,matured_breakout,2026-04-27,2026-05-04,,,False,,,,,,,,,,,,,2026-01-12,70.66,2026-02-02,60.325,2026-02-23,2026-03-23,60.17,11,14.85,-0.26,,,2026-04-20,2026-04-27,2026-05-04,,,,,,2026-03-30,2026-04-27,matured_breakout,2026-04-27,Finance,Investment Managers,2026-10-06
CFBK,ibd_double_bottom,,,Retired,False,,watch_only,24.07,43.75,double_bottom,24.07,m,43.75,,,Retired,24.07,double_bottom,24.07,m,matured_breakout,2025-12-15,2025-12-15,,,True,2025-12-16,14.27,,,,,,,,,,,2025-09-08,25.97,2025-10-13,22.44,2025-10-27,2025-11-10,22.1,10,14.9,-1.52,,,2025-11-24,2025-12-15,2025-12-15,,,,,,2025-11-17,2025-12-15,matured_breakout,2025-12-15,Finance,Savings Banks,2026-10-06
MOG-A,ibd_double_bottom,,,Retired,False,daily_volume_not_confirmed,watch_only,416.1899,-9.72,double_bottom,416.1899,m,-9.72,,,Retired,416.1899,double_bottom,416.1899,m,failed_breakout,2026-08-10,2026-08-10,,,False,,,,,,,,,,,,,2026-06-29,430.515,2026-07-13,367.93,2026-07-20,2026-07-27,365.735,5,15.05,-0.6,,,2026-08-03,2026-08-10,2026-08-10,,,,,,2026-08-10,2026-08-10,failed_breakout,2026-08-10,,,2026-10-06
MBWM,ibd_double_bottom,,,Retired,False,,watch_only,50.23,17.12,double_bottom_handle,50.84,handle,15.72,,,Retired,50.23,double_bottom_handle,50.84,handle,matured_breakout,,,2025-12-22,50.84,True,2026-01-21,1.77,,,,,,,,,,,2025-07-21,50.39,2025-08-04,43.71,2025-08-25,2025-10-13,42.75,13,15.16,-2.2,,,2025-12-15,,,2025-12-22,50.84,,,,2025-10-20,2026-01-19,matured_breakout,2026-01-19,Finance,Regional Banks,2026-10-06
STT,ibd_double_bottom,,,Retired,False,daily_volume_not_confirmed,watch_only,134.0,31.16,double_bottom,134.0,m,31.16,,,Retired,134.0,double_bottom,134.0,m,matured_breakout,2026-04-06,2026-04-13,,,False,,,,,,,,,,,,,2026-01-12,137.0499,2026-02-09,122.87,2026-02-23,2026-03-09,116.15,8,15.25,-5.47,,,2026-04-06,2026-04-06,2026-04-13,,,,,,2026-03-09,2026-04-06,matured_breakout,2026-04-06,Finance,Investment Banks/Brokers,2026-10-06
FDSB,ibd_double_bottom,,,Retired,False,daily_volume_not_confirmed,watch_only,12.8,36.48,double_bottom,12.8,m,36.48,,,Retired,12.8,double_bottom,12.8,m,matured_breakout,2025-07-07,2025-08-18,,,False,,,,,,,,,,,,,2024-12-16,13.4,2025-02-24,12.16,2025-03-03,2025-04-07,11.3501,15,15.3,-6.66,,,2025-05-05,2025-07-07,2025-08-18,,,,,,2025-03-31,2025-07-07,matured_breakout,2025-07-07,Finance,Savings Banks,2026-10-06
CCBG,ibd_double_bottom,,,Retired,False,,watch_only,37.31,32.03,double_bottom_handle,39.71,handle,24.05,,,Retired,37.31,double_bottom_handle,39.71,handle,matured_breakout,2025-04-28,,2025-05-19,39.71,True,2025-07-01,2.62,,,,,,,,,,,2025-02-03,38.27,2025-03-10,34.76,2025-03-24,2025-04-14,32.38,9,15.39,-6.85,,,2025-04-28,2025-04-28,,2025-05-19,39.71,-9.49,9.0,True,2025-04-07,2025-06-30,matured_breakout,2025-06-30,Finance,Regional Banks,2026-10-06
UVE,ibd_double_bottom,,,Retired,False,,watch_only,40.802,6.64,double_bottom,40.802,m,6.64,,,Retired,40.802,double_bottom,40.802,m,failed_breakout,2026-06-22,2026-06-29,,,True,2026-06-26,3.71,,,,,,,,,,,2026-04-27,41.96,2026-05-11,38.29,2026-05-18,2026-06-01,35.39,5,15.66,-7.57,,,2026-06-22,2026-06-22,2026-06-29,,,,,,2026-06-08,2026-06-22,failed_breakout,2026-06-22,Finance,Property/Casualty Insurance,2026-10-06
ECO,ibd_double_bottom,,,Retired,False,daily_volume_not_confirmed,watch_only,24.51,254.35,double_bottom,24.51,m,254.35,,,Retired,24.51,double_bottom,24.51,m,matured_breakout,2025-08-11,2025-08-11,,,False,,,,,,,,,,,,,2025-05-05,25.25,2025-06-09,21.5,2025-06-16,2025-06-30,21.27,9,15.76,-1.07,,,2025-07-21,2025-08-11,2025-08-11,,,,,,2025-07-07,2025-08-11,matured_breakout,2025-08-11,Transportation,Marine Shipping,2026-10-06
PODD,ibd_double_bottom,,,Retired,False,daily_volume_not_confirmed,watch_only,316.0,-57.36,double_bottom,316.0,m,-57.36,,,Retired,316.0,double_bottom,316.0,m,failed_breakout,2025-08-11,2025-08-25,,,False,,,,,,,,,,,,,2025-05-19,329.33,2025-06-09,295.56,2025-06-30,2025-08-04,276.46,8,16.05,-6.46,,,2025-08-04,2025-08-11,2025-08-25,,,,,,2025-07-14,2025-08-11,failed_breakout,2025-08-11,Health Technology,Medical Specialties,2026-10-06
NGL,ibd_double_bottom,,,Retired,False,,watch_only,10.24,53.12,double_bottom,10.24,m,53.12,,,Retired,10.24,double_bottom,10.24,m,matured_breakout,2026-01-26,2026-01-26,,,True,2026-01-26,3.02,,,,,,,,,,,2025-11-10,10.29,2025-11-24,9.15,2025-12-08,2026-01-05,8.62,9,16.23,-5.79,,,2026-01-19,2026-01-26,2026-01-26,,,,,,2026-01-12,2026-01-26,matured_breakout,2026-01-26,Industrial Services,Oil & Gas Pipelines,2026-10-06
ECPG,ibd_double_bottom,,,Retired,False,daily_volume_not_confirmed,watch_only,41.56,138.67,double_bottom,41.56,m,138.67,,,Retired,41.56,double_bottom,41.56,m,matured_breakout,2025-08-18,2025-09-01,,,False,,,,,,,,,,,,,2025-05-12,42.905,2025-05-19,37.16,2025-07-07,2025-07-28,35.675,12,16.85,-4.0,,,2025-08-04,2025-08-18,2025-09-01,,,,,,2025-08-04,2025-08-18,matured_breakout,2025-08-18,Finance,Finance/Rental/Leasing,2026-10-06
NVDA,ibd_double_bottom,,,Retired,False,daily_volume_not_confirmed,watch_only,187.62,27.51,double_bottom,187.62,m,27.51,,,Retired,187.62,double_bottom,187.62,m,matured_breakout,2026-04-06,2026-04-13,,,False,,,,,,,,,,,,,2026-02-23,197.6299,2026-03-02,174.64,2026-03-09,2026-03-30,164.27,4,16.88,-5.94,,,2026-04-06,2026-04-06,2026-04-13,,,,,,2026-04-06,2026-04-06,matured_breakout,2026-04-06,Electronic Technology,Semiconductors,2026-10-06
THC,ibd_double_bottom,,,Retired,False,,watch_only,211.0,22.5,double_bottom,211.0,m,22.5,,,Retired,211.0,double_bottom,211.0,m,failed_breakout,2026-02-09,2026-02-09,,,True,2026-02-11,3.91,,,,,,,,,,,2025-12-01,222.815,2025-12-15,193.25,2026-01-05,2026-01-19,185.0001,8,16.97,-4.27,,,2026-02-09,2026-02-09,2026-02-09,,,,,,2026-01-26,2026-02-09,failed_breakout,2026-02-09,Health Services,Hospital/Nursing Management,2026-10-06
PLGO,ibd_double_bottom,,,Retired,False,daily_volume_not_confirmed,watch_only,16.98,39.99,double_bottom_handle,17.905,handle,32.76,,,Retired,16.98,double_bottom_handle,17.905,handle,matured_breakout,2025-08-18,,2025-08-25,17.905,False,,,,,,,,,,,,,2025-06-02,17.94,2025-06-23,15.6,2025-06-30,2025-07-28,14.8,8,17.5,-5.13,,,2025-08-11,2025-08-18,,2025-08-25,17.905,-6.39,7.0,True,2025-07-28,2025-09-29,matured_breakout,2025-09-29,Finance,Multi-Line Insurance,2026-10-06
TEN,ibd_double_bottom,,,Retired,False,,watch_only,24.15,108.99,double_bottom,24.15,m,108.99,,,Retired,24.15,double_bottom,24.15,m,matured_breakout,2026-01-05,2026-01-19,,,True,2026-01-08,3.08,,,,,,,,,,,2025-11-17,25.69,2025-11-24,22.09,2025-12-08,2025-12-29,21.15,5,17.67,-4.26,,,2026-01-05,2026-01-05,2026-01-19,,,,,,2025-12-29,2026-01-05,matured_breakout,2026-01-05,Transportation,Marine Shipping,2026-10-06
TBBB,ibd_double_bottom,,,Retired,False,,watch_only,39.36,37.8,double_bottom,39.36,m,37.8,,,Retired,39.36,double_bottom,39.36,m,matured_breakout,2026-06-01,2026-06-08,,,True,2026-06-01,3.71,,,,,,,,,,,2026-04-20,39.71,2026-04-27,35.67,2026-05-04,2026-05-25,32.51,4,18.13,-8.86,,,2026-06-01,2026-06-01,2026-06-08,,,,,,2026-06-01,2026-06-01,matured_breakout,2026-06-01,Retail Trade,Food Retail,2026-10-06
HIPO,ibd_double_bottom,,,Retired,False,,watch_only,28.725,13.07,double_bottom_handle,29.85,handle,8.81,,,Retired,28.725,double_bottom_handle,29.85,handle,matured_breakout,2026-06-29,,2026-07-06,29.85,True,2026-07-30,2.28,,,,,,,,,,,2026-04-13,29.44,2026-04-27,24.0801,2026-05-04,2026-06-01,24.08,8,18.21,-0.0,,,2026-06-29,2026-06-29,,2026-07-06,29.85,-9.38,3.0,True,2026-06-08,2026-07-27,matured_breakout,2026-07-27,Finance,Property/Casualty Insurance,2026-10-06
SPNT,ibd_double_bottom,,,Retired,False,daily_volume_not_confirmed,watch_only,19.42,26.73,double_bottom,19.42,m,26.73,,,Retired,19.42,double_bottom,19.42,m,matured_breakout,2025-11-03,2025-11-17,,,False,,,,,,,,,,,,,2025-06-23,21.03,2025-08-04,17.76,2025-09-01,2025-09-22,17.17,13,18.35,-3.32,,,2025-11-03,2025-11-03,2025-11-17,,,,,,2025-09-22,2025-11-03,matured_breakout,2025-11-03,Finance,Property/Casualty Insurance,2026-10-06
CVS,ibd_double_bottom,,,Retired,False,daily_volume_not_confirmed,watch_only,81.69,5.8,double_bottom,81.69,m,5.8,,,Retired,81.69,double_bottom,81.69,m,matured_breakout,2026-04-27,2026-05-04,,,False,,,,,,,,,,,,,2025-10-27,85.15,2026-01-26,70.69,2026-03-02,2026-03-30,69.5101,21,18.37,-1.67,,,2026-04-27,2026-04-27,2026-05-04,,,,,,2026-03-23,2026-04-27,matured_breakout,2026-04-27,Retail Trade,Drugstore Chains,2026-10-06
SBFG,ibd_double_bottom,,,Retired,False,,watch_only,23.06,27.84,double_bottom,23.06,m,27.84,,,Retired,23.06,double_bottom,23.06,m,matured_breakout,2026-06-08,2026-06-22,,,True,2026-06-12,3.18,,,,,,,,,,,2025-12-15,23.93,2026-01-12,20.6739,2026-01-19,2026-03-09,19.535,12,18.37,-5.51,,,2026-06-08,2026-06-08,2026-06-22,,,,,,2026-03-09,2026-06-08,matured_breakout,2026-06-08,Finance,Regional Banks,2026-10-06
MYE,ibd_double_bottom,,,Retired,False,daily_volume_not_confirmed,watch_only,22.59,40.9,double_bottom,22.59,m,40.9,,,Retired,22.59,double_bottom,22.59,m,matured_breakout,2026-05-04,2026-06-01,,,False,,,,,,,,,,,,,2026-03-02,24.03,2026-03-16,19.73,2026-04-06,2026-04-27,19.61,9,18.39,-0.61,,,2026-05-04,2026-05-04,2026-06-01,,,-12.82,4.0,False,2026-05-04,2026-05-04,matured_breakout,2026-05-04,Producer Manufacturing,Miscellaneous Manufacturing,2026-10-06
TVTX,ibd_double_bottom,,,Retired,False,,watch_only,19.99,180.04,double_bottom,19.99,m,180.04,,,Retired,19.99,double_bottom,19.99,m,matured_breakout,2025-01-20,2025-02-03,,,True,2025-01-23,1.57,,,,,,,,,,,2024-11-11,20.33,2024-11-18,16.86,2024-12-02,2024-12-23,16.588,6,18.41,-1.61,,,2025-01-20,2025-01-20,2025-02-03,,,,,,2024-12-23,2025-01-20,matured_breakout,2025-01-20,Health Technology,Pharmaceuticals: Major,2026-10-06
EHLD,ibd_double_bottom,,,Retired,False,daily_volume_not_confirmed,watch_only,7.15,80.56,double_bottom_handle,7.66,handle,68.54,,,Retired,7.15,double_bottom_handle,7.66,handle,matured_breakout,2026-03-02,,2026-03-09,7.66,False,,,,,,,,,,,,,2025-11-24,7.5,2025-12-29,6.67,2026-01-05,2026-02-02,6.11,9,18.53,-8.4,,,2026-03-02,2026-03-02,,2026-03-09,7.66,-4.18,3.0,True,2026-01-26,2026-04-13,matured_breakout,2026-04-13,,,2026-10-06
HPE,ibd_double_bottom,,,Retired,False,daily_volume_not_confirmed,watch_only,24.38,189.09,double_bottom,24.38,m,189.09,,,Retired,24.38,double_bottom,24.38,m,matured_breakout,2026-03-30,2026-04-13,,,False,,,,,,,,,,,,,2026-01-05,24.41,2026-01-19,20.075,2026-02-09,2026-02-23,19.84,8,18.72,-1.17,,,2026-03-23,2026-03-30,2026-04-13,,,,,,2026-03-09,2026-03-30,matured_breakout,2026-03-30,Electronic Technology,Computer Processing Hardware,2026-10-06
ZM,ibd_double_bottom,,,Retired,False,,watch_only,79.825,18.01,double_bottom,79.825,m,18.01,,,Retired,79.825,double_bottom,79.825,m,matured_breakout,2025-08-18,2025-09-08,,,True,2025-08-22,5.28,,,,,,,,,,,2025-05-12,85.0725,2025-06-23,75.58,2025-06-30,2025-08-11,69.15,9,18.72,-8.51,,,2025-08-18,2025-08-18,2025-09-08,,,,,,2025-07-14,2025-08-18,matured_breakout,2025-08-18,Technology Services,Packaged Software,2026-10-06
OKTA,ibd_double_bottom,,,Retired,False,daily_volume_not_confirmed,watch_only,156.39,39.82,double_bottom,156.39,m,39.82,,,Retired,156.39,double_bottom,156.39,m,matured_breakout,2026-08-31,2026-08-31,,,False,,,,,,,,,,,,,2026-07-13,157.0,2026-07-27,129.02,2026-08-10,2026-08-24,127.6,7,18.73,-1.1,,,2026-08-31,2026-08-31,2026-08-31,,,,,,2026-08-31,2026-08-31,matured_breakout,2026-08-31,Technology Services,Packaged Software,2026-10-06
INSW,ibd_double_bottom,,,Retired,False,daily_volume_not_confirmed,watch_only,90.75,28.33,double_bottom,90.75,m,28.33,,,Retired,90.75,double_bottom,90.75,m,matured_breakout,2026-07-20,2026-07-27,,,False,,,,,,,,,,,,,2026-05-04,92.66,2026-05-25,75.0825,2026-06-22,2026-06-29,75.05,9,19.0,-0.04,,,2026-07-13,2026-07-20,2026-07-27,,,,,,2026-07-06,2026-07-20,matured_breakout,2026-07-20,Transportation,Marine Shipping,2026-10-06
ABBV,ibd_double_bottom,,,Retired,False,,watch_only,220.45,20.98,double_bottom_handle,230.47,handle,15.72,,,Retired,220.45,double_bottom_handle,230.47,handle,matured_breakout,2026-06-01,,2026-06-15,230.47,True,2026-06-25,1.66,,,,,,,,,,,2026-03-02,237.11,2026-03-23,201.8,2026-03-30,2026-04-27,190.75,6,19.55,-5.48,,,2026-06-01,2026-06-01,,2026-06-15,230.47,-6.55,4.0,True,2026-04-13,2026-06-22,matured_breakout,2026-06-22,Health Technology,Pharmaceuticals: Major,2026-10-06
RS,ibd_double_bottom,,,Retired,False,,watch_only,296.44,35.44,double_bottom_handle,306.53,handle,30.98,,,Retired,296.44,double_bottom_handle,306.53,handle,failed_breakout,2025-04-28,,2025-05-19,306.53,True,2025-06-04,1.65,,,,,,,,,,,2025-02-17,310.98,2025-03-17,273.745,2025-03-24,2025-04-07,250.07,7,19.59,-8.65,,,2025-04-28,2025-04-28,,2025-05-19,306.53,-6.53,4.0,True,2025-04-07,2025-06-02,failed_breakout,2025-06-02,Non-Energy Minerals,Steel,2026-10-06
ACNB,ibd_double_bottom,,,Retired,False,daily_volume_not_confirmed,watch_only,42.7475,49.08,double_bottom_handle,44.39,handle,43.57,,,Retired,42.7475,double_bottom_handle,44.39,handle,failed_breakout,2025-04-28,,2025-05-05,44.39,False,,,,,,,,,,,,,2025-03-03,44.42,2025-03-10,38.5001,2025-03-17,2025-03-31,35.7,5,19.63,-7.27,,,2025-04-28,2025-04-28,,2025-05-05,44.39,-9.55,8.0,True,2025-04-21,2025-06-30,failed_breakout,2025-06-30,Finance,Regional Banks,2026-10-06
RCMT,ibd_double_bottom,,,Retired,False,,watch_only,21.405,92.99,double_bottom,21.405,m,92.99,,,Retired,21.405,double_bottom,21.405,m,matured_breakout,2026-04-06,2026-04-06,,,True,2026-04-06,6.08,,,,,,,,,,,2025-12-15,21.575,2026-01-19,19.16,2026-02-02,2026-02-09,17.26,9,20.0,-9.92,,,2026-04-06,2026-04-06,2026-04-06,,,,,,2026-02-16,2026-04-06,matured_breakout,2026-04-06,Commercial Services,Personnel Services,2026-10-06
CAC,ibd_double_bottom,,,Retired,False,daily_volume_not_confirmed,watch_only,41.74,35.98,double_bottom,41.74,m,35.98,,,Retired,41.74,double_bottom,41.74,m,matured_breakout,2025-12-01,2025-12-08,,,False,,,,,,,,,,,,,2025-07-07,43.78,2025-07-28,36.31,2025-09-15,2025-10-13,35.0,15,20.05,-3.61,,,2025-12-01,2025-12-01,2025-12-08,,,,,,2025-10-20,2025-12-01,matured_breakout,2025-12-01,Finance,Major Banks,2026-10-06
REPX,ibd_double_bottom,,,Retired,False,,watch_only,28.92,48.24,double_bottom,28.92,m,48.24,,,Retired,28.92,double_bottom,28.92,m,matured_breakout,2026-03-02,2026-03-02,,,True,2026-03-05,5.39,,,,,,,,,,,2025-09-01,30.15,2025-09-22,26.18,2025-09-29,2025-11-03,24.08,8,20.13,-8.02,,,2026-01-12,2026-03-02,2026-03-02,,,,,,2025-10-27,2026-03-02,matured_breakout,2026-03-02,Energy Minerals,Integrated Oil,2026-10-06
BWFG,ibd_double_bottom,,,Retired,False,daily_volume_not_confirmed,watch_only,30.85,113.39,double_bottom,30.85,m,113.39,,,Retired,30.85,double_bottom,30.85,m,matured_breakout,2025-04-21,2025-04-28,,,False,,,,,,,,,,,,,2025-02-10,33.1235,2025-03-10,28.5,2025-03-24,2025-04-07,26.39,8,20.33,-7.4,,,2025-04-21,2025-04-21,2025-04-28,,,,,,2025-04-07,2025-04-21,matured_breakout,2025-04-21,Finance,Regional Banks,2026-10-06
MITK,ibd_double_bottom,,,Retired,False,,watch_only,9.86,77.18,double_bottom,9.86,m,77.18,,,Retired,9.86,double_bottom,9.86,m,matured_breakout,2025-12-08,2025-12-15,,,True,2025-12-12,8.95,,,,,,,,,,,2025-08-18,10.74,2025-10-13,8.89,2025-10-20,2025-11-17,8.53,13,20.58,-4.05,,,2025-12-08,2025-12-08,2025-12-15,,,,,,2025-11-17,2025-12-08,matured_breakout,2025-12-08,Technology Services,Information Technology Services,2026-10-06
SYRE,ibd_double_bottom,,,Retired,False,,watch_only,17.8,350.06,double_bottom,17.8,m,350.06,,,Retired,17.8,double_bottom,17.8,m,matured_breakout,2025-10-06,2025-10-06,,,True,2025-10-09,4.93,,,,,,,,,,,2025-07-21,18.305,2025-08-11,14.721,2025-08-18,2025-09-22,14.505,9,20.76,-1.47,,,2025-10-06,2025-10-06,2025-10-06,,,,,,2025-09-22,2025-10-06,matured_breakout,2025-10-06,Health Technology,Pharmaceuticals: Major,2026-10-06
TRST,ibd_double_bottom,,,Retired,False,daily_volume_not_confirmed,watch_only,31.64,74.24,double_bottom,31.64,m,74.24,,,Retired,31.64,double_bottom,31.64,m,matured_breakout,2025-05-12,2025-06-23,,,False,,,,,,,,,,,,,2025-02-10,34.37,2025-03-10,29.51,2025-03-24,2025-04-14,27.18,8,20.92,-7.9,,,2025-04-28,2025-05-12,2025-06-23,,,,,,2025-04-07,2025-05-12,matured_breakout,2025-05-12,Finance,Savings Banks,2026-10-06
BPRN,ibd_double_bottom,,,Retired,False,daily_volume_not_confirmed,watch_only,31.71,36.61,double_bottom,31.71,m,36.61,,,Retired,31.71,double_bottom,31.71,m,matured_breakout,2025-05-05,2025-08-18,,,False,,,,,,,,,,,,,2025-02-03,34.5,2025-03-03,29.2,2025-03-10,2025-04-07,27.25,9,21.01,-6.68,,,2025-05-05,2025-05-05,2025-08-18,,,,,,2025-04-07,2025-05-05,matured_breakout,2025-05-05,Finance,Regional Banks,2026-10-06
PKOH,ibd_double_bottom,,,Retired,False,daily_volume_not_confirmed,watch_only,21.504,126.38,double_bottom,21.504,m,126.38,,,Retired,21.504,double_bottom,21.504,m,matured_breakout,2025-12-01,2025-12-08,,,False,,,,,,,,,,,,,2025-09-15,22.99,2025-10-06,19.05,2025-10-20,2025-11-03,18.06,8,21.44,-5.2,,,2025-12-01,2025-12-01,2025-12-08,,,,,,2025-11-10,2025-12-01,matured_breakout,2025-12-01,Producer Manufacturing,Metal Fabrication,2026-10-06
LIVN,ibd_double_bottom,,,Retired,False,,watch_only,68.04,10.13,double_bottom,68.04,m,10.13,,,Retired,68.04,double_bottom,68.04,m,matured_breakout,2026-05-04,2026-05-04,,,True,2026-05-07,2.04,,,,,,,,,,,2026-02-23,71.92,2026-03-09,58.14,2026-04-13,2026-05-04,56.44,10,21.52,-2.92,,,2026-05-04,2026-05-04,2026-05-04,,,,,,2026-05-04,2026-05-04,matured_breakout,2026-05-04,Health Technology,Medical Specialties,2026-10-06
THFF,ibd_double_bottom,,,Retired,False,,watch_only,53.5,39.05,double_bottom,53.5,m,39.05,,,Retired,53.5,double_bottom,53.5,m,matured_breakout,2025-06-23,2025-06-30,,,True,2025-06-27,2.34,,,,,,,,,,,2025-02-10,53.6,2025-02-17,50.12,2025-02-24,2025-04-07,42.05,4,21.55,-16.1,,,2025-06-23,2025-06-23,2025-06-30,,,,,,2025-03-24,2025-06-23,matured_breakout,2025-06-23,Finance,Major Banks,2026-10-06
HCC,ibd_double_bottom,,,Retired,False,,watch_only,92.8,-0.41,double_bottom,92.8,m,-0.41,,,Retired,92.8,double_bottom,92.8,m,failed_breakout,2026-05-25,2026-06-01,,,True,2026-05-27,1.53,,,,,,,,,,,2026-03-30,100.73,2026-04-06,82.17,2026-04-20,2026-04-27,79.01,5,21.56,-3.85,,,2026-05-25,2026-05-25,2026-06-01,,,,,,2026-05-11,2026-05-25,failed_breakout,2026-05-25,Energy Minerals,Coal,2026-10-06
DDOG,ibd_double_bottom,,,Retired,False,,watch_only,150.4,85.0,double_bottom,150.4,m,85.0,,,Retired,150.4,double_bottom,150.4,m,matured_breakout,2025-09-29,2025-10-06,,,True,2025-10-01,1.61,,,,,,,,,,,2025-07-07,157.3751,2025-07-14,135.8392,2025-07-21,2025-08-11,123.42,4,21.58,-9.14,,,2025-09-29,2025-09-29,2025-10-06,,,,,,2025-08-18,2025-09-29,matured_breakout,2025-09-29,Technology Services,Packaged Software,2026-10-06
DT,ibd_double_bottom,,,Retired,False,daily_volume_not_confirmed,watch_only,37.86,61.25,double_bottom,37.86,m,61.25,,,Retired,37.86,double_bottom,37.86,m,failed_breakout,2026-05-04,2026-05-04,,,False,,,,,,,,,,,,,2026-03-16,40.42,2026-03-23,35.205,2026-03-30,2026-04-06,31.635,4,21.73,-10.14,,,2026-04-27,2026-05-04,2026-05-04,,,,,,2026-04-27,2026-05-04,failed_breakout,2026-05-04,Technology Services,Packaged Software,2026-10-06
VCTR,ibd_double_bottom,,,Retired,False,,watch_only,69.1,64.76,double_bottom,69.1,m,64.76,,,Retired,69.1,double_bottom,69.1,m,failed_breakout,2026-01-26,2026-02-09,,,True,2026-01-28,2.34,,,,,,,,,,,2025-09-01,73.0,2025-09-29,62.33,2025-10-13,2025-11-03,57.03,9,21.88,-8.5,,,2026-01-19,2026-01-26,2026-02-09,,,,,,2025-11-03,2026-01-26,failed_breakout,2026-01-26,Finance,Investment Managers,2026-10-06
BWB,ibd_double_bottom,,,Retired,False,,watch_only,14.595,39.57,double_bottom,14.595,m,39.57,,,Retired,14.595,double_bottom,14.595,m,matured_breakout,2025-04-28,2025-04-28,,,True,2025-04-28,1.76,,,,,,,,,,,2025-02-10,15.292,2025-03-10,13.52,2025-03-24,2025-04-07,11.93,8,21.99,-11.76,,,2025-04-21,2025-04-28,2025-04-28,,,,,,2025-04-07,2025-04-28,matured_breakout,2025-04-28,Finance,Regional Banks,2026-10-06
IBEX,ibd_double_bottom,,,Retired,False,,watch_only,26.76,61.4,double_bottom,26.76,m,61.4,,,Retired,26.76,double_bottom,26.76,m,matured_breakout,2025-05-05,2025-05-05,,,True,2025-05-09,4.59,,,,,,,,,,,2025-02-10,27.8296,2025-03-10,23.82,2025-03-17,2025-04-07,21.64,8,22.24,-9.15,,,2025-05-05,2025-05-05,2025-05-05,,,,,,2025-04-07,2025-05-05,matured_breakout,2025-05-05,Commercial Services,Miscellaneous Commercial Services,2026-10-06
ADM,ibd_double_bottom,,,Retired,False,daily_volume_not_confirmed,watch_only,52.36,57.01,double_bottom_handle,55.045,handle,49.35,,,Retired,52.36,double_bottom_handle,55.045,handle,matured_breakout,2025-06-16,,2025-06-23,55.045,False,,,,,,,,,,,,,2024-12-16,52.77,2025-02-10,44.92,2025-03-10,2025-04-07,40.98,16,22.34,-8.77,,,2025-06-09,2025-06-16,,2025-06-23,55.045,-6.73,3.0,True,2025-04-07,2025-06-30,matured_breakout,2025-06-30,Process Industries,Agricultural Commodities/Milling,2026-10-06
ROST,ibd_double_bottom,,,Retired,False,,watch_only,157.25,42.58,double_bottom_handle,165.07,handle,35.83,,,Retired,157.25,double_bottom_handle,165.07,handle,matured_breakout,2025-10-27,,2025-11-10,165.07,True,2025-11-21,3.34,,,,,,,,,,,2024-12-09,158.69,2024-12-23,146.84,2025-01-06,2025-03-17,122.36,6,22.89,-16.67,,,2025-10-13,2025-10-27,,2025-11-10,165.07,-4.45,3.0,True,2025-01-20,2025-11-17,matured_breakout,2025-11-17,Retail Trade,Apparel/Footwear Retail,2026-10-06
KYMR,ibd_double_bottom,,,Retired,False,,watch_only,89.46,18.47,double_bottom,89.46,m,18.47,,,Retired,89.46,double_bottom,89.46,m,matured_breakout,2026-06-15,2026-06-22,,,True,2026-06-17,2.07,,,,,,,,,,,2026-04-13,90.145,2026-04-27,77.635,2026-05-11,2026-06-01,69.48,6,22.92,-10.5,,,2026-06-15,2026-06-15,2026-06-22,,,,,,2026-05-25,2026-06-15,matured_breakout,2026-06-15,Health Technology,Biotechnology,2026-10-06
ARW,ibd_double_bottom,,,Retired,False,,watch_only,126.61,89.87,double_bottom,126.61,m,89.87,,,Retired,126.61,double_bottom,126.61,m,matured_breakout,2026-01-26,2026-02-02,,,True,2026-01-28,2.72,,,,,,,,,,,2025-07-21,132.15,2025-10-13,112.11,2025-10-20,2025-11-17,101.79,15,22.97,-9.21,,,2026-01-26,2026-01-26,2026-02-02,,,,,,2025-11-03,2026-01-26,matured_breakout,2026-01-26,Distribution Services,Electronics Distributors,2026-10-06
HALO,ibd_double_bottom,,,Retired,False,,watch_only,74.25,47.77,double_bottom,74.25,m,47.77,,,Retired,74.25,double_bottom,74.25,m,failed_breakout,2026-02-02,2026-02-02,,,True,2026-02-03,1.85,,,,,,,,,,,2025-09-22,79.5,2025-10-06,63.78,2025-11-24,2025-12-08,61.225,11,22.99,-4.01,,,2026-01-05,2026-02-02,2026-02-02,,,,,,2025-12-08,2026-02-02,failed_breakout,2026-02-02,Health Technology,Biotechnology,2026-10-06
FBLA,ibd_double_bottom,,,Retired,False,,watch_only,12.14,42.42,double_bottom_handle,12.44,handle,38.99,,,Retired,12.14,double_bottom_handle,12.44,handle,matured_breakout,2025-09-15,,2025-09-29,12.44,True,2025-11-24,4.73,,,,,,,,,,,2024-12-16,12.74,2025-01-13,10.74,2025-01-20,2025-04-07,9.81,16,23.0,-8.66,,,2025-09-08,2025-09-15,,2025-09-29,12.44,-6.27,10.0,True,2025-04-07,2025-11-24,matured_breakout,2025-11-24,Finance,Regional Banks,2026-10-06
RELY,ibd_double_bottom,,,Retired,False,,watch_only,14.48,60.22,double_bottom,14.48,m,60.22,,,Retired,14.48,double_bottom,14.48,m,matured_breakout,2026-02-16,2026-02-16,,,True,2026-02-19,7.16,,,,,,,,,,,2025-12-08,15.77,2026-01-05,13.01,2026-01-19,2026-02-02,12.1,9,23.27,-6.99,,,2026-02-16,2026-02-16,2026-02-16,,,,,,2026-02-09,2026-02-16,matured_breakout,2026-02-16,Commercial Services,Miscellaneous Commercial Services,2026-10-06
BSVN,ibd_double_bottom,,,Retired,False,daily_volume_not_confirmed,watch_only,46.1219,20.72,double_bottom,46.1219,m,20.72,,,Retired,46.1219,double_bottom,46.1219,m,matured_breakout,2026-06-08,2026-06-22,,,False,,,,,,,,,,,,,2025-09-01,50.1,2025-11-17,40.0,2026-02-02,2026-03-16,38.29,27,23.57,-4.28,,,2026-06-08,2026-06-08,2026-06-22,,,,,,2026-03-09,2026-06-08,matured_breakout,2026-06-08,Finance,Regional Banks,2026-10-06
RVTY,ibd_double_bottom,,,Retired,False,,watch_only,94.96,61.44,double_bottom,94.96,m,61.44,,,Retired,94.96,double_bottom,94.96,m,matured_breakout,2026-05-04,2026-05-04,,,True,2026-05-06,2.75,,,,,,,,,,,2025-11-24,106.52,2026-03-09,83.48,2026-04-13,2026-04-27,81.22,22,23.75,-2.71,,,2026-05-04,2026-05-04,2026-05-04,,,,,,2026-04-27,2026-05-04,matured_breakout,2026-05-04,Health Technology,Medical Specialties,2026-10-06
TNK,ibd_double_bottom,,,Retired,False,daily_volume_not_confirmed,watch_only,76.2339,32.8,double_bottom,76.2339,m,32.8,,,Retired,76.2339,double_bottom,76.2339,m,matured_breakout,2026-07-27,2026-08-10,,,False,,,,,,,,,,,,,2026-05-04,83.99,2026-06-01,69.01,2026-06-08,2026-06-29,64.04,8,23.75,-7.2,,,2026-07-20,2026-07-27,2026-08-10,,,,,,2026-06-29,2026-07-27,matured_breakout,2026-07-27,Transportation,Marine Shipping,2026-10-06
ANET,ibd_double_bottom,,,Retired,False,,watch_only,141.77,51.91,double_bottom,141.77,m,51.91,,,Retired,141.77,double_bottom,141.77,m,matured_breakout,2026-04-06,2026-04-13,,,True,2026-04-08,1.57,,,,,,,,,,,2026-01-26,151.8,2026-03-02,122.37,2026-03-09,2026-03-30,115.42,9,23.97,-5.68,,,2026-04-06,2026-04-06,2026-04-13,,,,,,2026-03-30,2026-04-06,matured_breakout,2026-04-06,Electronic Technology,Computer Peripherals,2026-10-06
SWK,ibd_double_bottom,,,Retired,False,daily_volume_not_confirmed,watch_only,73.429,22.55,double_bottom,73.429,m,22.55,,,Retired,73.429,double_bottom,73.429,m,matured_breakout,2025-12-08,2026-01-05,,,False,,,,,,,,,,,,,2025-09-15,81.44,2025-10-13,63.2,2025-10-27,2025-11-17,61.9,10,23.99,-2.06,,,2025-12-08,2025-12-08,2026-01-05,,,,,,2025-11-24,2025-12-08,matured_breakout,2025-12-08,Consumer Durables,Tools & Hardware,2026-10-06
IMAX,ibd_double_bottom,,,Retired,False,daily_volume_not_confirmed,watch_only,40.89,23.7,double_bottom,40.89,m,23.7,,,Retired,40.89,double_bottom,40.89,m,failed_breakout,2026-06-08,2026-06-15,,,False,,,,,,,,,,,,,2026-02-23,43.16,2026-03-23,35.74,2026-04-06,2026-05-18,32.71,8,24.21,-8.48,,,2026-06-08,2026-06-08,2026-06-15,,,,,,2026-04-20,2026-06-08,failed_breakout,2026-06-08,Consumer Durables,Electronics/Appliances,2026-10-06
LIND,ibd_double_bottom,,,Retired,False,daily_volume_not_confirmed,watch_only,18.93,90.6,double_bottom,18.93,m,90.6,,,Retired,18.93,double_bottom,18.93,m,failed_breakout,2026-04-06,2026-04-13,,,False,,,,,,,,,,,,,2026-02-16,21.225,2026-03-09,16.07,2026-03-23,2026-03-30,16.04,7,24.43,-0.19,,,2026-04-06,2026-04-06,2026-04-13,,,,,,2026-04-06,2026-04-06,failed_breakout,2026-04-06,Consumer Services,Hotels/Resorts/Cruise lines,2026-10-06
DAC,ibd_double_bottom,,,Retired,False,daily_volume_not_confirmed,watch_only,83.8,98.02,double_bottom_handle,91.0,handle,82.35,,,Retired,83.8,double_bottom_handle,91.0,handle,failed_breakout,2025-05-12,,2025-05-19,91.0,False,,,,,,,,,,,,,2025-02-17,86.6,2025-03-03,75.05,2025-03-17,2025-04-07,65.4,7,24.48,-12.86,,,2025-05-05,2025-05-12,,2025-05-19,91.0,,,,2025-04-07,2025-07-21,failed_breakout,2025-07-21,Transportation,Marine Shipping,2026-10-06
S,ibd_double_bottom,,,Retired,False,daily_volume_not_confirmed,watch_only,14.86,73.62,double_bottom,14.86,m,73.62,,,Retired,14.86,double_bottom,14.86,m,matured_breakout,2026-04-27,2026-05-04,,,False,,,,,,,,,,,,,2025-12-08,15.65,2026-02-23,12.235,2026-03-16,2026-04-06,11.81,16,24.54,-3.47,,,2026-04-20,2026-04-27,2026-05-04,,,,,,2026-03-30,2026-04-27,matured_breakout,2026-04-27,Technology Services,Packaged Software,2026-10-06
HAE,ibd_double_bottom,,,Retired,False,daily_volume_not_confirmed,watch_only,62.78,64.89,double_bottom,62.78,m,64.89,,,Retired,62.78,double_bottom,62.78,m,matured_breakout,2026-05-18,2026-05-25,,,False,,,,,,,,,,,,,2026-02-02,67.63,2026-03-23,53.88,2026-04-13,2026-05-04,51.0,14,24.59,-5.35,,,2026-05-18,2026-05-18,2026-05-25,,,,,,2026-05-11,2026-05-18,matured_breakout,2026-05-18,Health Technology,Medical Specialties,2026-10-06
AMAL,ibd_double_bottom,,,Retired,False,daily_volume_not_confirmed,watch_only,30.135,58.12,double_bottom,30.135,m,58.12,,,Retired,30.135,double_bottom,30.135,m,matured_breakout,2025-12-01,2025-12-08,,,False,,,,,,,,,,,,,2025-07-07,33.58,2025-08-04,26.87,2025-08-18,2025-10-13,25.13,12,25.16,-6.48,,,2025-11-24,2025-12-01,2025-12-08,,,,,,2025-09-29,2025-12-01,matured_breakout,2025-12-01,Finance,Regional Banks,2026-10-06
FBIZ,ibd_double_bottom,,,Retired,False,,watch_only,50.095,41.15,double_bottom,50.095,m,41.15,,,Retired,50.095,double_bottom,50.095,m,failed_breakout,2025-06-23,2025-06-30,,,True,2025-06-27,2.67,,,,,,,,,,,2025-02-03,56.46,2025-03-10,46.31,2025-03-24,2025-03-31,42.1758,9,25.3,-8.93,,,2025-04-21,2025-06-23,2025-06-30,,,,,,2025-04-07,2025-06-23,failed_breakout,2025-06-23,Finance,Regional Banks,2026-10-06
SEPN,ibd_double_bottom,,,Retired,False,daily_volume_not_confirmed,watch_only,27.296,30.68,double_bottom,27.296,m,30.68,,,Retired,27.296,double_bottom,27.296,m,matured_breakout,2026-05-18,2026-05-25,,,False,,,,,,,,,,,,,2025-12-15,30.5,2026-04-13,22.83,2026-04-20,2026-04-27,22.78,20,25.31,-0.22,,,2026-05-11,2026-05-18,2026-05-25,,,,,,2026-05-04,2026-05-18,matured_breakout,2026-05-18,Health Technology,Biotechnology,2026-10-06
UFCS,ibd_double_bottom,,,Retired,False,insufficient_volume_history,watch_only,22.89,139.71,double_bottom,22.89,m,139.71,,,Retired,22.89,double_bottom,22.89,m,matured_breakout,2024-11-04,2024-11-04,,,False,,,,,,,,,,,,,2024-05-06,24.16,2024-07-01,20.31,2024-07-15,2024-08-05,18.04,14,25.33,-11.18,,,2024-11-04,2024-11-04,2024-11-04,,,,,,2024-08-12,2024-11-04,matured_breakout,2024-11-04,Finance,Property/Casualty Insurance,2026-10-06
FORM,ibd_double_bottom,,,Retired,False,daily_volume_not_confirmed,watch_only,43.695,223.38,double_bottom,43.695,m,223.38,,,Retired,43.695,double_bottom,43.695,m,failed_breakout,2024-12-23,2024-12-23,,,False,,,,,,,,,,,,,2024-10-14,49.9,2024-10-28,37.64,2024-11-11,2024-11-18,37.25,6,25.35,-1.04,,,2024-12-09,2024-12-23,2024-12-23,,,,,,2024-11-25,2024-12-23,failed_breakout,2024-12-23,Electronic Technology,Semiconductors,2026-10-06
GLBE,ibd_double_bottom,,,Retired,False,,watch_only,35.455,9.15,double_bottom,35.455,m,9.15,,,Retired,35.455,double_bottom,35.455,m,matured_breakout,2026-06-22,2026-07-06,,,True,2026-06-26,1.59,,,,,,,,,,,2026-03-16,36.0,2026-03-30,27.795,2026-04-13,2026-05-11,26.845,9,25.43,-3.42,,,2026-06-22,2026-06-22,2026-07-06,,,,,,2026-05-18,2026-06-22,matured_breakout,2026-06-22,Retail Trade,Internet Retail,2026-10-06
RRBI,ibd_double_bottom,,,Retired,False,,watch_only,59.87,71.86,double_bottom,59.87,m,71.86,,,Retired,59.87,double_bottom,59.87,m,matured_breakout,2025-06-30,2025-06-30,,,True,2025-07-01,3.06,,,,,,,,,,,2024-11-25,62.13,2025-01-06,48.78,2025-02-03,2025-04-07,46.3281,17,25.43,-5.03,,,2025-06-30,2025-06-30,2025-06-30,,,,,,2025-03-24,2025-06-30,matured_breakout,2025-06-30,Finance,Regional Banks,2026-10-06
WSM,ibd_double_bottom,,,Retired,False,daily_volume_not_confirmed,watch_only,208.735,16.06,double_bottom,208.735,m,16.06,,,Retired,208.735,double_bottom,208.735,m,matured_breakout,2026-06-08,2026-06-08,,,False,,,,,,,,,,,,,2026-02-16,222.0,2026-03-23,174.51,2026-04-20,2026-05-18,165.51,13,25.45,-5.16,,,2026-06-01,2026-06-08,2026-06-08,,,,,,2026-05-18,2026-06-08,matured_breakout,2026-06-08,Retail Trade,Specialty Stores,2026-10-06
OSPN,ibd_double_bottom,,,Retired,False,daily_volume_not_confirmed,watch_only,13.25,38.72,double_bottom,13.25,m,38.72,,,Retired,13.25,double_bottom,13.25,m,matured_breakout,2026-05-25,2026-05-25,,,False,,,,,,,,,,,,,2025-12-08,13.51,2025-12-29,12.21,2026-01-05,2026-03-23,10.07,6,25.46,-17.53,,,2026-05-18,2026-05-25,2026-05-25,,,,,,2026-02-09,2026-05-25,matured_breakout,2026-05-25,Technology Services,Information Technology Services,2026-10-06
CAKE,ibd_double_bottom,,,Retired,False,daily_volume_not_confirmed,watch_only,51.985,108.19,double_bottom,51.985,m,108.19,,,Retired,51.985,double_bottom,51.985,m,matured_breakout,2025-05-12,2025-05-12,,,False,,,,,,,,,,,,,2025-02-03,57.321,2025-03-10,44.4,2025-03-24,2025-04-07,42.6901,9,25.52,-3.85,,,2025-04-21,2025-05-12,2025-05-12,,,,,,2025-04-07,2025-05-12,matured_breakout,2025-05-12,Consumer Services,Restaurants,2026-10-06
PAGP,ibd_double_bottom,,,Retired,False,daily_volume_not_confirmed,watch_only,21.775,20.51,double_bottom,21.775,m,20.51,,,Retired,21.775,double_bottom,21.775,m,matured_breakout,2026-02-16,2026-03-02,,,False,,,,,,,,,,,,,2025-01-20,22.305,2025-03-03,19.84,2025-03-24,2025-04-07,16.605,11,25.55,-16.31,,,2026-02-16,2026-02-16,2026-03-02,,,,,,2025-04-07,2026-02-16,matured_breakout,2026-02-16,Industrial Services,Oil & Gas Pipelines,2026-10-06
MATX,ibd_double_bottom,,,Retired,False,,watch_only,109.7,104.9,double_bottom,109.7,m,104.9,,,Retired,109.7,double_bottom,109.7,m,matured_breakout,2025-11-03,2025-12-01,,,True,2025-11-05,2.39,,,,,,,,,,,2025-06-09,117.0,2025-09-01,100.28,2025-09-15,2025-10-06,86.97,17,25.67,-13.27,,,2025-11-03,2025-11-03,2025-12-01,,,,,,2025-10-06,2025-11-03,matured_breakout,2025-11-03,Transportation,Marine Shipping,2026-10-06
RDVT,ibd_double_bottom,,,Retired,False,,watch_only,40.875,90.87,double_bottom,40.875,m,90.87,,,Retired,40.875,double_bottom,40.875,m,matured_breakout,2025-05-05,2025-05-05,,,True,2025-05-08,5.25,,,,,,,,,,,2025-02-17,43.44,2025-03-10,33.72,2025-03-24,2025-04-07,32.23,8,25.81,-4.42,,,2025-05-05,2025-05-05,2025-05-05,,,,,,2025-04-14,2025-05-05,matured_breakout,2025-05-05,Technology Services,Packaged Software,2026-10-06
PAA,ibd_double_bottom,,,Retired,False,daily_volume_not_confirmed,watch_only,20.47,17.54,double_bottom,20.47,m,17.54,,,Retired,20.47,double_bottom,20.47,m,matured_breakout,2026-02-16,2026-03-02,,,False,,,,,,,,,,,,,2025-01-20,21.0,2025-03-03,18.5,2025-03-24,2025-04-07,15.575,11,25.83,-15.81,,,2026-02-16,2026-02-16,2026-03-02,,,,,,2025-04-07,2026-02-16,matured_breakout,2026-02-16,Industrial Services,Oil & Gas Pipelines,2026-10-06
NTAP,ibd_double_bottom,,,Retired,False,,watch_only,119.72,90.82,double_bottom,119.72,m,90.82,,,Retired,119.72,double_bottom,119.72,m,matured_breakout,2026-05-11,2026-05-18,,,True,2026-05-14,2.12,,,,,,,,,,,2025-09-15,126.66,2025-11-17,102.585,2025-12-08,2026-01-19,93.69,19,26.03,-8.67,,,2026-05-11,2026-05-11,2026-05-18,,,,,,2026-01-26,2026-05-11,matured_breakout,2026-05-11,Electronic Technology,Computer Peripherals,2026-10-06
CIVB,ibd_double_bottom,,,Retired,False,,watch_only,23.0,16.13,double_bottom_handle,24.24,handle,10.19,,,Retired,23.0,double_bottom_handle,24.24,handle,failed_breakout,2025-05-12,,2025-06-02,24.24,True,2025-07-02,2.18,,,,,,,,,,,2024-11-11,23.695,2025-01-06,18.645,2025-01-27,2025-04-07,17.4657,18,26.29,-6.33,,,2025-04-28,2025-05-12,,2025-06-02,24.24,,,,2025-03-17,2025-06-30,failed_breakout,2025-06-30,Finance,Regional Banks,2026-10-06
VHI,ibd_double_bottom,,,Retired,False,,watch_only,15.27,-0.98,double_bottom,15.27,m,-0.98,,,Retired,15.27,double_bottom,15.27,m,matured_breakout,2026-08-03,2026-08-10,,,True,2026-08-06,3.76,,,,,,,,,,,2026-02-09,16.3143,2026-03-16,12.75,2026-04-27,2026-05-18,12.0,15,26.44,-5.88,,,2026-08-03,2026-08-03,2026-08-10,,,,,,2026-05-25,2026-08-03,matured_breakout,2026-08-03,Process Industries,Chemicals: Specialty,2026-10-06
RLYB,ibd_double_bottom,,,Retired,False,,watch_only,5.1824,229.58,double_bottom,5.1824,m,229.58,,,Retired,5.1824,double_bottom,5.1824,m,failed_breakout,2025-10-27,2025-10-27,,,True,2025-10-30,3.72,,,,,,,,,,,2025-08-18,5.2,2025-09-01,3.9168,2025-09-22,2025-09-29,3.8216,7,26.51,-2.43,,,2025-10-27,2025-10-27,2025-10-27,,,,,,2025-10-13,2025-10-27,failed_breakout,2025-10-27,Health Technology,Biotechnology,2026-10-06
SENEA,ibd_double_bottom,,,Retired,False,no_daily_detail,watch_only,55.82,207.09,double_bottom_handle,57.34,handle,198.95,,,Retired,55.82,double_bottom_handle,57.34,handle,failed_breakout,2024-03-25,,2024-04-08,57.34,False,,,,,,,,,,,,,2023-11-06,59.99,2023-11-27,46.1,2024-01-22,2024-02-12,43.89,15,26.84,-4.79,,,2024-03-25,2024-03-25,,2024-04-08,57.34,-5.32,3.0,True,2024-02-19,2024-04-15,failed_breakout,2024-04-15,Consumer Non-Durables,Food: Specialty/Candy,2026-10-06
CARE,ibd_double_bottom,,,Retired,False,,watch_only,17.17,77.4,double_bottom,17.17,m,77.4,,,Retired,17.17,double_bottom,17.17,m,matured_breakout,2025-06-23,2025-06-30,,,True,2025-06-27,2.79,,,,,,,,,,,2025-02-10,18.6199,2025-03-10,15.855,2025-03-24,2025-04-07,13.605,8,26.93,-14.19,,,2025-06-23,2025-06-23,2025-06-30,,,,,,2025-04-07,2025-06-23,matured_breakout,2025-06-23,Finance,Regional Banks,2026-10-06
URI,ibd_double_bottom,,,Retired,False,,watch_only,909.92,18.76,double_bottom,909.92,m,18.76,,,Retired,909.92,double_bottom,909.92,m,matured_breakout,2026-04-20,2026-04-20,,,True,2026-04-23,2.87,,,,,,,,,,,2026-01-19,961.185,2026-01-26,757.3,2026-02-16,2026-03-16,701.59,8,27.01,-7.36,,,2026-04-20,2026-04-20,2026-04-20,,,,,,2026-03-16,2026-04-20,matured_breakout,2026-04-20,Finance,Finance/Rental/Leasing,2026-10-06
AMG,ibd_double_bottom,,,Retired,False,,watch_only,174.76,117.28,double_bottom_handle,188.72,handle,101.21,,,Retired,174.76,double_bottom_handle,188.72,handle,matured_breakout,2025-05-05,,2025-05-19,188.72,True,2025-06-27,1.86,,,,,,,,,,,2025-01-27,191.13,2025-03-10,151.63,2025-03-24,2025-04-07,139.22,10,27.16,-8.18,,,2025-05-05,2025-05-05,,2025-05-19,188.72,,,,2025-04-07,2025-06-23,matured_breakout,2025-06-23,Finance,Investment Managers,2026-10-06
BJRI,ibd_double_bottom,,,Retired,False,,watch_only,45.15,35.84,double_bottom_handle,47.9899,handle,27.8,,,Retired,45.15,double_bottom_handle,47.9899,handle,matured_breakout,2026-05-25,,2026-06-01,47.9899,True,2026-06-10,1.73,,,,,,,,,,,2026-01-12,45.99,2026-01-26,40.92,2026-02-02,2026-03-09,33.36,5,27.46,-18.48,,,2026-05-18,2026-05-25,,2026-06-01,47.9899,-11.77,3.0,True,2026-02-23,2026-06-08,matured_breakout,2026-06-08,Consumer Services,Restaurants,2026-10-06
FFIV,ibd_double_bottom,,,Retired,False,daily_volume_not_confirmed,watch_only,278.845,68.48,double_bottom,278.845,m,68.48,,,Retired,278.845,double_bottom,278.845,m,matured_breakout,2025-05-12,2025-06-02,,,False,,,,,,,,,,,,,2025-02-17,312.9999,2025-03-10,255.645,2025-03-24,2025-04-07,227.0446,7,27.46,-11.19,,,2025-05-12,2025-05-12,2025-06-02,,,,,,2025-04-07,2025-05-12,matured_breakout,2025-05-12,Technology Services,Packaged Software,2026-10-06
TISI,ibd_double_bottom,,,Retired,False,,watch_only,16.19,70.54,double_bottom,16.19,m,70.54,,,Retired,16.19,double_bottom,16.19,m,failed_breakout,2026-03-30,2026-04-13,,,True,2026-04-02,1.81,,,,,,,,,,,2025-11-10,17.2,2025-11-24,14.14,2025-12-08,2026-03-16,12.47,6,27.5,-11.81,,,2026-03-23,2026-03-30,2026-04-13,,,,,,2025-12-22,2026-03-30,failed_breakout,2026-03-30,Commercial Services,Miscellaneous Commercial Services,2026-10-06
PARR,ibd_double_bottom,,,Retired,False,daily_volume_not_confirmed,watch_only,65.9899,31.7,double_bottom,65.9899,m,31.7,,,Retired,65.9899,double_bottom,65.9899,m,matured_breakout,2026-07-13,2026-07-13,,,False,,,,,,,,,,,,,2026-04-27,68.0,2026-05-04,56.11,2026-05-11,2026-06-22,48.92,5,28.06,-12.81,,,2026-07-06,2026-07-13,2026-07-13,,,,,,2026-06-08,2026-07-13,matured_breakout,2026-07-13,Energy Minerals,Oil Refining/Marketing,2026-10-06
ALRS,ibd_double_bottom,,,Retired,False,,watch_only,19.13,69.16,double_bottom,19.13,m,69.16,,,Retired,19.13,double_bottom,19.13,m,matured_breakout,2025-04-28,2025-04-28,,,True,2025-04-29,1.92,,,,,,,,,,,2025-02-10,22.0,2025-03-10,17.95,2025-03-17,2025-04-07,15.78,8,28.27,-12.09,,,2025-04-28,2025-04-28,2025-04-28,,,,,,2025-04-07,2025-04-28,matured_breakout,2025-04-28,Finance,Major Banks,2026-10-06
GTES,ibd_double_bottom,,,Retired,False,no_daily_detail,watch_only,13.95,102.51,double_bottom,13.95,m,102.51,,,Retired,13.95,double_bottom,13.95,m,matured_breakout,2024-02-19,2024-02-26,,,False,,,,,,,,,,,,,2023-05-01,14.93,2023-05-22,11.235,2023-07-31,2023-10-23,10.68,23,28.47,-4.94,,,2024-02-19,2024-02-19,2024-02-26,,,,,,2023-10-09,2024-02-19,matured_breakout,2024-02-19,Producer Manufacturing,Electrical Products,2026-10-06
EAT,ibd_double_bottom,,,Retired,False,daily_volume_not_confirmed,watch_only,161.71,17.77,double_bottom,161.71,m,17.77,,,Retired,161.71,double_bottom,161.71,m,matured_breakout,2026-06-15,2026-06-22,,,False,,,,,,,,,,,,,2026-02-09,175.29,2026-03-09,129.02,2026-04-13,2026-05-18,124.96,12,28.71,-3.15,,,2026-06-15,2026-06-15,2026-06-22,,,,,,2026-05-04,2026-06-15,matured_breakout,2026-06-15,Consumer Services,Restaurants,2026-10-06
CPAY,ibd_double_bottom,,,Retired,False,,watch_only,331.55,22.69,double_bottom,331.55,m,22.69,,,Retired,331.55,double_bottom,331.55,m,failed_breakout,2026-02-02,2026-02-02,,,True,2026-02-05,2.33,,,,,,,,,,,2025-06-09,355.56,2025-08-04,296.57,2025-08-18,2025-10-27,252.84,16,28.89,-14.75,,,2026-01-05,2026-02-02,2026-02-02,,,,,,2025-09-29,2026-02-02,failed_breakout,2026-02-02,Commercial Services,Miscellaneous Commercial Services,2026-10-06
NTRA,ibd_double_bottom,,,Retired,False,,watch_only,250.0,60.26,double_bottom,250.0,m,60.26,,,Retired,250.0,double_bottom,250.0,m,matured_breakout,2026-06-22,2026-06-29,,,True,2026-06-24,1.96,,,,,,,,,,,2026-01-05,256.36,2026-01-12,226.12,2026-01-19,2026-03-23,181.0,5,29.4,-19.95,,,2026-06-22,2026-06-22,2026-06-29,,,,,,2026-02-16,2026-06-22,matured_breakout,2026-06-22,Health Technology,Biotechnology,2026-10-06
CMDB,ibd_double_bottom,,,Retired,False,daily_volume_not_confirmed,watch_only,10.59,106.8,double_bottom,10.59,m,106.8,,,Retired,10.59,double_bottom,10.59,m,matured_breakout,2025-09-01,2025-09-08,,,False,,,,,,,,,,,,,2025-05-05,11.99,2025-06-02,8.6,2025-06-16,2025-06-30,8.46,9,29.44,-1.63,,,2025-08-25,2025-09-01,2025-09-08,,,,,,2025-07-07,2025-09-01,matured_breakout,2025-09-01,Transportation,Marine Shipping,2026-10-06
AMD,ibd_double_bottom,,,Retired,False,,watch_only,266.96,143.26,double_bottom,266.96,m,143.26,,,Retired,266.96,double_bottom,266.96,m,matured_breakout,2026-04-13,2026-04-20,,,True,2026-04-16,1.76,,,,,,,,,,,2025-10-27,267.0799,2025-11-24,194.275,2026-01-19,2026-03-02,188.22,15,29.53,-3.12,,,2026-04-13,2026-04-13,2026-04-20,,,,,,2026-02-09,2026-04-13,matured_breakout,2026-04-13,Electronic Technology,Semiconductors,2026-10-06
MCS,ibd_double_bottom,,,Retired,False,daily_volume_not_confirmed,watch_only,16.68,58.51,double_bottom,16.68,m,58.51,,,Retired,16.68,double_bottom,16.68,m,matured_breakout,2026-02-23,2026-03-30,,,False,,,,,,,,,,,,,2025-07-14,18.26,2025-08-04,14.13,2025-09-15,2025-10-20,12.85,13,29.63,-9.06,,,2026-02-23,2026-02-23,2026-03-30,,,-13.23,5.0,False,2025-10-13,2026-02-23,matured_breakout,2026-02-23,Consumer Services,Movies/Entertainment,2026-10-06
ALNT,ibd_double_bottom,,,Retired,False,,watch_only,24.405,380.39,double_bottom,24.405,m,380.39,,,Retired,24.405,double_bottom,24.405,m,matured_breakout,2025-05-05,2025-05-05,,,True,2025-05-08,2.41,,,,,,,,,,,2025-02-10,27.48,2025-03-10,22.28,2025-03-17,2025-03-31,19.25,8,29.95,-13.6,,,2025-05-05,2025-05-05,2025-05-05,,,,,,2025-04-07,2025-05-05,matured_breakout,2025-05-05,Producer Manufacturing,Electrical Products,2026-10-06
HQI,ibd_double_bottom,,,Retired,False,,watch_only,10.3,82.82,double_bottom,10.3,m,82.82,,,Retired,10.3,double_bottom,10.3,m,matured_breakout,2025-12-22,2026-01-05,,,True,2025-12-26,1.66,,,,,,,,,,,2025-07-21,10.66,2025-08-11,8.94,2025-09-08,2025-12-15,7.38,12,30.77,-17.45,,,2025-12-22,2025-12-22,2026-01-05,,,,,,2025-10-13,2025-12-22,matured_breakout,2025-12-22,Commercial Services,Personnel Services,2026-10-06
PANW,ibd_double_bottom,,,Retired,False,daily_volume_not_confirmed,watch_only,189.6709,121.39,double_bottom_handle,191.6999,handle,119.05,,,Retired,189.6709,double_bottom_handle,191.6999,handle,failed_breakout,,,2025-05-05,191.6999,False,,,,,,,,,,,,,2025-02-17,208.39,2025-03-10,172.6216,2025-03-17,2025-04-07,144.145,6,30.83,-16.5,,,2025-04-28,,,2025-05-05,191.6999,-3.83,3.0,True,2025-03-31,2025-05-12,failed_breakout,2025-05-12,Technology Services,Packaged Software,2026-10-06
GRDN,ibd_double_bottom,,,Retired,False,,watch_only,23.36,76.37,double_bottom,23.36,m,76.37,,,Retired,23.36,double_bottom,23.36,m,failed_breakout,2025-04-14,2025-04-28,,,True,2025-04-17,1.86,,,,,,,,,,,2024-12-09,25.735,2025-01-06,18.65,2025-01-27,2025-03-03,17.78,12,30.91,-4.66,,,2025-04-14,2025-04-14,2025-04-28,,,,,,2025-03-03,2025-04-14,failed_breakout,2025-04-14,Retail Trade,Drugstore Chains,2026-10-06
MD,ibd_double_bottom,,,Retired,False,daily_volume_not_confirmed,watch_only,21.9088,18.67,double_bottom,21.9088,m,18.67,,,Retired,21.9088,double_bottom,21.9088,m,failed_breakout,2026-04-13,2026-04-13,,,False,,,,,,,,,,,,,2025-11-24,24.99,2026-01-26,20.25,2026-02-02,2026-02-16,17.23,13,31.05,-14.91,,,2026-04-06,2026-04-13,2026-04-13,,,,,,2026-02-23,2026-04-13,failed_breakout,2026-04-13,Health Services,Medical/Nursing Services,2026-10-06
FIVE,ibd_double_bottom,,,Retired,False,daily_volume_not_confirmed,watch_only,229.04,-8.35,double_bottom,229.04,m,-8.35,,,Retired,229.04,double_bottom,229.04,m,failed_breakout,2026-08-03,2026-08-03,,,False,,,,,,,,,,,,,2026-04-20,251.63,2026-05-11,203.885,2026-05-25,2026-07-06,173.1,7,31.21,-15.1,,,2026-08-03,2026-08-03,2026-08-03,,,,,,2026-06-08,2026-08-03,failed_breakout,2026-08-03,Retail Trade,Discount Stores,2026-10-06
VLO,ibd_double_bottom,,,Retired,False,daily_volume_not_confirmed,watch_only,137.46,204.98,double_bottom_handle,142.93,handle,193.3,,,Retired,137.46,double_bottom_handle,142.93,handle,failed_breakout,2025-06-16,,2025-06-23,142.93,False,,,,,,,,,,,,,2025-02-03,144.13,2025-03-03,119.66,2025-03-24,2025-04-07,99.0,9,31.31,-17.27,,,2025-06-16,2025-06-16,,2025-06-23,142.93,-6.76,3.0,True,2025-04-07,2025-06-30,failed_breakout,2025-06-30,Energy Minerals,Oil Refining/Marketing,2026-10-06
RNST,ibd_double_bottom,,,Retired,False,daily_volume_not_confirmed,watch_only,36.61,7.62,double_bottom_handle,36.69,handle,7.39,,,Retired,36.61,double_bottom_handle,36.69,handle,failed_breakout,,,2025-06-16,36.69,False,,,,,,,,,,,,,2025-02-03,39.63,2025-03-10,33.16,2025-03-24,2025-04-07,26.97,9,31.95,-18.67,,,2025-06-09,,,2025-06-16,36.69,-6.73,4.0,True,2025-04-07,2025-06-30,failed_breakout,2025-06-30,Finance,Regional Banks,2026-10-06
CVI,ibd_double_bottom,,,Retired,False,daily_volume_not_confirmed,watch_only,22.035,160.59,double_bottom,22.035,m,160.59,,,Retired,22.035,double_bottom,22.035,m,matured_breakout,2025-05-12,2025-05-12,,,False,,,,,,,,,,,,,2025-02-17,22.2,2025-03-03,17.25,2025-03-17,2025-04-07,15.1,7,31.98,-12.46,,,2025-05-12,2025-05-12,2025-05-12,,,,,,2025-04-07,2025-05-12,matured_breakout,2025-05-12,Energy Minerals,Oil Refining/Marketing,2026-10-06
MTDR,ibd_double_bottom,,,Retired,False,daily_volume_not_confirmed,watch_only,56.2,-5.85,double_bottom,56.2,m,-5.85,,,Retired,56.2,double_bottom,56.2,m,failed_breakout,2026-08-17,2026-08-31,,,False,,,,,,,,,,,,,2026-03-30,66.8387,2026-06-22,48.38,2026-07-20,2026-07-27,45.435,18,32.02,-6.09,,,2026-08-17,2026-08-17,2026-08-31,,,-10.12,2.0,False,2026-08-03,2026-08-17,failed_breakout,2026-08-17,Energy Minerals,Integrated Oil,2026-10-06
SXT,ibd_double_bottom,,,Retired,False,,watch_only,102.6,29.54,double_bottom,102.6,m,29.54,,,Retired,102.6,double_bottom,102.6,m,matured_breakout,2026-04-20,2026-04-20,,,True,2026-04-24,4.99,,,,,,,,,,,2025-08-11,121.54,2025-09-29,88.95,2025-10-27,2026-02-09,82.6,27,32.04,-7.14,,,2026-04-20,2026-04-20,2026-04-20,,,,,,2026-02-16,2026-04-20,matured_breakout,2026-04-20,Consumer Non-Durables,Food: Specialty/Candy,2026-10-06
THRM,ibd_double_bottom,,,Retired,False,,watch_only,34.296,-9.61,double_bottom,34.296,m,-9.61,,,Retired,34.296,double_bottom,34.296,m,matured_breakout,2026-06-01,2026-07-20,,,True,2026-06-02,1.81,,,,,,,,,,,2026-01-05,38.916,2026-02-16,29.321,2026-02-23,2026-03-16,26.436,9,32.07,-9.84,,,2026-05-25,2026-06-01,2026-07-20,,,,,,2026-03-09,2026-06-01,matured_breakout,2026-06-01,Producer Manufacturing,Auto Parts: OEM,2026-10-06
AAPL,ibd_double_bottom,,,Retired,False,daily_volume_not_confirmed,watch_only,225.02,48.27,double_bottom_handle,235.12,handle,41.9,,,Retired,225.02,double_bottom_handle,235.12,handle,matured_breakout,2025-08-04,,2025-08-18,235.12,False,,,,,,,,,,,,,2025-02-24,250.0,2025-03-10,208.42,2025-03-24,2025-04-07,169.2101,6,32.32,-18.81,,,2025-08-04,2025-08-04,,2025-08-18,235.12,-4.82,4.0,True,2025-04-07,2025-09-01,matured_breakout,2025-09-01,Electronic Technology,Telecommunications Equipment,2026-10-06
ENVA,ibd_double_bottom,,,Retired,False,,watch_only,103.11,77.36,double_bottom,103.11,m,77.36,,,Retired,103.11,double_bottom,103.11,m,matured_breakout,2025-06-23,2025-06-23,,,True,2025-06-27,6.29,,,,,,,,,,,2025-02-03,117.56,2025-03-10,86.117,2025-03-24,2025-04-07,79.407,9,32.45,-7.79,,,2025-06-23,2025-06-23,2025-06-23,,,,,,2025-04-07,2025-06-23,matured_breakout,2025-06-23,,,2026-10-06
ROKU,ibd_double_bottom,,,Retired,False,,watch_only,116.33,30.71,double_bottom,116.33,m,30.71,,,Retired,116.33,double_bottom,116.33,m,matured_breakout,2026-04-27,2026-04-27,,,True,2026-04-30,2.32,,,,,,,,,,,2025-10-27,116.6599,2025-11-17,90.545,2026-01-12,2026-02-09,78.53,15,32.68,-13.27,,,2026-04-13,2026-04-27,2026-04-27,,,,,,2026-02-09,2026-04-27,matured_breakout,2026-04-27,Technology Services,Packaged Software,2026-10-06
DELL,ibd_double_bottom,,,Retired,False,,watch_only,142.34,303.26,double_bottom,142.34,m,303.26,,,Retired,142.34,double_bottom,142.34,m,matured_breakout,2026-02-23,2026-03-09,,,True,2026-02-27,4.76,,,,,,,,,,,2025-11-03,168.08,2025-11-17,116.56,2025-12-08,2026-01-19,110.22,10,34.42,-5.44,,,2026-02-23,2026-02-23,2026-03-09,,,,,,2026-01-12,2026-02-23,matured_breakout,2026-02-23,Electronic Technology,Computer Processing Hardware,2026-10-06
AOUT,ibd_double_bottom,,,Retired,False,,watch_only,13.2055,21.84,double_bottom,13.2055,m,21.84,,,Retired,13.2055,double_bottom,13.2055,m,matured_breakout,2026-08-31,2026-08-31,,,True,2026-09-04,36.81,,,,,,,,,,,2026-07-13,14.9699,2026-07-27,12.24,2026-08-03,2026-08-31,9.74,6,34.94,-20.42,,,2026-08-31,2026-08-31,2026-08-31,,,,,,2026-08-24,2026-08-31,matured_breakout,2026-08-31,Consumer Durables,Recreational Products,2026-10-06
VSH,ibd_double_bottom,,,Retired,False,,watch_only,17.79,112.7,double_bottom,17.79,m,112.7,,,Retired,17.79,double_bottom,17.79,m,matured_breakout,2026-01-12,2026-01-26,,,True,2026-01-15,2.34,,,,,,,,,,,2025-07-07,18.2,2025-08-04,13.03,2025-10-27,2025-11-17,11.77,20,35.33,-9.67,,,2026-01-12,2026-01-12,2026-01-26,,,,,,2025-11-24,2026-01-12,matured_breakout,2026-01-12,Electronic Technology,Electronic Production Equipment,2026-10-06
DXPE,ibd_double_bottom,,,Retired,False,daily_volume_not_confirmed,watch_only,125.62,52.56,double_bottom,125.62,m,52.56,,,Retired,125.62,double_bottom,125.62,m,matured_breakout,2026-01-19,2026-02-02,,,False,,,,,,,,,,,,,2025-09-29,130.97,2025-10-13,109.13,2025-10-27,2025-11-17,84.04,6,35.83,-22.99,,,2026-01-19,2026-01-19,2026-02-02,,,,,,2025-11-10,2026-01-19,matured_breakout,2026-01-19,Distribution Services,Wholesale Distributors,2026-10-06
CRL,ibd_double_bottom,,,Retired,False,,watch_only,194.57,56.74,double_bottom,194.57,m,56.74,,,Retired,194.57,double_bottom,194.57,m,matured_breakout,2026-06-22,2026-06-22,,,True,2026-06-25,1.79,,,,,,,,,,,2026-01-12,228.88,2026-02-16,146.33,2026-05-04,2026-05-18,146.195,19,36.13,-0.09,,,2026-06-22,2026-06-22,2026-06-22,,,,,,2026-05-25,2026-06-22,matured_breakout,2026-06-22,Commercial Services,Miscellaneous Commercial Services,2026-10-06
KNSA,ibd_double_bottom,,,Retired,False,,watch_only,27.67,178.6,double_bottom,27.67,m,178.6,,,Retired,27.67,double_bottom,27.67,m,matured_breakout,2025-06-02,2025-06-02,,,True,2025-06-03,1.8,,,,,,,,,,,2024-08-26,27.92,2024-09-09,23.155,2024-10-21,2025-01-13,17.82,10,36.17,-23.04,,,2025-04-28,2025-06-02,2025-06-02,,,,,,2024-11-04,2025-06-02,matured_breakout,2025-06-02,Health Technology,Pharmaceuticals: Major,2026-10-06
ETON,ibd_double_bottom,,,Retired,False,no_daily_detail,watch_only,4.59,1093.25,double_bottom_handle,4.68,handle,1070.3,,,Retired,4.59,double_bottom_handle,4.68,handle,matured_breakout,2024-08-26,,2024-09-02,4.68,False,,,,,,,,,,,,,2024-02-05,4.75,2024-02-19,4.15,2024-02-26,2024-04-15,3.03,6,36.21,-26.99,,,2024-08-19,2024-08-26,,2024-09-02,4.68,-4.49,3.0,True,2024-04-08,2024-09-09,matured_breakout,2024-09-09,Health Technology,Pharmaceuticals: Major,2026-10-06
HXL,ibd_double_bottom,,,Retired,False,daily_volume_not_confirmed,watch_only,59.42,44.75,double_bottom_handle,64.2129,handle,33.95,,,Retired,59.42,double_bottom_handle,64.2129,handle,matured_breakout,2025-07-14,,2025-07-28,64.2129,False,,,,,,,,,,,,,2025-01-20,71.05,2025-03-10,55.245,2025-03-24,2025-04-07,45.275,11,36.28,-18.05,,,2025-07-07,2025-07-14,,2025-07-28,64.2129,,,,2025-04-07,2025-09-01,matured_breakout,2025-09-01,Electronic Technology,Aerospace & Defense,2026-10-06
PBT,ibd_double_bottom,,,Retired,False,daily_volume_not_confirmed,watch_only,12.24,174.1,double_bottom,12.24,m,174.1,,,Retired,12.24,double_bottom,12.24,m,matured_breakout,2025-06-23,2025-06-30,,,False,,,,,,,,,,,,,2024-12-16,12.64,2024-12-23,10.23,2025-01-13,2025-04-07,8.0101,12,36.63,-21.7,,,2025-06-23,2025-06-23,2025-06-30,,,,,,2025-03-10,2025-06-23,matured_breakout,2025-06-23,Miscellaneous,Investment Trusts/Mutual Funds,2026-10-06
ACMR,ibd_double_bottom,,,Retired,False,daily_volume_not_confirmed,watch_only,43.1706,74.54,double_bottom,43.1706,m,74.54,,,Retired,43.1706,double_bottom,43.1706,m,matured_breakout,2025-12-29,2026-01-05,,,False,,,,,,,,,,,,,2025-09-29,45.12,2025-10-06,36.4,2025-10-27,2025-11-17,28.46,6,36.92,-21.81,,,2025-12-29,2025-12-29,2026-01-05,,,,,,2025-11-10,2025-12-29,matured_breakout,2025-12-29,Producer Manufacturing,Industrial Machinery,2026-10-06
BZH,ibd_double_bottom,,,Retired,False,daily_volume_not_confirmed,watch_only,23.62,41.45,double_bottom,23.62,m,41.45,,,Retired,23.62,double_bottom,23.62,m,matured_breakout,2026-05-18,2026-05-25,,,False,,,,,,,,,,,,,2026-02-16,28.33,2026-03-16,18.58,2026-04-20,2026-05-04,17.825,12,37.08,-4.06,,,2026-05-11,2026-05-18,2026-05-25,,,,,,2026-05-11,2026-05-18,matured_breakout,2026-05-18,Consumer Durables,Homebuilding,2026-10-06
CORT,ibd_double_bottom,,,Retired,False,no_daily_detail,watch_only,27.54,334.17,double_bottom,27.54,m,334.17,,,Retired,27.54,double_bottom,27.54,m,matured_breakout,2024-05-13,2024-05-27,,,False,,,,,,,,,,,,,2023-12-25,33.28,2024-01-01,22.0,2024-01-08,2024-04-22,20.84,5,37.38,-5.27,,,2024-05-13,2024-05-13,2024-05-27,,,,,,2024-02-05,2024-05-13,matured_breakout,2024-05-13,Health Technology,Pharmaceuticals: Major,2026-10-06
EXPE,ibd_double_bottom,,,Retired,False,,watch_only,179.7002,44.72,double_bottom_handle,193.79,handle,34.2,,,Retired,179.7002,double_bottom_handle,193.79,handle,matured_breakout,2025-07-07,,2025-07-28,193.79,True,2025-08-08,4.27,,,,,,,,,,,2025-02-10,207.73,2025-03-10,156.57,2025-03-24,2025-04-07,130.01,8,37.41,-16.96,,,2025-07-07,2025-07-07,,2025-07-28,193.79,-10.19,3.0,True,2025-04-07,2025-08-04,matured_breakout,2025-08-04,Consumer Services,Other Consumer Services,2026-10-06
BLZE,ibd_double_bottom,,,Retired,False,,watch_only,4.49,207.35,double_bottom,4.49,m,207.35,,,Retired,4.49,double_bottom,4.49,m,matured_breakout,2026-05-04,2026-05-04,,,True,2026-05-04,7.06,,,,,,,,,,,2026-01-12,5.24,2026-02-09,3.83,2026-02-16,2026-03-30,3.2607,7,37.77,-14.86,,,2026-05-04,2026-05-04,2026-05-04,,,,,,2026-03-02,2026-05-04,matured_breakout,2026-05-04,,,2026-10-06
DCOM,ibd_double_bottom,,,Retired,False,daily_volume_not_confirmed,watch_only,34.0,16.09,double_bottom,34.0,m,16.09,,,Retired,34.0,double_bottom,34.0,m,failed_breakout,2026-01-26,2026-02-02,,,False,,,,,,,,,,,,,2024-11-25,37.6,2025-01-06,28.65,2025-02-03,2025-04-07,23.25,15,38.16,-18.85,,,2026-01-19,2026-01-26,2026-02-02,,,,,,2025-03-10,2026-01-26,failed_breakout,2026-01-26,Finance,Regional Banks,2026-10-06
PENG,ibd_double_bottom,,,Retired,False,,watch_only,23.99,167.65,double_bottom,23.99,m,167.65,,,Retired,23.99,double_bottom,23.99,m,matured_breakout,2026-04-13,2026-04-13,,,True,2026-04-13,1.58,,,,,,,,,,,2025-07-14,25.94,2025-11-17,17.12,2026-01-05,2026-03-30,16.04,36,38.16,-6.31,,,2026-04-13,2026-04-13,2026-04-13,,,,,,2026-03-23,2026-04-13,matured_breakout,2026-04-13,Electronic Technology,Semiconductors,2026-10-06
GH,ibd_double_bottom,,,Retired,False,,watch_only,113.775,50.02,double_bottom,113.775,m,50.02,,,Retired,113.775,double_bottom,113.775,m,matured_breakout,2026-05-18,2026-05-25,,,True,2026-05-20,2.23,,,,,,,,,,,2026-01-19,120.74,2026-02-02,97.52,2026-02-16,2026-04-06,74.55,6,38.26,-23.55,,,2026-05-18,2026-05-18,2026-05-25,,,,,,2026-03-02,2026-05-18,matured_breakout,2026-05-18,Health Technology,Medical Specialties,2026-10-06
PRLB,ibd_double_bottom,,,Retired,False,insufficient_volume_history,watch_only,35.17,176.6,double_bottom,35.17,m,176.6,,,Retired,35.17,double_bottom,35.17,m,matured_breakout,2024-10-28,2024-10-28,,,False,,,,,,,,,,,,,2024-02-05,41.87,2024-07-08,29.6463,2024-07-22,2024-08-05,25.755,26,38.49,-13.13,,,2024-10-28,2024-10-28,2024-10-28,,,,,,2024-08-05,2024-10-28,matured_breakout,2024-10-28,Process Industries,Chemicals: Specialty,2026-10-06
RDDT,ibd_double_bottom,,,Retired,False,daily_volume_not_confirmed,watch_only,230.97,-35.51,double_bottom,230.97,m,-35.51,,,Retired,230.97,double_bottom,230.97,m,failed_breakout,2025-12-01,2026-01-05,,,False,,,,,,,,,,,,,2025-09-15,282.95,2025-10-13,189.02,2025-10-27,2025-11-03,173.56,8,38.66,-8.18,,,2025-12-01,2025-12-01,2026-01-05,,,,,,2025-11-10,2025-12-01,failed_breakout,2025-12-01,Technology Services,Internet Software/Services,2026-10-06
CRWD,ibd_double_bottom,,,Retired,False,daily_volume_not_confirmed,watch_only,132.47405,110.5,double_bottom,132.47405,m,110.5,,,Retired,132.47405,double_bottom,132.47405,m,matured_breakout,2026-05-11,2026-05-11,,,False,,,,,,,,,,,,,2025-11-10,141.725,2025-11-17,119.3875,2025-12-08,2026-02-23,85.68,6,39.54,-28.23,,,2026-05-11,2026-05-11,2026-05-11,,,,,,2025-12-22,2026-05-11,matured_breakout,2026-05-11,Technology Services,Packaged Software,2026-10-06
ARX,ibd_double_bottom,,,Retired,False,,watch_only,14.505,36.02,double_bottom,14.505,m,36.02,,,Retired,14.505,double_bottom,14.505,m,matured_breakout,2026-08-10,2026-08-10,,,True,2026-08-13,32.96,,,,,,,,,,,2026-05-25,17.85,2026-06-29,11.66,2026-07-20,2026-07-27,10.765,10,39.69,-7.68,,,2026-08-10,2026-08-10,2026-08-10,,,,,,2026-08-03,2026-08-10,matured_breakout,2026-08-10,Finance,Property/Casualty Insurance,2026-10-06
FIVN,ibd_double_bottom,,,Retired,False,,watch_only,20.765,60.32,double_bottom,20.765,m,60.32,,,Retired,20.765,double_bottom,20.765,m,matured_breakout,2026-04-27,2026-04-27,,,True,2026-05-01,6.06,,,,,,,,,,,2025-12-15,22.08,2026-02-09,15.7,2026-02-16,2026-04-06,13.29,13,39.81,-15.35,,,2026-04-27,2026-04-27,2026-04-27,,,,,,2026-03-16,2026-04-27,matured_breakout,2026-04-27,Technology Services,Packaged Software,2026-10-06
TPC,ibd_double_bottom,,,Retired,False,no_daily_detail,watch_only,6.78,1213.57,double_bottom,6.78,m,1213.57,,,Retired,6.78,double_bottom,6.78,m,matured_breakout,2023-06-05,2023-06-26,,,False,,,,,,,,,,,,,2022-11-21,8.155,2023-03-13,5.46,2023-03-20,2023-05-01,4.9,21,39.91,-10.26,,,2023-06-05,2023-06-05,2023-06-26,,,-11.39,3.0,False,2023-04-17,2023-06-05,matured_breakout,2023-06-05,Industrial Services,Engineering & Construction,2026-10-06
WT,ibd_double_bottom,,,Retired,False,,watch_only,11.71,106.49,double_bottom,11.71,m,106.49,,,Retired,11.71,double_bottom,11.71,m,matured_breakout,2025-06-30,2025-06-30,,,True,2025-07-02,3.92,,,,,,,,,,,2024-11-25,12.45,2024-12-02,11.06,2024-12-09,2025-04-07,7.47,4,40.0,-32.46,,,2025-06-30,2025-06-30,2025-06-30,,,,,,2025-01-06,2025-06-30,matured_breakout,2025-06-30,Finance,Investment Managers,2026-10-06
