snapshot_date,code,eps_yoy_growth,source,effective_date,current_eps,prior_year_eps,current_period,prior_year_period,calculation_method,growth_type,status,missing_reason,sec_cik,sec_current_eps,sec_prior_year_eps,sec_current_period,sec_prior_year_period,sec_effective_date,sec_source_record_id,yahoo_current_eps,yahoo_prior_year_eps,yahoo_current_period,yahoo_prior_year_period,yahoo_effective_date,yahoo_source_record_id,source_record_id,resolver_version,retrieved_at
2025-10-10,ANET,34.6153846154,SEC,2025-08-06,0.7,0.52,2025-06-30,2024-06-30,reported_quarter,GROWTH,resolved,,1596532.0,,,,,,,,,,,,,0001596532-25-000216_EarningsPerShareDiluted_2025-04-01_2025-06-30_Q2,eps_pit_v4,2026-08-28T15:19:04.475937+00:00
2025-10-10,ASTS,-357.1428571429,SEC,2022-11-14,-0.18,0.07,2022-09-30,2021-09-30,reported_quarter,PROFIT_TO_LOSS,resolved,,1780312.0,,,,,,,,,,,,,0000950170-22-025059_EarningsPerShareDiluted_2022-07-01_2022-09-30_Q3,eps_pit_v4,2026-08-28T15:19:04.052880+00:00
2025-10-10,CORZ,99.1130820399,SEC,2025-08-08,-0.04,-4.51,2025-06-30,2024-06-30,reported_quarter,LOSS_NARROWING,resolved,,1839341.0,,,,,,,,,,,,,0001628280-25-039284_EarningsPerShareDiluted_2025-04-01_2025-06-30_Q2,eps_pit_v4,2026-08-28T15:19:03.791173+00:00
2025-10-10,GH,4.7619047619,SEC,2025-07-30,-0.8,-0.84,2025-06-30,2024-06-30,reported_quarter,LOSS_NARROWING,resolved,,1576280.0,,,,,,,,,,,,,0001576280-25-000246_EarningsPerShareDiluted_2025-04-01_2025-06-30_Q2,eps_pit_v4,2026-08-28T15:19:04.771327+00:00
2025-10-10,MP,9.5238095238,SEC,2025-08-08,-0.19,-0.21,2025-06-30,2024-06-30,reported_quarter,LOSS_NARROWING,resolved,,1801368.0,,,,,,,,,,,,,0001801368-25-000028_EarningsPerShareDiluted_2025-04-01_2025-06-30_Q2,eps_pit_v4,2026-08-28T15:19:04.176541+00:00
2025-10-10,OKLO,33.3333333333,SEC,2025-08-11,-0.18,-0.27,2025-06-30,2024-06-30,reported_quarter,LOSS_NARROWING,resolved,,1849056.0,,,,,,,,,,,,,0001628280-25-039571_EarningsPerShareDiluted_2025-04-01_2025-06-30_Q2,eps_pit_v4,2026-08-28T15:19:03.565068+00:00
2025-10-10,RIOT,281.25,SEC,2025-07-31,0.58,-0.32,2025-06-30,2024-06-30,reported_quarter,TURNAROUND,resolved,,1167419.0,,,,,,,,,,,,,0001558370-25-009896_EarningsPerShareDiluted_2025-04-01_2025-06-30_Q2,eps_pit_v4,2026-08-28T15:19:03.667992+00:00
2025-10-10,SANM,38.4615384615,SEC,2025-07-28,1.26,0.91,2025-06-28,2024-06-29,reported_quarter,GROWTH,resolved,,897723.0,,,,,,,,,,,,,0000897723-25-000031_EarningsPerShareDiluted_2025-03-30_2025-06-28_Q3,eps_pit_v4,2026-08-28T15:19:04.684686+00:00
2025-10-10,TEM,96.3556851312,SEC,2025-08-08,-0.25,-6.86,2025-06-30,2024-06-30,reported_quarter,LOSS_NARROWING,resolved,,1717115.0,,,,,,,,,,,,,0000950170-25-105449_EarningsPerShareDiluted_2025-04-01_2025-06-30_Q2,eps_pit_v4,2026-08-28T15:19:04.349554+00:00
2025-10-10,VRT,80.4347826087,SEC,2025-07-30,0.83,0.46,2025-06-30,2024-06-30,reported_quarter,GROWTH,resolved,,1674101.0,,,,,,,,,,,,,0001674101-25-000008_EarningsPerShareDiluted_2025-04-01_2025-06-30_Q2,eps_pit_v4,2026-08-28T15:19:03.941889+00:00
2025-10-24,AAPL,12.1428571429,SEC,2025-08-01,1.57,1.4,2025-06-28,2024-06-29,reported_quarter,GROWTH,resolved,,320193.0,,,,,,,,,,,,,0000320193-25-000073_EarningsPerShareDiluted_2025-03-30_2025-06-28_Q3,eps_pit_v4,2026-08-28T15:19:07.577209+00:00
2025-10-24,AVGO,312.5,SEC,2025-09-10,0.85,-0.4,2025-08-03,2024-08-04,reported_quarter,TURNAROUND,resolved,,1730168.0,,,,,,,,,,,,,0001730168-25-000098_EarningsPerShareDiluted_2025-05-05_2025-08-03_Q3,eps_pit_v4,2026-08-28T15:19:05.454055+00:00
2025-10-24,BKR,-58.5365853659,SEC,2025-02-04,0.1699999999999999,0.4099999999999999,2022-12-31,2021-12-31,derived_from_fy,DECLINE,resolved,,1701605.0,,,,,,,,,,,,,"derived_from_fy(0001701605-25-000035_EarningsPerShareDiluted_2022-01-01_2022-12-31_FY,0001701605-22-000079_EarningsPerShareDiluted_2022-01-01_2022-03-31_Q1,0001701605-22-000113_EarningsPerShareDiluted_2022-04-01_2022-06-30_Q2,0001701605-22-000151_EarningsPerShareDiluted_2022-07-01_2022-09-30_Q3)",eps_pit_v4,2026-08-28T15:19:08.634468+00:00
2025-10-24,CDNS,-29.7619047619,SEC,2025-07-30,0.59,0.84,2025-06-30,2024-06-30,reported_quarter,DECLINE,resolved,,813672.0,,,,,,,,,,,,,0000813672-25-000113_EarningsPerShareDiluted_2025-04-01_2025-06-30_Q2,eps_pit_v4,2026-08-28T15:19:05.878420+00:00
2025-10-24,COF,-721.7391304348,SEC,2025-07-31,-8.58,1.38,2025-06-30,2024-06-30,reported_quarter,PROFIT_TO_LOSS,resolved,,927628.0,,,,,,,,,,,,,0000927628-25-000247_EarningsPerShareDiluted_2025-04-01_2025-06-30_Q2,eps_pit_v4,2026-08-28T15:19:07.128593+00:00
2025-10-24,CRWD,-263.1578947368,SEC,2025-08-28,-0.31,0.19,2025-07-31,2024-07-31,reported_quarter,PROFIT_TO_LOSS,resolved,,1535527.0,,,,,,,,,,,,,0001535527-25-000025_EarningsPerShareDiluted_2025-05-01_2025-07-31_Q2,eps_pit_v4,2026-08-28T15:19:09.397186+00:00
2025-10-24,FTAI,169.4690265487,SEC,2025-07-31,1.57,-2.26,2025-06-30,2024-06-30,reported_quarter,TURNAROUND,resolved,,1590364.0,,,,,,,,,,,,,0001590364-25-000023_EarningsPerShareDiluted_2025-04-01_2025-06-30_Q2,eps_pit_v4,2026-08-28T15:19:06.058682+00:00
2025-10-24,GH,4.7619047619,SEC,2025-07-30,-0.8,-0.84,2025-06-30,2024-06-30,reported_quarter,LOSS_NARROWING,resolved,,1576280.0,,,,,,,,,,,,,0001576280-25-000246_EarningsPerShareDiluted_2025-04-01_2025-06-30_Q2,eps_pit_v4,2026-08-28T15:19:07.425197+00:00
2025-10-24,GOOG,22.2222222222,SEC,2025-07-24,2.31,1.89,2025-06-30,2024-06-30,reported_quarter,GROWTH,resolved,,1652044.0,,,,,,,,,,,,,0001652044-25-000062_EarningsPerShareDiluted_2025-04-01_2025-06-30_Q2,eps_pit_v4,2026-08-28T15:19:06.796528+00:00
2025-10-24,HWM,53.8461538462,SEC,2025-07-31,1.0,0.65,2025-06-30,2024-06-30,reported_quarter,GROWTH,resolved,,4281.0,,,,,,,,,,,,,0000004281-25-000033_EarningsPerShareDiluted_2025-04-01_2025-06-30_Q2,eps_pit_v4,2026-08-28T15:19:08.359349+00:00
2025-10-24,IBM,611.1111111111,SEC,2025-10-23,1.84,-0.36,2025-09-30,2024-09-30,reported_quarter,TURNAROUND,resolved,,51143.0,,,,,,,,,,,,,0000051143-25-000064_EarningsPerShareDiluted_2025-07-01_2025-09-30_Q3,eps_pit_v4,2026-08-28T15:19:08.917825+00:00
2025-10-24,KLAC,46.7532467532,SEC,2025-08-08,9.040000000000004,6.16,2025-06-30,2024-06-30,derived_from_fy,GROWTH,resolved,,319201.0,,,,,,,,,,,,,"derived_from_fy(0000319201-25-000024_EarningsPerShareDiluted_2024-07-01_2025-06-30_FY,0000319201-24-000027_EarningsPerShareDiluted_2024-07-01_2024-09-30_Q1,0000319201-25-000006_EarningsPerShareDiluted_2024-10-01_2024-12-31_Q2,0000319201-25-000012_EarningsPerShareDiluted_2025-01-01_2025-03-31_Q3)",eps_pit_v4,2026-08-28T15:19:06.254101+00:00
2025-10-24,MMM,-37.5,SEC,2025-10-21,1.55,2.48,2025-09-30,2024-09-30,reported_quarter,DECLINE,resolved,,66740.0,,,,,,,,,,,,,0000066740-25-000089_EarningsPerShareDiluted_2025-07-01_2025-09-30_Q3,eps_pit_v4,2026-08-28T15:19:08.163311+00:00
2025-10-24,NRG,-118.3976261128,SEC,2025-08-06,-0.62,3.37,2025-06-30,2024-06-30,reported_quarter,PROFIT_TO_LOSS,resolved,,1013871.0,,,,,,,,,,,,,0001013871-25-000020_EarningsPerShareDiluted_2025-04-01_2025-06-30_Q2,eps_pit_v4,2026-08-28T15:19:06.516238+00:00
2025-10-24,NTRA,-146.6666666667,SEC,2025-08-08,-0.74,-0.3,2025-06-30,2024-06-30,reported_quarter,LOSS_WIDENING,resolved,,1604821.0,,,,,,,,,,,,,0001558370-25-010829_EarningsPerShareDiluted_2025-04-01_2025-06-30_Q2,eps_pit_v4,2026-08-28T15:19:05.668372+00:00
2025-10-24,NVDA,61.1940298507,SEC,2025-08-27,1.08,0.67,2025-07-27,2024-07-28,reported_quarter,GROWTH,resolved,,1045810.0,,,,,,,,,,,,,0001045810-25-000209_EarningsPerShareDiluted_2025-04-28_2025-07-27_Q2,eps_pit_v4,2026-08-28T15:19:07.352321+00:00
2025-10-24,OPEN,69.2307692308,SEC,2025-08-05,-0.04,-0.13,2025-06-30,2024-06-30,reported_quarter,LOSS_NARROWING,resolved,,1801169.0,,,,,,,,,,,,,0001801169-25-000074_EarningsPerShareDiluted_2025-04-01_2025-06-30_Q2,eps_pit_v4,2026-08-28T15:19:05.574492+00:00
2025-10-24,PANW,-156.0,SEC,2025-08-29,-0.1399999999999999,0.25,2025-07-31,2024-07-31,derived_from_fy,PROFIT_TO_LOSS,resolved,,1327567.0,,,,,,,,,,,,,"derived_from_fy(0001327567-25-000027_EarningsPerShareDiluted_2024-08-01_2025-07-31_FY,0001327567-24-000040_EarningsPerShareDiluted_2024-08-01_2024-10-31_Q1,0001327567-25-000010_EarningsPerShareDiluted_2024-11-01_2025-01-31_Q2,0001327567-25-000017_EarningsPerShareDiluted_2025-02-01_2025-04-30_Q3)",eps_pit_v4,2026-08-28T15:19:08.484397+00:00
2025-10-24,RIOT,281.25,SEC,2025-07-31,0.58,-0.32,2025-06-30,2024-06-30,reported_quarter,TURNAROUND,resolved,,1167419.0,,,,,,,,,,,,,0001558370-25-009896_EarningsPerShareDiluted_2025-04-01_2025-06-30_Q2,eps_pit_v4,2026-08-28T15:19:05.286667+00:00
2025-10-24,ROST,-1.8867924528,SEC,2025-09-10,1.56,1.59,2025-08-02,2024-08-03,reported_quarter,DECLINE,resolved,,745732.0,,,,,,,,,,,,,0000745732-25-000052_EarningsPerShareDiluted_2025-05-04_2025-08-02_Q2,eps_pit_v4,2026-08-28T15:19:09.522497+00:00
2025-10-24,RTX,29.3577981651,SEC,2025-10-21,1.41,1.09,2025-09-30,2024-09-30,reported_quarter,GROWTH,resolved,,101829.0,,,,,,,,,,,,,0000101829-25-000042_EarningsPerShareDiluted_2025-07-01_2025-09-30_Q3,eps_pit_v4,2026-08-28T15:19:09.315019+00:00
2025-10-24,SEDG,7.7922077922,SEC,2025-08-07,-2.13,-2.31,2025-06-30,2024-06-30,reported_quarter,LOSS_NARROWING,resolved,,1419612.0,,,,,,,,,,,,,0001178913-25-002690_EarningsPerShareDiluted_2025-04-01_2025-06-30_Q2,eps_pit_v4,2026-08-28T15:19:05.093185+00:00
2025-10-24,SHOP,430.7692307692,SEC,2025-08-06,0.69,0.13,2025-06-30,2024-06-30,reported_quarter,GROWTH,resolved,,1594805.0,,,,,,,,,,,,,0001594805-25-000073_EarningsPerShareDiluted_2025-04-01_2025-06-30_Q2,eps_pit_v4,2026-08-28T15:19:05.195392+00:00
2025-10-24,VEEV,14.4230769231,SEC,2025-08-29,1.19,1.04,2025-07-31,2024-07-31,reported_quarter,GROWTH,resolved,,1393052.0,,,,,,,,,,,,,0001393052-25-000067_EarningsPerShareDiluted_2025-05-01_2025-07-31_Q2,eps_pit_v4,2026-08-28T15:19:09.709316+00:00
2025-10-24,WELL,7.1428571429,SEC,2025-07-29,0.45,0.42,2025-06-30,2024-06-30,reported_quarter,GROWTH,resolved,,766704.0,,,,,,,,,,,,,0000766704-25-000029_EarningsPerShareDiluted_2025-04-01_2025-06-30_Q2,eps_pit_v4,2026-08-28T15:19:10.069818+00:00
2025-10-24,WFC,20.3007518797,SEC,2025-08-05,1.6,1.33,2025-06-30,2024-06-30,reported_quarter,GROWTH,resolved,,72971.0,,,,,,,,,,,,,0000072971-25-000201_EarningsPerShareDiluted_2025-04-01_2025-06-30_Q2,eps_pit_v4,2026-08-28T15:19:07.946100+00:00
2025-10-24,ZS,-22.2222222222,SEC,2025-09-11,-0.11,-0.0899999999999999,2025-07-31,2024-07-31,derived_from_fy,LOSS_WIDENING,resolved,,1713683.0,,,,,,,,,,,,,"derived_from_fy(0001713683-25-000158_EarningsPerShareDiluted_2024-08-01_2025-07-31_FY,0001713683-24-000150_EarningsPerShareDiluted_2024-08-01_2024-10-31_Q1,0001713683-25-000033_EarningsPerShareDiluted_2024-11-01_2025-01-31_Q2,0001713683-25-000079_EarningsPerShareDiluted_2025-02-01_2025-04-30_Q3)",eps_pit_v4,2026-08-28T15:19:09.852786+00:00
2025-10-31,AMZN,36.3636363636,SEC,2025-10-31,1.95,1.43,2025-09-30,2024-09-30,reported_quarter,GROWTH,resolved,,1018724.0,,,,,,,,,,,,,0001018724-25-000123_EarningsPerShareDiluted_2025-07-01_2025-09-30_Q3,eps_pit_v4,2026-08-28T15:19:13.017260+00:00
2025-10-31,C,28.9473684211,SEC,2025-08-06,1.96,1.52,2025-06-30,2024-06-30,reported_quarter,GROWTH,resolved,,831001.0,,,,,,,,,,,,,0000831001-25-000131_EarningsPerShareDiluted_2025-04-01_2025-06-30_Q2,eps_pit_v4,2026-08-28T15:19:13.497933+00:00
2025-10-31,CAH,10.5882352941,SEC,2025-10-30,1.88,1.7,2025-09-30,2024-09-30,reported_quarter,GROWTH,resolved,,721371.0,,,,,,,,,,,,,0000721371-25-000130_EarningsPerShareDiluted_2025-07-01_2025-09-30_Q1,eps_pit_v4,2026-08-28T15:19:12.283312+00:00
2025-10-31,CHRW,67.5,SEC,2025-10-31,1.34,0.8,2025-09-30,2024-09-30,reported_quarter,GROWTH,resolved,,1043277.0,,,,,,,,,,,,,0001043277-25-000052_EarningsPerShareDiluted_2025-07-01_2025-09-30_Q3,eps_pit_v4,2026-08-28T15:19:13.160184+00:00
2025-10-31,CORZ,60.6837606838,SEC,2025-10-24,-0.46,-1.17,2025-09-30,2024-09-30,reported_quarter,LOSS_NARROWING,resolved,,1839341.0,,,,,,,,,,,,,0001628280-25-046272_EarningsPerShareDiluted_2025-07-01_2025-09-30_Q3,eps_pit_v4,2026-08-28T15:19:11.056068+00:00
2025-10-31,CPNG,150.0,SEC,2025-08-05,0.02,-0.04,2025-06-30,2024-06-30,reported_quarter,TURNAROUND,resolved,,1834584.0,,,,,,,,,,,,,0001834584-25-000158_EarningsPerShareDiluted_2025-04-01_2025-06-30_Q2,eps_pit_v4,2026-08-28T15:19:14.015155+00:00
2025-10-31,CRDO,666.6666666667,SEC,2025-09-04,0.34,-0.06,2025-08-02,2024-08-03,reported_quarter,TURNAROUND,resolved,,1807794.0,,,,,,,,,,,,,0001807794-25-000021_EarningsPerShareDiluted_2025-05-04_2025-08-02_Q1,eps_pit_v4,2026-08-28T15:19:10.793630+00:00
2025-10-31,HOOD,100.0,SEC,2025-07-31,0.42,0.21,2025-06-30,2024-06-30,reported_quarter,GROWTH,resolved,,1783879.0,,,,,,,,,,,,,0001783879-25-000251_EarningsPerShareDiluted_2025-04-01_2025-06-30_Q2,eps_pit_v4,2026-08-28T15:19:11.180798+00:00
2025-10-31,LSCC,-87.5,SEC,2025-08-04,0.02,0.16,2025-06-28,2024-06-29,reported_quarter,DECLINE,resolved,,855658.0,,,,,,,,,,,,,0001437749-25-024620_EarningsPerShareDiluted_2025-03-30_2025-06-28_Q2,eps_pit_v4,2026-08-28T15:19:11.825360+00:00
2025-10-31,MS,17.032967033,SEC,2025-08-04,2.13,1.82,2025-06-30,2024-06-30,reported_quarter,GROWTH,resolved,,895421.0,,,,,,,,,,,,,0000895421-25-000440_EarningsPerShareDiluted_2025-04-01_2025-06-30_Q2,eps_pit_v4,2026-08-28T15:19:13.899774+00:00
2025-10-31,NET,100.0,SEC,2025-10-30,0.0,-0.04,2025-09-30,2024-09-30,reported_quarter,LOSS_NARROWING,resolved,,1477333.0,,,,,,,,,,,,,0001477333-25-000141_EarningsPerShareDiluted_2025-07-01_2025-09-30_Q3,eps_pit_v4,2026-08-28T15:19:11.611487+00:00
2025-10-31,NVDA,61.1940298507,SEC,2025-08-27,1.08,0.67,2025-07-27,2024-07-28,reported_quarter,GROWTH,resolved,,1045810.0,,,,,,,,,,,,,0001045810-25-000209_EarningsPerShareDiluted_2025-04-28_2025-07-27_Q2,eps_pit_v4,2026-08-28T15:19:12.485815+00:00
2025-10-31,PLTR,116.6666666667,SEC,2025-08-05,0.13,0.06,2025-06-30,2024-06-30,reported_quarter,GROWTH,resolved,,1321655.0,,,,,,,,,,,,,0001321655-25-000106_EarningsPerShareDiluted_2025-04-01_2025-06-30_Q2,eps_pit_v4,2026-08-28T15:19:13.627485+00:00
2025-10-31,ROKU,366.6666666667,SEC,2025-10-31,0.16,-0.06,2025-09-30,2024-09-30,reported_quarter,TURNAROUND,resolved,,1428439.0,,,,,,,,,,,,,0001628280-25-047808_EarningsPerShareDiluted_2025-07-01_2025-09-30_Q3,eps_pit_v4,2026-08-28T15:19:11.697560+00:00
2025-10-31,SOFI,700.0,SEC,2025-08-07,0.08,0.01,2025-06-30,2024-06-30,reported_quarter,GROWTH,resolved,,1818874.0,,,,,,,,,,,,,0001818874-25-000180_EarningsPerShareDiluted_2025-04-01_2025-06-30_Q2,eps_pit_v4,2026-08-28T15:19:11.321776+00:00
2025-10-31,STX,72.3404255319,SEC,2025-10-31,2.43,1.41,2025-10-03,2024-09-27,reported_quarter,GROWTH,resolved,,1137789.0,,,,,,,,,,,,,0001137789-25-000317_EarningsPerShareDiluted_2025-06-28_2025-10-03_Q1,eps_pit_v4,2026-08-28T15:19:11.535187+00:00
2025-10-31,TSLA,-37.0967741935,SEC,2025-10-23,0.39,0.62,2025-09-30,2024-09-30,reported_quarter,DECLINE,resolved,,1318605.0,,,,,,,,,,,,,0001628280-25-045968_EarningsPerShareDiluted_2025-07-01_2025-09-30_Q3,eps_pit_v4,2026-08-28T15:19:11.001682+00:00
2025-10-31,VTR,180.0,SEC,2025-10-30,0.14,0.05,2025-09-30,2024-09-30,reported_quarter,GROWTH,resolved,,740260.0,,,,,,,,,,,,,0000740260-25-000277_EarningsPerShareDiluted_2025-07-01_2025-09-30_Q3,eps_pit_v4,2026-08-28T15:19:14.202433+00:00
2025-10-31,W,-26.6666666667,SEC,2025-10-28,-0.76,-0.6,2025-09-30,2024-09-30,reported_quarter,LOSS_WIDENING,resolved,,1616707.0,,,,,,,,,,,,,0001616707-25-000127_EarningsPerShareDiluted_2025-07-01_2025-09-30_Q3,eps_pit_v4,2026-08-28T15:19:10.261519+00:00
2025-10-31,WDC,127.4074074074,SEC,2025-10-31,3.07,1.35,2025-10-03,2024-09-27,reported_quarter,GROWTH,resolved,,106040.0,,,,,,,,,,,,,0001628280-25-047613_EarningsPerShareDiluted_2025-06-28_2025-10-03_Q1,eps_pit_v4,2026-08-28T15:19:10.493586+00:00
2025-10-31,WFC,16.9014084507,SEC,2025-10-31,1.66,1.42,2025-09-30,2024-09-30,reported_quarter,GROWTH,resolved,,72971.0,,,,,,,,,,,,,0000072971-25-000253_EarningsPerShareDiluted_2025-07-01_2025-09-30_Q3,eps_pit_v4,2026-08-28T15:19:12.772101+00:00
2025-10-31,WULF,-66.6666666667,SEC,2025-08-08,-0.05,-0.03,2025-06-30,2024-06-30,reported_quarter,LOSS_WIDENING,resolved,,1083301.0,,,,,,,,,,,,,0001083301-25-000061_EarningsPerShareDiluted_2025-04-01_2025-06-30_Q2,eps_pit_v4,2026-08-28T15:19:10.599752+00:00
2025-11-07,CASY,19.4616977226,SEC,2025-09-08,5.77,4.83,2025-07-31,2024-07-31,reported_quarter,GROWTH,resolved,,726958.0,,,,,,,,,,,,,0000726958-25-000101_EarningsPerShareDiluted_2025-05-01_2025-07-31_Q1,eps_pit_v4,2026-08-28T15:19:16.475022+00:00
2025-11-07,COLL,211.1111111111,SEC,2025-11-06,0.84,0.27,2025-09-30,2024-09-30,reported_quarter,GROWTH,resolved,,1267565.0,,,,,,,,,,,,,0001104659-25-107391_EarningsPerShareDiluted_2025-07-01_2025-09-30_Q3,eps_pit_v4,2026-08-28T15:19:14.900518+00:00
2025-11-07,EXPE,45.4365079365,SEC,2025-11-07,7.33,5.04,2025-09-30,2024-09-30,reported_quarter,GROWTH,resolved,,1324424.0,,,,,,,,,,,,,0001324424-25-000051_EarningsPerShareDiluted_2025-07-01_2025-09-30_Q3,eps_pit_v4,2026-08-28T15:19:15.122951+00:00
2025-11-07,FIGS,600.0,SEC,2025-11-06,0.05,-0.01,2025-09-30,2024-09-30,reported_quarter,TURNAROUND,resolved,,1846576.0,,,,,,,,,,,,,0001628280-25-050211_EarningsPerShareDiluted_2025-07-01_2025-09-30_Q3,eps_pit_v4,2026-08-28T15:19:14.747772+00:00
2025-11-07,GH,15.9090909091,SEC,2025-10-29,-0.74,-0.88,2025-09-30,2024-09-30,reported_quarter,LOSS_NARROWING,resolved,,1576280.0,,,,,,,,,,,,,0001576280-25-000277_EarningsPerShareDiluted_2025-07-01_2025-09-30_Q3,eps_pit_v4,2026-08-28T15:19:14.976057+00:00
2025-11-07,JPM,16.0183066362,SEC,2025-11-04,5.07,4.37,2025-09-30,2024-09-30,reported_quarter,GROWTH,resolved,,19617.0,,,,,,,,,,,,,0001628280-25-048859_EarningsPerShareDiluted_2025-07-01_2025-09-30_Q3,eps_pit_v4,2026-08-28T15:19:16.075551+00:00
2025-11-07,LYFT,466.6666666667,SEC,2025-11-05,0.11,-0.03,2025-09-30,2024-09-30,reported_quarter,TURNAROUND,resolved,,1759509.0,,,,,,,,,,,,,0001628280-25-049701_EarningsPerShareDiluted_2025-07-01_2025-09-30_Q3,eps_pit_v4,2026-08-28T15:19:14.379784+00:00
2025-11-07,NRG,118.2058047493,SEC,2025-11-06,0.69,-3.79,2025-09-30,2024-09-30,reported_quarter,TURNAROUND,resolved,,1013871.0,,,,,,,,,,,,,0001013871-25-000025_EarningsPerShareDiluted_2025-07-01_2025-09-30_Q3,eps_pit_v4,2026-08-28T15:19:15.670673+00:00
2025-11-07,SANM,38.4615384615,SEC,2025-07-28,1.26,0.91,2025-06-28,2024-06-29,reported_quarter,GROWTH,resolved,,897723.0,,,,,,,,,,,,,0000897723-25-000031_EarningsPerShareDiluted_2025-03-30_2025-06-28_Q3,eps_pit_v4,2026-08-28T15:19:15.243722+00:00
2025-11-07,SEDG,96.1075069509,SEC,2025-11-06,-0.84,-21.58,2025-09-30,2024-09-30,reported_quarter,LOSS_NARROWING,resolved,,1419612.0,,,,,,,,,,,,,0001178913-25-003678_EarningsPerShareDiluted_2025-07-01_2025-09-30_Q3,eps_pit_v4,2026-08-28T15:19:14.486594+00:00
2025-11-07,STX,72.3404255319,SEC,2025-10-31,2.43,1.41,2025-10-03,2024-09-27,reported_quarter,GROWTH,resolved,,1137789.0,,,,,,,,,,,,,0001137789-25-000317_EarningsPerShareDiluted_2025-06-28_2025-10-03_Q1,eps_pit_v4,2026-08-28T15:19:14.628786+00:00
2025-11-07,VEEV,14.4230769231,SEC,2025-08-29,1.19,1.04,2025-07-31,2024-07-31,reported_quarter,GROWTH,resolved,,1393052.0,,,,,,,,,,,,,0001393052-25-000067_EarningsPerShareDiluted_2025-05-01_2025-07-31_Q2,eps_pit_v4,2026-08-28T15:19:16.189238+00:00
2025-11-07,VTR,180.0,SEC,2025-10-30,0.14,0.05,2025-09-30,2024-09-30,reported_quarter,GROWTH,resolved,,740260.0,,,,,,,,,,,,,0000740260-25-000277_EarningsPerShareDiluted_2025-07-01_2025-09-30_Q3,eps_pit_v4,2026-08-28T15:19:16.365751+00:00
2025-11-07,XYL,4.4943820225,SEC,2025-10-28,0.93,0.89,2025-09-30,2024-09-30,reported_quarter,GROWTH,resolved,,1524472.0,,,,,,,,,,,,,0001524472-25-000046_EarningsPerShareDiluted_2025-07-01_2025-09-30_Q3,eps_pit_v4,2026-08-28T15:19:15.476139+00:00
2025-11-14,ABBV,-88.6363636364,SEC,2025-11-04,0.1,0.88,2025-09-30,2024-09-30,reported_quarter,DECLINE,resolved,,1551152.0,,,,,,,,,,,,,0001551152-25-000049_EarningsPerShareDiluted_2025-07-01_2025-09-30_Q3,eps_pit_v4,2026-08-28T15:19:18.112445+00:00
2025-11-14,ALL,222.1709006928,SEC,2025-11-05,13.95,4.33,2025-09-30,2024-09-30,reported_quarter,GROWTH,resolved,,899051.0,,,,,,,,,,,,,0000899051-25-000102_EarningsPerShareDiluted_2025-07-01_2025-09-30_Q3,eps_pit_v4,2026-08-28T15:19:18.341224+00:00
2025-11-14,CASY,19.4616977226,SEC,2025-09-08,5.77,4.83,2025-07-31,2024-07-31,reported_quarter,GROWTH,resolved,,726958.0,,,,,,,,,,,,,0000726958-25-000101_EarningsPerShareDiluted_2025-05-01_2025-07-31_Q1,eps_pit_v4,2026-08-28T15:19:18.954463+00:00
2025-11-14,COLL,211.1111111111,SEC,2025-11-06,0.84,0.27,2025-09-30,2024-09-30,reported_quarter,GROWTH,resolved,,1267565.0,,,,,,,,,,,,,0001104659-25-107391_EarningsPerShareDiluted_2025-07-01_2025-09-30_Q3,eps_pit_v4,2026-08-28T15:19:16.654915+00:00
2025-11-14,FE,4.1095890411,SEC,2025-10-28,0.76,0.73,2025-09-30,2024-09-30,reported_quarter,GROWTH,resolved,,1031296.0,,,,,,,,,,,,,0001031296-25-000085_EarningsPerShareDiluted_2025-07-01_2025-09-30_Q3,eps_pit_v4,2026-08-28T15:19:18.855225+00:00
2025-11-14,JNJ,90.990990991,SEC,2025-10-22,2.12,1.11,2025-09-28,2024-09-29,reported_quarter,GROWTH,resolved,,200406.0,,,,,,,,,,,,,0000200406-25-000209_EarningsPerShareDiluted_2025-06-30_2025-09-28_Q3,eps_pit_v4,2026-08-28T15:19:17.979404+00:00
2025-11-14,LH,56.0,SEC,2025-10-31,3.12,2.0,2025-09-30,2024-09-30,reported_quarter,GROWTH,resolved,,920148.0,,,,,,,,,,,,,0000920148-25-000096_EarningsPerShareDiluted_2025-07-01_2025-09-30_Q3,eps_pit_v4,2026-08-28T15:19:16.972678+00:00
2025-11-14,LLY,480.3738317757,SEC,2025-10-30,6.21,1.07,2025-09-30,2024-09-30,reported_quarter,GROWTH,resolved,,59478.0,,,,,,,,,,,,,0000059478-25-000254_EarningsPerShareDiluted_2025-07-01_2025-09-30_Q3,eps_pit_v4,2026-08-28T15:19:16.798137+00:00
2025-11-14,LYFT,466.6666666667,SEC,2025-11-05,0.11,-0.03,2025-09-30,2024-09-30,reported_quarter,TURNAROUND,resolved,,1759509.0,,,,,,,,,,,,,0001628280-25-049701_EarningsPerShareDiluted_2025-07-01_2025-09-30_Q3,eps_pit_v4,2026-08-28T15:19:16.568992+00:00
2025-11-14,MDT,1.25,SEC,2025-08-26,0.81,0.8,2025-07-25,2024-07-26,reported_quarter,GROWTH,resolved,,1613103.0,,,,,,,,,,,,,0001613103-25-000161_EarningsPerShareDiluted_2025-04-26_2025-07-25_Q1,eps_pit_v4,2026-08-28T15:19:18.534333+00:00
2025-11-14,MNST,30.4347826087,SEC,2011-08-09,0.9,0.69,2011-06-30,2010-06-30,reported_quarter,GROWTH,resolved,,865752.0,,,,,,,,,,,,,0001104659-11-045251_EarningsPerShareDiluted_2011-04-01_2011-06-30_Q2,eps_pit_v4,2026-08-28T15:19:17.540617+00:00
2025-11-14,MS,48.9361702128,SEC,2025-11-03,2.8,1.88,2025-09-30,2024-09-30,reported_quarter,GROWTH,resolved,,895421.0,,,,,,,,,,,,,0000895421-25-000539_EarningsPerShareDiluted_2025-07-01_2025-09-30_Q3,eps_pit_v4,2026-08-28T15:19:17.235538+00:00
2025-11-14,NTRA,-146.1538461538,SEC,2025-11-07,-0.64,-0.26,2025-09-30,2024-09-30,reported_quarter,LOSS_WIDENING,resolved,,1604821.0,,,,,,,,,,,,,0001104659-25-107976_EarningsPerShareDiluted_2025-07-01_2025-09-30_Q3,eps_pit_v4,2026-08-28T15:19:17.323172+00:00
2025-11-21,ABBV,-88.6363636364,SEC,2025-11-04,0.1,0.88,2025-09-30,2024-09-30,reported_quarter,DECLINE,resolved,,1551152.0,,,,,,,,,,,,,0001551152-25-000049_EarningsPerShareDiluted_2025-07-01_2025-09-30_Q3,eps_pit_v4,2026-08-28T15:19:19.599304+00:00
2025-11-21,BTSG,750.0,SEC,2025-10-28,0.26,-0.04,2025-09-30,2024-09-30,reported_quarter,TURNAROUND,resolved,,1865782.0,,,,,,,,,,,,,0001193125-25-253631_EarningsPerShareDiluted_2025-07-01_2025-09-30_Q3,eps_pit_v4,2026-08-28T15:19:19.248128+00:00
2025-11-21,FE,4.1095890411,SEC,2025-10-28,0.76,0.73,2025-09-30,2024-09-30,reported_quarter,GROWTH,resolved,,1031296.0,,,,,,,,,,,,,0001031296-25-000085_EarningsPerShareDiluted_2025-07-01_2025-09-30_Q3,eps_pit_v4,2026-08-28T15:19:20.018690+00:00
2025-11-21,GOOG,35.3773584906,SEC,2025-10-30,2.87,2.12,2025-09-30,2024-09-30,reported_quarter,GROWTH,resolved,,1652044.0,,,,,,,,,,,,,0001652044-25-000091_EarningsPerShareDiluted_2025-07-01_2025-09-30_Q3,eps_pit_v4,2026-08-28T15:19:19.145924+00:00
2025-11-21,MDT,1.25,SEC,2025-08-26,0.81,0.8,2025-07-25,2024-07-26,reported_quarter,GROWTH,resolved,,1613103.0,,,,,,,,,,,,,0001613103-25-000161_EarningsPerShareDiluted_2025-04-26_2025-07-25_Q1,eps_pit_v4,2026-08-28T15:19:19.846268+00:00
2025-11-21,MNPR,-29.7297297297,SEC,2025-11-13,-0.48,-0.37,2025-09-30,2024-09-30,reported_quarter,LOSS_WIDENING,resolved,,1645469.0,,,,,,,,,,,,,0001437749-25-034617_EarningsPerShareBasic_2025-07-01_2025-09-30_Q3,eps_pit_v4,2026-08-28T15:19:19.027635+00:00
2025-11-21,ROST,-1.8867924528,SEC,2025-09-10,1.56,1.59,2025-08-02,2024-08-03,reported_quarter,DECLINE,resolved,,745732.0,,,,,,,,,,,,,0000745732-25-000052_EarningsPerShareDiluted_2025-05-04_2025-08-02_Q2,eps_pit_v4,2026-08-28T15:19:19.722499+00:00
2025-11-21,WMT,57.1428571429,SEC,2025-08-29,0.88,0.56,2025-07-31,2024-07-31,reported_quarter,GROWTH,resolved,,104169.0,,,,,,,,,,,,,0000104169-25-000137_EarningsPerShareDiluted_2025-05-01_2025-07-31_Q2,eps_pit_v4,2026-08-28T15:19:19.475244+00:00
2025-11-28,AAPL,89.6907216495,SEC,2025-10-31,1.84,0.9699999999999998,2025-09-27,2024-09-28,derived_from_fy,GROWTH,resolved,,320193.0,,,,,,,,,,,,,"derived_from_fy(0000320193-25-000079_EarningsPerShareDiluted_2024-09-29_2025-09-27_FY,0000320193-25-000008_EarningsPerShareDiluted_2024-09-29_2024-12-28_Q1,0000320193-25-000057_EarningsPerShareDiluted_2024-12-29_2025-03-29_Q2,0000320193-25-000073_EarningsPerShareDiluted_2025-03-30_2025-06-28_Q3)",eps_pit_v4,2026-08-28T15:19:22.611776+00:00
2025-11-28,APP,96.0,SEC,2025-11-05,2.45,1.25,2025-09-30,2024-09-30,reported_quarter,GROWTH,resolved,,1751008.0,,,,,,,,,,,,,0001751008-25-000081_EarningsPerShareDiluted_2025-07-01_2025-09-30_Q3,eps_pit_v4,2026-08-28T15:19:20.187981+00:00
2025-11-28,AVGO,312.5,SEC,2025-09-10,0.85,-0.4,2025-08-03,2024-08-04,reported_quarter,TURNAROUND,resolved,,1730168.0,,,,,,,,,,,,,0001730168-25-000098_EarningsPerShareDiluted_2025-05-05_2025-08-03_Q3,eps_pit_v4,2026-08-28T15:19:20.867333+00:00
2025-11-28,BKR,-58.5365853659,SEC,2025-02-04,0.1699999999999999,0.4099999999999999,2022-12-31,2021-12-31,derived_from_fy,DECLINE,resolved,,1701605.0,,,,,,,,,,,,,"derived_from_fy(0001701605-25-000035_EarningsPerShareDiluted_2022-01-01_2022-12-31_FY,0001701605-22-000079_EarningsPerShareDiluted_2022-01-01_2022-03-31_Q1,0001701605-22-000113_EarningsPerShareDiluted_2022-04-01_2022-06-30_Q2,0001701605-22-000151_EarningsPerShareDiluted_2022-07-01_2022-09-30_Q3)",eps_pit_v4,2026-08-28T15:19:24.019420+00:00
2025-11-28,BTSG,750.0,SEC,2025-10-28,0.26,-0.04,2025-09-30,2024-09-30,reported_quarter,TURNAROUND,resolved,,1865782.0,,,,,,,,,,,,,0001193125-25-253631_EarningsPerShareDiluted_2025-07-01_2025-09-30_Q3,eps_pit_v4,2026-08-28T15:19:21.627557+00:00
2025-11-28,C,23.178807947,SEC,2025-11-06,1.86,1.51,2025-09-30,2024-09-30,reported_quarter,GROWTH,resolved,,831001.0,,,,,,,,,,,,,0000831001-25-000154_EarningsPerShareDiluted_2025-07-01_2025-09-30_Q3,eps_pit_v4,2026-08-28T15:19:22.172452+00:00
2025-11-28,CASY,19.4616977226,SEC,2025-09-08,5.77,4.83,2025-07-31,2024-07-31,reported_quarter,GROWTH,resolved,,726958.0,,,,,,,,,,,,,0000726958-25-000101_EarningsPerShareDiluted_2025-05-01_2025-07-31_Q1,eps_pit_v4,2026-08-28T15:19:24.415591+00:00
2025-11-28,CEG,-22.2513089005,SEC,2025-11-07,2.97,3.82,2025-09-30,2024-09-30,reported_quarter,DECLINE,resolved,,1868275.0,,,,,,,,,,,,,0001868275-25-000092_EarningsPerShareDiluted_2025-07-01_2025-09-30_Q3,eps_pit_v4,2026-08-28T15:19:21.285041+00:00
2025-11-28,CHRW,67.5,SEC,2025-10-31,1.34,0.8,2025-09-30,2024-09-30,reported_quarter,GROWTH,resolved,,1043277.0,,,,,,,,,,,,,0001043277-25-000052_EarningsPerShareDiluted_2025-07-01_2025-09-30_Q3,eps_pit_v4,2026-08-28T15:19:23.361675+00:00
2025-11-28,CIEN,250.0,SEC,2025-09-04,0.35,0.1,2025-08-02,2024-07-27,reported_quarter,GROWTH,resolved,,936395.0,,,,,,,,,,,,,0000936395-25-000041_EarningsPerShareDiluted_2025-05-04_2025-08-02_Q3,eps_pit_v4,2026-08-28T15:19:20.660585+00:00
2025-11-28,COHR,3075.0,SEC,2025-11-05,1.19,-0.04,2025-09-30,2024-09-30,reported_quarter,TURNAROUND,resolved,,820318.0,,,,,,,,,,,,,0000820318-25-000019_EarningsPerShareDiluted_2025-07-01_2025-09-30_Q1,eps_pit_v4,2026-08-28T15:19:20.431220+00:00
2025-11-28,CRDO,666.6666666667,SEC,2025-09-04,0.34,-0.06,2025-08-02,2024-08-03,reported_quarter,TURNAROUND,resolved,,1807794.0,,,,,,,,,,,,,0001807794-25-000021_EarningsPerShareDiluted_2025-05-04_2025-08-02_Q1,eps_pit_v4,2026-08-28T15:19:20.071970+00:00
2025-11-28,FE,4.1095890411,SEC,2025-10-28,0.76,0.73,2025-09-30,2024-09-30,reported_quarter,GROWTH,resolved,,1031296.0,,,,,,,,,,,,,0001031296-25-000085_EarningsPerShareDiluted_2025-07-01_2025-09-30_Q3,eps_pit_v4,2026-08-28T15:19:24.586132+00:00
2025-11-28,HLT,28.9855072464,SEC,2025-10-22,1.78,1.38,2025-09-30,2024-09-30,reported_quarter,GROWTH,resolved,,1585689.0,,,,,,,,,,,,,0001585689-25-000160_EarningsPerShareDiluted_2025-07-01_2025-09-30_Q3,eps_pit_v4,2026-08-28T15:19:22.752239+00:00
2025-11-28,IONQ,-1391.6666666667,SEC,2025-11-05,-3.58,-0.24,2025-09-30,2024-09-30,reported_quarter,LOSS_WIDENING,resolved,,1824920.0,,,,,,,,,,,,,0001193125-25-266942_EarningsPerShareDiluted_2025-07-01_2025-09-30_Q3,eps_pit_v4,2026-08-28T15:19:20.778480+00:00
2025-11-28,LYFT,466.6666666667,SEC,2025-11-05,0.11,-0.03,2025-09-30,2024-09-30,reported_quarter,TURNAROUND,resolved,,1759509.0,,,,,,,,,,,,,0001628280-25-049701_EarningsPerShareDiluted_2025-07-01_2025-09-30_Q3,eps_pit_v4,2026-08-28T15:19:21.146321+00:00
2025-11-28,MNST,30.4347826087,SEC,2011-08-09,0.9,0.69,2011-06-30,2010-06-30,reported_quarter,GROWTH,resolved,,865752.0,,,,,,,,,,,,,0001104659-11-045251_EarningsPerShareDiluted_2011-04-01_2011-06-30_Q2,eps_pit_v4,2026-08-28T15:19:23.233906+00:00
2025-11-28,MS,48.9361702128,SEC,2025-11-03,2.8,1.88,2025-09-30,2024-09-30,reported_quarter,GROWTH,resolved,,895421.0,,,,,,,,,,,,,0000895421-25-000539_EarningsPerShareDiluted_2025-07-01_2025-09-30_Q3,eps_pit_v4,2026-08-28T15:19:22.461560+00:00
2025-11-28,NRG,118.2058047493,SEC,2025-11-06,0.69,-3.79,2025-09-30,2024-09-30,reported_quarter,TURNAROUND,resolved,,1013871.0,,,,,,,,,,,,,0001013871-25-000025_EarningsPerShareDiluted_2025-07-01_2025-09-30_Q3,eps_pit_v4,2026-08-28T15:19:24.211142+00:00
2025-11-28,OUST,31.4814814815,SEC,2025-11-05,-0.37,-0.54,2025-09-30,2024-09-30,reported_quarter,LOSS_NARROWING,resolved,,1816581.0,,,,,,,,,,,,,0001628280-25-049640_EarningsPerShareDiluted_2025-07-01_2025-09-30_Q3,eps_pit_v4,2026-08-28T15:19:21.074506+00:00
2025-11-28,ROST,-1.8867924528,SEC,2025-09-10,1.56,1.59,2025-08-02,2024-08-03,reported_quarter,DECLINE,resolved,,745732.0,,,,,,,,,,,,,0000745732-25-000052_EarningsPerShareDiluted_2025-05-04_2025-08-02_Q2,eps_pit_v4,2026-08-28T15:19:23.935207+00:00
2025-11-28,SHOP,-68.75,SEC,2025-11-04,0.2,0.64,2025-09-30,2024-09-30,reported_quarter,DECLINE,resolved,,1594805.0,,,,,,,,,,,,,0001594805-25-000089_EarningsPerShareDiluted_2025-07-01_2025-09-30_Q3,eps_pit_v4,2026-08-28T15:19:21.467904+00:00
2025-11-28,SOFI,120.0,SEC,2025-11-06,0.11,0.05,2025-09-30,2024-09-30,reported_quarter,GROWTH,resolved,,1818874.0,,,,,,,,,,,,,0001818874-25-000210_EarningsPerShareDiluted_2025-07-01_2025-09-30_Q3,eps_pit_v4,2026-08-28T15:19:21.010874+00:00
2025-11-28,STX,72.3404255319,SEC,2025-10-31,2.43,1.41,2025-10-03,2024-09-27,reported_quarter,GROWTH,resolved,,1137789.0,,,,,,,,,,,,,0001137789-25-000317_EarningsPerShareDiluted_2025-06-28_2025-10-03_Q1,eps_pit_v4,2026-08-28T15:19:21.428164+00:00
2025-11-28,TTWO,64.9038461538,SEC,2025-11-07,-0.73,-2.08,2025-09-30,2024-09-30,reported_quarter,LOSS_NARROWING,resolved,,946581.0,,,,,,,,,,,,,0001628280-25-050326_EarningsPerShareDiluted_2025-07-01_2025-09-30_Q2,eps_pit_v4,2026-08-28T15:19:24.786852+00:00
2025-11-28,UHS,54.2105263158,SEC,2025-11-07,5.86,3.8,2025-09-30,2024-09-30,reported_quarter,GROWTH,resolved,,352915.0,,,,,,,,,,,,,0001193125-25-272385_EarningsPerShareDiluted_2025-07-01_2025-09-30_Q3,eps_pit_v4,2026-08-28T15:19:21.841465+00:00
2025-11-28,VCYT,26.3157894737,SEC,2025-11-05,0.24,0.19,2025-09-30,2024-09-30,reported_quarter,GROWTH,resolved,,1384101.0,,,,,,,,,,,,,0001384101-25-000130_EarningsPerShareDiluted_2025-07-01_2025-09-30_Q3,eps_pit_v4,2026-08-28T15:19:21.564810+00:00
2025-11-28,W,-26.6666666667,SEC,2025-10-28,-0.76,-0.6,2025-09-30,2024-09-30,reported_quarter,LOSS_WIDENING,resolved,,1616707.0,,,,,,,,,,,,,0001616707-25-000127_EarningsPerShareDiluted_2025-07-01_2025-09-30_Q3,eps_pit_v4,2026-08-28T15:19:20.944623+00:00
2025-11-28,WFC,16.9014084507,SEC,2025-10-31,1.66,1.42,2025-09-30,2024-09-30,reported_quarter,GROWTH,resolved,,72971.0,,,,,,,,,,,,,0000072971-25-000253_EarningsPerShareDiluted_2025-07-01_2025-09-30_Q3,eps_pit_v4,2026-08-28T15:19:23.663892+00:00
2025-11-28,WMT,57.1428571429,SEC,2025-08-29,0.88,0.56,2025-07-31,2024-07-31,reported_quarter,GROWTH,resolved,,104169.0,,,,,,,,,,,,,0000104169-25-000137_EarningsPerShareDiluted_2025-05-01_2025-07-31_Q2,eps_pit_v4,2026-08-28T15:19:23.811812+00:00
2025-11-28,WWD,63.9705882353,SEC,2025-11-25,2.2300000000000004,1.3599999999999994,2025-09-30,2024-09-30,derived_from_fy,GROWTH,resolved,,108312.0,,,,,,,,,,,,,"derived_from_fy(0001193125-25-296204_EarningsPerShareDiluted_2024-10-01_2025-09-30_FY,0000950170-25-013640_EarningsPerShareDiluted_2024-10-01_2024-12-31_Q1,0000950170-25-061634_EarningsPerShareDiluted_2025-01-01_2025-03-31_Q2,0000950170-25-101257_EarningsPerShareDiluted_2025-04-01_2025-06-30_Q3)",eps_pit_v4,2026-08-28T15:19:23.112681+00:00
2025-12-05,AMAT,8.2926829268,SEC,2025-08-21,2.22,2.05,2025-07-27,2024-07-28,reported_quarter,GROWTH,resolved,,6951.0,,,,,,,,,,,,,0000006951-25-000037_EarningsPerShareDiluted_2025-04-28_2025-07-27_Q3,eps_pit_v4,2026-08-28T15:19:25.983382+00:00
2025-12-05,APP,96.0,SEC,2025-11-05,2.45,1.25,2025-09-30,2024-09-30,reported_quarter,GROWTH,resolved,,1751008.0,,,,,,,,,,,,,0001751008-25-000081_EarningsPerShareDiluted_2025-07-01_2025-09-30_Q3,eps_pit_v4,2026-08-28T15:19:24.892869+00:00
2025-12-05,ASTS,-357.1428571429,SEC,2022-11-14,-0.18,0.07,2022-09-30,2021-09-30,reported_quarter,PROFIT_TO_LOSS,resolved,,1780312.0,,,,,,,,,,,,,0000950170-22-025059_EarningsPerShareDiluted_2022-07-01_2022-09-30_Q3,eps_pit_v4,2026-08-28T15:19:25.176470+00:00
2025-12-05,BLK,-22.6605504587,SEC,2025-11-05,8.43,10.9,2025-09-30,2024-09-30,reported_quarter,DECLINE,resolved,,2012383.0,,,,,,,,,,,,,0001193125-25-267043_EarningsPerShareDiluted_2025-07-01_2025-09-30_Q3,eps_pit_v4,2026-08-28T15:19:27.828422+00:00
2025-12-05,C,23.178807947,SEC,2025-11-06,1.86,1.51,2025-09-30,2024-09-30,reported_quarter,GROWTH,resolved,,831001.0,,,,,,,,,,,,,0000831001-25-000154_EarningsPerShareDiluted_2025-07-01_2025-09-30_Q3,eps_pit_v4,2026-08-28T15:19:27.244033+00:00
2025-12-05,CAT,-3.557312253,SEC,2025-11-03,4.88,5.06,2025-09-30,2024-09-30,reported_quarter,DECLINE,resolved,,18230.0,,,,,,,,,,,,,0000018230-25-000048_EarningsPerShareDiluted_2025-07-01_2025-09-30_Q3,eps_pit_v4,2026-08-28T15:19:26.876895+00:00
2025-12-05,COF,9.5238095238,SEC,2025-11-03,4.83,4.41,2025-09-30,2024-09-30,reported_quarter,GROWTH,resolved,,927628.0,,,,,,,,,,,,,0000927628-25-000276_EarningsPerShareDiluted_2025-07-01_2025-09-30_Q3,eps_pit_v4,2026-08-28T15:19:28.797800+00:00
2025-12-05,CVNA,115.8940397351,SEC,2024-05-01,0.24,-1.51,2024-03-31,2023-03-31,reported_quarter,TURNAROUND,resolved,,1690820.0,,,,,,,,,,,,,0001690820-24-000165_EarningsPerShareDiluted_2024-01-01_2024-03-31_Q1,eps_pit_v4,2026-08-28T15:19:27.970925+00:00
2025-12-05,DASH,44.7368421053,SEC,2025-11-06,0.55,0.38,2025-09-30,2024-09-30,reported_quarter,GROWTH,resolved,,1792789.0,,,,,,,,,,,,,0001792789-25-000020_EarningsPerShareDiluted_2025-07-01_2025-09-30_Q3,eps_pit_v4,2026-08-28T15:19:27.644985+00:00
2025-12-05,EWBC,23.8317757009,SEC,2025-11-07,2.65,2.14,2025-09-30,2024-09-30,reported_quarter,GROWTH,resolved,,1069157.0,,,,,,,,,,,,,0001069157-25-000119_EarningsPerShareDiluted_2025-07-01_2025-09-30_Q3,eps_pit_v4,2026-08-28T15:19:29.307300+00:00
2025-12-05,FN,24.882629108,SEC,2025-11-04,2.66,2.13,2025-09-26,2024-09-27,reported_quarter,GROWTH,resolved,,1408710.0,,,,,,,,,,,,,0001408710-25-000056_EarningsPerShareDiluted_2025-06-28_2025-09-26_Q1,eps_pit_v4,2026-08-28T15:19:26.318280+00:00
2025-12-05,JOBY,-128.5714285714,SEC,2025-11-06,-0.48,-0.21,2025-09-30,2024-09-30,reported_quarter,LOSS_WIDENING,resolved,,1819848.0,,,,,,,,,,,,,0001819848-25-000596_EarningsPerShareDiluted_2025-07-01_2025-09-30_Q3,eps_pit_v4,2026-08-28T15:19:26.104048+00:00
2025-12-05,JPM,16.0183066362,SEC,2025-11-04,5.07,4.37,2025-09-30,2024-09-30,reported_quarter,GROWTH,resolved,,19617.0,,,,,,,,,,,,,0001628280-25-048859_EarningsPerShareDiluted_2025-07-01_2025-09-30_Q3,eps_pit_v4,2026-08-28T15:19:28.551252+00:00
2025-12-05,LSCC,-60.0,SEC,2025-11-03,0.02,0.05,2025-09-27,2024-09-28,reported_quarter,DECLINE,resolved,,855658.0,,,,,,,,,,,,,0001437749-25-032777_EarningsPerShareDiluted_2025-06-29_2025-09-27_Q3,eps_pit_v4,2026-08-28T15:19:25.295230+00:00
2025-12-05,LYFT,466.6666666667,SEC,2025-11-05,0.11,-0.03,2025-09-30,2024-09-30,reported_quarter,TURNAROUND,resolved,,1759509.0,,,,,,,,,,,,,0001628280-25-049701_EarningsPerShareDiluted_2025-07-01_2025-09-30_Q3,eps_pit_v4,2026-08-28T15:19:26.462184+00:00
2025-12-05,MS,48.9361702128,SEC,2025-11-03,2.8,1.88,2025-09-30,2024-09-30,reported_quarter,GROWTH,resolved,,895421.0,,,,,,,,,,,,,0000895421-25-000539_EarningsPerShareDiluted_2025-07-01_2025-09-30_Q3,eps_pit_v4,2026-08-28T15:19:27.507322+00:00
2025-12-05,PATH,100.0,SEC,2025-09-08,0.0,-0.15,2025-07-31,2024-07-31,reported_quarter,LOSS_NARROWING,resolved,,1734722.0,,,,,,,,,,,,,0001734722-25-000043_EarningsPerShareDiluted_2025-05-01_2025-07-31_Q2,eps_pit_v4,2026-08-28T15:19:25.559478+00:00
2025-12-05,SHOP,-68.75,SEC,2025-11-04,0.2,0.64,2025-09-30,2024-09-30,reported_quarter,DECLINE,resolved,,1594805.0,,,,,,,,,,,,,0001594805-25-000089_EarningsPerShareDiluted_2025-07-01_2025-09-30_Q3,eps_pit_v4,2026-08-28T15:19:26.916463+00:00
2025-12-05,SMTC,70.0,SEC,2025-11-25,-0.03,-0.1,2025-10-26,2024-10-27,reported_quarter,LOSS_NARROWING,resolved,,88941.0,,,,,,,,,,,,,0000088941-25-000166_EarningsPerShareDiluted_2025-07-28_2025-10-26_Q3,eps_pit_v4,2026-08-28T15:19:25.130310+00:00
2025-12-05,TSLA,-37.0967741935,SEC,2025-10-23,0.39,0.62,2025-09-30,2024-09-30,reported_quarter,DECLINE,resolved,,1318605.0,,,,,,,,,,,,,0001628280-25-045968_EarningsPerShareDiluted_2025-07-01_2025-09-30_Q3,eps_pit_v4,2026-08-28T15:19:25.434156+00:00
2025-12-05,TTWO,64.9038461538,SEC,2025-11-07,-0.73,-2.08,2025-09-30,2024-09-30,reported_quarter,LOSS_NARROWING,resolved,,946581.0,,,,,,,,,,,,,0001628280-25-050326_EarningsPerShareDiluted_2025-07-01_2025-09-30_Q2,eps_pit_v4,2026-08-28T15:19:29.438005+00:00
2025-12-05,VRT,121.7391304348,SEC,2025-10-22,1.02,0.46,2025-09-30,2024-09-30,reported_quarter,GROWTH,resolved,,1674101.0,,,,,,,,,,,,,0001674101-25-000024_EarningsPerShareDiluted_2025-07-01_2025-09-30_Q3,eps_pit_v4,2026-08-28T15:19:26.390164+00:00
2025-12-05,WDC,127.4074074074,SEC,2025-10-31,3.07,1.35,2025-10-03,2024-09-27,reported_quarter,GROWTH,resolved,,106040.0,,,,,,,,,,,,,0001628280-25-047613_EarningsPerShareDiluted_2025-06-28_2025-10-03_Q1,eps_pit_v4,2026-08-28T15:19:25.724133+00:00
2025-12-05,WFC,16.9014084507,SEC,2025-10-31,1.66,1.42,2025-09-30,2024-09-30,reported_quarter,GROWTH,resolved,,72971.0,,,,,,,,,,,,,0000072971-25-000253_EarningsPerShareDiluted_2025-07-01_2025-09-30_Q3,eps_pit_v4,2026-08-28T15:19:29.090643+00:00
2025-12-05,WWD,63.9705882353,SEC,2025-11-25,2.2300000000000004,1.3599999999999994,2025-09-30,2024-09-30,derived_from_fy,GROWTH,resolved,,108312.0,,,,,,,,,,,,,"derived_from_fy(0001193125-25-296204_EarningsPerShareDiluted_2024-10-01_2025-09-30_FY,0000950170-25-013640_EarningsPerShareDiluted_2024-10-01_2024-12-31_Q1,0000950170-25-061634_EarningsPerShareDiluted_2025-01-01_2025-03-31_Q2,0000950170-25-101257_EarningsPerShareDiluted_2025-04-01_2025-06-30_Q3)",eps_pit_v4,2026-08-28T15:19:28.259159+00:00
2025-12-12,AEO,29.2682926829,SEC,2025-12-09,0.53,0.41,2025-11-01,2024-11-02,reported_quarter,GROWTH,resolved,,919012.0,,,,,,,,,,,,,0001193125-25-312782_EarningsPerShareDiluted_2025-08-03_2025-11-01_Q3,eps_pit_v4,2026-08-28T15:19:29.704302+00:00
2025-12-12,ASTS,-357.1428571429,SEC,2022-11-14,-0.18,0.07,2022-09-30,2021-09-30,reported_quarter,PROFIT_TO_LOSS,resolved,,1780312.0,,,,,,,,,,,,,0000950170-22-025059_EarningsPerShareDiluted_2022-07-01_2022-09-30_Q3,eps_pit_v4,2026-08-28T15:19:30.036143+00:00
2025-12-12,BLK,-22.6605504587,SEC,2025-11-05,8.43,10.9,2025-09-30,2024-09-30,reported_quarter,DECLINE,resolved,,2012383.0,,,,,,,,,,,,,0001193125-25-267043_EarningsPerShareDiluted_2025-07-01_2025-09-30_Q3,eps_pit_v4,2026-08-28T15:19:31.556229+00:00
2025-12-12,CIEN,-50.0,SEC,2025-12-12,0.13,0.2599999999999999,2025-11-01,2024-11-02,derived_from_fy,DECLINE,resolved,,936395.0,,,,,,,,,,,,,"derived_from_fy(0001628280-25-056698_EarningsPerShareDiluted_2024-11-03_2025-11-01_FY,0000936395-25-000011_EarningsPerShareDiluted_2024-11-03_2025-02-01_Q1,0000936395-25-000025_EarningsPerShareDiluted_2025-02-02_2025-05-03_Q2,0000936395-25-000041_EarningsPerShareDiluted_2025-05-04_2025-08-02_Q3)",eps_pit_v4,2026-08-28T15:19:29.853335+00:00
2025-12-12,COF,9.5238095238,SEC,2025-11-03,4.83,4.41,2025-09-30,2024-09-30,reported_quarter,GROWTH,resolved,,927628.0,,,,,,,,,,,,,0000927628-25-000276_EarningsPerShareDiluted_2025-07-01_2025-09-30_Q3,eps_pit_v4,2026-08-28T15:19:33.317217+00:00
2025-12-12,EXPE,45.4365079365,SEC,2025-11-07,7.33,5.04,2025-09-30,2024-09-30,reported_quarter,GROWTH,resolved,,1324424.0,,,,,,,,,,,,,0001324424-25-000051_EarningsPerShareDiluted_2025-07-01_2025-09-30_Q3,eps_pit_v4,2026-08-28T15:19:30.835885+00:00
2025-12-12,FEIM,-72.0,SEC,2025-09-15,0.07,0.25,2025-07-31,2024-07-31,reported_quarter,DECLINE,resolved,,39020.0,,,,,,,,,,,,,0001185185-25-001203_EarningsPerShareDiluted_2025-05-01_2025-07-31_Q1,eps_pit_v4,2026-08-28T15:19:30.478457+00:00
2025-12-12,HLT,28.9855072464,SEC,2025-10-22,1.78,1.38,2025-09-30,2024-09-30,reported_quarter,GROWTH,resolved,,1585689.0,,,,,,,,,,,,,0001585689-25-000160_EarningsPerShareDiluted_2025-07-01_2025-09-30_Q3,eps_pit_v4,2026-08-28T15:19:31.678887+00:00
2025-12-12,HWM,17.2839506173,SEC,2025-10-30,0.95,0.81,2025-09-30,2024-09-30,reported_quarter,GROWTH,resolved,,4281.0,,,,,,,,,,,,,0001628280-25-047584_EarningsPerShareDiluted_2025-07-01_2025-09-30_Q3,eps_pit_v4,2026-08-28T15:19:32.650729+00:00
2025-12-12,IBM,611.1111111111,SEC,2025-10-23,1.84,-0.36,2025-09-30,2024-09-30,reported_quarter,TURNAROUND,resolved,,51143.0,,,,,,,,,,,,,0000051143-25-000064_EarningsPerShareDiluted_2025-07-01_2025-09-30_Q3,eps_pit_v4,2026-08-28T15:19:32.334010+00:00
2025-12-12,JPM,16.0183066362,SEC,2025-11-04,5.07,4.37,2025-09-30,2024-09-30,reported_quarter,GROWTH,resolved,,19617.0,,,,,,,,,,,,,0001628280-25-048859_EarningsPerShareDiluted_2025-07-01_2025-09-30_Q3,eps_pit_v4,2026-08-28T15:19:31.528956+00:00
2025-12-12,LH,56.0,SEC,2025-10-31,3.12,2.0,2025-09-30,2024-09-30,reported_quarter,GROWTH,resolved,,920148.0,,,,,,,,,,,,,0000920148-25-000096_EarningsPerShareDiluted_2025-07-01_2025-09-30_Q3,eps_pit_v4,2026-08-28T15:19:31.219701+00:00
2025-12-12,NUTX,551.1627906977,SEC,2025-11-19,7.76,-1.72,2025-09-30,2024-09-30,reported_quarter,TURNAROUND,resolved,,1479681.0,,,,,,,,,,,,,0001628280-25-053166_EarningsPerShareDiluted_2025-07-01_2025-09-30_Q3,eps_pit_v4,2026-08-28T15:19:30.138704+00:00
2025-12-12,PFG,200.0,SEC,2025-10-29,0.95,-0.95,2025-09-30,2024-09-30,reported_quarter,TURNAROUND,resolved,,1126328.0,,,,,,,,,,,,,0001104659-25-103708_EarningsPerShareDiluted_2025-07-01_2025-09-30_Q3,eps_pit_v4,2026-08-28T15:19:31.048943+00:00
2025-12-12,ROKU,366.6666666667,SEC,2025-10-31,0.16,-0.06,2025-09-30,2024-09-30,reported_quarter,TURNAROUND,resolved,,1428439.0,,,,,,,,,,,,,0001628280-25-047808_EarningsPerShareDiluted_2025-07-01_2025-09-30_Q3,eps_pit_v4,2026-08-28T15:19:30.217601+00:00
2025-12-12,ROST,6.7567567568,SEC,2025-12-10,1.58,1.48,2025-11-01,2024-11-02,reported_quarter,GROWTH,resolved,,745732.0,,,,,,,,,,,,,0000745732-25-000061_EarningsPerShareDiluted_2025-08-03_2025-11-01_Q3,eps_pit_v4,2026-08-28T15:19:31.978963+00:00
2025-12-12,RTX,29.3577981651,SEC,2025-10-21,1.41,1.09,2025-09-30,2024-09-30,reported_quarter,GROWTH,resolved,,101829.0,,,,,,,,,,,,,0000101829-25-000042_EarningsPerShareDiluted_2025-07-01_2025-09-30_Q3,eps_pit_v4,2026-08-28T15:19:32.847196+00:00
2025-12-12,STX,72.3404255319,SEC,2025-10-31,2.43,1.41,2025-10-03,2024-09-27,reported_quarter,GROWTH,resolved,,1137789.0,,,,,,,,,,,,,0001137789-25-000317_EarningsPerShareDiluted_2025-06-28_2025-10-03_Q1,eps_pit_v4,2026-08-28T15:19:30.365597+00:00
2025-12-12,TKO,67.8571428571,SEC,2025-11-05,0.47,0.28,2025-09-30,2024-09-30,reported_quarter,GROWTH,resolved,,1973266.0,,,,,,,,,,,,,0001193125-25-267014_EarningsPerShareDiluted_2025-07-01_2025-09-30_Q3,eps_pit_v4,2026-08-28T15:19:32.458048+00:00
2025-12-12,TPR,62.0253164557,SEC,2025-11-06,1.28,0.79,2025-09-27,2024-09-28,reported_quarter,GROWTH,resolved,,1116132.0,,,,,,,,,,,,,0001116132-25-000025_EarningsPerShareDiluted_2025-06-29_2025-09-27_Q1,eps_pit_v4,2026-08-28T15:19:30.699622+00:00
2025-12-12,TSLA,-37.0967741935,SEC,2025-10-23,0.39,0.62,2025-09-30,2024-09-30,reported_quarter,DECLINE,resolved,,1318605.0,,,,,,,,,,,,,0001628280-25-045968_EarningsPerShareDiluted_2025-07-01_2025-09-30_Q3,eps_pit_v4,2026-08-28T15:19:29.990572+00:00
2025-12-12,URBN,16.3636363636,SEC,2025-12-10,1.28,1.1,2025-10-31,2024-10-31,reported_quarter,GROWTH,resolved,,912615.0,,,,,,,,,,,,,0001193125-25-314313_EarningsPerShareDiluted_2025-08-01_2025-10-31_Q3,eps_pit_v4,2026-08-28T15:19:31.856940+00:00
2025-12-12,ZION,8.0291970803,SEC,2025-11-06,1.48,1.37,2025-09-30,2024-09-30,reported_quarter,GROWTH,resolved,,109380.0,,,,,,,,,,,,,0000109380-25-000129_EarningsPerShareDiluted_2025-07-01_2025-09-30_Q3,eps_pit_v4,2026-08-28T15:19:33.613588+00:00
2025-12-12,ZM,204.5454545455,SEC,2025-11-25,2.01,0.66,2025-10-31,2024-10-31,reported_quarter,GROWTH,resolved,,1585521.0,,,,,,,,,,,,,0001585521-25-000202_EarningsPerShareDiluted_2025-08-01_2025-10-31_Q3,eps_pit_v4,2026-08-28T15:19:32.117227+00:00
2025-12-19,CEG,-22.2513089005,SEC,2025-11-07,2.97,3.82,2025-09-30,2024-09-30,reported_quarter,DECLINE,resolved,,1868275.0,,,,,,,,,,,,,0001868275-25-000092_EarningsPerShareDiluted_2025-07-01_2025-09-30_Q3,eps_pit_v4,2026-08-28T15:19:34.668935+00:00
2025-12-19,CHRW,67.5,SEC,2025-10-31,1.34,0.8,2025-09-30,2024-09-30,reported_quarter,GROWTH,resolved,,1043277.0,,,,,,,,,,,,,0001043277-25-000052_EarningsPerShareDiluted_2025-07-01_2025-09-30_Q3,eps_pit_v4,2026-08-28T15:19:34.847236+00:00
2025-12-19,EXPE,45.4365079365,SEC,2025-11-07,7.33,5.04,2025-09-30,2024-09-30,reported_quarter,GROWTH,resolved,,1324424.0,,,,,,,,,,,,,0001324424-25-000051_EarningsPerShareDiluted_2025-07-01_2025-09-30_Q3,eps_pit_v4,2026-08-28T15:19:34.462804+00:00
2025-12-19,HLT,28.9855072464,SEC,2025-10-22,1.78,1.38,2025-09-30,2024-09-30,reported_quarter,GROWTH,resolved,,1585689.0,,,,,,,,,,,,,0001585689-25-000160_EarningsPerShareDiluted_2025-07-01_2025-09-30_Q3,eps_pit_v4,2026-08-28T15:19:35.103833+00:00
2025-12-19,HWM,17.2839506173,SEC,2025-10-30,0.95,0.81,2025-09-30,2024-09-30,reported_quarter,GROWTH,resolved,,4281.0,,,,,,,,,,,,,0001628280-25-047584_EarningsPerShareDiluted_2025-07-01_2025-09-30_Q3,eps_pit_v4,2026-08-28T15:19:35.751099+00:00
2025-12-19,LLY,480.3738317757,SEC,2025-10-30,6.21,1.07,2025-09-30,2024-09-30,reported_quarter,GROWTH,resolved,,59478.0,,,,,,,,,,,,,0000059478-25-000254_EarningsPerShareDiluted_2025-07-01_2025-09-30_Q3,eps_pit_v4,2026-08-28T15:19:34.604418+00:00
2025-12-19,MNST,30.4347826087,SEC,2011-08-09,0.9,0.69,2011-06-30,2010-06-30,reported_quarter,GROWTH,resolved,,865752.0,,,,,,,,,,,,,0001104659-11-045251_EarningsPerShareDiluted_2011-04-01_2011-06-30_Q2,eps_pit_v4,2026-08-28T15:19:34.976850+00:00
2025-12-19,MU,175.4491017964,SEC,2025-12-18,4.6,1.67,2025-11-27,2024-11-28,reported_quarter,GROWTH,resolved,,723125.0,,,,,,,,,,,,,0000723125-25-000046_EarningsPerShareDiluted_2025-08-29_2025-11-27_Q1,eps_pit_v4,2026-08-28T15:19:33.902809+00:00
2025-12-19,PLTR,200.0,SEC,2025-11-04,0.18,0.06,2025-09-30,2024-09-30,reported_quarter,GROWTH,resolved,,1321655.0,,,,,,,,,,,,,0001321655-25-000131_EarningsPerShareDiluted_2025-07-01_2025-09-30_Q3,eps_pit_v4,2026-08-28T15:19:35.351844+00:00
2025-12-19,RKLB,70.0,SEC,2025-11-10,-0.03,-0.1,2025-09-30,2024-09-30,reported_quarter,LOSS_NARROWING,resolved,,1819994.0,,,,,,,,,,,,,0001819994-25-000021_EarningsPerShareDiluted_2025-07-01_2025-09-30_Q3,eps_pit_v4,2026-08-28T15:19:34.035428+00:00
2025-12-19,RTX,29.3577981651,SEC,2025-10-21,1.41,1.09,2025-09-30,2024-09-30,reported_quarter,GROWTH,resolved,,101829.0,,,,,,,,,,,,,0000101829-25-000042_EarningsPerShareDiluted_2025-07-01_2025-09-30_Q3,eps_pit_v4,2026-08-28T15:19:35.299155+00:00
2025-12-19,SCHW,77.4647887324,SEC,2025-11-07,1.26,0.71,2025-09-30,2024-09-30,reported_quarter,GROWTH,resolved,,316709.0,,,,,,,,,,,,,0000316709-25-000051_EarningsPerShareDiluted_2025-07-01_2025-09-30_Q3,eps_pit_v4,2026-08-28T15:19:36.020688+00:00
2025-12-19,SHOP,-68.75,SEC,2025-11-04,0.2,0.64,2025-09-30,2024-09-30,reported_quarter,DECLINE,resolved,,1594805.0,,,,,,,,,,,,,0001594805-25-000089_EarningsPerShareDiluted_2025-07-01_2025-09-30_Q3,eps_pit_v4,2026-08-28T15:19:34.710486+00:00
2025-12-19,TKO,67.8571428571,SEC,2025-11-05,0.47,0.28,2025-09-30,2024-09-30,reported_quarter,GROWTH,resolved,,1973266.0,,,,,,,,,,,,,0001193125-25-267014_EarningsPerShareDiluted_2025-07-01_2025-09-30_Q3,eps_pit_v4,2026-08-28T15:19:35.426142+00:00
2025-12-19,TSLA,-37.0967741935,SEC,2025-10-23,0.39,0.62,2025-09-30,2024-09-30,reported_quarter,DECLINE,resolved,,1318605.0,,,,,,,,,,,,,0001628280-25-045968_EarningsPerShareDiluted_2025-07-01_2025-09-30_Q3,eps_pit_v4,2026-08-28T15:19:34.174847+00:00
2025-12-19,TTWO,64.9038461538,SEC,2025-11-07,-0.73,-2.08,2025-09-30,2024-09-30,reported_quarter,LOSS_NARROWING,resolved,,946581.0,,,,,,,,,,,,,0001628280-25-050326_EarningsPerShareDiluted_2025-07-01_2025-09-30_Q2,eps_pit_v4,2026-08-28T15:19:35.558638+00:00
2025-12-19,UAL,0.0,SEC,2025-10-16,2.9,2.9,2025-09-30,2024-09-30,reported_quarter,FLAT,resolved,,100517.0,,,,,,,,,,,,,0000100517-25-000193_EarningsPerShareDiluted_2025-07-01_2025-09-30_Q3,eps_pit_v4,2026-08-28T15:19:34.323757+00:00
2025-12-26,CAH,10.5882352941,SEC,2025-10-30,1.88,1.7,2025-09-30,2024-09-30,reported_quarter,GROWTH,resolved,,721371.0,,,,,,,,,,,,,0000721371-25-000130_EarningsPerShareDiluted_2025-07-01_2025-09-30_Q1,eps_pit_v4,2026-08-28T15:19:37.873398+00:00
2025-12-26,CASY,14.0206185567,SEC,2025-12-09,5.53,4.85,2025-10-31,2024-10-31,reported_quarter,GROWTH,resolved,,726958.0,,,,,,,,,,,,,0000726958-25-000114_EarningsPerShareDiluted_2025-08-01_2025-10-31_Q2,eps_pit_v4,2026-08-28T15:19:38.178513+00:00
2025-12-26,CIEN,-50.0,SEC,2025-12-12,0.13,0.2599999999999999,2025-11-01,2024-11-02,derived_from_fy,DECLINE,resolved,,936395.0,,,,,,,,,,,,,"derived_from_fy(0001628280-25-056698_EarningsPerShareDiluted_2024-11-03_2025-11-01_FY,0000936395-25-000011_EarningsPerShareDiluted_2024-11-03_2025-02-01_Q1,0000936395-25-000025_EarningsPerShareDiluted_2025-02-02_2025-05-03_Q2,0000936395-25-000041_EarningsPerShareDiluted_2025-05-04_2025-08-02_Q3)",eps_pit_v4,2026-08-28T15:19:36.435043+00:00
2025-12-26,FEIM,-35.7142857143,SEC,2025-12-15,0.18,0.28,2025-10-31,2024-10-31,reported_quarter,DECLINE,resolved,,39020.0,,,,,,,,,,,,,0001185185-25-002057_EarningsPerShareDiluted_2025-08-01_2025-10-31_Q2,eps_pit_v4,2026-08-28T15:19:36.696242+00:00
2025-12-26,HEI,32.0,SEC,2025-12-22,1.3200000000000005,1.0,2025-10-31,2024-10-31,derived_from_fy,GROWTH,resolved,,46619.0,,,,,,,,,,,,,"derived_from_fy(0000046619-25-000082_EarningsPerShareDiluted_2024-11-01_2025-10-31_FY,0000046619-25-000015_EarningsPerShareDiluted_2024-11-01_2025-01-31_Q1,0000046619-25-000046_EarningsPerShareDiluted_2025-02-01_2025-04-30_Q2,0000046619-25-000062_EarningsPerShareDiluted_2025-05-01_2025-07-31_Q3)",eps_pit_v4,2026-08-28T15:19:37.533456+00:00
2025-12-26,HUT,4200.0,SEC,2025-11-04,0.43,0.01,2025-09-30,2024-09-30,reported_quarter,GROWTH,resolved,,1964789.0,,,,,,,,,,,,,0001104659-25-105874_EarningsPerShareDiluted_2025-07-01_2025-09-30_Q3,eps_pit_v4,2026-08-28T15:19:36.176960+00:00
2025-12-26,HWM,17.2839506173,SEC,2025-10-30,0.95,0.81,2025-09-30,2024-09-30,reported_quarter,GROWTH,resolved,,4281.0,,,,,,,,,,,,,0001628280-25-047584_EarningsPerShareDiluted_2025-07-01_2025-09-30_Q3,eps_pit_v4,2026-08-28T15:19:37.727553+00:00
2025-12-26,IBKR,40.4761904762,SEC,2025-11-05,0.59,0.42,2025-09-30,2024-09-30,reported_quarter,GROWTH,resolved,,1381197.0,,,,,,,,,,,,,0001381197-25-000158_EarningsPerShareDiluted_2025-07-01_2025-09-30_Q3,eps_pit_v4,2026-08-28T15:19:37.021321+00:00
2025-12-26,JPM,16.0183066362,SEC,2025-11-04,5.07,4.37,2025-09-30,2024-09-30,reported_quarter,GROWTH,resolved,,19617.0,,,,,,,,,,,,,0001628280-25-048859_EarningsPerShareDiluted_2025-07-01_2025-09-30_Q3,eps_pit_v4,2026-08-28T15:19:37.377365+00:00
2025-12-26,NVDA,66.6666666667,SEC,2025-11-19,1.3,0.78,2025-10-26,2024-10-27,reported_quarter,GROWTH,resolved,,1045810.0,,,,,,,,,,,,,0001045810-25-000230_EarningsPerShareDiluted_2025-07-28_2025-10-26_Q3,eps_pit_v4,2026-08-28T15:19:36.857730+00:00
2025-12-26,SCHW,77.4647887324,SEC,2025-11-07,1.26,0.71,2025-09-30,2024-09-30,reported_quarter,GROWTH,resolved,,316709.0,,,,,,,,,,,,,0000316709-25-000051_EarningsPerShareDiluted_2025-07-01_2025-09-30_Q3,eps_pit_v4,2026-08-28T15:19:38.074591+00:00
2025-12-26,SMTC,70.0,SEC,2025-11-25,-0.03,-0.1,2025-10-26,2024-10-27,reported_quarter,LOSS_NARROWING,resolved,,88941.0,,,,,,,,,,,,,0000088941-25-000166_EarningsPerShareDiluted_2025-07-28_2025-10-26_Q3,eps_pit_v4,2026-08-28T15:19:36.591693+00:00
2025-12-26,SNDK,-48.6301369863,SEC,2025-11-07,0.75,1.46,2025-10-03,2024-09-27,reported_quarter,DECLINE,resolved,,2023554.0,,,,,,,,,,,,,0001628280-25-050698_EarningsPerShareDiluted_2025-06-28_2025-10-03_Q1,eps_pit_v4,2026-08-28T15:19:36.284641+00:00
2026-01-02,BKR,-58.5365853659,SEC,2025-02-04,0.1699999999999999,0.4099999999999999,2022-12-31,2021-12-31,derived_from_fy,DECLINE,resolved,,1701605.0,,,,,,,,,,,,,"derived_from_fy(0001701605-25-000035_EarningsPerShareDiluted_2022-01-01_2022-12-31_FY,0001701605-22-000079_EarningsPerShareDiluted_2022-01-01_2022-03-31_Q1,0001701605-22-000113_EarningsPerShareDiluted_2022-04-01_2022-06-30_Q2,0001701605-22-000151_EarningsPerShareDiluted_2022-07-01_2022-09-30_Q3)",eps_pit_v4,2026-08-28T15:19:38.832924+00:00
2026-01-02,BTSG,750.0,SEC,2025-10-28,0.26,-0.04,2025-09-30,2024-09-30,reported_quarter,TURNAROUND,resolved,,1865782.0,,,,,,,,,,,,,0001193125-25-253631_EarningsPerShareDiluted_2025-07-01_2025-09-30_Q3,eps_pit_v4,2026-08-28T15:19:38.430415+00:00
2026-01-02,FTAI,44.7368421053,SEC,2025-10-29,1.1,0.76,2025-09-30,2024-09-30,reported_quarter,GROWTH,resolved,,1590364.0,,,,,,,,,,,,,0001590364-25-000041_EarningsPerShareDiluted_2025-07-01_2025-09-30_Q3,eps_pit_v4,2026-08-28T15:19:38.319504+00:00
2026-01-02,GEV,568.5714285714,SEC,2025-10-22,1.64,-0.35,2025-09-30,2024-09-30,reported_quarter,TURNAROUND,resolved,,1996810.0,,,,,,,,,,,,,0001996810-25-000160_EarningsPerShareDiluted_2025-07-01_2025-09-30_Q3,eps_pit_v4,2026-08-28T15:19:39.410041+00:00
2026-01-02,HEI,32.0,SEC,2025-12-22,1.3200000000000005,1.0,2025-10-31,2024-10-31,derived_from_fy,GROWTH,resolved,,46619.0,,,,,,,,,,,,,"derived_from_fy(0000046619-25-000082_EarningsPerShareDiluted_2024-11-01_2025-10-31_FY,0000046619-25-000015_EarningsPerShareDiluted_2024-11-01_2025-01-31_Q1,0000046619-25-000046_EarningsPerShareDiluted_2025-02-01_2025-04-30_Q2,0000046619-25-000062_EarningsPerShareDiluted_2025-05-01_2025-07-31_Q3)",eps_pit_v4,2026-08-28T15:19:39.659352+00:00
2026-01-02,HWM,17.2839506173,SEC,2025-10-30,0.95,0.81,2025-09-30,2024-09-30,reported_quarter,GROWTH,resolved,,4281.0,,,,,,,,,,,,,0001628280-25-047584_EarningsPerShareDiluted_2025-07-01_2025-09-30_Q3,eps_pit_v4,2026-08-28T15:19:39.367605+00:00
2026-01-02,LSCC,-60.0,SEC,2025-11-03,0.02,0.05,2025-09-27,2024-09-28,reported_quarter,DECLINE,resolved,,855658.0,,,,,,,,,,,,,0001437749-25-032777_EarningsPerShareDiluted_2025-06-29_2025-09-27_Q3,eps_pit_v4,2026-08-28T15:19:38.688454+00:00
2026-01-02,RKLB,70.0,SEC,2025-11-10,-0.03,-0.1,2025-09-30,2024-09-30,reported_quarter,LOSS_NARROWING,resolved,,1819994.0,,,,,,,,,,,,,0001819994-25-000021_EarningsPerShareDiluted_2025-07-01_2025-09-30_Q3,eps_pit_v4,2026-08-28T15:19:38.743611+00:00
2026-01-02,ZION,8.0291970803,SEC,2025-11-06,1.48,1.37,2025-09-30,2024-09-30,reported_quarter,GROWTH,resolved,,109380.0,,,,,,,,,,,,,0000109380-25-000129_EarningsPerShareDiluted_2025-07-01_2025-09-30_Q3,eps_pit_v4,2026-08-28T15:19:39.176776+00:00
2026-01-09,AMAT,12.9186602871,SEC,2025-12-12,2.3600000000000003,2.09,2025-10-26,2024-10-27,derived_from_fy,GROWTH,resolved,,6951.0,,,,,,,,,,,,,"derived_from_fy(0001628280-25-056742_EarningsPerShareDiluted_2024-10-28_2025-10-26_FY,0000006951-25-000011_EarningsPerShareDiluted_2024-10-28_2025-01-26_Q1,0000006951-25-000024_EarningsPerShareDiluted_2025-01-27_2025-04-27_Q2,0000006951-25-000037_EarningsPerShareDiluted_2025-04-28_2025-07-27_Q3)",eps_pit_v4,2026-08-28T15:19:40.300760+00:00
2026-01-09,AMZN,36.3636363636,SEC,2025-10-31,1.95,1.43,2025-09-30,2024-09-30,reported_quarter,GROWTH,resolved,,1018724.0,,,,,,,,,,,,,0001018724-25-000123_EarningsPerShareDiluted_2025-07-01_2025-09-30_Q3,eps_pit_v4,2026-08-28T15:19:42.632427+00:00
2026-01-09,BTU,-178.3783783784,SEC,2025-11-07,-0.58,0.74,2025-09-30,2024-09-30,reported_quarter,PROFIT_TO_LOSS,resolved,,1064728.0,,,,,,,,,,,,,0001064728-25-000139_EarningsPerShareDiluted_2025-07-01_2025-09-30_Q3,eps_pit_v4,2026-08-28T15:19:43.523628+00:00
2026-01-09,CASY,14.0206185567,SEC,2025-12-09,5.53,4.85,2025-10-31,2024-10-31,reported_quarter,GROWTH,resolved,,726958.0,,,,,,,,,,,,,0000726958-25-000114_EarningsPerShareDiluted_2025-08-01_2025-10-31_Q2,eps_pit_v4,2026-08-28T15:19:44.875349+00:00
2026-01-09,CAT,-3.557312253,SEC,2025-11-03,4.88,5.06,2025-09-30,2024-09-30,reported_quarter,DECLINE,resolved,,18230.0,,,,,,,,,,,,,0000018230-25-000048_EarningsPerShareDiluted_2025-07-01_2025-09-30_Q3,eps_pit_v4,2026-08-28T15:19:42.013258+00:00
2026-01-09,CHRW,67.5,SEC,2025-10-31,1.34,0.8,2025-09-30,2024-09-30,reported_quarter,GROWTH,resolved,,1043277.0,,,,,,,,,,,,,0001043277-25-000052_EarningsPerShareDiluted_2025-07-01_2025-09-30_Q3,eps_pit_v4,2026-08-28T15:19:43.076578+00:00
2026-01-09,CVNA,115.8940397351,SEC,2024-05-01,0.24,-1.51,2024-03-31,2023-03-31,reported_quarter,TURNAROUND,resolved,,1690820.0,,,,,,,,,,,,,0001690820-24-000165_EarningsPerShareDiluted_2024-01-01_2024-03-31_Q1,eps_pit_v4,2026-08-28T15:19:43.272053+00:00
2026-01-09,EXPE,45.4365079365,SEC,2025-11-07,7.33,5.04,2025-09-30,2024-09-30,reported_quarter,GROWTH,resolved,,1324424.0,,,,,,,,,,,,,0001324424-25-000051_EarningsPerShareDiluted_2025-07-01_2025-09-30_Q3,eps_pit_v4,2026-08-28T15:19:42.459633+00:00
2026-01-09,FCX,27.7777777778,SEC,2025-11-06,0.46,0.36,2025-09-30,2024-09-30,reported_quarter,GROWTH,resolved,,831259.0,,,,,,,,,,,,,0000831259-25-000050_EarningsPerShareDiluted_2025-07-01_2025-09-30_Q3,eps_pit_v4,2026-08-28T15:19:40.543744+00:00
2026-01-09,FTAI,44.7368421053,SEC,2025-10-29,1.1,0.76,2025-09-30,2024-09-30,reported_quarter,GROWTH,resolved,,1590364.0,,,,,,,,,,,,,0001590364-25-000041_EarningsPerShareDiluted_2025-07-01_2025-09-30_Q3,eps_pit_v4,2026-08-28T15:19:39.797532+00:00
2026-01-09,GH,15.9090909091,SEC,2025-10-29,-0.74,-0.88,2025-09-30,2024-09-30,reported_quarter,LOSS_NARROWING,resolved,,1576280.0,,,,,,,,,,,,,0001576280-25-000277_EarningsPerShareDiluted_2025-07-01_2025-09-30_Q3,eps_pit_v4,2026-08-28T15:19:42.092218+00:00
2026-01-09,GMED,131.5789473684,SEC,2025-11-06,0.88,0.38,2025-09-30,2024-09-30,reported_quarter,GROWTH,resolved,,1237831.0,,,,,,,,,,,,,0001237831-25-000031_EarningsPerShareDiluted_2025-07-01_2025-09-30_Q3,eps_pit_v4,2026-08-28T15:19:41.783698+00:00
2026-01-09,GOOG,35.3773584906,SEC,2025-10-30,2.87,2.12,2025-09-30,2024-09-30,reported_quarter,GROWTH,resolved,,1652044.0,,,,,,,,,,,,,0001652044-25-000091_EarningsPerShareDiluted_2025-07-01_2025-09-30_Q3,eps_pit_v4,2026-08-28T15:19:41.145473+00:00
2026-01-09,HEI,32.0,SEC,2025-12-22,1.3200000000000005,1.0,2025-10-31,2024-10-31,derived_from_fy,GROWTH,resolved,,46619.0,,,,,,,,,,,,,"derived_from_fy(0000046619-25-000082_EarningsPerShareDiluted_2024-11-01_2025-10-31_FY,0000046619-25-000015_EarningsPerShareDiluted_2024-11-01_2025-01-31_Q1,0000046619-25-000046_EarningsPerShareDiluted_2025-02-01_2025-04-30_Q2,0000046619-25-000062_EarningsPerShareDiluted_2025-05-01_2025-07-31_Q3)",eps_pit_v4,2026-08-28T15:19:44.771088+00:00
2026-01-09,HLT,28.9855072464,SEC,2025-10-22,1.78,1.38,2025-09-30,2024-09-30,reported_quarter,GROWTH,resolved,,1585689.0,,,,,,,,,,,,,0001585689-25-000160_EarningsPerShareDiluted_2025-07-01_2025-09-30_Q3,eps_pit_v4,2026-08-28T15:19:43.647592+00:00
2026-01-09,HUT,4200.0,SEC,2025-11-04,0.43,0.01,2025-09-30,2024-09-30,reported_quarter,GROWTH,resolved,,1964789.0,,,,,,,,,,,,,0001104659-25-105874_EarningsPerShareDiluted_2025-07-01_2025-09-30_Q3,eps_pit_v4,2026-08-28T15:19:40.033529+00:00
2026-01-09,HWM,17.2839506173,SEC,2025-10-30,0.95,0.81,2025-09-30,2024-09-30,reported_quarter,GROWTH,resolved,,4281.0,,,,,,,,,,,,,0001628280-25-047584_EarningsPerShareDiluted_2025-07-01_2025-09-30_Q3,eps_pit_v4,2026-08-28T15:19:43.934683+00:00
2026-01-09,IBM,611.1111111111,SEC,2025-10-23,1.84,-0.36,2025-09-30,2024-09-30,reported_quarter,TURNAROUND,resolved,,51143.0,,,,,,,,,,,,,0000051143-25-000064_EarningsPerShareDiluted_2025-07-01_2025-09-30_Q3,eps_pit_v4,2026-08-28T15:19:44.154600+00:00
2026-01-09,LDOS,5.223880597,SEC,2025-11-04,2.82,2.68,2025-10-03,2024-09-27,reported_quarter,GROWTH,resolved,,1336920.0,,,,,,,,,,,,,0001336920-25-000060_EarningsPerShareDiluted_2025-07-05_2025-10-03_Q3,eps_pit_v4,2026-08-28T15:19:42.320693+00:00
2026-01-09,LGND,1556.4102564103,SEC,2025-11-07,5.68,-0.39,2025-09-30,2024-09-30,reported_quarter,TURNAROUND,resolved,,886163.0,,,,,,,,,,,,,0000886163-25-000063_EarningsPerShareDiluted_2025-07-01_2025-09-30_Q3,eps_pit_v4,2026-08-28T15:19:42.804592+00:00
2026-01-09,LSCC,-60.0,SEC,2025-11-03,0.02,0.05,2025-09-27,2024-09-28,reported_quarter,DECLINE,resolved,,855658.0,,,,,,,,,,,,,0001437749-25-032777_EarningsPerShareDiluted_2025-06-29_2025-09-27_Q3,eps_pit_v4,2026-08-28T15:19:41.265473+00:00
2026-01-09,NTRA,-146.1538461538,SEC,2025-11-07,-0.64,-0.26,2025-09-30,2024-09-30,reported_quarter,LOSS_WIDENING,resolved,,1604821.0,,,,,,,,,,,,,0001104659-25-107976_EarningsPerShareDiluted_2025-07-01_2025-09-30_Q3,eps_pit_v4,2026-08-28T15:19:42.893578+00:00
2026-01-09,NUTX,551.1627906977,SEC,2025-11-19,7.76,-1.72,2025-09-30,2024-09-30,reported_quarter,TURNAROUND,resolved,,1479681.0,,,,,,,,,,,,,0001628280-25-053166_EarningsPerShareDiluted_2025-07-01_2025-09-30_Q3,eps_pit_v4,2026-08-28T15:19:41.020258+00:00
2026-01-09,ROST,6.7567567568,SEC,2025-12-10,1.58,1.48,2025-11-01,2024-11-02,reported_quarter,GROWTH,resolved,,745732.0,,,,,,,,,,,,,0000745732-25-000061_EarningsPerShareDiluted_2025-08-03_2025-11-01_Q3,eps_pit_v4,2026-08-28T15:19:44.391139+00:00
2026-01-09,SMTC,70.0,SEC,2025-11-25,-0.03,-0.1,2025-10-26,2024-10-27,reported_quarter,LOSS_NARROWING,resolved,,88941.0,,,,,,,,,,,,,0000088941-25-000166_EarningsPerShareDiluted_2025-07-28_2025-10-26_Q3,eps_pit_v4,2026-08-28T15:19:40.697199+00:00
2026-01-09,SNDK,-48.6301369863,SEC,2025-11-07,0.75,1.46,2025-10-03,2024-09-27,reported_quarter,DECLINE,resolved,,2023554.0,,,,,,,,,,,,,0001628280-25-050698_EarningsPerShareDiluted_2025-06-28_2025-10-03_Q1,eps_pit_v4,2026-08-28T15:19:39.994420+00:00
2026-01-09,SOLV,931.4285714286,SEC,2025-11-06,7.22,0.7,2025-09-30,2024-09-30,reported_quarter,GROWTH,resolved,,1964738.0,,,,,,,,,,,,,0001964738-25-000091_EarningsPerShareDiluted_2025-07-01_2025-09-30_Q3,eps_pit_v4,2026-08-28T15:19:43.742583+00:00
2026-01-09,STX,72.3404255319,SEC,2025-10-31,2.43,1.41,2025-10-03,2024-09-27,reported_quarter,GROWTH,resolved,,1137789.0,,,,,,,,,,,,,0001137789-25-000317_EarningsPerShareDiluted_2025-06-28_2025-10-03_Q1,eps_pit_v4,2026-08-28T15:19:40.922192+00:00
2026-01-09,TROW,8.7121212121,SEC,2025-10-31,2.87,2.64,2025-09-30,2024-09-30,reported_quarter,GROWTH,resolved,,1113169.0,,,,,,,,,,,,,0001628280-25-047751_EarningsPerShareDiluted_2025-07-01_2025-09-30_Q3,eps_pit_v4,2026-08-28T15:19:44.521577+00:00
2026-01-09,UAL,0.0,SEC,2025-10-16,2.9,2.9,2025-09-30,2024-09-30,reported_quarter,FLAT,resolved,,100517.0,,,,,,,,,,,,,0000100517-25-000193_EarningsPerShareDiluted_2025-07-01_2025-09-30_Q3,eps_pit_v4,2026-08-28T15:19:41.407387+00:00
2026-01-09,URBN,16.3636363636,SEC,2025-12-10,1.28,1.1,2025-10-31,2024-10-31,reported_quarter,GROWTH,resolved,,912615.0,,,,,,,,,,,,,0001193125-25-314313_EarningsPerShareDiluted_2025-08-01_2025-10-31_Q3,eps_pit_v4,2026-08-28T15:19:44.266709+00:00
2026-01-09,W,-26.6666666667,SEC,2025-10-28,-0.76,-0.6,2025-09-30,2024-09-30,reported_quarter,LOSS_WIDENING,resolved,,1616707.0,,,,,,,,,,,,,0001616707-25-000127_EarningsPerShareDiluted_2025-07-01_2025-09-30_Q3,eps_pit_v4,2026-08-28T15:19:40.114594+00:00
2026-01-09,WDC,127.4074074074,SEC,2025-10-31,3.07,1.35,2025-10-03,2024-09-27,reported_quarter,GROWTH,resolved,,106040.0,,,,,,,,,,,,,0001628280-25-047613_EarningsPerShareDiluted_2025-06-28_2025-10-03_Q1,eps_pit_v4,2026-08-28T15:19:39.967801+00:00
2026-01-16,ASTS,-357.1428571429,SEC,2022-11-14,-0.18,0.07,2022-09-30,2021-09-30,reported_quarter,PROFIT_TO_LOSS,resolved,,1780312.0,,,,,,,,,,,,,0000950170-22-025059_EarningsPerShareDiluted_2022-07-01_2022-09-30_Q3,eps_pit_v4,2026-08-28T15:19:44.994541+00:00
2026-01-16,BKR,-58.5365853659,SEC,2025-02-04,0.1699999999999999,0.4099999999999999,2022-12-31,2021-12-31,derived_from_fy,DECLINE,resolved,,1701605.0,,,,,,,,,,,,,"derived_from_fy(0001701605-25-000035_EarningsPerShareDiluted_2022-01-01_2022-12-31_FY,0001701605-22-000079_EarningsPerShareDiluted_2022-01-01_2022-03-31_Q1,0001701605-22-000113_EarningsPerShareDiluted_2022-04-01_2022-06-30_Q2,0001701605-22-000151_EarningsPerShareDiluted_2022-07-01_2022-09-30_Q3)",eps_pit_v4,2026-08-28T15:19:46.971198+00:00
2026-01-16,BTU,-178.3783783784,SEC,2025-11-07,-0.58,0.74,2025-09-30,2024-09-30,reported_quarter,PROFIT_TO_LOSS,resolved,,1064728.0,,,,,,,,,,,,,0001064728-25-000139_EarningsPerShareDiluted_2025-07-01_2025-09-30_Q3,eps_pit_v4,2026-08-28T15:19:46.148843+00:00
2026-01-16,CAH,10.5882352941,SEC,2025-10-30,1.88,1.7,2025-09-30,2024-09-30,reported_quarter,GROWTH,resolved,,721371.0,,,,,,,,,,,,,0000721371-25-000130_EarningsPerShareDiluted_2025-07-01_2025-09-30_Q1,eps_pit_v4,2026-08-28T15:19:46.879814+00:00
2026-01-16,FE,4.1095890411,SEC,2025-10-28,0.76,0.73,2025-09-30,2024-09-30,reported_quarter,GROWTH,resolved,,1031296.0,,,,,,,,,,,,,0001031296-25-000085_EarningsPerShareDiluted_2025-07-01_2025-09-30_Q3,eps_pit_v4,2026-08-28T15:19:47.364493+00:00
2026-01-16,FN,24.882629108,SEC,2025-11-04,2.66,2.13,2025-09-26,2024-09-27,reported_quarter,GROWTH,resolved,,1408710.0,,,,,,,,,,,,,0001408710-25-000056_EarningsPerShareDiluted_2025-06-28_2025-09-26_Q1,eps_pit_v4,2026-08-28T15:19:45.224738+00:00
2026-01-16,IBKR,40.4761904762,SEC,2025-11-05,0.59,0.42,2025-09-30,2024-09-30,reported_quarter,GROWTH,resolved,,1381197.0,,,,,,,,,,,,,0001381197-25-000158_EarningsPerShareDiluted_2025-07-01_2025-09-30_Q3,eps_pit_v4,2026-08-28T15:19:45.753914+00:00
2026-01-16,JNJ,90.990990991,SEC,2025-10-22,2.12,1.11,2025-09-28,2024-09-29,reported_quarter,GROWTH,resolved,,200406.0,,,,,,,,,,,,,0000200406-25-000209_EarningsPerShareDiluted_2025-06-30_2025-09-28_Q3,eps_pit_v4,2026-08-28T15:19:46.382943+00:00
2026-01-16,MNST,30.4347826087,SEC,2011-08-09,0.9,0.69,2011-06-30,2010-06-30,reported_quarter,GROWTH,resolved,,865752.0,,,,,,,,,,,,,0001104659-11-045251_EarningsPerShareDiluted_2011-04-01_2011-06-30_Q2,eps_pit_v4,2026-08-28T15:19:45.879261+00:00
2026-01-16,MRNA,-1800.0,SEC,2025-11-06,-0.51,0.03,2025-09-30,2024-09-30,reported_quarter,PROFIT_TO_LOSS,resolved,,1682852.0,,,,,,,,,,,,,0001682852-25-000075_EarningsPerShareDiluted_2025-07-01_2025-09-30_Q3,eps_pit_v4,2026-08-28T15:19:45.083543+00:00
2026-01-16,RTX,29.3577981651,SEC,2025-10-21,1.41,1.09,2025-09-30,2024-09-30,reported_quarter,GROWTH,resolved,,101829.0,,,,,,,,,,,,,0000101829-25-000042_EarningsPerShareDiluted_2025-07-01_2025-09-30_Q3,eps_pit_v4,2026-08-28T15:19:46.731418+00:00
2026-01-16,SANM,-19.2660550459,SEC,2025-11-13,0.8799999999999999,1.09,2025-09-27,2024-09-28,derived_from_fy,DECLINE,resolved,,897723.0,,,,,,,,,,,,,"derived_from_fy(0000897723-25-000042_EarningsPerShareDiluted_2024-09-29_2025-09-27_FY,0000897723-25-000007_EarningsPerShareDiluted_2024-09-29_2024-12-28_Q1,0000897723-25-000016_EarningsPerShareDiluted_2024-12-29_2025-03-29_Q2,0000897723-25-000031_EarningsPerShareDiluted_2025-03-30_2025-06-28_Q3)",eps_pit_v4,2026-08-28T15:19:45.619712+00:00
2026-01-16,SCHW,77.4647887324,SEC,2025-11-07,1.26,0.71,2025-09-30,2024-09-30,reported_quarter,GROWTH,resolved,,316709.0,,,,,,,,,,,,,0000316709-25-000051_EarningsPerShareDiluted_2025-07-01_2025-09-30_Q3,eps_pit_v4,2026-08-28T15:19:47.607615+00:00
2026-01-16,STX,72.3404255319,SEC,2025-10-31,2.43,1.41,2025-10-03,2024-09-27,reported_quarter,GROWTH,resolved,,1137789.0,,,,,,,,,,,,,0001137789-25-000317_EarningsPerShareDiluted_2025-06-28_2025-10-03_Q1,eps_pit_v4,2026-08-28T15:19:45.471728+00:00
2026-01-16,TKO,67.8571428571,SEC,2025-11-05,0.47,0.28,2025-09-30,2024-09-30,reported_quarter,GROWTH,resolved,,1973266.0,,,,,,,,,,,,,0001193125-25-267014_EarningsPerShareDiluted_2025-07-01_2025-09-30_Q3,eps_pit_v4,2026-08-28T15:19:47.406032+00:00
2026-01-16,WELL,-43.8356164384,SEC,2025-10-28,0.41,0.73,2025-09-30,2024-09-30,reported_quarter,DECLINE,resolved,,766704.0,,,,,,,,,,,,,0000766704-25-000040_EarningsPerShareDiluted_2025-07-01_2025-09-30_Q3,eps_pit_v4,2026-08-28T15:19:47.185378+00:00
2026-01-16,WMT,35.0877192982,SEC,2025-12-03,0.77,0.57,2025-10-31,2024-10-31,reported_quarter,GROWTH,resolved,,104169.0,,,,,,,,,,,,,0000104169-25-000191_EarningsPerShareDiluted_2025-08-01_2025-10-31_Q3,eps_pit_v4,2026-08-28T15:19:46.533771+00:00
2026-01-16,WULF,-1783.3333333333,SEC,2025-11-10,-1.13,-0.06,2025-09-30,2024-09-30,reported_quarter,LOSS_WIDENING,resolved,,1083301.0,,,,,,,,,,,,,0001083301-25-000099_EarningsPerShareDiluted_2025-07-01_2025-09-30_Q3,eps_pit_v4,2026-08-28T15:19:45.323922+00:00
2026-01-23,BKR,-58.5365853659,SEC,2025-02-04,0.1699999999999999,0.4099999999999999,2022-12-31,2021-12-31,derived_from_fy,DECLINE,resolved,,1701605.0,,,,,,,,,,,,,"derived_from_fy(0001701605-25-000035_EarningsPerShareDiluted_2022-01-01_2022-12-31_FY,0001701605-22-000079_EarningsPerShareDiluted_2022-01-01_2022-03-31_Q1,0001701605-22-000113_EarningsPerShareDiluted_2022-04-01_2022-06-30_Q2,0001701605-22-000151_EarningsPerShareDiluted_2022-07-01_2022-09-30_Q3)",eps_pit_v4,2026-08-28T15:19:49.128495+00:00
2026-01-23,COHR,3075.0,SEC,2025-11-05,1.19,-0.04,2025-09-30,2024-09-30,reported_quarter,TURNAROUND,resolved,,820318.0,,,,,,,,,,,,,0000820318-25-000019_EarningsPerShareDiluted_2025-07-01_2025-09-30_Q1,eps_pit_v4,2026-08-28T15:19:47.810964+00:00
2026-01-23,CVNA,115.8940397351,SEC,2024-05-01,0.24,-1.51,2024-03-31,2023-03-31,reported_quarter,TURNAROUND,resolved,,1690820.0,,,,,,,,,,,,,0001690820-24-000165_EarningsPerShareDiluted_2024-01-01_2024-03-31_Q1,eps_pit_v4,2026-08-28T15:19:48.671143+00:00
2026-01-23,GH,15.9090909091,SEC,2025-10-29,-0.74,-0.88,2025-09-30,2024-09-30,reported_quarter,LOSS_NARROWING,resolved,,1576280.0,,,,,,,,,,,,,0001576280-25-000277_EarningsPerShareDiluted_2025-07-01_2025-09-30_Q3,eps_pit_v4,2026-08-28T15:19:48.004007+00:00
2026-01-23,KO,30.303030303,SEC,2025-10-23,0.86,0.66,2025-09-26,2024-09-27,reported_quarter,GROWTH,resolved,,21344.0,,,,,,,,,,,,,0001628280-25-046054_EarningsPerShareDiluted_2025-06-28_2025-09-26_Q3,eps_pit_v4,2026-08-28T15:19:49.004051+00:00
2026-01-23,LMND,46.3157894737,SEC,2025-11-05,-0.51,-0.95,2025-09-30,2024-09-30,reported_quarter,LOSS_NARROWING,resolved,,1691421.0,,,,,,,,,,,,,0001691421-25-000149_EarningsPerShareDiluted_2025-07-01_2025-09-30_Q3,eps_pit_v4,2026-08-28T15:19:48.594978+00:00
2026-01-23,MDT,8.0808080808,SEC,2025-11-25,1.07,0.99,2025-10-24,2024-10-25,reported_quarter,GROWTH,resolved,,1613103.0,,,,,,,,,,,,,0001628280-25-053988_EarningsPerShareDiluted_2025-07-26_2025-10-24_Q2,eps_pit_v4,2026-08-28T15:19:48.797696+00:00
2026-01-23,MTB,19.9004975124,SEC,2025-10-27,4.82,4.02,2025-09-30,2024-09-30,reported_quarter,GROWTH,resolved,,36270.0,,,,,,,,,,,,,0000036270-25-000024_EarningsPerShareDiluted_2025-07-01_2025-09-30_Q3,eps_pit_v4,2026-08-28T15:19:48.448080+00:00
2026-01-23,ROKU,366.6666666667,SEC,2025-10-31,0.16,-0.06,2025-09-30,2024-09-30,reported_quarter,TURNAROUND,resolved,,1428439.0,,,,,,,,,,,,,0001628280-25-047808_EarningsPerShareDiluted_2025-07-01_2025-09-30_Q3,eps_pit_v4,2026-08-28T15:19:48.200109+00:00
2026-01-30,AAOI,33.3333333333,SEC,2025-11-06,-0.28,-0.42,2025-09-30,2024-09-30,reported_quarter,LOSS_NARROWING,resolved,,1158114.0,,,,,,,,,,,,,0001437749-25-033627_EarningsPerShareDiluted_2025-07-01_2025-09-30_Q3,eps_pit_v4,2026-08-28T15:19:49.379107+00:00
2026-01-30,AAPL,18.3333333333,SEC,2026-01-30,2.84,2.4,2025-12-27,2024-12-28,reported_quarter,GROWTH,resolved,,320193.0,,,,,,,,,,,,,0000320193-26-000006_EarningsPerShareDiluted_2025-09-28_2025-12-27_Q1,eps_pit_v4,2026-08-28T15:19:49.898595+00:00
2026-01-30,CAH,10.5882352941,SEC,2025-10-30,1.88,1.7,2025-09-30,2024-09-30,reported_quarter,GROWTH,resolved,,721371.0,,,,,,,,,,,,,0000721371-25-000130_EarningsPerShareDiluted_2025-07-01_2025-09-30_Q1,eps_pit_v4,2026-08-28T15:19:51.355105+00:00
2026-01-30,CIEN,-50.0,SEC,2025-12-12,0.13,0.2599999999999999,2025-11-01,2024-11-02,derived_from_fy,DECLINE,resolved,,936395.0,,,,,,,,,,,,,"derived_from_fy(0001628280-25-056698_EarningsPerShareDiluted_2024-11-03_2025-11-01_FY,0000936395-25-000011_EarningsPerShareDiluted_2024-11-03_2025-02-01_Q1,0000936395-25-000025_EarningsPerShareDiluted_2025-02-02_2025-05-03_Q2,0000936395-25-000041_EarningsPerShareDiluted_2025-05-04_2025-08-02_Q3)",eps_pit_v4,2026-08-28T15:19:49.530366+00:00
2026-01-30,GOOG,35.3773584906,SEC,2025-10-30,2.87,2.12,2025-09-30,2024-09-30,reported_quarter,GROWTH,resolved,,1652044.0,,,,,,,,,,,,,0001652044-25-000091_EarningsPerShareDiluted_2025-07-01_2025-09-30_Q3,eps_pit_v4,2026-08-28T15:19:50.023939+00:00
2026-01-30,HON,32.4074074074,SEC,2025-10-23,2.86,2.16,2025-09-30,2024-09-30,reported_quarter,GROWTH,resolved,,773840.0,,,,,,,,,,,,,0000773840-25-000105_EarningsPerShareDiluted_2025-07-01_2025-09-30_Q3,eps_pit_v4,2026-08-28T15:19:50.629697+00:00
2026-01-30,IBM,611.1111111111,SEC,2025-10-23,1.84,-0.36,2025-09-30,2024-09-30,reported_quarter,TURNAROUND,resolved,,51143.0,,,,,,,,,,,,,0000051143-25-000064_EarningsPerShareDiluted_2025-07-01_2025-09-30_Q3,eps_pit_v4,2026-08-28T15:19:50.912022+00:00
2026-01-30,JNJ,90.990990991,SEC,2025-10-22,2.12,1.11,2025-09-28,2024-09-29,reported_quarter,GROWTH,resolved,,200406.0,,,,,,,,,,,,,0000200406-25-000209_EarningsPerShareDiluted_2025-06-30_2025-09-28_Q3,eps_pit_v4,2026-08-28T15:19:51.077152+00:00
2026-01-30,KO,30.303030303,SEC,2025-10-23,0.86,0.66,2025-09-26,2024-09-27,reported_quarter,GROWTH,resolved,,21344.0,,,,,,,,,,,,,0001628280-25-046054_EarningsPerShareDiluted_2025-06-28_2025-09-26_Q3,eps_pit_v4,2026-08-28T15:19:51.552126+00:00
2026-01-30,LMT,155.5066079295,SEC,2026-01-29,5.799999999999997,2.2699999999999996,2025-12-31,2024-12-31,derived_from_fy,GROWTH,resolved,,936468.0,,,,,,,,,,,,,"derived_from_fy(0001628280-26-004195_EarningsPerShareDiluted_2025-01-01_2025-12-31_FY,0000936468-25-000035_EarningsPerShareDiluted_2025-01-01_2025-03-30_Q1,0001628280-25-035565_EarningsPerShareDiluted_2025-03-31_2025-06-29_Q2,0001628280-25-045693_EarningsPerShareDiluted_2025-06-30_2025-09-28_Q3)",eps_pit_v4,2026-08-28T15:19:49.749036+00:00
2026-01-30,MDT,8.0808080808,SEC,2025-11-25,1.07,0.99,2025-10-24,2024-10-25,reported_quarter,GROWTH,resolved,,1613103.0,,,,,,,,,,,,,0001628280-25-053988_EarningsPerShareDiluted_2025-07-26_2025-10-24_Q2,eps_pit_v4,2026-08-28T15:19:51.205965+00:00
2026-01-30,PFG,200.0,SEC,2025-10-29,0.95,-0.95,2025-09-30,2024-09-30,reported_quarter,TURNAROUND,resolved,,1126328.0,,,,,,,,,,,,,0001104659-25-103708_EarningsPerShareDiluted_2025-07-01_2025-09-30_Q3,eps_pit_v4,2026-08-28T15:19:50.232147+00:00
2026-01-30,SCHW,77.4647887324,SEC,2025-11-07,1.26,0.71,2025-09-30,2024-09-30,reported_quarter,GROWTH,resolved,,316709.0,,,,,,,,,,,,,0000316709-25-000051_EarningsPerShareDiluted_2025-07-01_2025-09-30_Q3,eps_pit_v4,2026-08-28T15:19:51.752130+00:00
2026-01-30,ZM,204.5454545455,SEC,2025-11-25,2.01,0.66,2025-10-31,2024-10-31,reported_quarter,GROWTH,resolved,,1585521.0,,,,,,,,,,,,,0001585521-25-000202_EarningsPerShareDiluted_2025-08-01_2025-10-31_Q3,eps_pit_v4,2026-08-28T15:19:50.306379+00:00
2026-02-13,ADC,14.6341463415,SEC,2026-02-10,0.47,0.4099999999999999,2025-12-31,2024-12-31,derived_from_fy,GROWTH,resolved,,917251.0,,,,,,,,,,,,,"derived_from_fy(0000917251-26-000013_EarningsPerShareDiluted_2025-01-01_2025-12-31_FY,0001558370-25-005142_EarningsPerShareDiluted_2025-01-01_2025-03-31_Q1,0001558370-25-009887_EarningsPerShareDiluted_2025-04-01_2025-06-30_Q2,0001104659-25-101233_EarningsPerShareDiluted_2025-07-01_2025-09-30_Q3)",eps_pit_v4,2026-08-28T15:19:54.964090+00:00
2026-02-13,AEIS,1.5384615385,SEC,2026-02-13,1.3199999999999998,1.2999999999999998,2025-12-31,2024-12-31,derived_from_fy,GROWTH,resolved,,927003.0,,,,,,,,,,,,,"derived_from_fy(0001104659-26-014731_EarningsPerShareDiluted_2025-01-01_2025-12-31_FY,0001558370-25-005998_EarningsPerShareDiluted_2025-01-01_2025-03-31_Q1,0001558370-25-010287_EarningsPerShareDiluted_2025-04-01_2025-06-30_Q2,0000927003-25-000023_EarningsPerShareDiluted_2025-07-01_2025-09-30_Q3)",eps_pit_v4,2026-08-28T15:19:52.262225+00:00
2026-02-13,AEO,29.2682926829,SEC,2025-12-09,0.53,0.41,2025-11-01,2024-11-02,reported_quarter,GROWTH,resolved,,919012.0,,,,,,,,,,,,,0001193125-25-312782_EarningsPerShareDiluted_2025-08-03_2025-11-01_Q3,eps_pit_v4,2026-08-28T15:19:52.887466+00:00
2026-02-13,AMAT,12.9186602871,SEC,2025-12-12,2.3600000000000003,2.09,2025-10-26,2024-10-27,derived_from_fy,GROWTH,resolved,,6951.0,,,,,,,,,,,,,"derived_from_fy(0001628280-25-056742_EarningsPerShareDiluted_2024-10-28_2025-10-26_FY,0000006951-25-000011_EarningsPerShareDiluted_2024-10-28_2025-01-26_Q1,0000006951-25-000024_EarningsPerShareDiluted_2025-01-27_2025-04-27_Q2,0000006951-25-000037_EarningsPerShareDiluted_2025-04-28_2025-07-27_Q3)",eps_pit_v4,2026-08-28T15:19:52.466896+00:00
2026-02-13,DG,43.8202247191,SEC,2025-12-04,1.28,0.89,2025-10-31,2024-11-01,reported_quarter,GROWTH,resolved,,29534.0,,,,,,,,,,,,,0001104659-25-118289_EarningsPerShareDiluted_2025-08-02_2025-10-31_Q3,eps_pit_v4,2026-08-28T15:19:54.455529+00:00
2026-02-13,FE,4.1095890411,SEC,2025-10-28,0.76,0.73,2025-09-30,2024-09-30,reported_quarter,GROWTH,resolved,,1031296.0,,,,,,,,,,,,,0001031296-25-000085_EarningsPerShareDiluted_2025-07-01_2025-09-30_Q3,eps_pit_v4,2026-08-28T15:19:55.333490+00:00
2026-02-13,GNRC,-40.7407407407,SEC,2025-11-04,1.12,1.89,2025-09-30,2024-09-30,reported_quarter,DECLINE,resolved,,1474735.0,,,,,,,,,,,,,0001437749-25-033048_EarningsPerShareDiluted_2025-07-01_2025-09-30_Q3,eps_pit_v4,2026-08-28T15:19:52.740491+00:00
2026-02-13,HWM,21.0526315789,SEC,2026-02-12,0.92,0.7600000000000002,2025-12-31,2024-12-31,derived_from_fy,GROWTH,resolved,,4281.0,,,,,,,,,,,,,"derived_from_fy(0000004281-26-000012_EarningsPerShareDiluted_2025-01-01_2025-12-31_FY,0000004281-25-000019_EarningsPerShareDiluted_2025-01-01_2025-03-31_Q1,0000004281-25-000033_EarningsPerShareDiluted_2025-04-01_2025-06-30_Q2,0001628280-25-047584_EarningsPerShareDiluted_2025-07-01_2025-09-30_Q3)",eps_pit_v4,2026-08-28T15:19:55.155581+00:00
2026-02-13,LSCC,-150.0,SEC,2026-02-13,-0.06,0.12,2026-01-03,2024-12-28,derived_from_fy,PROFIT_TO_LOSS,resolved,,855658.0,,,,,,,,,,,,,"derived_from_fy(0001437749-26-004100_EarningsPerShareDiluted_2024-12-29_2026-01-03_FY,0001437749-25-014540_EarningsPerShareDiluted_2024-12-29_2025-03-29_Q1,0001437749-25-024620_EarningsPerShareDiluted_2025-03-30_2025-06-28_Q2,0001437749-25-032777_EarningsPerShareDiluted_2025-06-29_2025-09-27_Q3)",eps_pit_v4,2026-08-28T15:19:52.589848+00:00
2026-02-13,MAS,-4.7058823529,SEC,2026-02-10,0.81,0.8499999999999996,2025-12-31,2024-12-31,derived_from_fy,DECLINE,resolved,,62996.0,,,,,,,,,,,,,"derived_from_fy(0000062996-26-000005_EarningsPerShareDiluted_2025-01-01_2025-12-31_FY,0000062996-25-000010_EarningsPerShareDiluted_2025-01-01_2025-03-31_Q1,0000062996-25-000029_EarningsPerShareDiluted_2025-04-01_2025-06-30_Q2,0000062996-25-000035_EarningsPerShareDiluted_2025-07-01_2025-09-30_Q3)",eps_pit_v4,2026-08-28T15:19:53.999076+00:00
2026-02-13,MTZ,68.5950413223,SEC,2025-10-30,2.04,1.21,2025-09-30,2024-09-30,reported_quarter,GROWTH,resolved,,15615.0,,,,,,,,,,,,,0000015615-25-000128_EarningsPerShareDiluted_2025-07-01_2025-09-30_Q3,eps_pit_v4,2026-08-28T15:19:53.237285+00:00
2026-02-13,NATL,21.4285714286,SEC,2025-11-06,0.34,0.28,2025-09-30,2024-09-30,reported_quarter,GROWTH,resolved,,1974138.0,,,,,,,,,,,,,0001628280-25-050175_EarningsPerShareDiluted_2025-07-01_2025-09-30_Q3,eps_pit_v4,2026-08-28T15:19:54.278822+00:00
2026-02-13,NEM,108.75,SEC,2025-10-23,1.67,0.8,2025-09-30,2024-09-30,reported_quarter,GROWTH,resolved,,1164727.0,,,,,,,,,,,,,0001164727-25-000046_EarningsPerShareDiluted_2025-07-01_2025-09-30_Q3,eps_pit_v4,2026-08-28T15:19:52.097259+00:00
2026-02-13,PFIS,451.1627906977,SEC,2025-11-10,1.51,-0.43,2025-09-30,2024-09-30,reported_quarter,TURNAROUND,resolved,,1056943.0,,,,,,,,,,,,,0001104659-25-108874_EarningsPerShareDiluted_2025-07-01_2025-09-30_Q3,eps_pit_v4,2026-08-28T15:19:54.747080+00:00
2026-02-13,ROST,6.7567567568,SEC,2025-12-10,1.58,1.48,2025-11-01,2024-11-02,reported_quarter,GROWTH,resolved,,745732.0,,,,,,,,,,,,,0000745732-25-000061_EarningsPerShareDiluted_2025-08-03_2025-11-01_Q3,eps_pit_v4,2026-08-28T15:19:54.123234+00:00
2026-02-13,VRT,200.0,SEC,2026-02-13,1.14,0.38,2025-12-31,2024-12-31,derived_from_fy,GROWTH,resolved,,1674101.0,,,,,,,,,,,,,"derived_from_fy(0001674101-26-000008_EarningsPerShareDiluted_2025-01-01_2025-12-31_FY,0001628280-25-019372_EarningsPerShareDiluted_2025-01-01_2025-03-31_Q1,0001674101-25-000008_EarningsPerShareDiluted_2025-04-01_2025-06-30_Q2,0001674101-25-000024_EarningsPerShareDiluted_2025-07-01_2025-09-30_Q3)",eps_pit_v4,2026-08-28T15:19:53.008486+00:00
2026-02-13,WELL,-35.0,SEC,2026-02-12,0.1299999999999999,0.2000000000000001,2025-12-31,2024-12-31,derived_from_fy,DECLINE,resolved,,766704.0,,,,,,,,,,,,,"derived_from_fy(0000766704-26-000010_EarningsPerShareDiluted_2025-01-01_2025-12-31_FY,0000766704-25-000020_EarningsPerShareDiluted_2025-01-01_2025-03-31_Q1,0000766704-25-000029_EarningsPerShareDiluted_2025-04-01_2025-06-30_Q2,0000766704-25-000040_EarningsPerShareDiluted_2025-07-01_2025-09-30_Q3)",eps_pit_v4,2026-08-28T15:19:55.614760+00:00
2026-02-13,WLK,-830.1204819277,SEC,2025-10-31,-6.06,0.83,2025-09-30,2024-09-30,reported_quarter,PROFIT_TO_LOSS,resolved,,1262823.0,,,,,,,,,,,,,0001262823-25-000064_EarningsPerShareDiluted_2025-07-01_2025-09-30_Q3,eps_pit_v4,2026-08-28T15:19:53.497550+00:00
2026-02-13,WULF,-1783.3333333333,SEC,2025-11-10,-1.13,-0.06,2025-09-30,2024-09-30,reported_quarter,LOSS_WIDENING,resolved,,1083301.0,,,,,,,,,,,,,0001083301-25-000099_EarningsPerShareDiluted_2025-07-01_2025-09-30_Q3,eps_pit_v4,2026-08-28T15:19:53.665377+00:00
2026-02-20,AAOI,33.3333333333,SEC,2025-11-06,-0.28,-0.42,2025-09-30,2024-09-30,reported_quarter,LOSS_NARROWING,resolved,,1158114.0,,,,,,,,,,,,,0001437749-25-033627_EarningsPerShareDiluted_2025-07-01_2025-09-30_Q3,eps_pit_v4,2026-08-28T15:19:56.172610+00:00
2026-02-20,AXTI,42.8571428571,SEC,2025-11-13,-0.04,-0.07,2025-09-30,2024-09-30,reported_quarter,LOSS_NARROWING,resolved,,1051627.0,,,,,,,,,,,,,0001437749-25-034843_EarningsPerShareDiluted_2025-07-01_2025-09-30_Q3,eps_pit_v4,2026-08-28T15:19:55.878588+00:00
2026-02-20,CDE,236.3636363636,SEC,2026-02-18,0.37,0.11,2025-12-31,2024-12-31,derived_from_fy,GROWTH,resolved,,215466.0,,,,,,,,,,,,,"derived_from_fy(0000215466-26-000004_EarningsPerShareDiluted_2025-01-01_2025-12-31_FY,0000215466-25-000075_EarningsPerShareDiluted_2025-01-01_2025-03-31_Q1,0000215466-25-000123_EarningsPerShareDiluted_2025-04-01_2025-06-30_Q2,0000215466-25-000137_EarningsPerShareDiluted_2025-07-01_2025-09-30_Q3)",eps_pit_v4,2026-08-28T15:19:56.869776+00:00
2026-02-20,COHR,72.7272727273,SEC,2026-02-04,0.76,0.44,2025-12-31,2024-12-31,reported_quarter,GROWTH,resolved,,820318.0,,,,,,,,,,,,,0000820318-26-000006_EarningsPerShareDiluted_2025-10-01_2025-12-31_Q2,eps_pit_v4,2026-08-28T15:19:56.040552+00:00
2026-02-20,FANG,10.0313479624,SEC,2025-11-05,3.51,3.19,2025-09-30,2024-09-30,reported_quarter,GROWTH,resolved,,1539838.0,,,,,,,,,,,,,0001539838-25-000147_EarningsPerShareDiluted_2025-07-01_2025-09-30_Q3,eps_pit_v4,2026-08-28T15:19:57.889070+00:00
2026-02-20,FN,30.6722689076,SEC,2026-02-03,3.11,2.38,2025-12-26,2024-12-27,reported_quarter,GROWTH,resolved,,1408710.0,,,,,,,,,,,,,0001408710-26-000008_EarningsPerShareDiluted_2025-09-27_2025-12-26_Q2,eps_pit_v4,2026-08-28T15:19:56.456333+00:00
2026-02-20,HEI,32.0,SEC,2025-12-22,1.3200000000000005,1.0,2025-10-31,2024-10-31,derived_from_fy,GROWTH,resolved,,46619.0,,,,,,,,,,,,,"derived_from_fy(0000046619-25-000082_EarningsPerShareDiluted_2024-11-01_2025-10-31_FY,0000046619-25-000015_EarningsPerShareDiluted_2024-11-01_2025-01-31_Q1,0000046619-25-000046_EarningsPerShareDiluted_2025-02-01_2025-04-30_Q2,0000046619-25-000062_EarningsPerShareDiluted_2025-05-01_2025-07-31_Q3)",eps_pit_v4,2026-08-28T15:19:58.395557+00:00
2026-02-20,HWM,21.0526315789,SEC,2026-02-12,0.92,0.7600000000000002,2025-12-31,2024-12-31,derived_from_fy,GROWTH,resolved,,4281.0,,,,,,,,,,,,,"derived_from_fy(0000004281-26-000012_EarningsPerShareDiluted_2025-01-01_2025-12-31_FY,0000004281-25-000019_EarningsPerShareDiluted_2025-01-01_2025-03-31_Q1,0000004281-25-000033_EarningsPerShareDiluted_2025-04-01_2025-06-30_Q2,0001628280-25-047584_EarningsPerShareDiluted_2025-07-01_2025-09-30_Q3)",eps_pit_v4,2026-08-28T15:19:58.181295+00:00
2026-02-20,MRNA,27.8350515464,SEC,2026-02-20,-2.0999999999999996,-2.9099999999999993,2025-12-31,2024-12-31,derived_from_fy,LOSS_NARROWING,resolved,,1682852.0,,,,,,,,,,,,,"derived_from_fy(0001682852-26-000033_EarningsPerShareDiluted_2025-01-01_2025-12-31_FY,0001682852-25-000034_EarningsPerShareDiluted_2025-01-01_2025-03-31_Q1,0001682852-25-000044_EarningsPerShareDiluted_2025-04-01_2025-06-30_Q2,0001682852-25-000075_EarningsPerShareDiluted_2025-07-01_2025-09-30_Q3)",eps_pit_v4,2026-08-28T15:19:57.165097+00:00
2026-02-20,NRG,118.2058047493,SEC,2025-11-06,0.69,-3.79,2025-09-30,2024-09-30,reported_quarter,TURNAROUND,resolved,,1013871.0,,,,,,,,,,,,,0001013871-25-000025_EarningsPerShareDiluted_2025-07-01_2025-09-30_Q3,eps_pit_v4,2026-08-28T15:19:57.673676+00:00
2026-02-20,RTX,8.1818181818,SEC,2026-02-06,1.1900000000000004,1.0999999999999996,2025-12-31,2024-12-31,derived_from_fy,GROWTH,resolved,,101829.0,,,,,,,,,,,,,"derived_from_fy(0000101829-26-000006_EarningsPerShareDiluted_2025-01-01_2025-12-31_FY,0000101829-25-000015_EarningsPerShareDiluted_2025-01-01_2025-03-31_Q1,0000101829-25-000032_EarningsPerShareDiluted_2025-04-01_2025-06-30_Q2,0000101829-25-000042_EarningsPerShareDiluted_2025-07-01_2025-09-30_Q3)",eps_pit_v4,2026-08-28T15:19:57.361934+00:00
2026-02-20,TTMI,840.0,SEC,2026-02-17,0.47,0.05,2025-12-29,2024-12-30,derived_from_fy,GROWTH,resolved,,1116942.0,,,,,,,,,,,,,"derived_from_fy(0001193125-26-051976_EarningsPerShareDiluted_2024-12-31_2025-12-29_FY,0000950170-25-063937_EarningsPerShareDiluted_2024-12-31_2025-03-31_Q1,0000950170-25-102042_EarningsPerShareDiluted_2025-04-01_2025-06-30_Q2,0001193125-25-260708_EarningsPerShareDiluted_2025-07-01_2025-09-29_Q3)",eps_pit_v4,2026-08-28T15:19:56.619591+00:00
2026-02-20,UAL,6.734006734,SEC,2026-02-12,3.169999999999999,2.97,2025-12-31,2024-12-31,derived_from_fy,GROWTH,resolved,,100517.0,,,,,,,,,,,,,"derived_from_fy(0000100517-26-000023_EarningsPerShareDiluted_2025-01-01_2025-12-31_FY,0000100517-25-000091_EarningsPerShareDiluted_2025-01-01_2025-03-31_Q1,0000100517-25-000147_EarningsPerShareDiluted_2025-04-01_2025-06-30_Q2,0000100517-25-000193_EarningsPerShareDiluted_2025-07-01_2025-09-30_Q3)",eps_pit_v4,2026-08-28T15:19:56.316163+00:00
2026-02-20,XPO,-22.2222222222,SEC,2026-02-05,0.4900000000000002,0.6299999999999999,2025-12-31,2024-12-31,derived_from_fy,DECLINE,resolved,,1166003.0,,,,,,,,,,,,,"derived_from_fy(0001166003-26-000016_EarningsPerShareDiluted_2025-01-01_2025-12-31_FY,0001166003-25-000067_EarningsPerShareDiluted_2025-01-01_2025-03-31_Q1,0001166003-25-000076_EarningsPerShareDiluted_2025-04-01_2025-06-30_Q2,0001166003-25-000087_EarningsPerShareDiluted_2025-07-01_2025-09-30_Q3)",eps_pit_v4,2026-08-28T15:19:57.088096+00:00
2026-02-27,AMGN,109.4017094017,SEC,2026-02-13,2.450000000000001,1.17,2025-12-31,2024-12-31,derived_from_fy,GROWTH,resolved,,318154.0,,,,,,,,,,,,,"derived_from_fy(0000318154-26-000010_EarningsPerShareDiluted_2025-01-01_2025-12-31_FY,0000318154-25-000020_EarningsPerShareDiluted_2025-01-01_2025-03-31_Q1,0000318154-25-000056_EarningsPerShareDiluted_2025-04-01_2025-06-30_Q2,0000318154-25-000072_EarningsPerShareDiluted_2025-07-01_2025-09-30_Q3)",eps_pit_v4,2026-08-28T15:20:00.740459+00:00
2026-02-27,APEI,650.0,SEC,2025-11-10,0.3,0.04,2025-09-30,2024-09-30,reported_quarter,GROWTH,resolved,,1201792.0,,,,,,,,,,,,,0001201792-25-000020_EarningsPerShareDiluted_2025-07-01_2025-09-30_Q3,eps_pit_v4,2026-08-28T15:20:01.333640+00:00
2026-02-27,BMY,980.0,SEC,2026-02-11,0.54,0.0499999999999998,2025-12-31,2024-12-31,derived_from_fy,GROWTH,resolved,,14272.0,,,,,,,,,,,,,"derived_from_fy(0000014272-26-000004_EarningsPerShareDiluted_2025-01-01_2025-12-31_FY,0000014272-25-000091_EarningsPerShareDiluted_2025-01-01_2025-03-31_Q1,0000014272-25-000131_EarningsPerShareDiluted_2025-04-01_2025-06-30_Q2,0000014272-25-000149_EarningsPerShareDiluted_2025-07-01_2025-09-30_Q3)",eps_pit_v4,2026-08-28T15:20:01.132873+00:00
2026-02-27,BTSG,209.0909090909,SEC,2026-02-27,0.3399999999999999,0.11,2025-12-31,2024-12-31,derived_from_fy,GROWTH,resolved,,1865782.0,,,,,,,,,,,,,"derived_from_fy(0001193125-26-079454_EarningsPerShareDiluted_2025-01-01_2025-12-31_FY,0000950170-25-062263_EarningsPerShareDiluted_2025-01-01_2025-03-31_Q1,0000950170-25-101119_EarningsPerShareDiluted_2025-04-01_2025-06-30_Q2,0001193125-25-253631_EarningsPerShareDiluted_2025-07-01_2025-09-30_Q3)",eps_pit_v4,2026-08-28T15:19:59.069959+00:00
2026-02-27,CASY,14.0206185567,SEC,2025-12-09,5.53,4.85,2025-10-31,2024-10-31,reported_quarter,GROWTH,resolved,,726958.0,,,,,,,,,,,,,0000726958-25-000114_EarningsPerShareDiluted_2025-08-01_2025-10-31_Q2,eps_pit_v4,2026-08-28T15:20:01.440415+00:00
2026-02-27,CDE,236.3636363636,SEC,2026-02-18,0.37,0.11,2025-12-31,2024-12-31,derived_from_fy,GROWTH,resolved,,215466.0,,,,,,,,,,,,,"derived_from_fy(0000215466-26-000004_EarningsPerShareDiluted_2025-01-01_2025-12-31_FY,0000215466-25-000075_EarningsPerShareDiluted_2025-01-01_2025-03-31_Q1,0000215466-25-000123_EarningsPerShareDiluted_2025-04-01_2025-06-30_Q2,0000215466-25-000137_EarningsPerShareDiluted_2025-07-01_2025-09-30_Q3)",eps_pit_v4,2026-08-28T15:19:59.661867+00:00
2026-02-27,DG,43.8202247191,SEC,2025-12-04,1.28,0.89,2025-10-31,2024-11-01,reported_quarter,GROWTH,resolved,,29534.0,,,,,,,,,,,,,0001104659-25-118289_EarningsPerShareDiluted_2025-08-02_2025-10-31_Q3,eps_pit_v4,2026-08-28T15:20:00.846129+00:00
2026-02-27,EQIX,1521.0526315789,SEC,2026-02-11,2.6999999999999993,-0.1900000000000012,2025-12-31,2024-12-31,derived_from_fy,TURNAROUND,resolved,,1101239.0,,,,,,,,,,,,,"derived_from_fy(0001101239-26-000032_EarningsPerShareDiluted_2025-01-01_2025-12-31_FY,0001628280-25-021086_EarningsPerShareDiluted_2025-01-01_2025-03-31_Q1,0001101239-25-000029_EarningsPerShareDiluted_2025-04-01_2025-06-30_Q2,0001101239-25-000062_EarningsPerShareDiluted_2025-07-01_2025-09-30_Q3)",eps_pit_v4,2026-08-28T15:20:00.182590+00:00
2026-02-27,EXPE,-25.7142857143,SEC,2026-02-13,1.5600000000000005,2.0999999999999996,2025-12-31,2024-12-31,derived_from_fy,DECLINE,resolved,,1324424.0,,,,,,,,,,,,,"derived_from_fy(0001324424-26-000008_EarningsPerShareDiluted_2025-01-01_2025-12-31_FY,0001324424-25-000028_EarningsPerShareDiluted_2025-01-01_2025-03-31_Q1,0001324424-25-000042_EarningsPerShareDiluted_2025-04-01_2025-06-30_Q2,0001324424-25-000051_EarningsPerShareDiluted_2025-07-01_2025-09-30_Q3)",eps_pit_v4,2026-08-28T15:19:59.210435+00:00
2026-02-27,FCX,27.7777777778,SEC,2025-11-06,0.46,0.36,2025-09-30,2024-09-30,reported_quarter,GROWTH,resolved,,831259.0,,,,,,,,,,,,,0000831259-25-000050_EarningsPerShareDiluted_2025-07-01_2025-09-30_Q3,eps_pit_v4,2026-08-28T15:19:59.383602+00:00
2026-02-27,FIGS,900.0,SEC,2026-02-26,0.1,0.01,2025-12-31,2024-12-31,derived_from_fy,GROWTH,resolved,,1846576.0,,,,,,,,,,,,,"derived_from_fy(0001628280-26-012333_EarningsPerShareDiluted_2025-01-01_2025-12-31_FY,0001628280-25-023887_EarningsPerShareDiluted_2025-01-01_2025-03-31_Q1,0001628280-25-038989_EarningsPerShareDiluted_2025-04-01_2025-06-30_Q2,0001628280-25-050211_EarningsPerShareDiluted_2025-07-01_2025-09-30_Q3)",eps_pit_v4,2026-08-28T15:19:58.678419+00:00
2026-02-27,GMED,431.5789473684,SEC,2026-02-24,1.0099999999999998,0.1899999999999999,2025-12-31,2024-12-31,derived_from_fy,GROWTH,resolved,,1237831.0,,,,,,,,,,,,,"derived_from_fy(0001628280-26-011209_EarningsPerShareDiluted_2025-01-01_2025-12-31_FY,0001562762-25-000118_EarningsPerShareDiluted_2025-01-01_2025-03-31_Q1,0001562762-25-000200_EarningsPerShareDiluted_2025-04-01_2025-06-30_Q2,0001237831-25-000031_EarningsPerShareDiluted_2025-07-01_2025-09-30_Q3)",eps_pit_v4,2026-08-28T15:19:59.033813+00:00
2026-02-27,JNJ,47.5177304965,SEC,2026-02-11,2.08,1.41,2025-12-28,2024-12-29,derived_from_fy,GROWTH,resolved,,200406.0,,,,,,,,,,,,,"derived_from_fy(0000200406-26-000016_EarningsPerShareDiluted_2024-12-30_2025-12-28_FY,0000200406-25-000119_EarningsPerShareDiluted_2024-12-30_2025-03-30_Q1,0000200406-25-000178_EarningsPerShareDiluted_2025-03-31_2025-06-29_Q2,0000200406-25-000209_EarningsPerShareDiluted_2025-06-30_2025-09-28_Q3)",eps_pit_v4,2026-08-28T15:20:00.578313+00:00
2026-02-27,KO,6.0,SEC,2026-02-20,0.5300000000000002,0.5,2025-12-31,2024-12-31,derived_from_fy,GROWTH,resolved,,21344.0,,,,,,,,,,,,,"derived_from_fy(0001628280-26-010047_EarningsPerShareDiluted_2025-01-01_2025-12-31_FY,0000021344-25-000029_EarningsPerShareDiluted_2025-01-01_2025-03-28_Q1,0000021344-25-000061_EarningsPerShareDiluted_2025-03-29_2025-06-27_Q2,0001628280-25-046054_EarningsPerShareDiluted_2025-06-28_2025-09-26_Q3)",eps_pit_v4,2026-08-28T15:20:01.860161+00:00
2026-02-27,LH,15.1162790698,SEC,2026-02-24,1.9800000000000004,1.7199999999999998,2025-12-31,2024-12-31,derived_from_fy,GROWTH,resolved,,920148.0,,,,,,,,,,,,,"derived_from_fy(0000920148-26-000111_EarningsPerShareDiluted_2025-01-01_2025-12-31_FY,0000920148-25-000059_EarningsPerShareDiluted_2025-01-01_2025-03-31_Q1,0000920148-25-000081_EarningsPerShareDiluted_2025-04-01_2025-06-30_Q2,0000920148-25-000096_EarningsPerShareDiluted_2025-07-01_2025-09-30_Q3)",eps_pit_v4,2026-08-28T15:20:01.615258+00:00
2026-02-27,NATL,98.1818181818,SEC,2026-02-27,1.09,0.55,2025-12-31,2024-12-31,reported_quarter,GROWTH,resolved,,1974138.0,,,,,,,,,,,,,0001628280-26-012576_EarningsPerShareDiluted_2025-10-01_2025-12-31_FY,eps_pit_v4,2026-08-28T15:20:01.660243+00:00
2026-02-27,NEM,-3.2520325203,SEC,2026-02-19,1.1899999999999995,1.23,2025-12-31,2024-12-31,derived_from_fy,DECLINE,resolved,,1164727.0,,,,,,,,,,,,,"derived_from_fy(0001164727-26-000010_EarningsPerShareDiluted_2025-01-01_2025-12-31_FY,0001164727-25-000020_EarningsPerShareDiluted_2025-01-01_2025-03-31_Q1,0001164727-25-000035_EarningsPerShareDiluted_2025-04-01_2025-06-30_Q2,0001164727-25-000046_EarningsPerShareDiluted_2025-07-01_2025-09-30_Q3)",eps_pit_v4,2026-08-28T15:19:58.902565+00:00
2026-02-27,TKO,-128.5714285714,SEC,2026-02-25,-0.08,0.28,2025-12-31,2024-12-31,reported_quarter,PROFIT_TO_LOSS,resolved,,1973266.0,,,,,,,,,,,,,0001193125-26-071651_EarningsPerShareDiluted_2025-10-01_2025-12-31_FY,eps_pit_v4,2026-08-28T15:20:01.902588+00:00
2026-02-27,VICR,142.3076923077,SEC,2025-10-29,0.63,0.26,2025-09-30,2024-09-30,reported_quarter,GROWTH,resolved,,751978.0,,,,,,,,,,,,,0001193125-25-256259_EarningsPerShareDiluted_2025-07-01_2025-09-30_Q3,eps_pit_v4,2026-08-28T15:19:58.630273+00:00
2026-02-27,VVX,-6.4102564103,SEC,2026-02-23,0.7300000000000002,0.78,2025-12-31,2024-12-31,derived_from_fy,DECLINE,resolved,,1601548.0,,,,,,,,,,,,,"derived_from_fy(0001601548-26-000015_EarningsPerShareDiluted_2025-01-01_2025-12-31_FY,0001601548-25-000025_EarningsPerShareDiluted_2025-01-01_2025-03-28_Q1,0001601548-25-000048_EarningsPerShareDiluted_2025-03-29_2025-06-27_Q2,0001601548-25-000066_EarningsPerShareDiluted_2025-06-28_2025-09-26_Q3)",eps_pit_v4,2026-08-28T15:19:59.491166+00:00
2026-02-27,WULF,-255.5555555556,SEC,2026-02-27,-0.32,-0.09,2025-12-31,2024-12-31,derived_from_fy,LOSS_WIDENING,resolved,,1083301.0,,,,,,,,,,,,,"derived_from_fy(0001083301-26-000031_EarningsPerShareDiluted_2025-01-01_2025-12-31_FY,0001083301-25-000038_EarningsPerShareDiluted_2025-01-01_2025-03-31_Q1,0001083301-25-000061_EarningsPerShareDiluted_2025-04-01_2025-06-30_Q2,0001083301-25-000099_EarningsPerShareDiluted_2025-07-01_2025-09-30_Q3)",eps_pit_v4,2026-08-28T15:19:59.908295+00:00
2026-03-06,CF,37.6344086022,SEC,2026-02-25,2.5600000000000005,1.8600000000000003,2025-12-31,2024-12-31,derived_from_fy,GROWTH,resolved,,1324404.0,,,,,,,,,,,,,"derived_from_fy(0001324404-26-000007_EarningsPerShareDiluted_2025-01-01_2025-12-31_FY,0001324404-25-000015_EarningsPerShareDiluted_2025-01-01_2025-03-31_Q1,0001324404-25-000024_EarningsPerShareDiluted_2025-04-01_2025-06-30_Q2,0001324404-25-000030_EarningsPerShareDiluted_2025-07-01_2025-09-30_Q3)",eps_pit_v4,2026-08-28T15:20:02.801623+00:00
2026-03-06,EXPE,-25.7142857143,SEC,2026-02-13,1.5600000000000005,2.0999999999999996,2025-12-31,2024-12-31,derived_from_fy,DECLINE,resolved,,1324424.0,,,,,,,,,,,,,"derived_from_fy(0001324424-26-000008_EarningsPerShareDiluted_2025-01-01_2025-12-31_FY,0001324424-25-000028_EarningsPerShareDiluted_2025-01-01_2025-03-31_Q1,0001324424-25-000042_EarningsPerShareDiluted_2025-04-01_2025-06-30_Q2,0001324424-25-000051_EarningsPerShareDiluted_2025-07-01_2025-09-30_Q3)",eps_pit_v4,2026-08-28T15:20:02.459887+00:00
2026-03-06,FIGS,900.0,SEC,2026-02-26,0.1,0.01,2025-12-31,2024-12-31,derived_from_fy,GROWTH,resolved,,1846576.0,,,,,,,,,,,,,"derived_from_fy(0001628280-26-012333_EarningsPerShareDiluted_2025-01-01_2025-12-31_FY,0001628280-25-023887_EarningsPerShareDiluted_2025-01-01_2025-03-31_Q1,0001628280-25-038989_EarningsPerShareDiluted_2025-04-01_2025-06-30_Q2,0001628280-25-050211_EarningsPerShareDiluted_2025-07-01_2025-09-30_Q3)",eps_pit_v4,2026-08-28T15:20:02.003843+00:00
2026-03-06,LMT,155.5066079295,SEC,2026-01-29,5.799999999999997,2.2699999999999996,2025-12-31,2024-12-31,derived_from_fy,GROWTH,resolved,,936468.0,,,,,,,,,,,,,"derived_from_fy(0001628280-26-004195_EarningsPerShareDiluted_2025-01-01_2025-12-31_FY,0000936468-25-000035_EarningsPerShareDiluted_2025-01-01_2025-03-30_Q1,0001628280-25-035565_EarningsPerShareDiluted_2025-03-31_2025-06-29_Q2,0001628280-25-045693_EarningsPerShareDiluted_2025-06-30_2025-09-28_Q3)",eps_pit_v4,2026-08-28T15:20:02.942899+00:00
2026-03-06,MPC,283.8461538462,SEC,2026-02-26,4.99,1.299999999999999,2025-12-31,2024-12-31,derived_from_fy,GROWTH,resolved,,1510295.0,,,,,,,,,,,,,"derived_from_fy(0001510295-26-000009_EarningsPerShareDiluted_2025-01-01_2025-12-31_FY,0001510295-25-000039_EarningsPerShareDiluted_2025-01-01_2025-03-31_Q1,0001510295-25-000054_EarningsPerShareDiluted_2025-04-01_2025-06-30_Q2,0001510295-25-000064_EarningsPerShareDiluted_2025-07-01_2025-09-30_Q3)",eps_pit_v4,2026-08-28T15:20:02.182586+00:00
2026-03-06,PBF,130.7053941909,SEC,2026-02-12,0.74,-2.4099999999999993,2025-12-31,2024-12-31,derived_from_fy,TURNAROUND,resolved,,1534504.0,,,,,,,,,,,,,"derived_from_fy(0001534504-26-000010_EarningsPerShareDiluted_2025-01-01_2025-12-31_FY,0001534504-25-000031_EarningsPerShareDiluted_2025-01-01_2025-03-31_Q1,0001534504-25-000047_EarningsPerShareDiluted_2025-04-01_2025-06-30_Q2,0001534504-25-000062_EarningsPerShareDiluted_2025-07-01_2025-09-30_Q3)",eps_pit_v4,2026-08-28T15:20:02.320132+00:00
2026-03-06,RTX,8.1818181818,SEC,2026-02-06,1.1900000000000004,1.0999999999999996,2025-12-31,2024-12-31,derived_from_fy,GROWTH,resolved,,101829.0,,,,,,,,,,,,,"derived_from_fy(0000101829-26-000006_EarningsPerShareDiluted_2025-01-01_2025-12-31_FY,0000101829-25-000015_EarningsPerShareDiluted_2025-01-01_2025-03-31_Q1,0000101829-25-000032_EarningsPerShareDiluted_2025-04-01_2025-06-30_Q2,0000101829-25-000042_EarningsPerShareDiluted_2025-07-01_2025-09-30_Q3)",eps_pit_v4,2026-08-28T15:20:03.170715+00:00
2026-03-06,VVX,-6.4102564103,SEC,2026-02-23,0.7300000000000002,0.78,2025-12-31,2024-12-31,derived_from_fy,DECLINE,resolved,,1601548.0,,,,,,,,,,,,,"derived_from_fy(0001601548-26-000015_EarningsPerShareDiluted_2025-01-01_2025-12-31_FY,0001601548-25-000025_EarningsPerShareDiluted_2025-01-01_2025-03-28_Q1,0001601548-25-000048_EarningsPerShareDiluted_2025-03-29_2025-06-27_Q2,0001601548-25-000066_EarningsPerShareDiluted_2025-06-28_2025-09-26_Q3)",eps_pit_v4,2026-08-28T15:20:02.557792+00:00
2026-03-13,APEI,6.3492063492,SEC,2026-03-12,0.67,0.63,2025-12-31,2024-12-31,reported_quarter,GROWTH,resolved,,1201792.0,,,,,,,,,,,,,0001201792-26-000004_EarningsPerShareDiluted_2025-10-01_2025-12-31_FY,eps_pit_v4,2026-08-28T15:20:04.205050+00:00
2026-03-13,BTU,-56.0,SEC,2026-02-19,0.1099999999999999,0.2500000000000004,2025-12-31,2024-12-31,derived_from_fy,DECLINE,resolved,,1064728.0,,,,,,,,,,,,,"derived_from_fy(0001064728-26-000006_EarningsPerShareDiluted_2025-01-01_2025-12-31_FY,0001064728-25-000064_EarningsPerShareDiluted_2025-01-01_2025-03-31_Q1,0001064728-25-000115_EarningsPerShareDiluted_2025-04-01_2025-06-30_Q2,0001064728-25-000139_EarningsPerShareDiluted_2025-07-01_2025-09-30_Q3)",eps_pit_v4,2026-08-28T15:20:03.717118+00:00
2026-03-13,DOCN,21.0526315789,SEC,2026-02-24,0.2299999999999999,0.19,2025-12-31,2024-12-31,derived_from_fy,GROWTH,resolved,,1582961.0,,,,,,,,,,,,,"derived_from_fy(0001582961-26-000019_EarningsPerShareDiluted_2025-01-01_2025-12-31_FY,0001582961-25-000087_EarningsPerShareDiluted_2025-01-01_2025-03-31_Q1,0001582961-25-000138_EarningsPerShareDiluted_2025-04-01_2025-06-30_Q2,0001582961-25-000150_EarningsPerShareDiluted_2025-07-01_2025-09-30_Q3)",eps_pit_v4,2026-08-28T15:20:03.506107+00:00
2026-03-13,EQIX,1521.0526315789,SEC,2026-02-11,2.6999999999999993,-0.1900000000000012,2025-12-31,2024-12-31,derived_from_fy,TURNAROUND,resolved,,1101239.0,,,,,,,,,,,,,"derived_from_fy(0001101239-26-000032_EarningsPerShareDiluted_2025-01-01_2025-12-31_FY,0001628280-25-021086_EarningsPerShareDiluted_2025-01-01_2025-03-31_Q1,0001101239-25-000029_EarningsPerShareDiluted_2025-04-01_2025-06-30_Q2,0001101239-25-000062_EarningsPerShareDiluted_2025-07-01_2025-09-30_Q3)",eps_pit_v4,2026-08-28T15:20:04.084309+00:00
2026-03-13,KR,-340.4761904762,SEC,2025-12-12,-2.02,0.84,2025-11-08,2024-11-09,reported_quarter,PROFIT_TO_LOSS,resolved,,56873.0,,,,,,,,,,,,,0001104659-25-120642_EarningsPerShareDiluted_2025-08-17_2025-11-08_Q3,eps_pit_v4,2026-08-28T15:20:04.668868+00:00
2026-03-13,MU,175.4491017964,SEC,2025-12-18,4.6,1.67,2025-11-27,2024-11-28,reported_quarter,GROWTH,resolved,,723125.0,,,,,,,,,,,,,0000723125-25-000046_EarningsPerShareDiluted_2025-08-29_2025-11-27_Q1,eps_pit_v4,2026-08-28T15:20:03.367683+00:00
2026-03-13,NFG,304.0816326531,SEC,2026-01-29,1.98,0.49,2025-12-31,2024-12-31,reported_quarter,GROWTH,resolved,,70145.0,,,,,,,,,,,,,0000070145-26-000009_EarningsPerShareDiluted_2025-10-01_2025-12-31_Q1,eps_pit_v4,2026-08-28T15:20:04.434214+00:00
2026-03-13,SNDK,615.2777777778,SEC,2026-01-30,5.15,0.72,2026-01-02,2024-12-27,reported_quarter,GROWTH,resolved,,2023554.0,,,,,,,,,,,,,0001628280-26-004407_EarningsPerShareDiluted_2025-10-04_2026-01-02_Q2,eps_pit_v4,2026-08-28T15:20:03.536324+00:00
2026-03-13,WLK,-6128.5714285715,SEC,2026-02-26,-4.22,0.0699999999999994,2025-12-31,2024-12-31,derived_from_fy,PROFIT_TO_LOSS,resolved,,1262823.0,,,,,,,,,,,,,"derived_from_fy(0001262823-26-000016_EarningsPerShareDiluted_2025-01-01_2025-12-31_FY,0001262823-25-000029_EarningsPerShareDiluted_2025-01-01_2025-03-31_Q1,0001262823-25-000052_EarningsPerShareDiluted_2025-04-01_2025-06-30_Q2,0001262823-25-000064_EarningsPerShareDiluted_2025-07-01_2025-09-30_Q3)",eps_pit_v4,2026-08-28T15:20:03.862438+00:00
2026-03-20,BTU,-56.0,SEC,2026-02-19,0.1099999999999999,0.2500000000000004,2025-12-31,2024-12-31,derived_from_fy,DECLINE,resolved,,1064728.0,,,,,,,,,,,,,"derived_from_fy(0001064728-26-000006_EarningsPerShareDiluted_2025-01-01_2025-12-31_FY,0001064728-25-000064_EarningsPerShareDiluted_2025-01-01_2025-03-31_Q1,0001064728-25-000115_EarningsPerShareDiluted_2025-04-01_2025-06-30_Q2,0001064728-25-000139_EarningsPerShareDiluted_2025-07-01_2025-09-30_Q3)",eps_pit_v4,2026-08-28T15:20:05.695052+00:00
2026-03-20,CIEN,232.2580645161,SEC,2026-03-05,1.03,0.31,2026-01-31,2025-02-01,reported_quarter,GROWTH,resolved,,936395.0,,,,,,,,,,,,,0001628280-26-015152_EarningsPerShareDiluted_2025-11-02_2026-01-31_Q1,eps_pit_v4,2026-08-28T15:20:05.089001+00:00
2026-03-20,DOCN,21.0526315789,SEC,2026-02-24,0.2299999999999999,0.19,2025-12-31,2024-12-31,derived_from_fy,GROWTH,resolved,,1582961.0,,,,,,,,,,,,,"derived_from_fy(0001582961-26-000019_EarningsPerShareDiluted_2025-01-01_2025-12-31_FY,0001582961-25-000087_EarningsPerShareDiluted_2025-01-01_2025-03-31_Q1,0001582961-25-000138_EarningsPerShareDiluted_2025-04-01_2025-06-30_Q2,0001582961-25-000150_EarningsPerShareDiluted_2025-07-01_2025-09-30_Q3)",eps_pit_v4,2026-08-28T15:20:04.934145+00:00
2026-03-20,LMND,35.7142857143,SEC,2026-02-25,-0.2700000000000002,-0.4199999999999999,2025-12-31,2024-12-31,derived_from_fy,LOSS_NARROWING,resolved,,1691421.0,,,,,,,,,,,,,"derived_from_fy(0001691421-26-000016_EarningsPerShareDiluted_2025-01-01_2025-12-31_FY,0001691421-25-000066_EarningsPerShareDiluted_2025-01-01_2025-03-31_Q1,0001691421-25-000124_EarningsPerShareDiluted_2025-04-01_2025-06-30_Q2,0001691421-25-000149_EarningsPerShareDiluted_2025-07-01_2025-09-30_Q3)",eps_pit_v4,2026-08-28T15:20:05.762354+00:00
2026-03-20,MTZ,90.5263157895,SEC,2026-02-26,1.81,0.9500000000000002,2025-12-31,2024-12-31,derived_from_fy,GROWTH,resolved,,15615.0,,,,,,,,,,,,,"derived_from_fy(0000015615-26-000020_EarningsPerShareDiluted_2025-01-01_2025-12-31_FY,0000015615-25-000052_EarningsPerShareDiluted_2025-01-01_2025-03-31_Q1,0000015615-25-000079_EarningsPerShareDiluted_2025-04-01_2025-06-30_Q2,0000015615-25-000128_EarningsPerShareDiluted_2025-07-01_2025-09-30_Q3)",eps_pit_v4,2026-08-28T15:20:05.517936+00:00
2026-03-20,SEDG,55.8,SEC,2026-02-25,-2.21,-5.0000000000000036,2025-12-31,2024-12-31,derived_from_fy,LOSS_NARROWING,resolved,,1419612.0,,,,,,,,,,,,,"derived_from_fy(0001178913-26-000632_EarningsPerShareDiluted_2025-01-01_2025-12-31_FY,0001178913-25-001662_EarningsPerShareDiluted_2025-01-01_2025-03-31_Q1,0001178913-25-002690_EarningsPerShareDiluted_2025-04-01_2025-06-30_Q2,0001178913-25-003678_EarningsPerShareDiluted_2025-07-01_2025-09-30_Q3)",eps_pit_v4,2026-08-28T15:20:05.357039+00:00
2026-03-20,STX,67.7419354839,SEC,2026-01-30,2.6,1.55,2026-01-02,2024-12-27,reported_quarter,GROWTH,resolved,,1137789.0,,,,,,,,,,,,,0001137789-26-000026_EarningsPerShareDiluted_2025-10-04_2026-01-02_Q2,eps_pit_v4,2026-08-28T15:20:05.242792+00:00
2026-03-20,WDC,190.1840490798,SEC,2026-01-30,4.73,1.63,2026-01-02,2024-12-27,reported_quarter,GROWTH,resolved,,106040.0,,,,,,,,,,,,,0001628280-26-004207_EarningsPerShareDiluted_2025-10-04_2026-01-02_Q2,eps_pit_v4,2026-08-28T15:20:04.866778+00:00
2026-03-27,BKR,-58.5365853659,SEC,2025-02-04,0.1699999999999999,0.4099999999999999,2022-12-31,2021-12-31,derived_from_fy,DECLINE,resolved,,1701605.0,,,,,,,,,,,,,"derived_from_fy(0001701605-25-000035_EarningsPerShareDiluted_2022-01-01_2022-12-31_FY,0001701605-22-000079_EarningsPerShareDiluted_2022-01-01_2022-03-31_Q1,0001701605-22-000113_EarningsPerShareDiluted_2022-04-01_2022-06-30_Q2,0001701605-22-000151_EarningsPerShareDiluted_2022-07-01_2022-09-30_Q3)",eps_pit_v4,2026-08-28T15:20:07.150752+00:00
2026-03-27,CASY,49.7854077253,SEC,2026-03-09,3.49,2.33,2026-01-31,2025-01-31,reported_quarter,GROWTH,resolved,,726958.0,,,,,,,,,,,,,0000726958-26-000010_EarningsPerShareDiluted_2025-11-01_2026-01-31_Q3,eps_pit_v4,2026-08-28T15:20:07.056352+00:00
2026-03-27,DELL,54.8837209302,SEC,2026-03-16,3.33,2.15,2026-01-30,2025-01-31,derived_from_fy,GROWTH,resolved,,1571996.0,,,,,,,,,,,,,"derived_from_fy(0001571996-26-000008_EarningsPerShareDiluted_2025-02-01_2026-01-30_FY,0001571996-25-000063_EarningsPerShareDiluted_2025-02-01_2025-05-02_Q1,0001571996-25-000102_EarningsPerShareDiluted_2025-05-03_2025-08-01_Q2,0001571996-25-000127_EarningsPerShareDiluted_2025-08-02_2025-10-31_Q3)",eps_pit_v4,2026-08-28T15:20:05.940338+00:00
2026-03-27,EQIX,1521.0526315789,SEC,2026-02-11,2.6999999999999993,-0.1900000000000012,2025-12-31,2024-12-31,derived_from_fy,TURNAROUND,resolved,,1101239.0,,,,,,,,,,,,,"derived_from_fy(0001101239-26-000032_EarningsPerShareDiluted_2025-01-01_2025-12-31_FY,0001628280-25-021086_EarningsPerShareDiluted_2025-01-01_2025-03-31_Q1,0001101239-25-000029_EarningsPerShareDiluted_2025-04-01_2025-06-30_Q2,0001101239-25-000062_EarningsPerShareDiluted_2025-07-01_2025-09-30_Q3)",eps_pit_v4,2026-08-28T15:20:06.607820+00:00
2026-03-27,FCX,27.7777777778,SEC,2025-11-06,0.46,0.36,2025-09-30,2024-09-30,reported_quarter,GROWTH,resolved,,831259.0,,,,,,,,,,,,,0000831259-25-000050_EarningsPerShareDiluted_2025-07-01_2025-09-30_Q3,eps_pit_v4,2026-08-28T15:20:06.340802+00:00
2026-03-27,GEV,658.8571428571,SEC,2026-01-29,13.28,1.7499999999999996,2025-12-31,2024-12-31,derived_from_fy,GROWTH,resolved,,1996810.0,,,,,,,,,,,,,"derived_from_fy(0001996810-26-000015_EarningsPerShareDiluted_2025-01-01_2025-12-31_FY,0001996810-25-000073_EarningsPerShareDiluted_2025-01-01_2025-03-31_Q1,0001996810-25-000133_EarningsPerShareDiluted_2025-04-01_2025-06-30_Q2,0001996810-25-000160_EarningsPerShareDiluted_2025-07-01_2025-09-30_Q3)",eps_pit_v4,2026-08-28T15:20:06.377526+00:00
2026-03-27,NEM,-3.2520325203,SEC,2026-02-19,1.1899999999999995,1.23,2025-12-31,2024-12-31,derived_from_fy,DECLINE,resolved,,1164727.0,,,,,,,,,,,,,"derived_from_fy(0001164727-26-000010_EarningsPerShareDiluted_2025-01-01_2025-12-31_FY,0001164727-25-000020_EarningsPerShareDiluted_2025-01-01_2025-03-31_Q1,0001164727-25-000035_EarningsPerShareDiluted_2025-04-01_2025-06-30_Q2,0001164727-25-000046_EarningsPerShareDiluted_2025-07-01_2025-09-30_Q3)",eps_pit_v4,2026-08-28T15:20:06.164906+00:00
2026-03-27,NFG,304.0816326531,SEC,2026-01-29,1.98,0.49,2025-12-31,2024-12-31,reported_quarter,GROWTH,resolved,,70145.0,,,,,,,,,,,,,0000070145-26-000009_EarningsPerShareDiluted_2025-10-01_2025-12-31_Q1,eps_pit_v4,2026-08-28T15:20:06.946649+00:00
2026-03-27,PFIS,155.3191489362,SEC,2026-03-16,1.2000000000000002,0.47,2025-12-31,2024-12-31,derived_from_fy,GROWTH,resolved,,1056943.0,,,,,,,,,,,,,"derived_from_fy(0001104659-26-028106_EarningsPerShareDiluted_2025-01-01_2025-12-31_FY,0001558370-25-007366_EarningsPerShareDiluted_2025-01-01_2025-03-31_Q1,0001558370-25-011043_EarningsPerShareDiluted_2025-04-01_2025-06-30_Q2,0001104659-25-108874_EarningsPerShareDiluted_2025-07-01_2025-09-30_Q3)",eps_pit_v4,2026-08-28T15:20:06.783953+00:00
2026-04-02,AA,-32.2033898305,SEC,2026-02-26,0.8000000000000003,1.18,2025-12-31,2024-12-31,derived_from_fy,DECLINE,resolved,,1675149.0,,,,,,,,,,,,,"derived_from_fy(0001193125-26-077167_EarningsPerShareDiluted_2025-01-01_2025-12-31_FY,0000950170-25-061867_EarningsPerShareDiluted_2025-01-01_2025-03-31_Q1,0000950170-25-100979_EarningsPerShareDiluted_2025-04-01_2025-06-30_Q2,0001193125-25-253570_EarningsPerShareDiluted_2025-07-01_2025-09-30_Q3)",eps_pit_v4,2026-08-28T15:20:12.421417+00:00
2026-04-02,AD,616.6666666667,SEC,2026-02-20,0.43,0.06,2025-12-31,2024-12-31,derived_from_fy,GROWTH,resolved,,821130.0,,,,,,,,,,,,,"derived_from_fy(0000821130-26-000012_EarningsPerShareDiluted_2025-01-01_2025-12-31_FY,0000821130-25-000032_EarningsPerShareDiluted_2025-01-01_2025-03-31_Q1,0000821130-25-000051_EarningsPerShareDiluted_2025-04-01_2025-06-30_Q2,0000821130-25-000070_EarningsPerShareDiluted_2025-07-01_2025-09-30_Q3)",eps_pit_v4,2026-08-28T15:20:12.679240+00:00
2026-04-02,ADC,14.6341463415,SEC,2026-02-10,0.47,0.4099999999999999,2025-12-31,2024-12-31,derived_from_fy,GROWTH,resolved,,917251.0,,,,,,,,,,,,,"derived_from_fy(0000917251-26-000013_EarningsPerShareDiluted_2025-01-01_2025-12-31_FY,0001558370-25-005142_EarningsPerShareDiluted_2025-01-01_2025-03-31_Q1,0001558370-25-009887_EarningsPerShareDiluted_2025-04-01_2025-06-30_Q2,0001104659-25-101233_EarningsPerShareDiluted_2025-07-01_2025-09-30_Q3)",eps_pit_v4,2026-08-28T15:20:13.817960+00:00
2026-04-02,AROW,214.8148148148,SEC,2026-03-06,0.8499999999999999,0.27,2025-12-31,2024-12-31,derived_from_fy,GROWTH,resolved,,717538.0,,,,,,,,,,,,,"derived_from_fy(0000717538-26-000037_EarningsPerShareDiluted_2025-01-01_2025-12-31_FY,0000717538-25-000056_EarningsPerShareDiluted_2025-01-01_2025-03-31_Q1,0000717538-25-000079_EarningsPerShareDiluted_2025-04-01_2025-06-30_Q2,0000717538-25-000102_EarningsPerShareDiluted_2025-07-01_2025-09-30_Q3)",eps_pit_v4,2026-08-28T15:20:10.463371+00:00
2026-04-02,BBT,220.0,SEC,2026-03-02,0.64,0.2,2025-12-31,2024-12-31,reported_quarter,GROWTH,resolved,,1108134.0,,,,,,,,,,,,,0001628280-26-013247_EarningsPerShareDiluted_2025-10-01_2025-12-31_FY,eps_pit_v4,2026-08-28T15:20:10.944806+00:00
2026-04-02,BMY,980.0,SEC,2026-02-11,0.54,0.0499999999999998,2025-12-31,2024-12-31,derived_from_fy,GROWTH,resolved,,14272.0,,,,,,,,,,,,,"derived_from_fy(0000014272-26-000004_EarningsPerShareDiluted_2025-01-01_2025-12-31_FY,0000014272-25-000091_EarningsPerShareDiluted_2025-01-01_2025-03-31_Q1,0000014272-25-000131_EarningsPerShareDiluted_2025-04-01_2025-06-30_Q2,0000014272-25-000149_EarningsPerShareDiluted_2025-07-01_2025-09-30_Q3)",eps_pit_v4,2026-08-28T15:20:11.730790+00:00
2026-04-02,BTSG,209.0909090909,SEC,2026-02-27,0.3399999999999999,0.11,2025-12-31,2024-12-31,derived_from_fy,GROWTH,resolved,,1865782.0,,,,,,,,,,,,,"derived_from_fy(0001193125-26-079454_EarningsPerShareDiluted_2025-01-01_2025-12-31_FY,0000950170-25-062263_EarningsPerShareDiluted_2025-01-01_2025-03-31_Q1,0000950170-25-101119_EarningsPerShareDiluted_2025-04-01_2025-06-30_Q2,0001193125-25-253631_EarningsPerShareDiluted_2025-07-01_2025-09-30_Q3)",eps_pit_v4,2026-08-28T15:20:08.578870+00:00
2026-04-02,BVFL,188.8888888889,SEC,2026-03-27,0.52,0.1800000000000001,2025-12-31,2024-12-31,derived_from_fy,GROWTH,resolved,,1302387.0,,,,,,,,,,,,,"derived_from_fy(0001193125-26-128285_EarningsPerShareDiluted_2025-01-01_2025-12-31_FY,0000950170-25-069955_EarningsPerShareDiluted_2025-01-01_2025-03-31_Q1,0000950170-25-107717_EarningsPerShareDiluted_2025-04-01_2025-06-30_Q2,0001193125-25-279386_EarningsPerShareDiluted_2025-07-01_2025-09-30_Q3)",eps_pit_v4,2026-08-28T15:20:12.778150+00:00
2026-04-02,CLST,0.0,SEC,2026-03-31,0.13,0.1299999999999999,2025-12-31,2024-12-31,derived_from_fy,GROWTH,resolved,,1849867.0,,,,,,,,,,,,,"derived_from_fy(0001104659-26-037676_EarningsPerShareDiluted_2025-01-01_2025-12-31_FY,0001558370-25-007768_EarningsPerShareDiluted_2025-01-01_2025-03-31_Q1,0001558370-25-011368_EarningsPerShareDiluted_2025-04-01_2025-06-30_Q2,0001104659-25-111034_EarningsPerShareDiluted_2025-07-01_2025-09-30_Q3)",eps_pit_v4,2026-08-28T15:20:13.085293+00:00
2026-04-02,D,364.2857142857,SEC,2026-02-23,0.65,0.14,2025-12-31,2024-12-31,reported_quarter,GROWTH,resolved,,715957.0,,,,,,,,,,,,,0001193125-26-063120_EarningsPerShareDiluted_2025-10-01_2025-12-31_FY,eps_pit_v4,2026-08-28T15:20:13.681473+00:00
2026-04-02,ELA,214.2857142857,SEC,2026-03-18,0.22,0.07,2025-12-31,2024-12-31,derived_from_fy,GROWTH,resolved,,701719.0,,,,,,,,,,,,,"derived_from_fy(0000701719-26-000004_EarningsPerShareDiluted_2025-01-01_2025-12-31_FY,0000701719-25-000020_EarningsPerShareDiluted_2025-01-01_2025-03-31_Q1,0000701719-25-000036_EarningsPerShareDiluted_2025-04-01_2025-06-30_Q2,0000701719-25-000045_EarningsPerShareDiluted_2025-07-01_2025-09-30_Q3)",eps_pit_v4,2026-08-28T15:20:11.254805+00:00
2026-04-02,EQIX,1521.0526315789,SEC,2026-02-11,2.6999999999999993,-0.1900000000000012,2025-12-31,2024-12-31,derived_from_fy,TURNAROUND,resolved,,1101239.0,,,,,,,,,,,,,"derived_from_fy(0001101239-26-000032_EarningsPerShareDiluted_2025-01-01_2025-12-31_FY,0001628280-25-021086_EarningsPerShareDiluted_2025-01-01_2025-03-31_Q1,0001101239-25-000029_EarningsPerShareDiluted_2025-04-01_2025-06-30_Q2,0001101239-25-000062_EarningsPerShareDiluted_2025-07-01_2025-09-30_Q3)",eps_pit_v4,2026-08-28T15:20:09.906537+00:00
2026-04-02,FBNC,375.0,SEC,2026-02-25,0.3800000000000003,0.08,2025-12-31,2024-12-31,derived_from_fy,GROWTH,resolved,,811589.0,,,,,,,,,,,,,"derived_from_fy(0000811589-26-000051_EarningsPerShareDiluted_2025-01-01_2025-12-31_FY,0000811589-25-000024_EarningsPerShareDiluted_2025-01-01_2025-03-31_Q1,0000811589-25-000041_EarningsPerShareDiluted_2025-04-01_2025-06-30_Q2,0000811589-25-000077_EarningsPerShareDiluted_2025-07-01_2025-09-30_Q3)",eps_pit_v4,2026-08-28T15:20:13.429131+00:00
2026-04-02,FCX,27.7777777778,SEC,2025-11-06,0.46,0.36,2025-09-30,2024-09-30,reported_quarter,GROWTH,resolved,,831259.0,,,,,,,,,,,,,0000831259-25-000050_EarningsPerShareDiluted_2025-07-01_2025-09-30_Q3,eps_pit_v4,2026-08-28T15:20:08.228613+00:00
2026-04-02,FN,30.6722689076,SEC,2026-02-03,3.11,2.38,2025-12-26,2024-12-27,reported_quarter,GROWTH,resolved,,1408710.0,,,,,,,,,,,,,0001408710-26-000008_EarningsPerShareDiluted_2025-09-27_2025-12-26_Q2,eps_pit_v4,2026-08-28T15:20:07.818074+00:00
2026-04-02,GEV,658.8571428571,SEC,2026-01-29,13.28,1.7499999999999996,2025-12-31,2024-12-31,derived_from_fy,GROWTH,resolved,,1996810.0,,,,,,,,,,,,,"derived_from_fy(0001996810-26-000015_EarningsPerShareDiluted_2025-01-01_2025-12-31_FY,0001996810-25-000073_EarningsPerShareDiluted_2025-01-01_2025-03-31_Q1,0001996810-25-000133_EarningsPerShareDiluted_2025-04-01_2025-06-30_Q2,0001996810-25-000160_EarningsPerShareDiluted_2025-07-01_2025-09-30_Q3)",eps_pit_v4,2026-08-28T15:20:12.716325+00:00
2026-04-02,HG,377.1428571429,SEC,2026-02-25,1.67,0.3500000000000001,2025-12-31,2024-12-31,derived_from_fy,GROWTH,resolved,,1593275.0,,,,,,,,,,,,,"derived_from_fy(0001593275-26-000021_EarningsPerShareDiluted_2025-01-01_2025-12-31_FY,0001593275-25-000145_EarningsPerShareDiluted_2025-01-01_2025-03-31_Q1,0001593275-25-000237_EarningsPerShareDiluted_2025-04-01_2025-06-30_Q2,0001593275-25-000272_EarningsPerShareDiluted_2025-07-01_2025-09-30_Q3)",eps_pit_v4,2026-08-28T15:20:11.511118+00:00
2026-04-02,HON,-109.1836734694,SEC,2026-02-17,-0.18,1.96,2025-12-31,2024-12-31,reported_quarter,PROFIT_TO_LOSS,resolved,,773840.0,,,,,,,,,,,,,0000773840-26-000013_EarningsPerShareDiluted_2025-10-01_2025-12-31_FY,eps_pit_v4,2026-08-28T15:20:11.913297+00:00
2026-04-02,INSW,260.5633802817,SEC,2026-02-26,2.5600000000000005,0.7100000000000009,2025-12-31,2024-12-31,derived_from_fy,GROWTH,resolved,,1679049.0,,,,,,,,,,,,,"derived_from_fy(0001104659-26-020113_EarningsPerShareDiluted_2025-01-01_2025-12-31_FY,0001558370-25-006858_EarningsPerShareDiluted_2025-01-01_2025-03-31_Q1,0001558370-25-010411_EarningsPerShareDiluted_2025-04-01_2025-06-30_Q2,0001104659-25-107428_EarningsPerShareDiluted_2025-07-01_2025-09-30_Q3)",eps_pit_v4,2026-08-28T15:20:08.050492+00:00
2026-04-02,INVA,409.3023255814,SEC,2026-02-25,2.1899999999999995,0.43,2025-12-31,2024-12-31,derived_from_fy,GROWTH,resolved,,1080014.0,,,,,,,,,,,,,"derived_from_fy(0001193125-26-071776_EarningsPerShareDiluted_2025-01-01_2025-12-31_FY,0000950170-25-065765_EarningsPerShareDiluted_2025-01-01_2025-03-31_Q1,0000950170-25-104126_EarningsPerShareDiluted_2025-04-01_2025-06-30_Q2,0001193125-25-267040_EarningsPerShareDiluted_2025-07-01_2025-09-30_Q3)",eps_pit_v4,2026-08-28T15:20:10.660146+00:00
2026-04-02,LITE,201.1363636364,SEC,2026-02-04,0.89,-0.88,2025-12-27,2024-12-28,reported_quarter,TURNAROUND,resolved,,1633978.0,,,,,,,,,,,,,0001628280-26-005129_EarningsPerShareDiluted_2025-09-28_2025-12-27_Q2,eps_pit_v4,2026-08-28T15:20:07.678459+00:00
2026-04-02,MRVL,95.652173913,SEC,2026-03-11,0.4499999999999997,0.2299999999999999,2026-01-31,2025-02-01,derived_from_fy,GROWTH,resolved,,1835632.0,,,,,,,,,,,,,"derived_from_fy(0001835632-26-000011_EarningsPerShareDiluted_2025-02-02_2026-01-31_FY,0001835632-25-000117_EarningsPerShareDiluted_2025-02-02_2025-05-03_Q1,0001835632-25-000189_EarningsPerShareDiluted_2025-05-04_2025-08-02_Q2,0001835632-25-000197_EarningsPerShareDiluted_2025-08-03_2025-11-01_Q3)",eps_pit_v4,2026-08-28T15:20:08.707388+00:00
2026-04-02,MSGS,580.0,SEC,2026-02-06,0.34,0.05,2025-12-31,2024-12-31,reported_quarter,GROWTH,resolved,,1636519.0,,,,,,,,,,,,,0001628280-26-006075_EarningsPerShareDiluted_2025-10-01_2025-12-31_Q2,eps_pit_v4,2026-08-28T15:20:10.235215+00:00
2026-04-02,NVST,,SEC,2026-02-12,0.2,0.0,2025-12-31,2024-12-31,reported_zero_base,ZERO_BASE,expected_unavailable,PRIOR_YEAR_EPS_ZERO,1757073.0,0.2,0.0,2025-12-31,2024-12-31,2026-02-12,"derived_from_fy(0001757073-26-000011_EarningsPerShareDiluted_2025-01-01_2025-12-31_FY,0001757073-25-000028_EarningsPerShareDiluted_2025-01-01_2025-03-28_Q1,0001757073-25-000044_EarningsPerShareDiluted_2025-03-29_2025-06-27_Q2,0001757073-25-000058_EarningsPerShareDiluted_2025-06-28_2025-09-26_Q3)",,,,,,,"derived_from_fy(0001757073-26-000011_EarningsPerShareDiluted_2025-01-01_2025-12-31_FY,0001757073-25-000028_EarningsPerShareDiluted_2025-01-01_2025-03-28_Q1,0001757073-25-000044_EarningsPerShareDiluted_2025-03-29_2025-06-27_Q2,0001757073-25-000058_EarningsPerShareDiluted_2025-06-28_2025-09-26_Q3)",eps_pit_v4,2026-08-28T15:20:08.540585+00:00
2026-04-02,NVT,957.1428571429,SEC,2026-02-17,0.7399999999999993,0.07,2025-12-31,2024-12-31,derived_from_fy,GROWTH,resolved,,1720635.0,,,,,,,,,,,,,"derived_from_fy(0001628280-26-008608_EarningsPerShareDiluted_2025-01-01_2025-12-31_FY,0001720635-25-000032_EarningsPerShareDiluted_2025-01-01_2025-03-31_Q1,0001628280-25-037259_EarningsPerShareDiluted_2025-04-01_2025-06-30_Q2,0001628280-25-047847_EarningsPerShareDiluted_2025-07-01_2025-09-30_Q3)",eps_pit_v4,2026-08-28T15:20:13.227652+00:00
2026-04-02,PAHC,737.5,SEC,2026-02-04,0.67,0.08,2025-12-31,2024-12-31,reported_quarter,GROWTH,resolved,,1069899.0,,,,,,,,,,,,,0001104659-26-010317_EarningsPerShareDiluted_2025-10-01_2025-12-31_Q2,eps_pit_v4,2026-08-28T15:20:12.108886+00:00
2026-04-02,PFG,-41.3265306122,SEC,2026-02-18,2.3,3.919999999999999,2025-12-31,2024-12-31,derived_from_fy,DECLINE,resolved,,1126328.0,,,,,,,,,,,,,"derived_from_fy(0001104659-26-017031_EarningsPerShareDiluted_2025-01-01_2025-12-31_FY,0001410578-25-001036_EarningsPerShareDiluted_2025-01-01_2025-03-31_Q1,0001410578-25-001534_EarningsPerShareDiluted_2025-04-01_2025-06-30_Q2,0001104659-25-103708_EarningsPerShareDiluted_2025-07-01_2025-09-30_Q3)",eps_pit_v4,2026-08-28T15:20:10.117050+00:00
2026-04-02,PFIS,155.3191489362,SEC,2026-03-16,1.2000000000000002,0.47,2025-12-31,2024-12-31,derived_from_fy,GROWTH,resolved,,1056943.0,,,,,,,,,,,,,"derived_from_fy(0001104659-26-028106_EarningsPerShareDiluted_2025-01-01_2025-12-31_FY,0001558370-25-007366_EarningsPerShareDiluted_2025-01-01_2025-03-31_Q1,0001558370-25-011043_EarningsPerShareDiluted_2025-04-01_2025-06-30_Q2,0001104659-25-108874_EarningsPerShareDiluted_2025-07-01_2025-09-30_Q3)",eps_pit_v4,2026-08-28T15:20:12.955667+00:00
2026-04-02,PL,-316.6666666667,SEC,2026-03-23,-0.5,-0.1199999999999999,2026-01-31,2025-01-31,derived_from_fy,LOSS_WIDENING,resolved,,1836833.0,,,,,,,,,,,,,"derived_from_fy(0001193125-26-119957_EarningsPerShareDiluted_2025-02-01_2026-01-31_FY,0001836833-25-000063_EarningsPerShareDiluted_2025-02-01_2025-04-30_Q1,0001836833-25-000104_EarningsPerShareDiluted_2025-05-01_2025-07-31_Q2,0001193125-25-314295_EarningsPerShareDiluted_2025-08-01_2025-10-31_Q3)",eps_pit_v4,2026-08-28T15:20:07.478063+00:00
2026-04-02,ROST,11.7318435754,SEC,2026-03-31,2.0,1.79,2026-01-31,2025-02-01,derived_from_fy,GROWTH,resolved,,745732.0,,,,,,,,,,,,,"derived_from_fy(0000745732-26-000006_EarningsPerShareDiluted_2025-02-02_2026-01-31_FY,0000745732-25-000031_EarningsPerShareDiluted_2025-02-02_2025-05-03_Q1,0000745732-25-000052_EarningsPerShareDiluted_2025-05-04_2025-08-02_Q2,0000745732-25-000061_EarningsPerShareDiluted_2025-08-03_2025-11-01_Q3)",eps_pit_v4,2026-08-28T15:20:12.239529+00:00
2026-04-02,RSI,166.6666666667,SEC,2026-02-18,0.08,0.03,2025-12-31,2024-12-31,derived_from_fy,GROWTH,resolved,,1793659.0,,,,,,,,,,,,,"derived_from_fy(0001793659-26-000009_EarningsPerShareDiluted_2025-01-01_2025-12-31_FY,0001793659-25-000111_EarningsPerShareDiluted_2025-01-01_2025-03-31_Q1,0001793659-25-000168_EarningsPerShareDiluted_2025-04-01_2025-06-30_Q2,0001793659-25-000193_EarningsPerShareDiluted_2025-07-01_2025-09-30_Q3)",eps_pit_v4,2026-08-28T15:20:11.085913+00:00
2026-04-02,SMTC,-141.975308642,SEC,2026-03-23,-0.34,0.81,2026-01-25,2025-01-26,derived_from_fy,PROFIT_TO_LOSS,resolved,,88941.0,,,,,,,,,,,,,"derived_from_fy(0000088941-26-000005_EarningsPerShareDiluted_2025-01-27_2026-01-25_FY,0000088941-25-000101_EarningsPerShareDiluted_2025-01-27_2025-04-27_Q1,0000088941-25-000160_EarningsPerShareDiluted_2025-04-28_2025-07-27_Q2,0000088941-25-000166_EarningsPerShareDiluted_2025-07-28_2025-10-26_Q3)",eps_pit_v4,2026-08-28T15:20:07.339121+00:00
2026-04-02,SSRM,2700.0,SEC,2026-02-17,0.8400000000000001,0.0299999999999998,2025-12-31,2024-12-31,derived_from_fy,GROWTH,resolved,,921638.0,,,,,,,,,,,,,"derived_from_fy(0000921638-26-000035_EarningsPerShareDiluted_2025-01-01_2025-12-31_FY,0000921638-25-000112_EarningsPerShareDiluted_2025-01-01_2025-03-31_Q1,0000921638-25-000161_EarningsPerShareDiluted_2025-04-01_2025-06-30_Q2,0000921638-25-000197_EarningsPerShareDiluted_2025-07-01_2025-09-30_Q3)",eps_pit_v4,2026-08-28T15:20:09.469042+00:00
2026-04-02,STX,67.7419354839,SEC,2026-01-30,2.6,1.55,2026-01-02,2024-12-27,reported_quarter,GROWTH,resolved,,1137789.0,,,,,,,,,,,,,0001137789-26-000026_EarningsPerShareDiluted_2025-10-04_2026-01-02_Q2,eps_pit_v4,2026-08-28T15:20:08.380334+00:00
2026-04-02,TCBI,47.5524475524,SEC,2026-02-10,2.109999999999999,1.43,2025-12-31,2024-12-31,derived_from_fy,GROWTH,resolved,,1077428.0,,,,,,,,,,,,,"derived_from_fy(0001077428-26-000010_EarningsPerShareDiluted_2025-01-01_2025-12-31_FY,0001077428-25-000078_EarningsPerShareDiluted_2025-01-01_2025-03-31_Q1,0001077428-25-000136_EarningsPerShareDiluted_2025-04-01_2025-06-30_Q2,0001077428-25-000145_EarningsPerShareDiluted_2025-07-01_2025-09-30_Q3)",eps_pit_v4,2026-08-28T15:20:09.714649+00:00
2026-04-02,TDW,524.2857142857,SEC,2026-03-02,4.369999999999999,0.6999999999999997,2025-12-31,2024-12-31,derived_from_fy,GROWTH,resolved,,98222.0,,,,,,,,,,,,,"derived_from_fy(0001437749-26-006391_EarningsPerShareDiluted_2025-01-01_2025-12-31_FY,0001437749-25-014565_EarningsPerShareDiluted_2025-01-01_2025-03-31_Q1,0001437749-25-024640_EarningsPerShareDiluted_2025-04-01_2025-06-30_Q2,0001437749-25-034124_EarningsPerShareDiluted_2025-07-01_2025-09-30_Q3)",eps_pit_v4,2026-08-28T15:20:11.462190+00:00
2026-04-02,TKO,-128.5714285714,SEC,2026-02-25,-0.08,0.28,2025-12-31,2024-12-31,reported_quarter,PROFIT_TO_LOSS,resolved,,1973266.0,,,,,,,,,,,,,0001193125-26-071651_EarningsPerShareDiluted_2025-10-01_2025-12-31_FY,eps_pit_v4,2026-08-28T15:20:13.131252+00:00
2026-04-02,TMP,383.4532374101,SEC,2026-02-26,6.720000000000001,1.3899999999999997,2025-12-31,2024-12-31,derived_from_fy,GROWTH,resolved,,1005817.0,,,,,,,,,,,,,"derived_from_fy(0001005817-26-000027_EarningsPerShareDiluted_2025-01-01_2025-12-31_FY,0001005817-25-000117_EarningsPerShareDiluted_2025-01-01_2025-03-31_Q1,0001005817-25-000110_EarningsPerShareDiluted_2025-04-01_2025-06-30_Q2,0001005817-25-000115_EarningsPerShareDiluted_2025-07-01_2025-09-30_Q3)",eps_pit_v4,2026-08-28T15:20:09.141189+00:00
2026-04-02,UI,70.796460177,SEC,2026-02-06,3.86,2.26,2025-12-31,2024-12-31,reported_quarter,GROWTH,resolved,,1511737.0,,,,,,,,,,,,,0001511737-26-000014_EarningsPerShareDiluted_2025-10-01_2025-12-31_Q2,eps_pit_v4,2026-08-28T15:20:08.914498+00:00
2026-04-02,VVX,-6.4102564103,SEC,2026-02-23,0.7300000000000002,0.78,2025-12-31,2024-12-31,derived_from_fy,DECLINE,resolved,,1601548.0,,,,,,,,,,,,,"derived_from_fy(0001601548-26-000015_EarningsPerShareDiluted_2025-01-01_2025-12-31_FY,0001601548-25-000025_EarningsPerShareDiluted_2025-01-01_2025-03-28_Q1,0001601548-25-000048_EarningsPerShareDiluted_2025-03-29_2025-06-27_Q2,0001601548-25-000066_EarningsPerShareDiluted_2025-06-28_2025-09-26_Q3)",eps_pit_v4,2026-08-28T15:20:09.241218+00:00
2026-04-02,XPO,-22.2222222222,SEC,2026-02-05,0.4900000000000002,0.6299999999999999,2025-12-31,2024-12-31,derived_from_fy,DECLINE,resolved,,1166003.0,,,,,,,,,,,,,"derived_from_fy(0001166003-26-000016_EarningsPerShareDiluted_2025-01-01_2025-12-31_FY,0001166003-25-000067_EarningsPerShareDiluted_2025-01-01_2025-03-31_Q1,0001166003-25-000076_EarningsPerShareDiluted_2025-04-01_2025-06-30_Q2,0001166003-25-000087_EarningsPerShareDiluted_2025-07-01_2025-09-30_Q3)",eps_pit_v4,2026-08-28T15:20:09.388179+00:00
2026-04-10,AA,-32.2033898305,SEC,2026-02-26,0.8000000000000003,1.18,2025-12-31,2024-12-31,derived_from_fy,DECLINE,resolved,,1675149.0,,,,,,,,,,,,,"derived_from_fy(0001193125-26-077167_EarningsPerShareDiluted_2025-01-01_2025-12-31_FY,0000950170-25-061867_EarningsPerShareDiluted_2025-01-01_2025-03-31_Q1,0000950170-25-100979_EarningsPerShareDiluted_2025-04-01_2025-06-30_Q2,0001193125-25-253570_EarningsPerShareDiluted_2025-07-01_2025-09-30_Q3)",eps_pit_v4,2026-08-28T15:20:24.185403+00:00
2026-04-10,AAOI,99.2907801418,SEC,2026-02-26,-0.02,-2.8200000000000003,2025-12-31,2024-12-31,derived_from_fy,LOSS_NARROWING,resolved,,1158114.0,,,,,,,,,,,,,"derived_from_fy(0001437749-26-005875_EarningsPerShareDiluted_2025-01-01_2025-12-31_FY,0001437749-25-015518_EarningsPerShareDiluted_2025-01-01_2025-03-31_Q1,0001437749-25-025450_EarningsPerShareDiluted_2025-04-01_2025-06-30_Q2,0001437749-25-033627_EarningsPerShareDiluted_2025-07-01_2025-09-30_Q3)",eps_pit_v4,2026-08-28T15:20:14.255318+00:00
2026-04-10,ACLS,-27.9220779221,SEC,2026-02-26,1.11,1.54,2025-12-31,2024-12-31,derived_from_fy,DECLINE,resolved,,1113232.0,,,,,,,,,,,,,"derived_from_fy(0001104659-26-020461_EarningsPerShareDiluted_2025-01-01_2025-12-31_FY,0001558370-25-006534_EarningsPerShareDiluted_2025-01-01_2025-03-31_Q1,0001558370-25-010325_EarningsPerShareDiluted_2025-04-01_2025-06-30_Q2,0001104659-25-107689_EarningsPerShareDiluted_2025-07-01_2025-09-30_Q3)",eps_pit_v4,2026-08-28T15:20:19.473483+00:00
2026-04-10,ADC,14.6341463415,SEC,2026-02-10,0.47,0.4099999999999999,2025-12-31,2024-12-31,derived_from_fy,GROWTH,resolved,,917251.0,,,,,,,,,,,,,"derived_from_fy(0000917251-26-000013_EarningsPerShareDiluted_2025-01-01_2025-12-31_FY,0001558370-25-005142_EarningsPerShareDiluted_2025-01-01_2025-03-31_Q1,0001558370-25-009887_EarningsPerShareDiluted_2025-04-01_2025-06-30_Q2,0001104659-25-101233_EarningsPerShareDiluted_2025-07-01_2025-09-30_Q3)",eps_pit_v4,2026-08-28T15:20:24.508597+00:00
2026-04-10,AEHR,-400.0,SEC,2026-04-08,-0.1,-0.02,2026-02-27,2025-02-28,reported_quarter,LOSS_WIDENING,resolved,,1040470.0,,,,,,,,,,,,,0001654954-26-003348_EarningsPerShareDiluted_2025-11-29_2026-02-27_Q3,eps_pit_v4,2026-08-28T15:20:14.117138+00:00
2026-04-10,AEIS,1.5384615385,SEC,2026-02-13,1.3199999999999998,1.2999999999999998,2025-12-31,2024-12-31,derived_from_fy,GROWTH,resolved,,927003.0,,,,,,,,,,,,,"derived_from_fy(0001104659-26-014731_EarningsPerShareDiluted_2025-01-01_2025-12-31_FY,0001558370-25-005998_EarningsPerShareDiluted_2025-01-01_2025-03-31_Q1,0001558370-25-010287_EarningsPerShareDiluted_2025-04-01_2025-06-30_Q2,0000927003-25-000023_EarningsPerShareDiluted_2025-07-01_2025-09-30_Q3)",eps_pit_v4,2026-08-28T15:20:16.766265+00:00
2026-04-10,AMAT,75.1724137931,SEC,2026-02-19,2.54,1.45,2026-01-25,2025-01-26,reported_quarter,GROWTH,resolved,,6951.0,,,,,,,,,,,,,0001628280-26-009694_EarningsPerShareDiluted_2025-10-27_2026-01-25_Q1,eps_pit_v4,2026-08-28T15:20:16.608171+00:00
2026-04-10,AROW,214.8148148148,SEC,2026-03-06,0.8499999999999999,0.27,2025-12-31,2024-12-31,derived_from_fy,GROWTH,resolved,,717538.0,,,,,,,,,,,,,"derived_from_fy(0000717538-26-000037_EarningsPerShareDiluted_2025-01-01_2025-12-31_FY,0000717538-25-000056_EarningsPerShareDiluted_2025-01-01_2025-03-31_Q1,0000717538-25-000079_EarningsPerShareDiluted_2025-04-01_2025-06-30_Q2,0000717538-25-000102_EarningsPerShareDiluted_2025-07-01_2025-09-30_Q3)",eps_pit_v4,2026-08-28T15:20:18.946589+00:00
2026-04-10,BBT,220.0,SEC,2026-03-02,0.64,0.2,2025-12-31,2024-12-31,reported_quarter,GROWTH,resolved,,1108134.0,,,,,,,,,,,,,0001628280-26-013247_EarningsPerShareDiluted_2025-10-01_2025-12-31_FY,eps_pit_v4,2026-08-28T15:20:21.366130+00:00
2026-04-10,BVFL,188.8888888889,SEC,2026-03-27,0.52,0.1800000000000001,2025-12-31,2024-12-31,derived_from_fy,GROWTH,resolved,,1302387.0,,,,,,,,,,,,,"derived_from_fy(0001193125-26-128285_EarningsPerShareDiluted_2025-01-01_2025-12-31_FY,0000950170-25-069955_EarningsPerShareDiluted_2025-01-01_2025-03-31_Q1,0000950170-25-107717_EarningsPerShareDiluted_2025-04-01_2025-06-30_Q2,0001193125-25-279386_EarningsPerShareDiluted_2025-07-01_2025-09-30_Q3)",eps_pit_v4,2026-08-28T15:20:22.392816+00:00
2026-04-10,BWFG,213.5135135135,SEC,2026-03-04,1.16,0.37,2025-12-31,2024-12-31,derived_from_fy,GROWTH,resolved,,1505732.0,,,,,,,,,,,,,"derived_from_fy(0001505732-26-000046_EarningsPerShareDiluted_2025-01-01_2025-12-31_FY,0001505732-25-000089_EarningsPerShareDiluted_2025-01-01_2025-03-31_Q1,0001505732-25-000126_EarningsPerShareDiluted_2025-04-01_2025-06-30_Q2,0001505732-25-000162_EarningsPerShareDiluted_2025-07-01_2025-09-30_Q3)",eps_pit_v4,2026-08-28T15:20:19.973618+00:00
2026-04-10,C,-9.022556391,SEC,2026-02-20,1.21,1.33,2025-12-31,2024-12-31,derived_from_fy,DECLINE,resolved,,831001.0,,,,,,,,,,,,,"derived_from_fy(0000831001-26-000011_EarningsPerShareDiluted_2025-01-01_2025-12-31_FY,0000831001-25-000086_EarningsPerShareDiluted_2025-01-01_2025-03-31_Q1,0000831001-25-000131_EarningsPerShareDiluted_2025-04-01_2025-06-30_Q2,0000831001-25-000154_EarningsPerShareDiluted_2025-07-01_2025-09-30_Q3)",eps_pit_v4,2026-08-28T15:20:18.700110+00:00
2026-04-10,CAT,-11.2847222222,SEC,2026-02-13,5.109999999999999,5.760000000000002,2025-12-31,2024-12-31,derived_from_fy,DECLINE,resolved,,18230.0,,,,,,,,,,,,,"derived_from_fy(0000018230-26-000008_EarningsPerShareDiluted_2025-01-01_2025-12-31_FY,0000018230-25-000016_EarningsPerShareDiluted_2025-01-01_2025-03-31_Q1,0000018230-25-000040_EarningsPerShareDiluted_2025-04-01_2025-06-30_Q2,0000018230-25-000048_EarningsPerShareDiluted_2025-07-01_2025-09-30_Q3)",eps_pit_v4,2026-08-28T15:20:17.728136+00:00
2026-04-10,CMC,277.2727272727,SEC,2026-03-31,0.83,0.22,2026-02-28,2025-02-28,reported_quarter,GROWTH,resolved,,22444.0,,,,,,,,,,,,,0000022444-26-000031_EarningsPerShareDiluted_2025-12-01_2026-02-28_Q2,eps_pit_v4,2026-08-28T15:20:17.207185+00:00
2026-04-10,COHR,72.7272727273,SEC,2026-02-04,0.76,0.44,2025-12-31,2024-12-31,reported_quarter,GROWTH,resolved,,820318.0,,,,,,,,,,,,,0000820318-26-000006_EarningsPerShareDiluted_2025-10-01_2025-12-31_Q2,eps_pit_v4,2026-08-28T15:20:15.156377+00:00
2026-04-10,CTRI,100.0,SEC,2026-02-26,0.34,0.1699999999999999,2025-12-28,2024-12-29,derived_from_fy,GROWTH,resolved,,1981599.0,,,,,,,,,,,,,"derived_from_fy(0001981599-26-000020_EarningsPerShareDiluted_2024-12-30_2025-12-28_FY,0001981599-25-000034_EarningsPerShareDiluted_2024-12-30_2025-03-30_Q1,0001981599-25-000046_EarningsPerShareDiluted_2025-03-31_2025-06-29_Q2,0001981599-25-000064_EarningsPerShareDiluted_2025-06-30_2025-09-28_Q3)",eps_pit_v4,2026-08-28T15:20:19.196231+00:00
2026-04-10,D,364.2857142857,SEC,2026-02-23,0.65,0.14,2025-12-31,2024-12-31,reported_quarter,GROWTH,resolved,,715957.0,,,,,,,,,,,,,0001193125-26-063120_EarningsPerShareDiluted_2025-10-01_2025-12-31_FY,eps_pit_v4,2026-08-28T15:20:24.735060+00:00
2026-04-10,DAN,21.8181818182,SEC,2026-02-27,-0.43,-0.55,2025-12-31,2024-12-31,reported_quarter,LOSS_NARROWING,resolved,,26780.0,,,,,,,,,,,,,0001437749-26-006076_EarningsPerShareDiluted_2025-10-01_2025-12-31_FY,eps_pit_v4,2026-08-28T15:20:22.971312+00:00
2026-04-10,DBD,780.0,SEC,2026-02-12,1.3199999999999998,0.1499999999999999,2025-12-31,2024-12-31,derived_from_fy,GROWTH,resolved,,28823.0,,,,,,,,,,,,,"derived_from_fy(0000028823-26-000008_EarningsPerShareDiluted_2025-01-01_2025-12-31_FY,0000028823-25-000057_EarningsPerShareDiluted_2025-01-01_2025-03-31_Q1,0000028823-25-000075_EarningsPerShareDiluted_2025-04-01_2025-06-30_Q2,0000028823-25-000083_EarningsPerShareDiluted_2025-07-01_2025-09-30_Q3)",eps_pit_v4,2026-08-28T15:20:23.593379+00:00
2026-04-10,EWBC,21.4285714286,SEC,2026-02-27,2.549999999999999,2.0999999999999996,2025-12-31,2024-12-31,derived_from_fy,GROWTH,resolved,,1069157.0,,,,,,,,,,,,,"derived_from_fy(0001069157-26-000009_EarningsPerShareDiluted_2025-01-01_2025-12-31_FY,0001069157-25-000052_EarningsPerShareDiluted_2025-01-01_2025-03-31_Q1,0001069157-25-000096_EarningsPerShareDiluted_2025-04-01_2025-06-30_Q2,0001069157-25-000119_EarningsPerShareDiluted_2025-07-01_2025-09-30_Q3)",eps_pit_v4,2026-08-28T15:20:23.366172+00:00
2026-04-10,FBNC,375.0,SEC,2026-02-25,0.3800000000000003,0.08,2025-12-31,2024-12-31,derived_from_fy,GROWTH,resolved,,811589.0,,,,,,,,,,,,,"derived_from_fy(0000811589-26-000051_EarningsPerShareDiluted_2025-01-01_2025-12-31_FY,0000811589-25-000024_EarningsPerShareDiluted_2025-01-01_2025-03-31_Q1,0000811589-25-000041_EarningsPerShareDiluted_2025-04-01_2025-06-30_Q2,0000811589-25-000077_EarningsPerShareDiluted_2025-07-01_2025-09-30_Q3)",eps_pit_v4,2026-08-28T15:20:22.340158+00:00
2026-04-10,FE,-117.7777777778,SEC,2026-02-18,-0.08,0.4499999999999999,2025-12-31,2024-12-31,derived_from_fy,PROFIT_TO_LOSS,resolved,,1031296.0,,,,,,,,,,,,,"derived_from_fy(0001031296-26-000046_EarningsPerShareDiluted_2025-01-01_2025-12-31_FY,0001031296-25-000017_EarningsPerShareDiluted_2025-01-01_2025-03-31_Q1,0001031296-25-000042_EarningsPerShareDiluted_2025-04-01_2025-06-30_Q2,0001031296-25-000085_EarningsPerShareDiluted_2025-07-01_2025-09-30_Q3)",eps_pit_v4,2026-08-28T15:20:24.368614+00:00
2026-04-10,FN,30.6722689076,SEC,2026-02-03,3.11,2.38,2025-12-26,2024-12-27,reported_quarter,GROWTH,resolved,,1408710.0,,,,,,,,,,,,,0001408710-26-000008_EarningsPerShareDiluted_2025-09-27_2025-12-26_Q2,eps_pit_v4,2026-08-28T15:20:15.613648+00:00
2026-04-10,FRAF,938.4615384615,SEC,2026-03-13,1.35,0.1299999999999999,2025-12-31,2024-12-31,derived_from_fy,GROWTH,resolved,,723646.0,,,,,,,,,,,,,"derived_from_fy(0000723646-26-000016_EarningsPerShareDiluted_2025-01-01_2025-12-31_FY,0000723646-25-000047_EarningsPerShareDiluted_2025-01-01_2025-03-31_Q1,0000723646-25-000062_EarningsPerShareDiluted_2025-04-01_2025-06-30_Q2,0000723646-25-000080_EarningsPerShareDiluted_2025-07-01_2025-09-30_Q3)",eps_pit_v4,2026-08-28T15:20:21.796843+00:00
2026-04-10,GEV,658.8571428571,SEC,2026-01-29,13.28,1.7499999999999996,2025-12-31,2024-12-31,derived_from_fy,GROWTH,resolved,,1996810.0,,,,,,,,,,,,,"derived_from_fy(0001996810-26-000015_EarningsPerShareDiluted_2025-01-01_2025-12-31_FY,0001996810-25-000073_EarningsPerShareDiluted_2025-01-01_2025-03-31_Q1,0001996810-25-000133_EarningsPerShareDiluted_2025-04-01_2025-06-30_Q2,0001996810-25-000160_EarningsPerShareDiluted_2025-07-01_2025-09-30_Q3)",eps_pit_v4,2026-08-28T15:20:20.773038+00:00
2026-04-10,GLW,69.4444444444,SEC,2026-02-12,0.6100000000000001,0.36,2025-12-31,2024-12-31,derived_from_fy,GROWTH,resolved,,24741.0,,,,,,,,,,,,,"derived_from_fy(0000024741-26-000124_EarningsPerShareDiluted_2025-01-01_2025-12-31_FY,0001628280-25-021711_EarningsPerShareDiluted_2025-01-01_2025-03-31_Q1,0001628280-25-037169_EarningsPerShareDiluted_2025-04-01_2025-06-30_Q2,0000024741-25-000121_EarningsPerShareDiluted_2025-07-01_2025-09-30_Q3)",eps_pit_v4,2026-08-28T15:20:17.496920+00:00
2026-04-10,GNRC,-119.1588785047,SEC,2026-02-18,-0.4100000000000001,2.1399999999999997,2025-12-31,2024-12-31,derived_from_fy,PROFIT_TO_LOSS,resolved,,1474735.0,,,,,,,,,,,,,"derived_from_fy(0001437749-26-004568_EarningsPerShareDiluted_2025-01-01_2025-12-31_FY,0001437749-25-014767_EarningsPerShareDiluted_2025-01-01_2025-03-31_Q1,0001437749-25-024879_EarningsPerShareDiluted_2025-04-01_2025-06-30_Q2,0001437749-25-033048_EarningsPerShareDiluted_2025-07-01_2025-09-30_Q3)",eps_pit_v4,2026-08-28T15:20:20.117991+00:00
2026-04-10,HLIO,314.2857142857,SEC,2026-03-03,0.58,0.1399999999999999,2026-01-03,2024-12-28,derived_from_fy,GROWTH,resolved,,1024795.0,,,,,,,,,,,,,"derived_from_fy(0001193125-26-087747_EarningsPerShareDiluted_2024-12-29_2026-01-03_FY,0000950170-25-065585_EarningsPerShareDiluted_2024-12-29_2025-03-29_Q1,0000950170-25-103231_EarningsPerShareDiluted_2025-03-30_2025-06-28_Q2,0001193125-25-264784_EarningsPerShareDiluted_2025-06-29_2025-09-27_Q3)",eps_pit_v4,2026-08-28T15:20:16.423776+00:00
2026-04-10,HLT,-38.0487804878,SEC,2026-02-11,1.2700000000000005,2.05,2025-12-31,2024-12-31,derived_from_fy,DECLINE,resolved,,1585689.0,,,,,,,,,,,,,"derived_from_fy(0001585689-26-000007_EarningsPerShareDiluted_2025-01-01_2025-12-31_FY,0001585689-25-000089_EarningsPerShareDiluted_2025-01-01_2025-03-31_Q1,0001585689-25-000145_EarningsPerShareDiluted_2025-04-01_2025-06-30_Q2,0001585689-25-000160_EarningsPerShareDiluted_2025-07-01_2025-09-30_Q3)",eps_pit_v4,2026-08-28T15:20:21.154182+00:00
2026-04-10,HON,-109.1836734694,SEC,2026-02-17,-0.18,1.96,2025-12-31,2024-12-31,reported_quarter,PROFIT_TO_LOSS,resolved,,773840.0,,,,,,,,,,,,,0000773840-26-000013_EarningsPerShareDiluted_2025-10-01_2025-12-31_FY,eps_pit_v4,2026-08-28T15:20:23.153456+00:00
2026-04-10,HUT,-273.7588652482,SEC,2026-02-25,-2.45,1.41,2025-12-31,2024-12-31,derived_from_fy,PROFIT_TO_LOSS,resolved,,1964789.0,,,,,,,,,,,,,"derived_from_fy(0001104659-26-019392_EarningsPerShareDiluted_2025-01-01_2025-12-31_FY,0001558370-25-006845_EarningsPerShareDiluted_2025-01-01_2025-03-31_Q1,0001558370-25-010631_EarningsPerShareDiluted_2025-04-01_2025-06-30_Q2,0001104659-25-105874_EarningsPerShareDiluted_2025-07-01_2025-09-30_Q3)",eps_pit_v4,2026-08-28T15:20:18.259576+00:00
2026-04-10,INTC,-233.3333333333,SEC,2026-01-23,-0.0999999999999999,-0.0300000000000002,2025-12-27,2024-12-28,derived_from_fy,LOSS_WIDENING,resolved,,50863.0,,,,,,,,,,,,,"derived_from_fy(0000050863-26-000011_EarningsPerShareDiluted_2024-12-29_2025-12-27_FY,0000050863-25-000074_EarningsPerShareDiluted_2024-12-29_2025-03-29_Q1,0000050863-25-000109_EarningsPerShareDiluted_2025-03-30_2025-06-28_Q2,0000050863-25-000179_EarningsPerShareDiluted_2025-06-29_2025-09-27_Q3)",eps_pit_v4,2026-08-28T15:20:14.503554+00:00
2026-04-10,INVA,409.3023255814,SEC,2026-02-25,2.1899999999999995,0.43,2025-12-31,2024-12-31,derived_from_fy,GROWTH,resolved,,1080014.0,,,,,,,,,,,,,"derived_from_fy(0001193125-26-071776_EarningsPerShareDiluted_2025-01-01_2025-12-31_FY,0000950170-25-065765_EarningsPerShareDiluted_2025-01-01_2025-03-31_Q1,0000950170-25-104126_EarningsPerShareDiluted_2025-04-01_2025-06-30_Q2,0001193125-25-267040_EarningsPerShareDiluted_2025-07-01_2025-09-30_Q3)",eps_pit_v4,2026-08-28T15:20:22.638501+00:00
2026-04-10,IVT,-85.7142857143,SEC,2026-02-12,0.02,0.14,2025-12-31,2024-12-31,derived_from_fy,DECLINE,resolved,,1307748.0,,,,,,,,,,,,,"derived_from_fy(0001307748-26-000045_EarningsPerShareDiluted_2025-01-01_2025-12-31_FY,0001307748-25-000085_EarningsPerShareDiluted_2025-01-01_2025-03-31_Q1,0001307748-25-000157_EarningsPerShareDiluted_2025-04-01_2025-06-30_Q2,0001307748-25-000185_EarningsPerShareDiluted_2025-07-01_2025-09-30_Q3)",eps_pit_v4,2026-08-28T15:20:24.076061+00:00
2026-04-10,KEYS,68.0412371134,SEC,2026-03-05,1.63,0.97,2026-01-31,2025-01-31,reported_quarter,GROWTH,resolved,,1601046.0,,,,,,,,,,,,,0001601046-26-000008_EarningsPerShareDiluted_2025-11-01_2026-01-31_Q1,eps_pit_v4,2026-08-28T15:20:18.025309+00:00
2026-04-10,LSCC,-150.0,SEC,2026-02-13,-0.06,0.12,2026-01-03,2024-12-28,derived_from_fy,PROFIT_TO_LOSS,resolved,,855658.0,,,,,,,,,,,,,"derived_from_fy(0001437749-26-004100_EarningsPerShareDiluted_2024-12-29_2026-01-03_FY,0001437749-25-014540_EarningsPerShareDiluted_2024-12-29_2025-03-29_Q1,0001437749-25-024620_EarningsPerShareDiluted_2025-03-30_2025-06-28_Q2,0001437749-25-032777_EarningsPerShareDiluted_2025-06-29_2025-09-27_Q3)",eps_pit_v4,2026-08-28T15:20:16.893265+00:00
2026-04-10,MKSI,17.9104477612,SEC,2026-02-24,1.58,1.34,2025-12-31,2024-12-31,derived_from_fy,GROWTH,resolved,,1049502.0,,,,,,,,,,,,,"derived_from_fy(0001193125-26-066820_EarningsPerShareDiluted_2025-01-01_2025-12-31_FY,0000950170-25-066792_EarningsPerShareDiluted_2025-01-01_2025-03-31_Q1,0001193125-25-175092_EarningsPerShareDiluted_2025-04-01_2025-06-30_Q2,0001193125-25-268932_EarningsPerShareDiluted_2025-07-01_2025-09-30_Q3)",eps_pit_v4,2026-08-28T15:20:16.215306+00:00
2026-04-10,MRVL,95.652173913,SEC,2026-03-11,0.4499999999999997,0.2299999999999999,2026-01-31,2025-02-01,derived_from_fy,GROWTH,resolved,,1835632.0,,,,,,,,,,,,,"derived_from_fy(0001835632-26-000011_EarningsPerShareDiluted_2025-02-02_2026-01-31_FY,0001835632-25-000117_EarningsPerShareDiluted_2025-02-02_2025-05-03_Q1,0001835632-25-000189_EarningsPerShareDiluted_2025-05-04_2025-08-02_Q2,0001835632-25-000197_EarningsPerShareDiluted_2025-08-03_2025-11-01_Q3)",eps_pit_v4,2026-08-28T15:20:18.213180+00:00
2026-04-10,MTB,19.3798449612,SEC,2026-02-18,4.619999999999999,3.870000000000001,2025-12-31,2024-12-31,derived_from_fy,GROWTH,resolved,,36270.0,,,,,,,,,,,,,"derived_from_fy(0000036270-26-000010_EarningsPerShareDiluted_2025-01-01_2025-12-31_FY,0001628280-25-022036_EarningsPerShareDiluted_2025-01-01_2025-03-31_Q1,0000036270-25-000011_EarningsPerShareDiluted_2025-04-01_2025-06-30_Q2,0000036270-25-000024_EarningsPerShareDiluted_2025-07-01_2025-09-30_Q3)",eps_pit_v4,2026-08-28T15:20:20.368469+00:00
2026-04-10,MYE,172.7272727273,SEC,2026-03-05,0.3,0.1099999999999999,2025-12-31,2024-12-31,derived_from_fy,GROWTH,resolved,,69488.0,,,,,,,,,,,,,"derived_from_fy(0001193125-26-092521_EarningsPerShareDiluted_2025-01-01_2025-12-31_FY,0000950170-25-061811_EarningsPerShareDiluted_2025-01-01_2025-03-31_Q1,0000950170-25-100886_EarningsPerShareDiluted_2025-04-01_2025-06-30_Q2,0001193125-25-258507_EarningsPerShareDiluted_2025-07-01_2025-09-30_Q3)",eps_pit_v4,2026-08-28T15:20:17.876115+00:00
2026-04-10,NHC,315.7894736842,SEC,2026-02-26,1.58,0.3799999999999999,2025-12-31,2024-12-31,derived_from_fy,GROWTH,resolved,,1047335.0,,,,,,,,,,,,,"derived_from_fy(0001437749-26-005910_EarningsPerShareDiluted_2025-01-01_2025-12-31_FY,0001437749-25-015499_EarningsPerShareDiluted_2025-01-01_2025-03-31_Q1,0001437749-25-025500_EarningsPerShareDiluted_2025-04-01_2025-06-30_Q2,0001437749-25-033631_EarningsPerShareDiluted_2025-07-01_2025-09-30_Q3)",eps_pit_v4,2026-08-28T15:20:21.973350+00:00
2026-04-10,NVT,957.1428571429,SEC,2026-02-17,0.7399999999999993,0.07,2025-12-31,2024-12-31,derived_from_fy,GROWTH,resolved,,1720635.0,,,,,,,,,,,,,"derived_from_fy(0001628280-26-008608_EarningsPerShareDiluted_2025-01-01_2025-12-31_FY,0001720635-25-000032_EarningsPerShareDiluted_2025-01-01_2025-03-31_Q1,0001628280-25-037259_EarningsPerShareDiluted_2025-04-01_2025-06-30_Q2,0001628280-25-047847_EarningsPerShareDiluted_2025-07-01_2025-09-30_Q3)",eps_pit_v4,2026-08-28T15:20:22.726402+00:00
2026-04-10,OPY,607.6086956522,SEC,2026-02-26,6.509999999999999,0.92,2025-12-31,2024-12-31,derived_from_fy,GROWTH,resolved,,791963.0,,,,,,,,,,,,,"derived_from_fy(0001628280-26-012313_EarningsPerShareDiluted_2025-01-01_2025-12-31_FY,0000791963-25-000022_EarningsPerShareDiluted_2025-01-01_2025-03-31_Q1,0000791963-25-000037_EarningsPerShareDiluted_2025-04-01_2025-06-30_Q2,0001628280-25-047684_EarningsPerShareDiluted_2025-07-01_2025-09-30_Q3)",eps_pit_v4,2026-08-28T15:20:21.598037+00:00
2026-04-10,PAHC,737.5,SEC,2026-02-04,0.67,0.08,2025-12-31,2024-12-31,reported_quarter,GROWTH,resolved,,1069899.0,,,,,,,,,,,,,0001104659-26-010317_EarningsPerShareDiluted_2025-10-01_2025-12-31_Q2,eps_pit_v4,2026-08-28T15:20:22.519603+00:00
2026-04-10,PFG,-41.3265306122,SEC,2026-02-18,2.3,3.919999999999999,2025-12-31,2024-12-31,derived_from_fy,DECLINE,resolved,,1126328.0,,,,,,,,,,,,,"derived_from_fy(0001104659-26-017031_EarningsPerShareDiluted_2025-01-01_2025-12-31_FY,0001410578-25-001036_EarningsPerShareDiluted_2025-01-01_2025-03-31_Q1,0001410578-25-001534_EarningsPerShareDiluted_2025-04-01_2025-06-30_Q2,0001104659-25-103708_EarningsPerShareDiluted_2025-07-01_2025-09-30_Q3)",eps_pit_v4,2026-08-28T15:20:20.597014+00:00
2026-04-10,PFIS,155.3191489362,SEC,2026-03-16,1.2000000000000002,0.47,2025-12-31,2024-12-31,derived_from_fy,GROWTH,resolved,,1056943.0,,,,,,,,,,,,,"derived_from_fy(0001104659-26-028106_EarningsPerShareDiluted_2025-01-01_2025-12-31_FY,0001558370-25-007366_EarningsPerShareDiluted_2025-01-01_2025-03-31_Q1,0001558370-25-011043_EarningsPerShareDiluted_2025-04-01_2025-06-30_Q2,0001104659-25-108874_EarningsPerShareDiluted_2025-07-01_2025-09-30_Q3)",eps_pit_v4,2026-08-28T15:20:22.151115+00:00
2026-04-10,SMTC,-141.975308642,SEC,2026-03-23,-0.34,0.81,2026-01-25,2025-01-26,derived_from_fy,PROFIT_TO_LOSS,resolved,,88941.0,,,,,,,,,,,,,"derived_from_fy(0000088941-26-000005_EarningsPerShareDiluted_2025-01-27_2026-01-25_FY,0000088941-25-000101_EarningsPerShareDiluted_2025-01-27_2025-04-27_Q1,0000088941-25-000160_EarningsPerShareDiluted_2025-04-28_2025-07-27_Q2,0000088941-25-000166_EarningsPerShareDiluted_2025-07-28_2025-10-26_Q3)",eps_pit_v4,2026-08-28T15:20:15.472593+00:00
2026-04-10,SNDK,615.2777777778,SEC,2026-01-30,5.15,0.72,2026-01-02,2024-12-27,reported_quarter,GROWTH,resolved,,2023554.0,,,,,,,,,,,,,0001628280-26-004407_EarningsPerShareDiluted_2025-10-04_2026-01-02_Q2,eps_pit_v4,2026-08-28T15:20:14.705968+00:00
2026-04-10,SPIR,55.9585492228,SEC,2026-03-19,-0.8500000000000003,-1.93,2025-12-31,2024-12-31,derived_from_fy,LOSS_NARROWING,resolved,,1816017.0,,,,,,,,,,,,,"derived_from_fy(0001193125-26-116169_EarningsPerShareDiluted_2025-01-01_2025-12-31_FY,0000950170-25-071394_EarningsPerShareDiluted_2025-01-01_2025-03-31_Q1,0001193125-25-262935_EarningsPerShareDiluted_2025-04-01_2025-06-30_Q2,0001193125-25-322735_EarningsPerShareDiluted_2025-07-01_2025-09-30_Q3)",eps_pit_v4,2026-08-28T15:20:15.757615+00:00
2026-04-10,SSRM,2700.0,SEC,2026-02-17,0.8400000000000001,0.0299999999999998,2025-12-31,2024-12-31,derived_from_fy,GROWTH,resolved,,921638.0,,,,,,,,,,,,,"derived_from_fy(0000921638-26-000035_EarningsPerShareDiluted_2025-01-01_2025-12-31_FY,0000921638-25-000112_EarningsPerShareDiluted_2025-01-01_2025-03-31_Q1,0000921638-25-000161_EarningsPerShareDiluted_2025-04-01_2025-06-30_Q2,0000921638-25-000197_EarningsPerShareDiluted_2025-07-01_2025-09-30_Q3)",eps_pit_v4,2026-08-28T15:20:19.267353+00:00
2026-04-10,STX,67.7419354839,SEC,2026-01-30,2.6,1.55,2026-01-02,2024-12-27,reported_quarter,GROWTH,resolved,,1137789.0,,,,,,,,,,,,,0001137789-26-000026_EarningsPerShareDiluted_2025-10-04_2026-01-02_Q2,eps_pit_v4,2026-08-28T15:20:15.312035+00:00
2026-04-10,TCBI,47.5524475524,SEC,2026-02-10,2.109999999999999,1.43,2025-12-31,2024-12-31,derived_from_fy,GROWTH,resolved,,1077428.0,,,,,,,,,,,,,"derived_from_fy(0001077428-26-000010_EarningsPerShareDiluted_2025-01-01_2025-12-31_FY,0001077428-25-000078_EarningsPerShareDiluted_2025-01-01_2025-03-31_Q1,0001077428-25-000136_EarningsPerShareDiluted_2025-04-01_2025-06-30_Q2,0001077428-25-000145_EarningsPerShareDiluted_2025-07-01_2025-09-30_Q3)",eps_pit_v4,2026-08-28T15:20:19.651653+00:00
2026-04-10,TER,82.0224719101,SEC,2026-02-19,1.62,0.8900000000000001,2025-12-31,2024-12-31,derived_from_fy,GROWTH,resolved,,97210.0,,,,,,,,,,,,,"derived_from_fy(0001193125-26-059002_EarningsPerShareDiluted_2025-01-01_2025-12-31_FY,0000950170-25-062503_EarningsPerShareDiluted_2025-01-01_2025-03-30_Q1,0000950170-25-101248_EarningsPerShareDiluted_2025-03-31_2025-06-29_Q2,0001193125-25-258477_EarningsPerShareDiluted_2025-06-30_2025-09-28_Q3)",eps_pit_v4,2026-08-28T15:20:14.989873+00:00
2026-04-10,TTMI,840.0,SEC,2026-02-17,0.47,0.05,2025-12-29,2024-12-30,derived_from_fy,GROWTH,resolved,,1116942.0,,,,,,,,,,,,,"derived_from_fy(0001193125-26-051976_EarningsPerShareDiluted_2024-12-31_2025-12-29_FY,0000950170-25-063937_EarningsPerShareDiluted_2024-12-31_2025-03-31_Q1,0000950170-25-102042_EarningsPerShareDiluted_2025-04-01_2025-06-30_Q2,0001193125-25-260708_EarningsPerShareDiluted_2025-07-01_2025-09-29_Q3)",eps_pit_v4,2026-08-28T15:20:15.976126+00:00
2026-04-10,UI,70.796460177,SEC,2026-02-06,3.86,2.26,2025-12-31,2024-12-31,reported_quarter,GROWTH,resolved,,1511737.0,,,,,,,,,,,,,0001511737-26-000014_EarningsPerShareDiluted_2025-10-01_2025-12-31_Q2,eps_pit_v4,2026-08-28T15:20:18.153957+00:00
2026-04-10,VRT,200.0,SEC,2026-02-13,1.14,0.38,2025-12-31,2024-12-31,derived_from_fy,GROWTH,resolved,,1674101.0,,,,,,,,,,,,,"derived_from_fy(0001674101-26-000008_EarningsPerShareDiluted_2025-01-01_2025-12-31_FY,0001628280-25-019372_EarningsPerShareDiluted_2025-01-01_2025-03-31_Q1,0001674101-25-000008_EarningsPerShareDiluted_2025-04-01_2025-06-30_Q2,0001674101-25-000024_EarningsPerShareDiluted_2025-07-01_2025-09-30_Q3)",eps_pit_v4,2026-08-28T15:20:20.735221+00:00
2026-04-10,VTR,15.3846153846,SEC,2026-02-06,0.15,0.13,2025-12-31,2024-12-31,derived_from_fy,GROWTH,resolved,,740260.0,,,,,,,,,,,,,"derived_from_fy(0000740260-26-000006_EarningsPerShareDiluted_2025-01-01_2025-12-31_FY,0000740260-25-000155_EarningsPerShareDiluted_2025-01-01_2025-03-31_Q1,0000740260-25-000231_EarningsPerShareDiluted_2025-04-01_2025-06-30_Q2,0000740260-25-000277_EarningsPerShareDiluted_2025-07-01_2025-09-30_Q3)",eps_pit_v4,2026-08-28T15:20:24.929087+00:00
2026-04-10,WDC,190.1840490798,SEC,2026-01-30,4.73,1.63,2026-01-02,2024-12-27,reported_quarter,GROWTH,resolved,,106040.0,,,,,,,,,,,,,0001628280-26-004207_EarningsPerShareDiluted_2025-10-04_2026-01-02_Q2,eps_pit_v4,2026-08-28T15:20:14.674769+00:00
2026-04-10,WMT,-20.0,SEC,2026-03-13,0.52,0.6500000000000001,2026-01-31,2025-01-31,derived_from_fy,DECLINE,resolved,,104169.0,,,,,,,,,,,,,"derived_from_fy(0000104169-26-000055_EarningsPerShareDiluted_2025-02-01_2026-01-31_FY,0000104169-25-000090_EarningsPerShareDiluted_2025-02-01_2025-04-30_Q1,0000104169-25-000137_EarningsPerShareDiluted_2025-05-01_2025-07-31_Q2,0000104169-25-000191_EarningsPerShareDiluted_2025-08-01_2025-10-31_Q3)",eps_pit_v4,2026-08-28T15:20:23.751960+00:00
2026-04-10,WULF,-255.5555555556,SEC,2026-02-27,-0.32,-0.09,2025-12-31,2024-12-31,derived_from_fy,LOSS_WIDENING,resolved,,1083301.0,,,,,,,,,,,,,"derived_from_fy(0001083301-26-000031_EarningsPerShareDiluted_2025-01-01_2025-12-31_FY,0001083301-25-000038_EarningsPerShareDiluted_2025-01-01_2025-03-31_Q1,0001083301-25-000061_EarningsPerShareDiluted_2025-04-01_2025-06-30_Q2,0001083301-25-000099_EarningsPerShareDiluted_2025-07-01_2025-09-30_Q3)",eps_pit_v4,2026-08-28T15:20:17.315443+00:00
2026-04-10,WWD,52.8169014085,SEC,2026-02-04,2.17,1.42,2025-12-31,2024-12-31,reported_quarter,GROWTH,resolved,,108312.0,,,,,,,,,,,,,0001193125-26-037182_EarningsPerShareDiluted_2025-10-01_2025-12-31_Q1,eps_pit_v4,2026-08-28T15:20:23.931338+00:00
2026-04-10,XPO,-22.2222222222,SEC,2026-02-05,0.4900000000000002,0.6299999999999999,2025-12-31,2024-12-31,derived_from_fy,DECLINE,resolved,,1166003.0,,,,,,,,,,,,,"derived_from_fy(0001166003-26-000016_EarningsPerShareDiluted_2025-01-01_2025-12-31_FY,0001166003-25-000067_EarningsPerShareDiluted_2025-01-01_2025-03-31_Q1,0001166003-25-000076_EarningsPerShareDiluted_2025-04-01_2025-06-30_Q2,0001166003-25-000087_EarningsPerShareDiluted_2025-07-01_2025-09-30_Q3)",eps_pit_v4,2026-08-28T15:20:19.093472+00:00
2026-04-10,ZION,31.3432835821,SEC,2026-02-24,1.76,1.34,2025-12-31,2024-12-31,reported_quarter,GROWTH,resolved,,109380.0,,,,,,,,,,,,,0000109380-26-000046_EarningsPerShareDiluted_2025-10-01_2025-12-31_FY,eps_pit_v4,2026-08-28T15:20:21.021000+00:00
2026-04-17,AD,616.6666666667,SEC,2026-02-20,0.43,0.06,2025-12-31,2024-12-31,derived_from_fy,GROWTH,resolved,,821130.0,,,,,,,,,,,,,"derived_from_fy(0000821130-26-000012_EarningsPerShareDiluted_2025-01-01_2025-12-31_FY,0000821130-25-000032_EarningsPerShareDiluted_2025-01-01_2025-03-31_Q1,0000821130-25-000051_EarningsPerShareDiluted_2025-04-01_2025-06-30_Q2,0000821130-25-000070_EarningsPerShareDiluted_2025-07-01_2025-09-30_Q3)",eps_pit_v4,2026-08-28T15:20:37.808522+00:00
2026-04-17,ADI,116.6666666667,SEC,2026-02-18,1.69,0.78,2026-01-31,2025-02-01,reported_quarter,GROWTH,resolved,,6281.0,,,,,,,,,,,,,0000006281-26-000016_EarningsPerShareDiluted_2025-11-02_2026-01-31_Q1,eps_pit_v4,2026-08-28T15:20:27.654670+00:00
2026-04-17,ALB,-1437.9310344828,SEC,2026-02-11,-3.88,0.2899999999999991,2025-12-31,2024-12-31,derived_from_fy,PROFIT_TO_LOSS,resolved,,915913.0,,,,,,,,,,,,,"derived_from_fy(0000915913-26-000018_EarningsPerShareDiluted_2025-01-01_2025-12-31_FY,0000915913-25-000084_EarningsPerShareDiluted_2025-01-01_2025-03-31_Q1,0000915913-25-000133_EarningsPerShareDiluted_2025-04-01_2025-06-30_Q2,0000915913-25-000162_EarningsPerShareDiluted_2025-07-01_2025-09-30_Q3)",eps_pit_v4,2026-08-28T15:20:35.796793+00:00
2026-04-17,ALL,103.2531824611,SEC,2026-02-20,14.37,7.07,2025-12-31,2024-12-31,reported_quarter,GROWTH,resolved,,899051.0,,,,,,,,,,,,,0000899051-26-000031_EarningsPerShareDiluted_2025-10-01_2025-12-31_FY,eps_pit_v4,2026-08-28T15:20:38.038281+00:00
2026-04-17,ALNT,123.5294117647,SEC,2026-03-05,0.38,0.17,2025-12-31,2024-12-31,derived_from_fy,GROWTH,resolved,,46129.0,,,,,,,,,,,,,"derived_from_fy(0001104659-26-024123_EarningsPerShareDiluted_2025-01-01_2025-12-31_FY,0001558370-25-006744_EarningsPerShareDiluted_2025-01-01_2025-03-31_Q1,0001558370-25-010524_EarningsPerShareDiluted_2025-04-01_2025-06-30_Q2,0001104659-25-106993_EarningsPerShareDiluted_2025-07-01_2025-09-30_Q3)",eps_pit_v4,2026-08-28T15:20:25.832891+00:00
2026-04-17,AMAL,12.8205128205,SEC,2026-03-05,0.8799999999999999,0.7799999999999998,2025-12-31,2024-12-31,derived_from_fy,GROWTH,resolved,,1823608.0,,,,,,,,,,,,,"derived_from_fy(0001823608-26-000048_EarningsPerShareDiluted_2025-01-01_2025-12-31_FY,0001823608-25-000049_EarningsPerShareDiluted_2025-01-01_2025-03-31_Q1,0001823608-25-000076_EarningsPerShareDiluted_2025-04-01_2025-06-30_Q2,0001823608-25-000113_EarningsPerShareDiluted_2025-07-01_2025-09-30_Q3)",eps_pit_v4,2026-08-28T15:20:31.413453+00:00
2026-04-17,AMKR,58.1395348837,SEC,2026-02-20,0.6799999999999999,0.4299999999999999,2025-12-31,2024-12-31,derived_from_fy,GROWTH,resolved,,1047127.0,,,,,,,,,,,,,"derived_from_fy(0001047127-26-000014_EarningsPerShareDiluted_2025-01-01_2025-12-31_FY,0001047127-25-000087_EarningsPerShareDiluted_2025-01-01_2025-03-31_Q1,0001047127-25-000168_EarningsPerShareDiluted_2025-04-01_2025-06-30_Q2,0001047127-25-000190_EarningsPerShareDiluted_2025-07-01_2025-09-30_Q3)",eps_pit_v4,2026-08-28T15:20:30.889439+00:00
2026-04-17,AMLX,48.1481481481,SEC,2026-03-03,-0.28,-0.5399999999999996,2025-12-31,2024-12-31,derived_from_fy,LOSS_NARROWING,resolved,,1658551.0,,,,,,,,,,,,,"derived_from_fy(0001193125-26-086645_EarningsPerShareDiluted_2025-01-01_2025-12-31_FY,0000950170-25-066363_EarningsPerShareDiluted_2025-01-01_2025-03-31_Q1,0001193125-25-174948_EarningsPerShareDiluted_2025-04-01_2025-06-30_Q2,0001193125-25-268059_EarningsPerShareDiluted_2025-07-01_2025-09-30_Q3)",eps_pit_v4,2026-08-28T15:20:30.943021+00:00
2026-04-17,ANRO,11.5384615385,SEC,2026-03-16,-0.4599999999999999,-0.52,2025-12-31,2024-12-31,derived_from_fy,LOSS_NARROWING,resolved,,1999480.0,,,,,,,,,,,,,"derived_from_fy(0001999480-26-000002_EarningsPerShareDiluted_2025-01-01_2025-12-31_FY,0001999480-25-000037_EarningsPerShareDiluted_2025-01-01_2025-03-31_Q1,0001999480-25-000076_EarningsPerShareDiluted_2025-04-01_2025-06-30_Q2,0001999480-25-000090_EarningsPerShareDiluted_2025-07-01_2025-09-30_Q3)",eps_pit_v4,2026-08-28T15:20:26.670762+00:00
2026-04-17,APEI,6.3492063492,SEC,2026-03-12,0.67,0.63,2025-12-31,2024-12-31,reported_quarter,GROWTH,resolved,,1201792.0,,,,,,,,,,,,,0001201792-26-000004_EarningsPerShareDiluted_2025-10-01_2025-12-31_FY,eps_pit_v4,2026-08-28T15:20:34.001346+00:00
2026-04-17,ARMK,-7.6923076923,SEC,2026-02-10,0.36,0.39,2026-01-02,2024-12-27,reported_quarter,DECLINE,resolved,,1584509.0,,,,,,,,,,,,,0001584509-26-000040_EarningsPerShareDiluted_2025-10-04_2026-01-02_Q1,eps_pit_v4,2026-08-28T15:20:36.377602+00:00
2026-04-17,AROW,214.8148148148,SEC,2026-03-06,0.8499999999999999,0.27,2025-12-31,2024-12-31,derived_from_fy,GROWTH,resolved,,717538.0,,,,,,,,,,,,,"derived_from_fy(0000717538-26-000037_EarningsPerShareDiluted_2025-01-01_2025-12-31_FY,0000717538-25-000056_EarningsPerShareDiluted_2025-01-01_2025-03-31_Q1,0000717538-25-000079_EarningsPerShareDiluted_2025-04-01_2025-06-30_Q2,0000717538-25-000102_EarningsPerShareDiluted_2025-07-01_2025-09-30_Q3)",eps_pit_v4,2026-08-28T15:20:28.610378+00:00
2026-04-17,AXTI,18.1818181818,SEC,2026-03-17,-0.0899999999999999,-0.11,2025-12-31,2024-12-31,derived_from_fy,LOSS_NARROWING,resolved,,1051627.0,,,,,,,,,,,,,"derived_from_fy(0001437749-26-008612_EarningsPerShareDiluted_2025-01-01_2025-12-31_FY,0001558370-25-007751_EarningsPerShareDiluted_2025-01-01_2025-03-31_Q1,0001437749-25-026516_EarningsPerShareDiluted_2025-04-01_2025-06-30_Q2,0001437749-25-034843_EarningsPerShareDiluted_2025-07-01_2025-09-30_Q3)",eps_pit_v4,2026-08-28T15:20:25.525275+00:00
2026-04-17,BFH,1412.5,SEC,2026-02-13,1.2100000000000009,0.08,2025-12-31,2024-12-31,derived_from_fy,GROWTH,resolved,,1101215.0,,,,,,,,,,,,,"derived_from_fy(0001101215-26-000016_EarningsPerShareDiluted_2025-01-01_2025-12-31_FY,0001101215-25-000080_EarningsPerShareDiluted_2025-01-01_2025-03-31_Q1,0001101215-25-000135_EarningsPerShareDiluted_2025-04-01_2025-06-30_Q2,0001101215-25-000173_EarningsPerShareDiluted_2025-07-01_2025-09-30_Q3)",eps_pit_v4,2026-08-28T15:20:34.180161+00:00
2026-04-17,BMY,980.0,SEC,2026-02-11,0.54,0.0499999999999998,2025-12-31,2024-12-31,derived_from_fy,GROWTH,resolved,,14272.0,,,,,,,,,,,,,"derived_from_fy(0000014272-26-000004_EarningsPerShareDiluted_2025-01-01_2025-12-31_FY,0000014272-25-000091_EarningsPerShareDiluted_2025-01-01_2025-03-31_Q1,0000014272-25-000131_EarningsPerShareDiluted_2025-04-01_2025-06-30_Q2,0000014272-25-000149_EarningsPerShareDiluted_2025-07-01_2025-09-30_Q3)",eps_pit_v4,2026-08-28T15:20:33.140634+00:00
2026-04-17,BOKF,36.1502347418,SEC,2026-02-18,2.8999999999999995,2.130000000000001,2025-12-31,2024-12-31,derived_from_fy,GROWTH,resolved,,875357.0,,,,,,,,,,,,,"derived_from_fy(0000875357-26-000013_EarningsPerShareDiluted_2025-01-01_2025-12-31_FY,0000875357-25-000027_EarningsPerShareDiluted_2025-01-01_2025-03-31_Q1,0000875357-25-000045_EarningsPerShareDiluted_2025-04-01_2025-06-30_Q2,0000875357-25-000057_EarningsPerShareDiluted_2025-07-01_2025-09-30_Q3)",eps_pit_v4,2026-08-28T15:20:32.910662+00:00
2026-04-17,BTSG,209.0909090909,SEC,2026-02-27,0.3399999999999999,0.11,2025-12-31,2024-12-31,derived_from_fy,GROWTH,resolved,,1865782.0,,,,,,,,,,,,,"derived_from_fy(0001193125-26-079454_EarningsPerShareDiluted_2025-01-01_2025-12-31_FY,0000950170-25-062263_EarningsPerShareDiluted_2025-01-01_2025-03-31_Q1,0000950170-25-101119_EarningsPerShareDiluted_2025-04-01_2025-06-30_Q2,0001193125-25-253631_EarningsPerShareDiluted_2025-07-01_2025-09-30_Q3)",eps_pit_v4,2026-08-28T15:20:27.388476+00:00
2026-04-17,BURL,19.8511166253,SEC,2026-03-19,4.83,4.03,2026-01-31,2025-02-01,derived_from_fy,GROWTH,resolved,,1579298.0,,,,,,,,,,,,,"derived_from_fy(0001193125-26-116001_EarningsPerShareDiluted_2025-02-02_2026-01-31_FY,0000950170-25-079172_EarningsPerShareDiluted_2025-02-02_2025-05-03_Q1,0001579298-25-000010_EarningsPerShareDiluted_2025-05-04_2025-08-02_Q2,0001193125-25-297249_EarningsPerShareDiluted_2025-08-03_2025-11-01_Q3)",eps_pit_v4,2026-08-28T15:20:31.156280+00:00
2026-04-17,CAC,33.0,SEC,2026-03-06,1.33,1.0,2025-12-31,2024-12-31,derived_from_fy,GROWTH,resolved,,750686.0,,,,,,,,,,,,,"derived_from_fy(0000750686-26-000010_EarningsPerShareDiluted_2025-01-01_2025-12-31_FY,0000750686-25-000214_EarningsPerShareDiluted_2025-01-01_2025-03-31_Q1,0000750686-25-000282_EarningsPerShareDiluted_2025-04-01_2025-06-30_Q2,0000750686-25-000306_EarningsPerShareDiluted_2025-07-01_2025-09-30_Q3)",eps_pit_v4,2026-08-28T15:20:31.860753+00:00
2026-04-17,CASH,27.6422764228,SEC,2026-02-05,1.57,1.23,2025-12-31,2024-12-31,reported_quarter,GROWTH,resolved,,907471.0,,,,,,,,,,,,,0000907471-26-000011_EarningsPerShareDiluted_2025-10-01_2025-12-31_Q1,eps_pit_v4,2026-08-28T15:20:36.798229+00:00
2026-04-17,CASS,79.4117647059,SEC,2026-03-06,0.6099999999999999,0.3399999999999998,2025-12-31,2024-12-31,derived_from_fy,GROWTH,resolved,,708781.0,,,,,,,,,,,,,"derived_from_fy(0000708781-26-000010_EarningsPerShareDiluted_2025-01-01_2025-12-31_FY,0000708781-25-000063_EarningsPerShareDiluted_2025-01-01_2025-03-31_Q1,0000708781-25-000087_EarningsPerShareDiluted_2025-04-01_2025-06-30_Q2,0000708781-25-000105_EarningsPerShareDiluted_2025-07-01_2025-09-30_Q3)",eps_pit_v4,2026-08-28T15:20:33.874912+00:00
2026-04-17,CATY,19.8198198198,SEC,2026-03-02,1.33,1.1100000000000003,2025-12-31,2024-12-31,derived_from_fy,GROWTH,resolved,,861842.0,,,,,,,,,,,,,"derived_from_fy(0001437749-26-006157_EarningsPerShareDiluted_2025-01-01_2025-12-31_FY,0001437749-25-015797_EarningsPerShareDiluted_2025-01-01_2025-03-31_Q1,0001437749-25-025772_EarningsPerShareDiluted_2025-04-01_2025-06-30_Q2,0001437749-25-033885_EarningsPerShareDiluted_2025-07-01_2025-09-30_Q3)",eps_pit_v4,2026-08-28T15:20:39.881393+00:00
2026-04-17,CMI,31.9875776398,SEC,2026-02-10,4.25,3.2200000000000024,2025-12-31,2024-12-31,derived_from_fy,GROWTH,resolved,,26172.0,,,,,,,,,,,,,"derived_from_fy(0000026172-26-000009_EarningsPerShareDiluted_2025-01-01_2025-12-31_FY,0000026172-25-000013_EarningsPerShareDiluted_2025-01-01_2025-03-31_Q1,0000026172-25-000031_EarningsPerShareDiluted_2025-04-01_2025-06-30_Q2,0000026172-25-000039_EarningsPerShareDiluted_2025-07-01_2025-09-30_Q3)",eps_pit_v4,2026-08-28T15:20:27.927106+00:00
2026-04-17,CNA,1485.7142857143,SEC,2026-02-10,1.1100000000000003,0.0699999999999998,2025-12-31,2024-12-31,derived_from_fy,GROWTH,resolved,,21175.0,,,,,,,,,,,,,"derived_from_fy(0000021175-26-000011_EarningsPerShareDiluted_2025-01-01_2025-12-31_FY,0000021175-25-000049_EarningsPerShareDiluted_2025-01-01_2025-03-31_Q1,0000021175-25-000074_EarningsPerShareDiluted_2025-04-01_2025-06-30_Q2,0000021175-25-000097_EarningsPerShareDiluted_2025-07-01_2025-09-30_Q3)",eps_pit_v4,2026-08-28T15:20:39.127720+00:00
2026-04-17,CPF,102.380952381,SEC,2026-02-27,0.8500000000000001,0.4200000000000001,2025-12-31,2024-12-31,derived_from_fy,GROWTH,resolved,,701347.0,,,,,,,,,,,,,"derived_from_fy(0000701347-26-000021_EarningsPerShareDiluted_2025-01-01_2025-12-31_FY,0000701347-25-000017_EarningsPerShareDiluted_2025-01-01_2025-03-31_Q1,0000701347-25-000027_EarningsPerShareDiluted_2025-04-01_2025-06-30_Q2,0000701347-25-000049_EarningsPerShareDiluted_2025-07-01_2025-09-30_Q3)",eps_pit_v4,2026-08-28T15:20:32.072180+00:00
2026-04-17,CRUS,26.0663507109,SEC,2026-02-03,2.66,2.11,2025-12-27,2024-12-28,reported_quarter,GROWTH,resolved,,772406.0,,,,,,,,,,,,,0000772406-26-000006_EarningsPerShareDiluted_2025-09-28_2025-12-27_Q3,eps_pit_v4,2026-08-28T15:20:26.954752+00:00
2026-04-17,CSWC,58.8235294118,SEC,2026-02-02,0.54,0.34,2025-12-31,2024-12-31,reported_quarter,GROWTH,resolved,,17313.0,,,,,,,,,,,,,0000017313-26-000011_EarningsPerShareDiluted_2025-10-01_2025-12-31_Q3,eps_pit_v4,2026-08-28T15:20:28.681477+00:00
2026-04-17,CSX,0.0,SEC,2026-02-12,0.3900000000000001,0.3900000000000001,2025-12-31,2024-12-31,derived_from_fy,FLAT,resolved,,277948.0,,,,,,,,,,,,,"derived_from_fy(0000277948-26-000006_EarningsPerShareDiluted_2025-01-01_2025-12-31_FY,0000277948-25-000028_EarningsPerShareDiluted_2025-01-01_2025-03-31_Q1,0000277948-25-000044_EarningsPerShareDiluted_2025-04-01_2025-06-30_Q2,0000277948-25-000054_EarningsPerShareDiluted_2025-07-01_2025-09-30_Q3)",eps_pit_v4,2026-08-28T15:20:33.649328+00:00
2026-04-17,CVEO,44.2307692308,SEC,2026-03-03,-0.5800000000000001,-1.04,2025-12-31,2024-12-31,derived_from_fy,LOSS_NARROWING,resolved,,1590584.0,,,,,,,,,,,,,"derived_from_fy(0001590584-26-000021_EarningsPerShareDiluted_2025-01-01_2025-12-31_FY,0001590584-25-000082_EarningsPerShareDiluted_2025-01-01_2025-03-31_Q1,0001590584-25-000120_EarningsPerShareDiluted_2025-04-01_2025-06-30_Q2,0001590584-25-000133_EarningsPerShareDiluted_2025-07-01_2025-09-30_Q3)",eps_pit_v4,2026-08-28T15:20:30.201638+00:00
2026-04-17,DG,121.8390804598,SEC,2026-03-20,1.9299999999999995,0.8700000000000001,2026-01-30,2025-01-31,derived_from_fy,GROWTH,resolved,,29534.0,,,,,,,,,,,,,"derived_from_fy(0001104659-26-032325_EarningsPerShareDiluted_2025-02-01_2026-01-30_FY,0001558370-25-008354_EarningsPerShareDiluted_2025-02-01_2025-05-02_Q1,0001558370-25-011786_EarningsPerShareDiluted_2025-05-03_2025-08-01_Q2,0001104659-25-118289_EarningsPerShareDiluted_2025-08-02_2025-10-31_Q3)",eps_pit_v4,2026-08-28T15:20:34.523788+00:00
2026-04-17,DLX,-10.7142857143,SEC,2026-02-13,0.25,0.2799999999999999,2025-12-31,2024-12-31,derived_from_fy,DECLINE,resolved,,27996.0,,,,,,,,,,,,,"derived_from_fy(0000027996-26-000037_EarningsPerShareDiluted_2025-01-01_2025-12-31_FY,0000027996-25-000142_EarningsPerShareDiluted_2025-01-01_2025-03-31_Q1,0000027996-25-000163_EarningsPerShareDiluted_2025-04-01_2025-06-30_Q2,0000027996-25-000189_EarningsPerShareDiluted_2025-07-01_2025-09-30_Q3)",eps_pit_v4,2026-08-28T15:20:37.071442+00:00
2026-04-17,EBAY,-15.5555555556,SEC,2026-02-19,1.1399999999999997,1.35,2025-12-31,2024-12-31,derived_from_fy,DECLINE,resolved,,1065088.0,,,,,,,,,,,,,"derived_from_fy(0001065088-26-000027_EarningsPerShareDiluted_2025-01-01_2025-12-31_FY,0001065088-25-000064_EarningsPerShareDiluted_2025-01-01_2025-03-31_Q1,0001065088-25-000077_EarningsPerShareDiluted_2025-04-01_2025-06-30_Q2,0001065088-25-000127_EarningsPerShareDiluted_2025-07-01_2025-09-30_Q3)",eps_pit_v4,2026-08-28T15:20:34.947309+00:00
2026-04-17,ESP,39.4366197183,SEC,2026-02-10,0.99,0.71,2025-12-31,2024-12-31,reported_quarter,GROWTH,resolved,,33533.0,,,,,,,,,,,,,0001174947-26-000152_EarningsPerShareDiluted_2025-10-01_2025-12-31_Q2,eps_pit_v4,2026-08-28T15:20:29.925367+00:00
2026-04-17,EZPW,37.5,SEC,2026-02-04,0.55,0.4,2025-12-31,2024-12-31,reported_quarter,GROWTH,resolved,,876523.0,,,,,,,,,,,,,0000876523-26-000010_EarningsPerShareDiluted_2025-10-01_2025-12-31_Q1,eps_pit_v4,2026-08-28T15:20:32.552245+00:00
2026-04-17,FBP,19.5652173913,SEC,2026-02-27,0.5499999999999998,0.4599999999999999,2025-12-31,2024-12-31,derived_from_fy,GROWTH,resolved,,1057706.0,,,,,,,,,,,,,"derived_from_fy(0001057706-26-000007_EarningsPerShareDiluted_2025-01-01_2025-12-31_FY,0001057706-25-000005_EarningsPerShareDiluted_2025-01-01_2025-03-31_Q1,0001057706-25-000007_EarningsPerShareDiluted_2025-04-01_2025-06-30_Q2,0001057706-25-000012_EarningsPerShareDiluted_2025-07-01_2025-09-30_Q3)",eps_pit_v4,2026-08-28T15:20:40.125125+00:00
2026-04-17,FCFS,26.3440860215,SEC,2026-02-09,2.3499999999999996,1.8600000000000003,2025-12-31,2024-12-31,derived_from_fy,GROWTH,resolved,,840489.0,,,,,,,,,,,,,"derived_from_fy(0000840489-26-000032_EarningsPerShareDiluted_2025-01-01_2025-12-31_FY,0000840489-25-000061_EarningsPerShareDiluted_2025-01-01_2025-03-31_Q1,0000840489-25-000098_EarningsPerShareDiluted_2025-04-01_2025-06-30_Q2,0000840489-25-000120_EarningsPerShareDiluted_2025-07-01_2025-09-30_Q3)",eps_pit_v4,2026-08-28T15:20:36.181438+00:00
2026-04-17,FCX,27.7777777778,SEC,2025-11-06,0.46,0.36,2025-09-30,2024-09-30,reported_quarter,GROWTH,resolved,,831259.0,,,,,,,,,,,,,0000831259-25-000050_EarningsPerShareDiluted_2025-07-01_2025-09-30_Q3,eps_pit_v4,2026-08-28T15:20:26.340000+00:00
2026-04-17,FDX,17.2872340426,SEC,2026-03-19,4.41,3.76,2026-02-28,2025-02-28,reported_quarter,GROWTH,resolved,,1048911.0,,,,,,,,,,,,,0001048911-26-000011_EarningsPerShareDiluted_2025-12-01_2026-02-28_Q3,eps_pit_v4,2026-08-28T15:20:29.722417+00:00
2026-04-17,FIGS,900.0,SEC,2026-02-26,0.1,0.01,2025-12-31,2024-12-31,derived_from_fy,GROWTH,resolved,,1846576.0,,,,,,,,,,,,,"derived_from_fy(0001628280-26-012333_EarningsPerShareDiluted_2025-01-01_2025-12-31_FY,0001628280-25-023887_EarningsPerShareDiluted_2025-01-01_2025-03-31_Q1,0001628280-25-038989_EarningsPerShareDiluted_2025-04-01_2025-06-30_Q2,0001628280-25-050211_EarningsPerShareDiluted_2025-07-01_2025-09-30_Q3)",eps_pit_v4,2026-08-28T15:20:26.459440+00:00
2026-04-17,FLEX,-4.4776119403,SEC,2026-02-06,0.64,0.67,2025-12-31,2024-12-31,reported_quarter,DECLINE,resolved,,866374.0,,,,,,,,,,,,,0000866374-26-000005_EarningsPerShareDiluted_2025-09-27_2025-12-31_Q3,eps_pit_v4,2026-08-28T15:20:33.511518+00:00
2026-04-17,GATX,26.0663507109,SEC,2026-02-19,2.6599999999999993,2.1100000000000003,2025-12-31,2024-12-31,derived_from_fy,GROWTH,resolved,,40211.0,,,,,,,,,,,,,"derived_from_fy(0000040211-26-000018_EarningsPerShareDiluted_2025-01-01_2025-12-31_FY,0000040211-25-000045_EarningsPerShareDiluted_2025-01-01_2025-03-31_Q1,0000040211-25-000085_EarningsPerShareDiluted_2025-04-01_2025-06-30_Q2,0000040211-25-000118_EarningsPerShareDiluted_2025-07-01_2025-09-30_Q3)",eps_pit_v4,2026-08-28T15:20:37.537600+00:00
2026-04-17,GCT,32.8947368421,SEC,2026-02-26,1.0099999999999998,0.7599999999999998,2025-12-31,2024-12-31,derived_from_fy,GROWTH,resolved,,1857816.0,,,,,,,,,,,,,"derived_from_fy(0001857816-26-000018_EarningsPerShareDiluted_2025-01-01_2025-12-31_FY,0001857816-25-000064_EarningsPerShareDiluted_2025-01-01_2025-03-31_Q1,0001857816-25-000097_EarningsPerShareDiluted_2025-04-01_2025-06-30_Q2,0001857816-25-000121_EarningsPerShareDiluted_2025-07-01_2025-09-30_Q3)",eps_pit_v4,2026-08-28T15:20:25.381536+00:00
2026-04-17,GHM,78.5714285714,SEC,2026-02-06,0.25,0.14,2025-12-31,2024-12-31,reported_quarter,GROWTH,resolved,,716314.0,,,,,,,,,,,,,0001193125-26-040310_EarningsPerShareDiluted_2025-10-01_2025-12-31_Q3,eps_pit_v4,2026-08-28T15:20:31.623026+00:00
2026-04-17,GNRC,-119.1588785047,SEC,2026-02-18,-0.4100000000000001,2.1399999999999997,2025-12-31,2024-12-31,derived_from_fy,PROFIT_TO_LOSS,resolved,,1474735.0,,,,,,,,,,,,,"derived_from_fy(0001437749-26-004568_EarningsPerShareDiluted_2025-01-01_2025-12-31_FY,0001437749-25-014767_EarningsPerShareDiluted_2025-01-01_2025-03-31_Q1,0001437749-25-024879_EarningsPerShareDiluted_2025-04-01_2025-06-30_Q2,0001437749-25-033048_EarningsPerShareDiluted_2025-07-01_2025-09-30_Q3)",eps_pit_v4,2026-08-28T15:20:33.290441+00:00
2026-04-17,GRMN,21.4285714286,SEC,2026-02-18,2.72,2.24,2025-12-27,2024-12-28,derived_from_fy,GROWTH,resolved,,1121788.0,,,,,,,,,,,,,"derived_from_fy(0001193125-26-056028_EarningsPerShareDiluted_2024-12-29_2025-12-27_FY,0000950170-25-060555_EarningsPerShareDiluted_2024-12-29_2025-03-29_Q1,0000950170-25-099877_EarningsPerShareDiluted_2025-03-30_2025-06-28_Q2,0001193125-25-254605_EarningsPerShareDiluted_2025-06-29_2025-09-27_Q3)",eps_pit_v4,2026-08-28T15:20:35.962182+00:00
2026-04-17,GSAT,73.8095238095,SEC,2026-02-27,-0.1099999999999999,-0.4199999999999999,2025-12-31,2024-12-31,derived_from_fy,LOSS_NARROWING,resolved,,1366868.0,,,,,,,,,,,,,"derived_from_fy(0001366868-26-000012_EarningsPerShareDiluted_2025-01-01_2025-12-31_FY,0001366868-25-000077_EarningsPerShareDiluted_2025-01-01_2025-03-31_Q1,0001366868-25-000104_EarningsPerShareDiluted_2025-04-01_2025-06-30_Q2,0001366868-25-000113_EarningsPerShareDiluted_2025-07-01_2025-09-30_Q3)",eps_pit_v4,2026-08-28T15:20:30.074639+00:00
2026-04-17,HUT,-273.7588652482,SEC,2026-02-25,-2.45,1.41,2025-12-31,2024-12-31,derived_from_fy,PROFIT_TO_LOSS,resolved,,1964789.0,,,,,,,,,,,,,"derived_from_fy(0001104659-26-019392_EarningsPerShareDiluted_2025-01-01_2025-12-31_FY,0001558370-25-006845_EarningsPerShareDiluted_2025-01-01_2025-03-31_Q1,0001558370-25-010631_EarningsPerShareDiluted_2025-04-01_2025-06-30_Q2,0001104659-25-105874_EarningsPerShareDiluted_2025-07-01_2025-09-30_Q3)",eps_pit_v4,2026-08-28T15:20:28.135691+00:00
2026-04-17,IBKR,-15.4929577465,SEC,2026-02-27,-0.8199999999999998,-0.71,2025-12-31,2024-12-31,derived_from_fy,LOSS_WIDENING,resolved,,1381197.0,,,,,,,,,,,,,"derived_from_fy(0001381197-26-000062_EarningsPerShareDiluted_2025-01-01_2025-12-31_FY,0001381197-25-000052_EarningsPerShareDiluted_2025-01-01_2025-03-31_Q1,0001381197-25-000103_EarningsPerShareDiluted_2025-04-01_2025-06-30_Q2,0001381197-25-000158_EarningsPerShareDiluted_2025-07-01_2025-09-30_Q3)",eps_pit_v4,2026-08-28T15:20:35.255901+00:00
2026-04-17,INVA,409.3023255814,SEC,2026-02-25,2.1899999999999995,0.43,2025-12-31,2024-12-31,derived_from_fy,GROWTH,resolved,,1080014.0,,,,,,,,,,,,,"derived_from_fy(0001193125-26-071776_EarningsPerShareDiluted_2025-01-01_2025-12-31_FY,0000950170-25-065765_EarningsPerShareDiluted_2025-01-01_2025-03-31_Q1,0000950170-25-104126_EarningsPerShareDiluted_2025-04-01_2025-06-30_Q2,0001193125-25-267040_EarningsPerShareDiluted_2025-07-01_2025-09-30_Q3)",eps_pit_v4,2026-08-28T15:20:35.374841+00:00
2026-04-17,IVT,-85.7142857143,SEC,2026-02-12,0.02,0.14,2025-12-31,2024-12-31,derived_from_fy,DECLINE,resolved,,1307748.0,,,,,,,,,,,,,"derived_from_fy(0001307748-26-000045_EarningsPerShareDiluted_2025-01-01_2025-12-31_FY,0001307748-25-000085_EarningsPerShareDiluted_2025-01-01_2025-03-31_Q1,0001307748-25-000157_EarningsPerShareDiluted_2025-04-01_2025-06-30_Q2,0001307748-25-000185_EarningsPerShareDiluted_2025-07-01_2025-09-30_Q3)",eps_pit_v4,2026-08-28T15:20:39.267443+00:00
2026-04-17,JAZZ,12.4579124579,SEC,2026-02-24,3.34,2.9700000000000006,2025-12-31,2024-12-31,derived_from_fy,GROWTH,resolved,,1232524.0,,,,,,,,,,,,,"derived_from_fy(0001232524-26-000013_EarningsPerShareDiluted_2025-01-01_2025-12-31_FY,0001232524-25-000027_EarningsPerShareDiluted_2025-01-01_2025-03-31_Q1,0001232524-25-000063_EarningsPerShareDiluted_2025-04-01_2025-06-30_Q2,0001232524-25-000074_EarningsPerShareDiluted_2025-07-01_2025-09-30_Q3)",eps_pit_v4,2026-08-28T15:20:35.120712+00:00
2026-04-17,JBHT,22.8758169935,SEC,2026-02-24,1.88,1.5299999999999994,2025-12-31,2024-12-31,derived_from_fy,GROWTH,resolved,,728535.0,,,,,,,,,,,,,"derived_from_fy(0001437749-26-005294_EarningsPerShareDiluted_2025-01-01_2025-12-31_FY,0001437749-25-013085_EarningsPerShareDiluted_2025-01-01_2025-03-31_Q1,0001437749-25-023379_EarningsPerShareDiluted_2025-04-01_2025-06-30_Q2,0001437749-25-031696_EarningsPerShareDiluted_2025-07-01_2025-09-30_Q3)",eps_pit_v4,2026-08-28T15:20:29.102557+00:00
2026-04-17,LGND,242.3529411765,SEC,2026-02-27,2.42,-1.7,2025-12-31,2024-12-31,derived_from_fy,TURNAROUND,resolved,,886163.0,,,,,,,,,,,,,"derived_from_fy(0000886163-26-000006_EarningsPerShareDiluted_2025-01-01_2025-12-31_FY,0000886163-25-000036_EarningsPerShareDiluted_2025-01-01_2025-03-31_Q1,0000886163-25-000051_EarningsPerShareDiluted_2025-04-01_2025-06-30_Q2,0000886163-25-000063_EarningsPerShareDiluted_2025-07-01_2025-09-30_Q3)",eps_pit_v4,2026-08-28T15:20:34.414293+00:00
2026-04-17,LIND,0.0,SEC,2026-02-26,-0.45,-0.45,2025-12-31,2024-12-31,derived_from_fy,LOSS_NARROWING,resolved,,1512499.0,,,,,,,,,,,,,"derived_from_fy(0001437749-26-005873_EarningsPerShareDiluted_2025-01-01_2025-12-31_FY,0001437749-25-014765_EarningsPerShareDiluted_2025-01-01_2025-03-31_Q1,0001437749-25-024642_EarningsPerShareDiluted_2025-04-01_2025-06-30_Q2,0001437749-25-033060_EarningsPerShareDiluted_2025-07-01_2025-09-30_Q3)",eps_pit_v4,2026-08-28T15:20:26.572893+00:00
2026-04-17,MAR,1.8292682927,SEC,2026-02-10,1.67,1.6400000000000006,2025-12-31,2024-12-31,derived_from_fy,GROWTH,resolved,,1048286.0,,,,,,,,,,,,,"derived_from_fy(0001048286-26-000007_EarningsPerShareDiluted_2025-01-01_2025-12-31_FY,0001628280-25-022485_EarningsPerShareDiluted_2025-01-01_2025-03-31_Q1,0001048286-25-000006_EarningsPerShareDiluted_2025-04-01_2025-06-30_Q2,0001048286-25-000013_EarningsPerShareDiluted_2025-07-01_2025-09-30_Q3)",eps_pit_v4,2026-08-28T15:20:30.409027+00:00
2026-04-17,MKSI,17.9104477612,SEC,2026-02-24,1.58,1.34,2025-12-31,2024-12-31,derived_from_fy,GROWTH,resolved,,1049502.0,,,,,,,,,,,,,"derived_from_fy(0001193125-26-066820_EarningsPerShareDiluted_2025-01-01_2025-12-31_FY,0000950170-25-066792_EarningsPerShareDiluted_2025-01-01_2025-03-31_Q1,0001193125-25-175092_EarningsPerShareDiluted_2025-04-01_2025-06-30_Q2,0001193125-25-268932_EarningsPerShareDiluted_2025-07-01_2025-09-30_Q3)",eps_pit_v4,2026-08-28T15:20:26.159065+00:00
2026-04-17,MSGS,580.0,SEC,2026-02-06,0.34,0.05,2025-12-31,2024-12-31,reported_quarter,GROWTH,resolved,,1636519.0,,,,,,,,,,,,,0001628280-26-006075_EarningsPerShareDiluted_2025-10-01_2025-12-31_Q2,eps_pit_v4,2026-08-28T15:20:32.661274+00:00
2026-04-17,MSM,8.5714285714,SEC,2026-04-01,0.76,0.7,2026-02-28,2025-03-01,reported_quarter,GROWTH,resolved,,1003078.0,,,,,,,,,,,,,0001003078-26-000061_EarningsPerShareDiluted_2025-11-30_2026-02-28_Q2,eps_pit_v4,2026-08-28T15:20:34.768746+00:00
2026-04-17,MU,756.0283687943,SEC,2026-03-19,12.07,1.41,2026-02-26,2025-02-27,reported_quarter,GROWTH,resolved,,723125.0,,,,,,,,,,,,,0000723125-26-000006_EarningsPerShareDiluted_2025-11-28_2026-02-26_Q2,eps_pit_v4,2026-08-28T15:20:25.999484+00:00
2026-04-17,NATL,98.1818181818,SEC,2026-02-27,1.09,0.55,2025-12-31,2024-12-31,reported_quarter,GROWTH,resolved,,1974138.0,,,,,,,,,,,,,0001628280-26-012576_EarningsPerShareDiluted_2025-10-01_2025-12-31_FY,eps_pit_v4,2026-08-28T15:20:38.874397+00:00
2026-04-17,OPLN,-650.0,SEC,2026-02-18,-1.54,0.28,2025-12-31,2024-12-31,derived_from_fy,PROFIT_TO_LOSS,resolved,,1395942.0,,,,,,,,,,,,,"derived_from_fy(0001395942-26-000006_EarningsPerShareDiluted_2025-01-01_2025-12-31_FY,0001395942-25-000027_EarningsPerShareDiluted_2025-01-01_2025-03-31_Q1,0001395942-25-000051_EarningsPerShareDiluted_2025-04-01_2025-06-30_Q2,0001395942-25-000068_EarningsPerShareDiluted_2025-07-01_2025-09-30_Q3)",eps_pit_v4,2026-08-28T15:20:38.826428+00:00
2026-04-17,OSIS,0.0,SEC,2026-01-29,2.22,2.22,2025-12-31,2024-12-31,reported_quarter,FLAT,resolved,,1039065.0,,,,,,,,,,,,,0001104659-26-008109_EarningsPerShareDiluted_2025-10-01_2025-12-31_Q2,eps_pit_v4,2026-08-28T15:20:38.276530+00:00
2026-04-17,OVBC,58.4905660377,SEC,2026-03-13,0.8400000000000003,0.5299999999999998,2025-12-31,2024-12-31,derived_from_fy,GROWTH,resolved,,894671.0,,,,,,,,,,,,,"derived_from_fy(0001140361-26-009342_EarningsPerShareBasic_2025-01-01_2025-12-31_FY,0000894671-25-000026_EarningsPerShareBasic_2025-01-01_2025-03-31_Q1,0000894671-25-000036_EarningsPerShareBasic_2025-04-01_2025-06-30_Q2,0000894671-25-000070_EarningsPerShareBasic_2025-07-01_2025-09-30_Q3)",eps_pit_v4,2026-08-28T15:20:32.363524+00:00
2026-04-17,OVLY,4.1095890411,SEC,2026-03-25,0.7599999999999998,0.73,2025-12-31,2024-12-31,derived_from_fy,GROWTH,resolved,,1431567.0,,,,,,,,,,,,,"derived_from_fy(0001437749-26-009757_EarningsPerShareDiluted_2025-01-01_2025-12-31_FY,0001437749-25-016795_EarningsPerShareDiluted_2025-01-01_2025-03-31_Q1,0001437749-25-026558_EarningsPerShareDiluted_2025-04-01_2025-06-30_Q2,0001437749-25-034791_EarningsPerShareDiluted_2025-07-01_2025-09-30_Q3)",eps_pit_v4,2026-08-28T15:20:30.632786+00:00
2026-04-17,PL,-316.6666666667,SEC,2026-03-23,-0.5,-0.1199999999999999,2026-01-31,2025-01-31,derived_from_fy,LOSS_WIDENING,resolved,,1836833.0,,,,,,,,,,,,,"derived_from_fy(0001193125-26-119957_EarningsPerShareDiluted_2025-02-01_2026-01-31_FY,0001836833-25-000063_EarningsPerShareDiluted_2025-02-01_2025-04-30_Q1,0001836833-25-000104_EarningsPerShareDiluted_2025-05-01_2025-07-31_Q2,0001193125-25-314295_EarningsPerShareDiluted_2025-08-01_2025-10-31_Q3)",eps_pit_v4,2026-08-28T15:20:25.586148+00:00
2026-04-17,RPRX,6.5217391304,SEC,2026-02-11,0.49,0.4599999999999999,2025-12-31,2024-12-31,derived_from_fy,GROWTH,resolved,,1802768.0,,,,,,,,,,,,,"derived_from_fy(0001802768-26-000003_EarningsPerShareDiluted_2025-01-01_2025-12-31_FY,0001802768-25-000027_EarningsPerShareDiluted_2025-01-01_2025-03-31_Q1,0001802768-25-000095_EarningsPerShareDiluted_2025-04-01_2025-06-30_Q2,0001802768-25-000114_EarningsPerShareDiluted_2025-07-01_2025-09-30_Q3)",eps_pit_v4,2026-08-28T15:20:38.663514+00:00
2026-04-17,RRBI,26.2773722628,SEC,2026-03-13,1.73,1.37,2025-12-31,2024-12-31,reported_quarter,GROWTH,resolved,,1071236.0,,,,,,,,,,,,,0001071236-26-000027_EarningsPerShareDiluted_2025-10-01_2025-12-31_FY,eps_pit_v4,2026-08-28T15:20:31.315114+00:00
2026-04-17,RSI,166.6666666667,SEC,2026-02-18,0.08,0.03,2025-12-31,2024-12-31,derived_from_fy,GROWTH,resolved,,1793659.0,,,,,,,,,,,,,"derived_from_fy(0001793659-26-000009_EarningsPerShareDiluted_2025-01-01_2025-12-31_FY,0001793659-25-000111_EarningsPerShareDiluted_2025-01-01_2025-03-31_Q1,0001793659-25-000168_EarningsPerShareDiluted_2025-04-01_2025-06-30_Q2,0001793659-25-000193_EarningsPerShareDiluted_2025-07-01_2025-09-30_Q3)",eps_pit_v4,2026-08-28T15:20:32.132551+00:00
2026-04-17,SHEN,61.7647058824,SEC,2026-02-26,-0.1299999999999999,-0.3399999999999998,2025-12-31,2024-12-31,derived_from_fy,LOSS_NARROWING,resolved,,354963.0,,,,,,,,,,,,,"derived_from_fy(0000354963-26-000125_EarningsPerShareDiluted_2025-01-01_2025-12-31_FY,0001628280-25-020817_EarningsPerShareDiluted_2025-01-01_2025-03-31_Q1,0000354963-25-000210_EarningsPerShareDiluted_2025-04-01_2025-06-30_Q2,0000354963-25-000267_EarningsPerShareDiluted_2025-07-01_2025-09-30_Q3)",eps_pit_v4,2026-08-28T15:20:29.504715+00:00
2026-04-17,SLAB,90.2777777778,SEC,2026-02-10,-0.07,-0.7199999999999998,2026-01-03,2024-12-28,derived_from_fy,LOSS_NARROWING,resolved,,1038074.0,,,,,,,,,,,,,"derived_from_fy(0001038074-26-000005_EarningsPerShareDiluted_2024-12-29_2026-01-03_FY,0001038074-25-000008_EarningsPerShareDiluted_2024-12-29_2025-04-05_Q1,0001038074-25-000014_EarningsPerShareDiluted_2025-04-06_2025-07-05_Q2,0001038074-25-000023_EarningsPerShareDiluted_2025-07-06_2025-10-04_Q3)",eps_pit_v4,2026-08-28T15:20:29.299151+00:00
2026-04-17,SMTC,-141.975308642,SEC,2026-03-23,-0.34,0.81,2026-01-25,2025-01-26,derived_from_fy,PROFIT_TO_LOSS,resolved,,88941.0,,,,,,,,,,,,,"derived_from_fy(0000088941-26-000005_EarningsPerShareDiluted_2025-01-27_2026-01-25_FY,0000088941-25-000101_EarningsPerShareDiluted_2025-01-27_2025-04-27_Q1,0000088941-25-000160_EarningsPerShareDiluted_2025-04-28_2025-07-27_Q2,0000088941-25-000166_EarningsPerShareDiluted_2025-07-28_2025-10-26_Q3)",eps_pit_v4,2026-08-28T15:20:25.259202+00:00
2026-04-17,STT,-0.8230452675,SEC,2026-02-19,2.41,2.4300000000000015,2025-12-31,2024-12-31,derived_from_fy,DECLINE,resolved,,93751.0,,,,,,,,,,,,,"derived_from_fy(0000093751-26-000124_EarningsPerShareDiluted_2025-01-01_2025-12-31_FY,0000093751-25-000226_EarningsPerShareDiluted_2025-01-01_2025-03-31_Q1,0000093751-25-000425_EarningsPerShareDiluted_2025-04-01_2025-06-30_Q2,0000093751-25-000575_EarningsPerShareDiluted_2025-07-01_2025-09-30_Q3)",eps_pit_v4,2026-08-28T15:20:38.599493+00:00
2026-04-17,SXI,142.8571428571,SEC,2026-02-02,0.17,0.07,2025-12-31,2024-12-31,reported_quarter,GROWTH,resolved,,310354.0,,,,,,,,,,,,,0001437749-26-002599_EarningsPerShareDiluted_2025-10-01_2025-12-31_Q2,eps_pit_v4,2026-08-28T15:20:39.443666+00:00
2026-04-17,TPR,94.2028985507,SEC,2026-02-05,2.68,1.38,2025-12-27,2024-12-28,reported_quarter,GROWTH,resolved,,1116132.0,,,,,,,,,,,,,0001116132-26-000005_EarningsPerShareDiluted_2025-09-28_2025-12-27_Q2,eps_pit_v4,2026-08-28T15:20:35.538993+00:00
2026-04-17,TRVI,45.4545454545,SEC,2026-03-17,-0.06,-0.1099999999999999,2025-12-31,2024-12-31,derived_from_fy,LOSS_NARROWING,resolved,,1563880.0,,,,,,,,,,,,,"derived_from_fy(0001193125-26-110783_EarningsPerShareDiluted_2025-01-01_2025-12-31_FY,0000950170-25-067011_EarningsPerShareDiluted_2025-01-01_2025-03-31_Q1,0000950170-25-105066_EarningsPerShareDiluted_2025-04-01_2025-06-30_Q2,0001193125-25-280166_EarningsPerShareDiluted_2025-07-01_2025-09-30_Q3)",eps_pit_v4,2026-08-28T15:20:29.165902+00:00
2026-04-17,TXN,-2.2900763359,SEC,2026-02-06,1.2800000000000002,1.3100000000000005,2025-12-31,2024-12-31,derived_from_fy,DECLINE,resolved,,97476.0,,,,,,,,,,,,,"derived_from_fy(0000097476-26-000059_EarningsPerShareDiluted_2025-01-01_2025-12-31_FY,0000097476-25-000027_EarningsPerShareDiluted_2025-01-01_2025-03-31_Q1,0000097476-25-000036_EarningsPerShareDiluted_2025-04-01_2025-06-30_Q2,0000097476-25-000060_EarningsPerShareDiluted_2025-07-01_2025-09-30_Q3)",eps_pit_v4,2026-08-28T15:20:28.906902+00:00
2026-04-17,ULS,-17.5,SEC,2026-02-19,0.33,0.4000000000000001,2025-12-31,2024-12-31,derived_from_fy,DECLINE,resolved,,1901440.0,,,,,,,,,,,,,"derived_from_fy(0001901440-26-000005_EarningsPerShareDiluted_2025-01-01_2025-12-31_FY,0001901440-25-000019_EarningsPerShareDiluted_2025-01-01_2025-03-31_Q1,0001901440-25-000030_EarningsPerShareDiluted_2025-04-01_2025-06-30_Q2,0001901440-25-000047_EarningsPerShareDiluted_2025-07-01_2025-09-30_Q3)",eps_pit_v4,2026-08-28T15:20:36.500960+00:00
2026-04-17,UTMD,-6.976744186,SEC,2026-03-27,0.8,0.86,2025-12-31,2024-12-31,reported_quarter,DECLINE,resolved,,706698.0,,,,,,,,,,,,,0001096906-26-000395_EarningsPerShareDiluted_2025-10-01_2025-12-31_FY,eps_pit_v4,2026-08-28T15:20:37.658664+00:00
2026-04-17,UVE,985.7142857143,SEC,2026-02-27,2.28,0.21,2025-12-31,2024-12-31,reported_quarter,GROWTH,resolved,,891166.0,,,,,,,,,,,,,0000891166-26-000010_EarningsPerShareDiluted_2025-10-01_2025-12-31_FY,eps_pit_v4,2026-08-28T15:20:37.285264+00:00
2026-04-17,VICR,320.8333333333,SEC,2026-03-02,1.0099999999999998,0.24,2025-12-31,2024-12-31,derived_from_fy,GROWTH,resolved,,751978.0,,,,,,,,,,,,,"derived_from_fy(0001193125-26-085102_EarningsPerShareDiluted_2025-01-01_2025-12-31_FY,0000950170-25-060629_EarningsPerShareDiluted_2025-01-01_2025-03-31_Q1,0000950170-25-101161_EarningsPerShareDiluted_2025-04-01_2025-06-30_Q2,0001193125-25-256259_EarningsPerShareDiluted_2025-07-01_2025-09-30_Q3)",eps_pit_v4,2026-08-28T15:20:25.704288+00:00
2026-04-17,WCC,10.6312292359,SEC,2026-02-13,3.33,3.01,2025-12-31,2024-12-31,derived_from_fy,GROWTH,resolved,,929008.0,,,,,,,,,,,,,"derived_from_fy(0000929008-26-000008_EarningsPerShareDiluted_2025-01-01_2025-12-31_FY,0000929008-25-000012_EarningsPerShareDiluted_2025-01-01_2025-03-31_Q1,0000929008-25-000023_EarningsPerShareDiluted_2025-04-01_2025-06-30_Q2,0000929008-25-000034_EarningsPerShareDiluted_2025-07-01_2025-09-30_Q3)",eps_pit_v4,2026-08-28T15:20:28.089975+00:00
2026-04-17,WELL,-35.0,SEC,2026-02-12,0.1299999999999999,0.2000000000000001,2025-12-31,2024-12-31,derived_from_fy,DECLINE,resolved,,766704.0,,,,,,,,,,,,,"derived_from_fy(0000766704-26-000010_EarningsPerShareDiluted_2025-01-01_2025-12-31_FY,0000766704-25-000020_EarningsPerShareDiluted_2025-01-01_2025-03-31_Q1,0000766704-25-000029_EarningsPerShareDiluted_2025-04-01_2025-06-30_Q2,0000766704-25-000040_EarningsPerShareDiluted_2025-07-01_2025-09-30_Q3)",eps_pit_v4,2026-08-28T15:20:39.666302+00:00
2026-04-17,WULF,-255.5555555556,SEC,2026-02-27,-0.32,-0.09,2025-12-31,2024-12-31,derived_from_fy,LOSS_WIDENING,resolved,,1083301.0,,,,,,,,,,,,,"derived_from_fy(0001083301-26-000031_EarningsPerShareDiluted_2025-01-01_2025-12-31_FY,0001083301-25-000038_EarningsPerShareDiluted_2025-01-01_2025-03-31_Q1,0001083301-25-000061_EarningsPerShareDiluted_2025-04-01_2025-06-30_Q2,0001083301-25-000099_EarningsPerShareDiluted_2025-07-01_2025-09-30_Q3)",eps_pit_v4,2026-08-28T15:20:28.240715+00:00
2026-04-17,XPO,-22.2222222222,SEC,2026-02-05,0.4900000000000002,0.6299999999999999,2025-12-31,2024-12-31,derived_from_fy,DECLINE,resolved,,1166003.0,,,,,,,,,,,,,"derived_from_fy(0001166003-26-000016_EarningsPerShareDiluted_2025-01-01_2025-12-31_FY,0001166003-25-000067_EarningsPerShareDiluted_2025-01-01_2025-03-31_Q1,0001166003-25-000076_EarningsPerShareDiluted_2025-04-01_2025-06-30_Q2,0001166003-25-000087_EarningsPerShareDiluted_2025-07-01_2025-09-30_Q3)",eps_pit_v4,2026-08-28T15:20:27.236558+00:00
2026-04-24,ALSN,-41.2935323383,SEC,2026-02-24,1.1799999999999995,2.0100000000000007,2025-12-31,2024-12-31,derived_from_fy,DECLINE,resolved,,1411207.0,,,,,,,,,,,,,"derived_from_fy(0001193125-26-065627_EarningsPerShareDiluted_2025-01-01_2025-12-31_FY,0000950170-25-062281_EarningsPerShareDiluted_2025-01-01_2025-03-31_Q1,0000950170-25-103020_EarningsPerShareDiluted_2025-04-01_2025-06-30_Q2,0001193125-25-257624_EarningsPerShareDiluted_2025-07-01_2025-09-30_Q3)",eps_pit_v4,2026-08-28T15:20:48.050723+00:00
2026-04-24,AMPX,-72.7272727273,SEC,2026-03-06,-0.1899999999999999,-0.1099999999999999,2025-12-31,2024-12-31,derived_from_fy,LOSS_WIDENING,resolved,,1899287.0,,,,,,,,,,,,,"derived_from_fy(0001899287-26-000015_EarningsPerShareDiluted_2025-01-01_2025-12-31_FY,0001899287-25-000040_EarningsPerShareDiluted_2025-01-01_2025-03-31_Q1,0001628280-25-038983_EarningsPerShareDiluted_2025-04-01_2025-06-30_Q2,0001628280-25-050308_EarningsPerShareDiluted_2025-07-01_2025-09-30_Q3)",eps_pit_v4,2026-08-28T15:20:43.886651+00:00
2026-04-24,ANET,17.4603174603,SEC,2026-02-17,0.7400000000000002,0.6299999999999999,2025-12-31,2024-12-31,derived_from_fy,GROWTH,resolved,,1596532.0,,,,,,,,,,,,,"derived_from_fy(0001596532-26-000013_EarningsPerShareDiluted_2025-01-01_2025-12-31_FY,0001596532-25-000106_EarningsPerShareDiluted_2025-01-01_2025-03-31_Q1,0001596532-25-000216_EarningsPerShareDiluted_2025-04-01_2025-06-30_Q2,0001596532-25-000286_EarningsPerShareDiluted_2025-07-01_2025-09-30_Q3)",eps_pit_v4,2026-08-28T15:20:46.157046+00:00
2026-04-24,ASYS,-50.0,SEC,2026-02-05,0.01,0.02,2025-12-31,2024-12-31,reported_quarter,DECLINE,resolved,,720500.0,,,,,,,,,,,,,0001193125-26-039360_EarningsPerShareDiluted_2025-10-01_2025-12-31_Q1,eps_pit_v4,2026-08-28T15:20:44.596126+00:00
2026-04-24,AZZ,-39.0804597701,SEC,2026-04-22,0.5299999999999994,0.8699999999999999,2026-02-28,2025-02-28,derived_from_fy,DECLINE,resolved,,8947.0,,,,,,,,,,,,,"derived_from_fy(0000008947-26-000068_EarningsPerShareDiluted_2025-03-01_2026-02-28_FY,0000008947-25-000140_EarningsPerShareDiluted_2025-03-01_2025-05-31_Q1,0000008947-25-000193_EarningsPerShareDiluted_2025-06-01_2025-08-31_Q2,0000008947-26-000010_EarningsPerShareDiluted_2025-09-01_2025-11-30_Q3)",eps_pit_v4,2026-08-28T15:20:47.074910+00:00
2026-04-24,BATRA,-120.6896551724,SEC,2026-02-26,-0.6399999999999999,-0.29,2025-12-31,2024-12-31,derived_from_fy,LOSS_WIDENING,resolved,,1958140.0,,,,,,,,,,,,,"derived_from_fy(0001104659-26-020650_EarningsPerShareDiluted_2025-01-01_2025-12-31_FY,0001558370-25-007293_EarningsPerShareDiluted_2025-01-01_2025-03-31_Q1,0001558370-25-010754_EarningsPerShareDiluted_2025-04-01_2025-06-30_Q2,0001104659-25-106839_EarningsPerShareDiluted_2025-07-01_2025-09-30_Q3)",eps_pit_v4,2026-08-28T15:20:48.681390+00:00
2026-04-24,BKR,-58.5365853659,SEC,2025-02-04,0.1699999999999999,0.4099999999999999,2022-12-31,2021-12-31,derived_from_fy,DECLINE,resolved,,1701605.0,,,,,,,,,,,,,"derived_from_fy(0001701605-25-000035_EarningsPerShareDiluted_2022-01-01_2022-12-31_FY,0001701605-22-000079_EarningsPerShareDiluted_2022-01-01_2022-03-31_Q1,0001701605-22-000113_EarningsPerShareDiluted_2022-04-01_2022-06-30_Q2,0001701605-22-000151_EarningsPerShareDiluted_2022-07-01_2022-09-30_Q3)",eps_pit_v4,2026-08-28T15:20:50.685563+00:00
2026-04-24,CHMG,29.8387096774,SEC,2026-03-13,1.61,1.2400000000000002,2025-12-31,2024-12-31,derived_from_fy,GROWTH,resolved,,763563.0,,,,,,,,,,,,,"derived_from_fy(0001628280-26-017546_EarningsPerShareDiluted_2025-01-01_2025-12-31_FY,0000763563-25-000074_EarningsPerShareDiluted_2025-01-01_2025-03-31_Q1,0000763563-25-000103_EarningsPerShareDiluted_2025-04-01_2025-06-30_Q2,0001628280-25-049947_EarningsPerShareDiluted_2025-07-01_2025-09-30_Q3)",eps_pit_v4,2026-08-28T15:20:48.632837+00:00
2026-04-24,COHU,-6.6666666667,SEC,2026-02-17,-0.48,-0.4499999999999999,2025-12-27,2024-12-28,derived_from_fy,LOSS_WIDENING,resolved,,21535.0,,,,,,,,,,,,,"derived_from_fy(0001437749-26-004339_EarningsPerShareDiluted_2024-12-29_2025-12-27_FY,0001437749-25-014183_EarningsPerShareDiluted_2024-12-29_2025-03-29_Q1,0001437749-25-024281_EarningsPerShareDiluted_2025-03-30_2025-06-28_Q2,0001437749-25-032269_EarningsPerShareDiluted_2025-06-29_2025-09-27_Q3)",eps_pit_v4,2026-08-28T15:20:41.188078+00:00
2026-04-24,CSV,22.5806451613,SEC,2026-02-26,0.7599999999999998,0.6200000000000001,2025-12-31,2024-12-31,derived_from_fy,GROWTH,resolved,,1016281.0,,,,,,,,,,,,,"derived_from_fy(0001016281-26-000021_EarningsPerShareDiluted_2025-01-01_2025-12-31_FY,0001016281-25-000077_EarningsPerShareDiluted_2025-01-01_2025-03-31_Q1,0001016281-25-000103_EarningsPerShareDiluted_2025-04-01_2025-06-30_Q2,0001016281-25-000128_EarningsPerShareDiluted_2025-07-01_2025-09-30_Q3)",eps_pit_v4,2026-08-28T15:20:50.368696+00:00
2026-04-24,CVLG,-372.0,SEC,2026-02-27,-0.6799999999999999,0.25,2025-12-31,2024-12-31,derived_from_fy,PROFIT_TO_LOSS,resolved,,928658.0,,,,,,,,,,,,,"derived_from_fy(0001437749-26-006086_EarningsPerShareDiluted_2025-01-01_2025-12-31_FY,0001437749-25-015059_EarningsPerShareDiluted_2025-01-01_2025-03-31_Q1,0001437749-25-025408_EarningsPerShareDiluted_2025-04-01_2025-06-30_Q2,0001437749-25-033809_EarningsPerShareDiluted_2025-07-01_2025-09-30_Q3)",eps_pit_v4,2026-08-28T15:20:44.366254+00:00
2026-04-24,DGII,14.8148148148,SEC,2026-02-04,0.31,0.27,2025-12-31,2024-12-31,reported_quarter,GROWTH,resolved,,854775.0,,,,,,,,,,,,,0000854775-26-000005_EarningsPerShareDiluted_2025-10-01_2025-12-31_Q1,eps_pit_v4,2026-08-28T15:20:44.897312+00:00
2026-04-24,DOCN,21.0526315789,SEC,2026-02-24,0.2299999999999999,0.19,2025-12-31,2024-12-31,derived_from_fy,GROWTH,resolved,,1582961.0,,,,,,,,,,,,,"derived_from_fy(0001582961-26-000019_EarningsPerShareDiluted_2025-01-01_2025-12-31_FY,0001582961-25-000087_EarningsPerShareDiluted_2025-01-01_2025-03-31_Q1,0001582961-25-000138_EarningsPerShareDiluted_2025-04-01_2025-06-30_Q2,0001582961-25-000150_EarningsPerShareDiluted_2025-07-01_2025-09-30_Q3)",eps_pit_v4,2026-08-28T15:20:42.655911+00:00
2026-04-24,ENTG,-50.7462686567,SEC,2026-02-11,0.33,0.6699999999999999,2025-12-31,2024-12-31,derived_from_fy,DECLINE,resolved,,1101302.0,,,,,,,,,,,,,"derived_from_fy(0001101302-26-000012_EarningsPerShareDiluted_2025-01-01_2025-12-31_FY,0001101302-25-000060_EarningsPerShareDiluted_2025-01-01_2025-03-29_Q1,0001101302-25-000079_EarningsPerShareDiluted_2025-03-30_2025-06-28_Q2,0001101302-25-000103_EarningsPerShareDiluted_2025-06-29_2025-09-27_Q3)",eps_pit_v4,2026-08-28T15:20:43.211744+00:00
2026-04-24,ERAS,-66.6666666667,SEC,2026-03-12,-0.1,-0.0599999999999999,2025-12-31,2024-12-31,derived_from_fy,LOSS_WIDENING,resolved,,1761918.0,,,,,,,,,,,,,"derived_from_fy(0001193125-26-104150_EarningsPerShareDiluted_2025-01-01_2025-12-31_FY,0000950170-25-070418_EarningsPerShareDiluted_2025-01-01_2025-03-31_Q1,0001193125-25-178996_EarningsPerShareDiluted_2025-04-01_2025-06-30_Q2,0001193125-25-277625_EarningsPerShareDiluted_2025-07-01_2025-09-30_Q3)",eps_pit_v4,2026-08-28T15:20:40.949592+00:00
2026-04-24,ETN,18.3673469388,SEC,2026-02-26,2.8999999999999995,2.45,2025-12-31,2024-12-31,derived_from_fy,GROWTH,resolved,,1551182.0,,,,,,,,,,,,,"derived_from_fy(0001551182-26-000007_EarningsPerShareDiluted_2025-01-01_2025-12-31_FY,0001551182-25-000014_EarningsPerShareDiluted_2025-01-01_2025-03-31_Q1,0001551182-25-000028_EarningsPerShareDiluted_2025-04-01_2025-06-30_Q2,0001551182-25-000036_EarningsPerShareDiluted_2025-07-01_2025-09-30_Q3)",eps_pit_v4,2026-08-28T15:20:45.894656+00:00
2026-04-24,EWBC,21.4285714286,SEC,2026-02-27,2.549999999999999,2.0999999999999996,2025-12-31,2024-12-31,derived_from_fy,GROWTH,resolved,,1069157.0,,,,,,,,,,,,,"derived_from_fy(0001069157-26-000009_EarningsPerShareDiluted_2025-01-01_2025-12-31_FY,0001069157-25-000052_EarningsPerShareDiluted_2025-01-01_2025-03-31_Q1,0001069157-25-000096_EarningsPerShareDiluted_2025-04-01_2025-06-30_Q2,0001069157-25-000119_EarningsPerShareDiluted_2025-07-01_2025-09-30_Q3)",eps_pit_v4,2026-08-28T15:20:51.769613+00:00
2026-04-24,FAF,70.4225352113,SEC,2026-04-24,1.21,0.71,2026-03-31,2025-03-31,reported_quarter,GROWTH,resolved,,1472787.0,,,,,,,,,,,,,0001193125-26-174195_EarningsPerShareDiluted_2026-01-01_2026-03-31_Q1,eps_pit_v4,2026-08-28T15:20:49.043992+00:00
2026-04-24,GL,9.3333333333,SEC,2026-02-25,3.280000000000001,3.0,2025-12-31,2024-12-31,derived_from_fy,GROWTH,resolved,,320335.0,,,,,,,,,,,,,"derived_from_fy(0000320335-26-000090_EarningsPerShareDiluted_2025-01-01_2025-12-31_FY,0000320335-25-000032_EarningsPerShareDiluted_2025-01-01_2025-03-31_Q1,0000320335-25-000046_EarningsPerShareDiluted_2025-04-01_2025-06-30_Q2,0000320335-25-000064_EarningsPerShareDiluted_2025-07-01_2025-09-30_Q3)",eps_pit_v4,2026-08-28T15:20:52.229175+00:00
2026-04-24,GOOG,31.7757009346,SEC,2026-02-05,2.8200000000000003,2.139999999999999,2025-12-31,2024-12-31,derived_from_fy,GROWTH,resolved,,1652044.0,,,,,,,,,,,,,"derived_from_fy(0001652044-26-000018_EarningsPerShareDiluted_2025-01-01_2025-12-31_FY,0001652044-25-000043_EarningsPerShareDiluted_2025-01-01_2025-03-31_Q1,0001652044-25-000062_EarningsPerShareDiluted_2025-04-01_2025-06-30_Q2,0001652044-25-000091_EarningsPerShareDiluted_2025-07-01_2025-09-30_Q3)",eps_pit_v4,2026-08-28T15:20:51.097629+00:00
2026-04-24,HCSG,60.8695652174,SEC,2026-04-24,0.37,0.23,2026-03-31,2025-03-31,reported_quarter,GROWTH,resolved,,731012.0,,,,,,,,,,,,,0000731012-26-000031_EarningsPerShareDiluted_2026-01-01_2026-03-31_Q1,eps_pit_v4,2026-08-28T15:20:48.842846+00:00
2026-04-24,HXL,-126.7441860465,SEC,2021-02-09,-0.23,0.86,2020-12-31,2019-12-31,reported_quarter,PROFIT_TO_LOSS,resolved,,717605.0,,,,,,,,,,,,,0001564590-21-004881_EarningsPerShareDiluted_2020-10-01_2020-12-31_FY,eps_pit_v4,2026-08-28T15:20:46.288814+00:00
2026-04-24,IESC,65.8088235294,SEC,2026-01-30,4.51,2.72,2025-12-31,2024-12-31,reported_quarter,GROWTH,resolved,,1048268.0,,,,,,,,,,,,,0001048268-26-000037_EarningsPerShareDiluted_2025-10-01_2025-12-31_Q1,eps_pit_v4,2026-08-28T15:20:47.400170+00:00
2026-04-24,INBX,50.3529411765,SEC,2026-03-19,-2.109999999999999,-4.25,2025-12-31,2024-12-31,derived_from_fy,LOSS_NARROWING,resolved,,2007919.0,,,,,,,,,,,,,"derived_from_fy(0002007919-26-000006_EarningsPerShareDiluted_2025-01-01_2025-12-31_FY,0002007919-25-000056_EarningsPerShareDiluted_2025-01-01_2025-03-31_Q1,0002007919-25-000081_EarningsPerShareDiluted_2025-04-01_2025-06-30_Q2,0002007919-25-000093_EarningsPerShareDiluted_2025-07-01_2025-09-30_Q3)",eps_pit_v4,2026-08-28T15:20:41.285214+00:00
2026-04-24,KALU,183.2061068702,SEC,2026-04-23,3.71,1.31,2026-03-31,2025-03-31,reported_quarter,GROWTH,resolved,,811596.0,,,,,,,,,,,,,0001193125-26-173882_EarningsPerShareDiluted_2026-01-01_2026-03-31_Q1,eps_pit_v4,2026-08-28T15:20:42.035202+00:00
2026-04-24,LASR,80.7692307692,SEC,2026-02-27,-0.0999999999999999,-0.52,2025-12-31,2024-12-31,derived_from_fy,LOSS_NARROWING,resolved,,1124796.0,,,,,,,,,,,,,"derived_from_fy(0001124796-26-000012_EarningsPerShareDiluted_2025-01-01_2025-12-31_FY,0001124796-25-000053_EarningsPerShareDiluted_2025-01-01_2025-03-31_Q1,0001124796-25-000120_EarningsPerShareDiluted_2025-04-01_2025-06-30_Q2,0001124796-25-000154_EarningsPerShareDiluted_2025-07-01_2025-09-30_Q3)",eps_pit_v4,2026-08-28T15:20:42.585291+00:00
2026-04-24,LBRT,16.6666666667,SEC,2026-04-23,0.14,0.12,2026-03-31,2025-03-31,reported_quarter,GROWTH,resolved,,1694028.0,,,,,,,,,,,,,0001694028-26-000023_EarningsPerShareDiluted_2026-01-01_2026-03-31_Q1,eps_pit_v4,2026-08-28T15:20:41.678275+00:00
2026-04-24,LPTH,-185.7142857143,SEC,2026-02-11,-0.2,-0.07,2025-12-31,2024-12-31,reported_quarter,LOSS_WIDENING,resolved,,889971.0,,,,,,,,,,,,,0001437749-26-003809_EarningsPerShareDiluted_2025-10-01_2025-12-31_Q2,eps_pit_v4,2026-08-28T15:20:44.076688+00:00
2026-04-24,LSBK,77.7777777778,SEC,2025-11-12,0.32,0.18,2025-09-30,2024-09-30,reported_quarter,GROWTH,resolved,,2059653.0,,,,,,,,,,,,,0001193125-25-277623_EarningsPerShareDiluted_2025-07-01_2025-09-30_Q3,eps_pit_v4,2026-08-28T15:20:52.489721+00:00
2026-04-24,MCHP,160.0,SEC,2026-02-05,0.06,-0.1,2025-12-31,2024-12-31,reported_quarter,TURNAROUND,resolved,,827054.0,,,,,,,,,,,,,0000827054-26-000009_EarningsPerShareDiluted_2025-10-01_2025-12-31_Q3,eps_pit_v4,2026-08-28T15:20:45.252689+00:00
2026-04-24,MCRI,400.0,SEC,2026-02-24,1.25,0.25,2025-12-31,2024-12-31,derived_from_fy,GROWTH,resolved,,907242.0,,,,,,,,,,,,,"derived_from_fy(0001104659-26-018717_EarningsPerShareDiluted_2025-01-01_2025-12-31_FY,0001558370-25-006190_EarningsPerShareDiluted_2025-01-01_2025-03-31_Q1,0001558370-25-009717_EarningsPerShareDiluted_2025-04-01_2025-06-30_Q2,0001104659-25-103079_EarningsPerShareDiluted_2025-07-01_2025-09-30_Q3)",eps_pit_v4,2026-08-28T15:20:47.833239+00:00
2026-04-24,MSBI,85.2348993289,SEC,2026-03-02,-0.2199999999999997,-1.49,2025-12-31,2024-12-31,derived_from_fy,LOSS_NARROWING,resolved,,1466026.0,,,,,,,,,,,,,"derived_from_fy(0001466026-26-000020_EarningsPerShareDiluted_2025-01-01_2025-12-31_FY,0001466026-25-000031_EarningsPerShareDiluted_2025-01-01_2025-03-31_Q1,0001466026-25-000038_EarningsPerShareDiluted_2025-04-01_2025-06-30_Q2,0001466026-25-000070_EarningsPerShareDiluted_2025-07-01_2025-09-30_Q3)",eps_pit_v4,2026-08-28T15:20:45.756844+00:00
2026-04-24,NCSM,305.223880597,SEC,2026-03-05,5.43,1.34,2025-12-31,2024-12-31,derived_from_fy,GROWTH,resolved,,1692427.0,,,,,,,,,,,,,"derived_from_fy(0001437749-26-007065_EarningsPerShareDiluted_2025-01-01_2025-12-31_FY,0001437749-25-014094_EarningsPerShareDiluted_2025-01-01_2025-03-31_Q1,0001437749-25-024387_EarningsPerShareDiluted_2025-04-01_2025-06-30_Q2,0001437749-25-032423_EarningsPerShareDiluted_2025-07-01_2025-09-30_Q3)",eps_pit_v4,2026-08-28T15:20:42.832051+00:00
2026-04-24,NEE,160.0,SEC,2026-04-23,1.04,0.4,2026-03-31,2025-03-31,reported_quarter,GROWTH,resolved,,753308.0,,,,,,,,,,,,,0000753308-26-000031_EarningsPerShareDiluted_2026-01-01_2026-03-31_Q1,eps_pit_v4,2026-08-28T15:20:52.728524+00:00
2026-04-24,NHC,315.7894736842,SEC,2026-02-26,1.58,0.3799999999999999,2025-12-31,2024-12-31,derived_from_fy,GROWTH,resolved,,1047335.0,,,,,,,,,,,,,"derived_from_fy(0001437749-26-005910_EarningsPerShareDiluted_2025-01-01_2025-12-31_FY,0001437749-25-015499_EarningsPerShareDiluted_2025-01-01_2025-03-31_Q1,0001437749-25-025500_EarningsPerShareDiluted_2025-04-01_2025-06-30_Q2,0001437749-25-033631_EarningsPerShareDiluted_2025-07-01_2025-09-30_Q3)",eps_pit_v4,2026-08-28T15:20:49.697503+00:00
2026-04-24,NPO,-330.7692307692,SEC,2026-02-19,-1.5000000000000002,0.6500000000000004,2025-12-31,2024-12-31,derived_from_fy,PROFIT_TO_LOSS,resolved,,1164863.0,,,,,,,,,,,,,"derived_from_fy(0001628280-26-009798_EarningsPerShareDiluted_2025-01-01_2025-12-31_FY,0001164863-25-000017_EarningsPerShareDiluted_2025-01-01_2025-03-31_Q1,0001164863-25-000030_EarningsPerShareDiluted_2025-04-01_2025-06-30_Q2,0001628280-25-048610_EarningsPerShareDiluted_2025-07-01_2025-09-30_Q3)",eps_pit_v4,2026-08-28T15:20:51.334518+00:00
2026-04-24,NSC,-26.586102719,SEC,2026-04-24,2.43,3.31,2026-03-31,2025-03-31,reported_quarter,DECLINE,resolved,,702165.0,,,,,,,,,,,,,0001628280-26-027051_EarningsPerShareDiluted_2026-01-01_2026-03-31_Q1,eps_pit_v4,2026-08-28T15:20:52.377782+00:00
2026-04-24,NUE,32.7868852459,SEC,2026-02-25,1.6199999999999992,1.22,2025-12-31,2024-12-31,derived_from_fy,GROWTH,resolved,,73309.0,,,,,,,,,,,,,"derived_from_fy(0001193125-26-071575_EarningsPerShareDiluted_2025-01-01_2025-12-31_FY,0000950170-25-071567_EarningsPerShareDiluted_2025-01-01_2025-04-05_Q1,0000950170-25-107646_EarningsPerShareDiluted_2025-04-06_2025-07-05_Q2,0001193125-25-276207_EarningsPerShareDiluted_2025-07-06_2025-10-04_Q3)",eps_pit_v4,2026-08-28T15:20:43.527096+00:00
2026-04-24,NVTS,36.3636363636,SEC,2026-02-27,-0.1399999999999999,-0.22,2025-12-31,2024-12-31,derived_from_fy,LOSS_NARROWING,resolved,,1821769.0,,,,,,,,,,,,,"derived_from_fy(0001821769-26-000007_EarningsPerShareDiluted_2025-01-01_2025-12-31_FY,0001821769-25-000068_EarningsPerShareDiluted_2025-01-01_2025-03-31_Q1,0001821769-25-000181_EarningsPerShareDiluted_2025-04-01_2025-06-30_Q2,0001821769-25-000214_EarningsPerShareDiluted_2025-07-01_2025-09-30_Q3)",eps_pit_v4,2026-08-28T15:20:43.348275+00:00
2026-04-24,OBK,111.1111111111,SEC,2026-02-25,0.95,0.4500000000000002,2025-12-31,2024-12-31,derived_from_fy,GROWTH,resolved,,1516912.0,,,,,,,,,,,,,"derived_from_fy(0001516912-26-000011_EarningsPerShareDiluted_2025-01-01_2025-12-31_FY,0001516912-25-000081_EarningsPerShareDiluted_2025-01-01_2025-03-31_Q1,0001516912-25-000132_EarningsPerShareDiluted_2025-04-01_2025-06-30_Q2,0001516912-25-000150_EarningsPerShareDiluted_2025-07-01_2025-09-30_Q3)",eps_pit_v4,2026-08-28T15:20:46.657311+00:00
2026-04-24,PFG,-41.3265306122,SEC,2026-02-18,2.3,3.919999999999999,2025-12-31,2024-12-31,derived_from_fy,DECLINE,resolved,,1126328.0,,,,,,,,,,,,,"derived_from_fy(0001104659-26-017031_EarningsPerShareDiluted_2025-01-01_2025-12-31_FY,0001410578-25-001036_EarningsPerShareDiluted_2025-01-01_2025-03-31_Q1,0001410578-25-001534_EarningsPerShareDiluted_2025-04-01_2025-06-30_Q2,0001104659-25-103708_EarningsPerShareDiluted_2025-07-01_2025-09-30_Q3)",eps_pit_v4,2026-08-28T15:20:51.550457+00:00
2026-04-24,POET,-47.0588235294,YahooHistoricalEvent,2026-03-31,-0.25,-0.17,2026-03-31,2025-03-31,reported_quarter,LOSS_WIDENING,resolved,,,,,,,,,,,,,,,yahoo_event_2026-03-31_2026-03-31T16:00:00-04:00,eps_pit_v4,2026-08-28T15:20:40.491972+00:00
2026-04-24,PUMP,107.1428571429,SEC,2026-02-19,0.01,-0.1399999999999999,2025-12-31,2024-12-31,derived_from_fy,TURNAROUND,resolved,,1680247.0,,,,,,,,,,,,,"derived_from_fy(0001680247-26-000028_EarningsPerShareDiluted_2025-01-01_2025-12-31_FY,0001680247-25-000084_EarningsPerShareDiluted_2025-01-01_2025-03-31_Q1,0001680247-25-000125_EarningsPerShareDiluted_2025-04-01_2025-06-30_Q2,0001680247-25-000146_EarningsPerShareDiluted_2025-07-01_2025-09-30_Q3)",eps_pit_v4,2026-08-28T15:20:42.989219+00:00
2026-04-24,Q,6.3157894737,SEC,2025-11-18,1.01,0.95,2025-09-30,2024-09-30,reported_quarter,GROWTH,resolved,,2058873.0,,,,,,,,,,,,,0002058873-25-000023_EarningsPerShareDiluted_2025-07-01_2025-09-30_Q3,eps_pit_v4,2026-08-28T15:20:47.184046+00:00
2026-04-24,R,2.6431718062,SEC,2026-04-23,2.33,2.27,2026-03-31,2025-03-31,reported_quarter,GROWTH,resolved,,85961.0,,,,,,,,,,,,,0001628280-26-026847_EarningsPerShareDiluted_2026-01-01_2026-03-31_Q1,eps_pit_v4,2026-08-28T15:20:47.652048+00:00
2026-04-24,REPX,673.0769230769,SEC,2026-03-04,4.02,0.5199999999999996,2025-12-31,2024-12-31,derived_from_fy,GROWTH,resolved,,1001614.0,,,,,,,,,,,,,"derived_from_fy(0001001614-26-000011_EarningsPerShareDiluted_2025-01-01_2025-12-31_FY,0001001614-25-000026_EarningsPerShareDiluted_2025-01-01_2025-03-31_Q1,0001001614-25-000045_EarningsPerShareDiluted_2025-04-01_2025-06-30_Q2,0001001614-25-000058_EarningsPerShareDiluted_2025-07-01_2025-09-30_Q3)",eps_pit_v4,2026-08-28T15:20:46.852826+00:00
2026-04-24,RMBS,1.7543859649,SEC,2026-02-18,0.5799999999999998,0.5699999999999998,2025-12-31,2024-12-31,derived_from_fy,GROWTH,resolved,,917273.0,,,,,,,,,,,,,"derived_from_fy(0001193125-26-057101_EarningsPerShareDiluted_2025-01-01_2025-12-31_FY,0000917273-25-000075_EarningsPerShareDiluted_2025-01-01_2025-03-31_Q1,0000950170-25-099621_EarningsPerShareDiluted_2025-04-01_2025-06-30_Q2,0001193125-25-253472_EarningsPerShareDiluted_2025-07-01_2025-09-30_Q3)",eps_pit_v4,2026-08-28T15:20:42.414326+00:00
2026-04-24,RNGR,-41.6666666667,SEC,2026-03-05,0.14,0.24,2025-12-31,2024-12-31,derived_from_fy,DECLINE,resolved,,1699039.0,,,,,,,,,,,,,"derived_from_fy(0001628280-26-015248_EarningsPerShareDiluted_2025-01-01_2025-12-31_FY,0001699039-25-000050_EarningsPerShareDiluted_2025-01-01_2025-03-31_Q1,0001699039-25-000084_EarningsPerShareDiluted_2025-04-01_2025-06-30_Q2,0001628280-25-051148_EarningsPerShareDiluted_2025-07-01_2025-09-30_Q3)",eps_pit_v4,2026-08-28T15:20:44.742346+00:00
2026-04-24,RSI,166.6666666667,SEC,2026-02-18,0.08,0.03,2025-12-31,2024-12-31,derived_from_fy,GROWTH,resolved,,1793659.0,,,,,,,,,,,,,"derived_from_fy(0001793659-26-000009_EarningsPerShareDiluted_2025-01-01_2025-12-31_FY,0001793659-25-000111_EarningsPerShareDiluted_2025-01-01_2025-03-31_Q1,0001793659-25-000168_EarningsPerShareDiluted_2025-04-01_2025-06-30_Q2,0001793659-25-000193_EarningsPerShareDiluted_2025-07-01_2025-09-30_Q3)",eps_pit_v4,2026-08-28T15:20:50.047634+00:00
2026-04-24,SANM,-23.275862069,SEC,2026-01-26,0.89,1.16,2025-12-27,2024-12-28,reported_quarter,DECLINE,resolved,,897723.0,,,,,,,,,,,,,0000897723-26-000015_EarningsPerShareDiluted_2025-09-28_2025-12-27_Q1,eps_pit_v4,2026-08-28T15:20:46.026910+00:00
2026-04-24,SCI,10.7843137255,SEC,2026-02-12,1.13,1.0199999999999996,2025-12-31,2024-12-31,derived_from_fy,GROWTH,resolved,,89089.0,,,,,,,,,,,,,"derived_from_fy(0001628280-26-007695_EarningsPerShareDiluted_2025-01-01_2025-12-31_FY,0000089089-25-000058_EarningsPerShareDiluted_2025-01-01_2025-03-31_Q1,0001628280-25-036985_EarningsPerShareDiluted_2025-04-01_2025-06-30_Q2,0000089089-25-000083_EarningsPerShareDiluted_2025-07-01_2025-09-30_Q3)",eps_pit_v4,2026-08-28T15:20:50.954143+00:00
2026-04-24,SEDG,55.8,SEC,2026-03-23,-2.21,-5.0000000000000036,2025-12-31,2024-12-31,derived_from_fy,LOSS_NARROWING,resolved,,1419612.0,,,,,,,,,,,,,"derived_from_fy(0001178913-26-001595_EarningsPerShareDiluted_2025-01-01_2025-12-31_FY,0001178913-25-001662_EarningsPerShareDiluted_2025-01-01_2025-03-31_Q1,0001178913-25-002690_EarningsPerShareDiluted_2025-04-01_2025-06-30_Q2,0001178913-25-003678_EarningsPerShareDiluted_2025-07-01_2025-09-30_Q3)",eps_pit_v4,2026-08-28T15:20:45.375030+00:00
2026-04-24,SEI,197.9166666667,SEC,2019-07-26,0.47,-0.48,2018-12-31,2017-12-31,reported_quarter,TURNAROUND,resolved,,1697500.0,,,,,,,,,,,,,0001697500-19-000042_EarningsPerShareDiluted_2018-10-01_2018-12-31_FY,eps_pit_v4,2026-08-28T15:20:42.200253+00:00
2026-04-24,SLB,-31.1688311688,SEC,2026-01-23,0.5300000000000002,0.77,2025-12-31,2024-12-31,derived_from_fy,DECLINE,resolved,,87347.0,,,,,,,,,,,,,"derived_from_fy(0001193125-26-021017_EarningsPerShareDiluted_2025-01-01_2025-12-31_FY,0000950170-25-058413_EarningsPerShareDiluted_2025-01-01_2025-03-31_Q1,0000950170-25-098217_EarningsPerShareDiluted_2025-04-01_2025-06-30_Q2,0001193125-25-246028_EarningsPerShareDiluted_2025-07-01_2025-09-30_Q3)",eps_pit_v4,2026-08-28T15:20:49.988110+00:00
2026-04-24,SRBK,-8.3333333333,SEC,2026-02-13,0.11,0.12,2025-12-31,2024-12-31,reported_quarter,DECLINE,resolved,,1951276.0,,,,,,,,,,,,,0001193125-26-051277_EarningsPerShareDiluted_2025-10-01_2025-12-31_Q2,eps_pit_v4,2026-08-28T15:20:50.131669+00:00
2026-04-24,STLD,28.5714285714,SEC,2026-02-27,1.8000000000000007,1.4000000000000004,2025-12-31,2024-12-31,derived_from_fy,GROWTH,resolved,,1022671.0,,,,,,,,,,,,,"derived_from_fy(0001104659-26-021395_EarningsPerShareDiluted_2025-01-01_2025-12-31_FY,0001558370-25-007346_EarningsPerShareDiluted_2025-01-01_2025-03-31_Q1,0001558370-25-011019_EarningsPerShareDiluted_2025-04-01_2025-06-30_Q2,0001104659-25-102052_EarningsPerShareDiluted_2025-07-01_2025-09-30_Q3)",eps_pit_v4,2026-08-28T15:20:46.516147+00:00
2026-04-24,STRL,-22.3140495868,SEC,2026-02-26,2.8200000000000003,3.63,2025-12-31,2024-12-31,derived_from_fy,DECLINE,resolved,,874238.0,,,,,,,,,,,,,"derived_from_fy(0000874238-26-000024_EarningsPerShareDiluted_2025-01-01_2025-12-31_FY,0000874238-25-000069_EarningsPerShareDiluted_2025-01-01_2025-03-31_Q1,0000874238-25-000122_EarningsPerShareDiluted_2025-04-01_2025-06-30_Q2,0000874238-25-000136_EarningsPerShareDiluted_2025-07-01_2025-09-30_Q3)",eps_pit_v4,2026-08-28T15:20:49.438584+00:00
2026-04-24,TDW,524.2857142857,SEC,2026-03-02,4.369999999999999,0.6999999999999997,2025-12-31,2024-12-31,derived_from_fy,GROWTH,resolved,,98222.0,,,,,,,,,,,,,"derived_from_fy(0001437749-26-006391_EarningsPerShareDiluted_2025-01-01_2025-12-31_FY,0001437749-25-014565_EarningsPerShareDiluted_2025-01-01_2025-03-31_Q1,0001437749-25-024640_EarningsPerShareDiluted_2025-04-01_2025-06-30_Q2,0001437749-25-034124_EarningsPerShareDiluted_2025-07-01_2025-09-30_Q3)",eps_pit_v4,2026-08-28T15:20:48.434035+00:00
2026-04-24,TRT,-83.3333333333,SEC,2026-02-13,0.01,0.06,2025-12-31,2024-12-31,reported_quarter,DECLINE,resolved,,732026.0,,,,,,,,,,,,,0001437749-26-004010_EarningsPerShareDiluted_2025-10-01_2025-12-31_Q2,eps_pit_v4,2026-08-28T15:20:40.720975+00:00
2026-04-24,TWST,5.6603773585,SEC,2026-02-26,-0.5,-0.53,2025-12-31,2024-12-31,reported_quarter,LOSS_NARROWING,resolved,,1581280.0,,,,,,,,,,,,,0001581280-26-000029_EarningsPerShareDiluted_2025-10-01_2025-12-31_Q1,eps_pit_v4,2026-08-28T15:20:44.163237+00:00
2026-04-24,TXN,31.25,SEC,2026-04-24,1.68,1.28,2026-03-31,2025-03-31,reported_quarter,GROWTH,resolved,,97476.0,,,,,,,,,,,,,0000097476-26-000101_EarningsPerShareDiluted_2026-01-01_2026-03-31_Q1,eps_pit_v4,2026-08-28T15:20:41.832710+00:00
2026-04-24,UNP,6.2962962963,SEC,2026-04-23,2.87,2.7,2026-03-31,2025-03-31,reported_quarter,GROWTH,resolved,,100885.0,,,,,,,,,,,,,0000100885-26-000155_EarningsPerShareDiluted_2026-01-01_2026-03-31_Q1,eps_pit_v4,2026-08-28T15:20:50.549424+00:00
2026-04-24,UVE,985.7142857143,SEC,2026-02-27,2.28,0.21,2025-12-31,2024-12-31,reported_quarter,GROWTH,resolved,,891166.0,,,,,,,,,,,,,0000891166-26-000010_EarningsPerShareDiluted_2025-10-01_2025-12-31_FY,eps_pit_v4,2026-08-28T15:20:49.223305+00:00
2026-04-24,VECO,-92.0,SEC,2026-02-25,0.0199999999999999,0.25,2025-12-31,2024-12-31,derived_from_fy,DECLINE,resolved,,103145.0,,,,,,,,,,,,,"derived_from_fy(0001104659-26-019711_EarningsPerShareDiluted_2025-01-01_2025-12-31_FY,0001558370-25-006755_EarningsPerShareDiluted_2025-01-01_2025-03-31_Q1,0001558370-25-010544_EarningsPerShareDiluted_2025-04-01_2025-06-30_Q2,0001104659-25-107052_EarningsPerShareDiluted_2025-07-01_2025-09-30_Q3)",eps_pit_v4,2026-08-28T15:20:41.520579+00:00
2026-04-24,VMI,134.2857142857,SEC,2026-02-24,9.02,3.8500000000000014,2025-12-27,2024-12-28,derived_from_fy,GROWTH,resolved,,102729.0,,,,,,,,,,,,,"derived_from_fy(0000102729-26-000007_EarningsPerShareDiluted_2024-12-29_2025-12-27_FY,0000102729-25-000017_EarningsPerShareDiluted_2024-12-29_2025-03-29_Q1,0000102729-25-000039_EarningsPerShareDiluted_2025-03-30_2025-06-28_Q2,0000102729-25-000053_EarningsPerShareDiluted_2025-06-29_2025-09-27_Q3)",eps_pit_v4,2026-08-28T15:20:48.291807+00:00
2026-04-24,VPG,-333.3333333333,SEC,2026-02-27,-0.1399999999999999,0.0599999999999999,2025-12-31,2024-12-31,derived_from_fy,PROFIT_TO_LOSS,resolved,,1487952.0,,,,,,,,,,,,,"derived_from_fy(0001437749-26-005982_EarningsPerShareDiluted_2025-01-01_2025-12-31_FY,0001487952-25-000041_EarningsPerShareDiluted_2025-01-01_2025-03-29_Q1,0001437749-25-024734_EarningsPerShareDiluted_2025-03-30_2025-06-28_Q2,0001437749-25-032882_EarningsPerShareDiluted_2025-06-29_2025-09-27_Q3)",eps_pit_v4,2026-08-28T15:20:45.594066+00:00
2026-04-24,VSH,102.0833333333,SEC,2026-02-13,0.0099999999999999,-0.48,2025-12-31,2024-12-31,derived_from_fy,TURNAROUND,resolved,,103730.0,,,,,,,,,,,,,"derived_from_fy(0000103730-26-000019_EarningsPerShareDiluted_2025-01-01_2025-12-31_FY,0000103730-25-000037_EarningsPerShareDiluted_2025-01-01_2025-03-29_Q1,0000103730-25-000055_EarningsPerShareDiluted_2025-03-30_2025-06-28_Q2,0000103730-25-000067_EarningsPerShareDiluted_2025-06-29_2025-09-27_Q3)",eps_pit_v4,2026-08-28T15:20:43.763304+00:00
2026-04-24,WSFS,23.1481481481,SEC,2026-03-02,1.3299999999999996,1.08,2025-12-31,2024-12-31,derived_from_fy,GROWTH,resolved,,828944.0,,,,,,,,,,,,,"derived_from_fy(0000828944-26-000006_EarningsPerShareDiluted_2025-01-01_2025-12-31_FY,0001628280-25-022978_EarningsPerShareDiluted_2025-01-01_2025-03-31_Q1,0001628280-25-037054_EarningsPerShareDiluted_2025-04-01_2025-06-30_Q2,0000828944-25-000013_EarningsPerShareDiluted_2025-07-01_2025-09-30_Q3)",eps_pit_v4,2026-08-28T15:20:52.016928+00:00
2026-05-01,AAPL,21.8181818182,SEC,2026-05-01,2.01,1.65,2026-03-28,2025-03-29,reported_quarter,GROWTH,resolved,,320193.0,,,,,,,,,,,,,0000320193-26-000013_EarningsPerShareDiluted_2025-12-28_2026-03-28_Q2,eps_pit_v4,2026-08-28T15:21:07.083801+00:00
2026-05-01,ACHC,-44.4444444444,SEC,2026-04-30,0.05,0.09,2026-03-31,2025-03-31,reported_quarter,DECLINE,resolved,,1520697.0,,,,,,,,,,,,,0001193125-26-192508_EarningsPerShareDiluted_2026-01-01_2026-03-31_Q1,eps_pit_v4,2026-08-28T15:20:54.948023+00:00
2026-05-01,AEE,19.4805194805,SEC,2026-02-18,0.92,0.77,2025-12-31,2024-12-31,derived_from_fy,GROWTH,resolved,,1002910.0,,,,,,,,,,,,,"derived_from_fy(0001002910-26-000009_EarningsPerShareDiluted_2025-01-01_2025-12-31_FY,0001002910-25-000098_EarningsPerShareDiluted_2025-01-01_2025-03-31_Q1,0001002910-25-000112_EarningsPerShareDiluted_2025-04-01_2025-06-30_Q2,0001002910-25-000129_EarningsPerShareDiluted_2025-07-01_2025-09-30_Q3)",eps_pit_v4,2026-08-28T15:21:07.343428+00:00
2026-05-01,AEP,-14.5161290323,SEC,2026-02-12,1.0600000000000005,1.2400000000000002,2025-12-31,2024-12-31,derived_from_fy,DECLINE,resolved,,4904.0,,,,,,,,,,,,,"derived_from_fy(0000004904-26-000013_EarningsPerShareDiluted_2025-01-01_2025-12-31_FY,0000004904-25-000061_EarningsPerShareDiluted_2025-01-01_2025-03-31_Q1,0000004904-25-000141_EarningsPerShareDiluted_2025-04-01_2025-06-30_Q2,0000004904-25-000171_EarningsPerShareDiluted_2025-07-01_2025-09-30_Q3)",eps_pit_v4,2026-08-28T15:21:08.620544+00:00
2026-05-01,AIT,3.1128404669,SEC,2026-04-28,2.65,2.57,2026-03-31,2025-03-31,reported_quarter,GROWTH,resolved,,109563.0,,,,,,,,,,,,,0000109563-26-000021_EarningsPerShareDiluted_2026-01-01_2026-03-31_Q3,eps_pit_v4,2026-08-28T15:21:05.120110+00:00
2026-05-01,AKR,2100.0,SEC,2026-04-29,0.22,0.01,2026-03-31,2025-03-31,reported_quarter,GROWTH,resolved,,899629.0,,,,,,,,,,,,,0001193125-26-191611_EarningsPerShareDiluted_2026-01-01_2026-03-31_Q1,eps_pit_v4,2026-08-28T15:21:06.690651+00:00
2026-05-01,ALL,338.3886255924,SEC,2026-04-29,9.25,2.11,2026-03-31,2025-03-31,reported_quarter,GROWTH,resolved,,899051.0,,,,,,,,,,,,,0000899051-26-000075_EarningsPerShareDiluted_2026-01-01_2026-03-31_Q1,eps_pit_v4,2026-08-28T15:21:04.434736+00:00
2026-05-01,ALRS,71.1538461538,SEC,2026-05-01,0.89,0.52,2026-03-31,2025-03-31,reported_quarter,GROWTH,resolved,,903419.0,,,,,,,,,,,,,0001437749-26-014481_EarningsPerShareDiluted_2026-01-01_2026-03-31_Q1,eps_pit_v4,2026-08-28T15:21:00.148470+00:00
2026-05-01,ANAB,360.3174603175,SEC,2026-03-03,1.64,-0.6299999999999999,2025-12-31,2024-12-31,derived_from_fy,TURNAROUND,resolved,,1370053.0,,,,,,,,,,,,,"derived_from_fy(0001193125-26-088290_EarningsPerShareDiluted_2025-01-01_2025-12-31_FY,0001370053-25-000046_EarningsPerShareDiluted_2025-01-01_2025-03-31_Q1,0001370053-25-000064_EarningsPerShareDiluted_2025-04-01_2025-06-30_Q2,0001370053-25-000089_EarningsPerShareDiluted_2025-07-01_2025-09-30_Q3)",eps_pit_v4,2026-08-28T15:20:53.455006+00:00
2026-05-01,AROW,214.8148148148,SEC,2026-03-06,0.8499999999999999,0.27,2025-12-31,2024-12-31,derived_from_fy,GROWTH,resolved,,717538.0,,,,,,,,,,,,,"derived_from_fy(0000717538-26-000037_EarningsPerShareDiluted_2025-01-01_2025-12-31_FY,0000717538-25-000056_EarningsPerShareDiluted_2025-01-01_2025-03-31_Q1,0000717538-25-000079_EarningsPerShareDiluted_2025-04-01_2025-06-30_Q2,0000717538-25-000102_EarningsPerShareDiluted_2025-07-01_2025-09-30_Q3)",eps_pit_v4,2026-08-28T15:21:02.835276+00:00
2026-05-01,ATLO,87.1794871795,SEC,2026-03-12,0.73,0.3899999999999999,2025-12-31,2024-12-31,derived_from_fy,GROWTH,resolved,,1132651.0,,,,,,,,,,,,,"derived_from_fy(0001437749-26-007976_EarningsPerShareBasic_2025-01-01_2025-12-31_FY,0001437749-25-015713_EarningsPerShareBasic_2025-01-01_2025-03-31_Q1,0001437749-25-025672_EarningsPerShareBasic_2025-04-01_2025-06-30_Q2,0001437749-25-033807_EarningsPerShareBasic_2025-07-01_2025-09-30_Q3)",eps_pit_v4,2026-08-28T15:20:56.023720+00:00
2026-05-01,AXSM,64.2857142857,SEC,2026-02-23,-0.5500000000000003,-1.54,2025-12-31,2024-12-31,derived_from_fy,LOSS_NARROWING,resolved,,1579428.0,,,,,,,,,,,,,"derived_from_fy(0001193125-26-064267_EarningsPerShareDiluted_2025-01-01_2025-12-31_FY,0000950170-25-063634_EarningsPerShareDiluted_2025-01-01_2025-03-31_Q1,0000950170-25-102148_EarningsPerShareDiluted_2025-04-01_2025-06-30_Q2,0001193125-25-262664_EarningsPerShareDiluted_2025-07-01_2025-09-30_Q3)",eps_pit_v4,2026-08-28T15:21:00.298940+00:00
2026-05-01,BAND,38.4615384615,SEC,2026-04-30,-0.08,-0.13,2026-03-31,2025-03-31,reported_quarter,LOSS_NARROWING,resolved,,1514416.0,,,,,,,,,,,,,0001514416-26-000035_EarningsPerShareDiluted_2026-01-01_2026-03-31_Q1,eps_pit_v4,2026-08-28T15:20:53.103701+00:00
2026-05-01,BEN,88.4615384615,SEC,2026-04-28,0.49,0.26,2026-03-31,2025-03-31,reported_quarter,GROWTH,resolved,,38777.0,,,,,,,,,,,,,0000038777-26-000101_EarningsPerShareDiluted_2026-01-01_2026-03-31_Q2,eps_pit_v4,2026-08-28T15:20:55.215797+00:00
2026-05-01,BOH,34.0206185567,SEC,2026-04-27,1.3,0.97,2026-03-31,2025-03-31,reported_quarter,GROWTH,resolved,,46195.0,,,,,,,,,,,,,0000046195-26-000036_EarningsPerShareDiluted_2026-01-01_2026-03-31_Q1,eps_pit_v4,2026-08-28T15:20:59.142738+00:00
2026-05-01,BWFG,213.5135135135,SEC,2026-03-04,1.16,0.37,2025-12-31,2024-12-31,derived_from_fy,GROWTH,resolved,,1505732.0,,,,,,,,,,,,,"derived_from_fy(0001505732-26-000046_EarningsPerShareDiluted_2025-01-01_2025-12-31_FY,0001505732-25-000089_EarningsPerShareDiluted_2025-01-01_2025-03-31_Q1,0001505732-25-000126_EarningsPerShareDiluted_2025-04-01_2025-06-30_Q2,0001505732-25-000162_EarningsPerShareDiluted_2025-07-01_2025-09-30_Q3)",eps_pit_v4,2026-08-28T15:21:00.462448+00:00
2026-05-01,CARE,5.5555555556,SEC,2026-03-05,0.3799999999999999,0.3600000000000001,2025-12-31,2024-12-31,derived_from_fy,GROWTH,resolved,,1829576.0,,,,,,,,,,,,,"derived_from_fy(0001829576-26-000018_EarningsPerShareDiluted_2025-01-01_2025-12-31_FY,0001829576-25-000039_EarningsPerShareDiluted_2025-01-01_2025-03-31_Q1,0001829576-25-000057_EarningsPerShareDiluted_2025-04-01_2025-06-30_Q2,0001829576-25-000068_EarningsPerShareDiluted_2025-07-01_2025-09-30_Q3)",eps_pit_v4,2026-08-28T15:20:58.430991+00:00
2026-05-01,CATY,19.8198198198,SEC,2026-03-02,1.33,1.1100000000000003,2025-12-31,2024-12-31,derived_from_fy,GROWTH,resolved,,861842.0,,,,,,,,,,,,,"derived_from_fy(0001437749-26-006157_EarningsPerShareDiluted_2025-01-01_2025-12-31_FY,0001437749-25-015797_EarningsPerShareDiluted_2025-01-01_2025-03-31_Q1,0001437749-25-025772_EarningsPerShareDiluted_2025-04-01_2025-06-30_Q2,0001437749-25-033885_EarningsPerShareDiluted_2025-07-01_2025-09-30_Q3)",eps_pit_v4,2026-08-28T15:21:05.737710+00:00
2026-05-01,CBOE,54.4303797468,SEC,2026-05-01,3.66,2.37,2026-03-31,2025-03-31,reported_quarter,GROWTH,resolved,,1374310.0,,,,,,,,,,,,,0001628280-26-029112_EarningsPerShareDiluted_2026-01-01_2026-03-31_Q1,eps_pit_v4,2026-08-28T15:21:06.923545+00:00
2026-05-01,CE,100.7365439093,SEC,2026-02-24,0.1300000000000007,-17.65,2025-12-31,2024-12-31,derived_from_fy,TURNAROUND,resolved,,1306830.0,,,,,,,,,,,,,"derived_from_fy(0001306830-26-000031_EarningsPerShareDiluted_2025-01-01_2025-12-31_FY,0001306830-25-000105_EarningsPerShareDiluted_2025-01-01_2025-03-31_Q1,0001306830-25-000174_EarningsPerShareDiluted_2025-04-01_2025-06-30_Q2,0001306830-25-000225_EarningsPerShareDiluted_2025-07-01_2025-09-30_Q3)",eps_pit_v4,2026-08-28T15:20:54.534796+00:00
2026-05-01,CHEF,60.0,SEC,2026-04-29,0.4,0.25,2026-03-27,2025-03-28,reported_quarter,GROWTH,resolved,,1517175.0,,,,,,,,,,,,,0001517175-26-000023_EarningsPerShareDiluted_2025-12-27_2026-03-27_Q1,eps_pit_v4,2026-08-28T15:20:57.422801+00:00
2026-05-01,CNC,18.2509505703,SEC,2026-04-28,3.11,2.63,2026-03-31,2025-03-31,reported_quarter,GROWTH,resolved,,1071739.0,,,,,,,,,,,,,0001071739-26-000098_EarningsPerShareDiluted_2026-01-01_2026-03-31_Q1,eps_pit_v4,2026-08-28T15:20:54.769636+00:00
2026-05-01,CNOB,53.0612244898,SEC,2026-02-24,0.75,0.49,2025-12-31,2024-12-31,reported_quarter,GROWTH,resolved,,712771.0,,,,,,,,,,,,,0001437749-26-005320_EarningsPerShareDiluted_2025-10-01_2025-12-31_FY,eps_pit_v4,2026-08-28T15:21:03.696916+00:00
2026-05-01,COCO,61.2903225806,SEC,2026-04-29,0.5,0.31,2026-03-31,2025-03-31,reported_quarter,GROWTH,resolved,,1482981.0,,,,,,,,,,,,,0001482981-26-000120_EarningsPerShareDiluted_2026-01-01_2026-03-31_Q1,eps_pit_v4,2026-08-28T15:20:56.312000+00:00
2026-05-01,CTO,1200.0,SEC,2026-04-28,0.13,0.01,2026-03-31,2025-03-31,reported_quarter,GROWTH,resolved,,23795.0,,,,,,,,,,,,,0001104659-26-050378_EarningsPerShareDiluted_2026-01-01_2026-03-31_Q1,eps_pit_v4,2026-08-28T15:21:04.795511+00:00
2026-05-01,DINO,17900.0,SEC,2026-05-01,3.56,-0.02,2026-03-31,2025-03-31,reported_quarter,TURNAROUND,resolved,,1915657.0,,,,,,,,,,,,,0001915657-26-000040_EarningsPerShareDiluted_2026-01-01_2026-03-31_Q1,eps_pit_v4,2026-08-28T15:21:03.406483+00:00
2026-05-01,DTM,19.8113207547,SEC,2026-04-30,1.27,1.06,2026-03-31,2025-03-31,reported_quarter,GROWTH,resolved,,1842022.0,,,,,,,,,,,,,0001842022-26-000006_EarningsPerShareDiluted_2026-01-01_2026-03-31_Q1,eps_pit_v4,2026-08-28T15:20:59.742702+00:00
2026-05-01,EBAY,6.6666666667,SEC,2026-04-29,1.12,1.05,2026-03-31,2025-03-31,reported_quarter,GROWTH,resolved,,1065088.0,,,,,,,,,,,,,0001065088-26-000093_EarningsPerShareDiluted_2026-01-01_2026-03-31_Q1,eps_pit_v4,2026-08-28T15:21:01.988837+00:00
2026-05-01,ECG,60.2941176471,SEC,2026-02-25,1.09,0.6800000000000002,2025-12-31,2024-12-31,derived_from_fy,GROWTH,resolved,,2015845.0,,,,,,,,,,,,,"derived_from_fy(0002015845-26-000010_EarningsPerShareDiluted_2025-01-01_2025-12-31_FY,0002015845-25-000041_EarningsPerShareDiluted_2025-01-01_2025-03-31_Q1,0002015845-25-000076_EarningsPerShareDiluted_2025-04-01_2025-06-30_Q2,0002015845-25-000083_EarningsPerShareDiluted_2025-07-01_2025-09-30_Q3)",eps_pit_v4,2026-08-28T15:21:01.241078+00:00
2026-05-01,ESOA,220.0,SEC,2026-02-09,0.16,0.05,2025-12-31,2024-12-31,reported_quarter,GROWTH,resolved,,1357971.0,,,,,,,,,,,,,0001104659-26-012099_EarningsPerShareDiluted_2025-10-01_2025-12-31_Q1,eps_pit_v4,2026-08-28T15:20:55.561547+00:00
2026-05-01,ESP,39.4366197183,SEC,2026-02-10,0.99,0.71,2025-12-31,2024-12-31,reported_quarter,GROWTH,resolved,,33533.0,,,,,,,,,,,,,0001174947-26-000152_EarningsPerShareDiluted_2025-10-01_2025-12-31_Q2,eps_pit_v4,2026-08-28T15:20:58.780721+00:00
2026-05-01,ETON,400.0,SEC,2026-03-19,0.06,-0.0199999999999999,2025-12-31,2024-12-31,derived_from_fy,TURNAROUND,resolved,,1710340.0,,,,,,,,,,,,,"derived_from_fy(0001437749-26-009059_EarningsPerShareBasic_2025-01-01_2025-12-31_FY,0001437749-25-016475_EarningsPerShareBasic_2025-01-01_2025-03-31_Q1,0001437749-25-025444_EarningsPerShareBasic_2025-04-01_2025-06-30_Q2,0001437749-25-033619_EarningsPerShareBasic_2025-07-01_2025-09-30_Q3)",eps_pit_v4,2026-08-28T15:20:53.962262+00:00
2026-05-01,ETR,1.2195121951,SEC,2026-05-01,0.83,0.82,2026-03-31,2025-03-31,reported_quarter,GROWTH,resolved,,65984.0,,,,,,,,,,,,,0000065984-26-000222_EarningsPerShareDiluted_2026-01-01_2026-03-31_Q1,eps_pit_v4,2026-08-28T15:21:07.974020+00:00
2026-05-01,FANG,-246.7647058824,SEC,2026-02-25,-4.989999999999998,3.3999999999999986,2025-12-31,2024-12-31,derived_from_fy,PROFIT_TO_LOSS,resolved,,1539838.0,,,,,,,,,,,,,"derived_from_fy(0001539838-26-000010_EarningsPerShareDiluted_2025-01-01_2025-12-31_FY,0001539838-25-000066_EarningsPerShareDiluted_2025-01-01_2025-03-31_Q1,0001539838-25-000127_EarningsPerShareDiluted_2025-04-01_2025-06-30_Q2,0001539838-25-000147_EarningsPerShareDiluted_2025-07-01_2025-09-30_Q3)",eps_pit_v4,2026-08-28T15:21:05.529260+00:00
2026-05-01,FDX,17.2872340426,SEC,2026-03-19,4.41,3.76,2026-02-28,2025-02-28,reported_quarter,GROWTH,resolved,,1048911.0,,,,,,,,,,,,,0001048911-26-000011_EarningsPerShareDiluted_2025-12-01_2026-02-28_Q3,eps_pit_v4,2026-08-28T15:20:58.673037+00:00
2026-05-01,FVR,0.0,SEC,2026-02-25,-0.19,-0.19,2025-12-31,2024-12-31,derived_from_fy,FLAT,resolved,,1988494.0,,,,,,,,,,,,,"derived_from_fy(0001193125-26-072181_EarningsPerShareDiluted_2025-01-01_2025-12-31_FY,0000950170-25-072774_EarningsPerShareDiluted_2025-01-01_2025-03-31_Q1,0000950170-25-108893_EarningsPerShareDiluted_2025-04-01_2025-06-30_Q2,0001193125-25-280175_EarningsPerShareDiluted_2025-07-01_2025-09-30_Q3)",eps_pit_v4,2026-08-28T15:20:59.852871+00:00
2026-05-01,GNRC,-119.1588785047,SEC,2026-02-18,-0.4100000000000001,2.1399999999999997,2025-12-31,2024-12-31,derived_from_fy,PROFIT_TO_LOSS,resolved,,1474735.0,,,,,,,,,,,,,"derived_from_fy(0001437749-26-004568_EarningsPerShareDiluted_2025-01-01_2025-12-31_FY,0001437749-25-014767_EarningsPerShareDiluted_2025-01-01_2025-03-31_Q1,0001437749-25-024879_EarningsPerShareDiluted_2025-04-01_2025-06-30_Q2,0001437749-25-033048_EarningsPerShareDiluted_2025-07-01_2025-09-30_Q3)",eps_pit_v4,2026-08-28T15:20:55.382785+00:00
2026-05-01,GPRE,132.9113924051,SEC,2026-02-10,0.26,-0.7899999999999999,2025-12-31,2024-12-31,derived_from_fy,TURNAROUND,resolved,,1309402.0,,,,,,,,,,,,,"derived_from_fy(0001309402-26-000019_EarningsPerShareDiluted_2025-01-01_2025-12-31_FY,0001309402-25-000089_EarningsPerShareDiluted_2025-01-01_2025-03-31_Q1,0001309402-25-000130_EarningsPerShareDiluted_2025-04-01_2025-06-30_Q2,0001309402-25-000163_EarningsPerShareDiluted_2025-07-01_2025-09-30_Q3)",eps_pit_v4,2026-08-28T15:21:00.723411+00:00
2026-05-01,GTX,63.3333333333,SEC,2026-04-30,0.49,0.3,2026-03-31,2025-03-31,reported_quarter,GROWTH,resolved,,1735707.0,,,,,,,,,,,,,0001735707-26-000019_EarningsPerShareDiluted_2026-01-01_2026-03-31_Q1,eps_pit_v4,2026-08-28T15:20:56.802522+00:00
2026-05-01,GVA,-24.6753246753,SEC,2026-04-30,-0.96,-0.77,2026-03-31,2025-03-31,reported_quarter,LOSS_WIDENING,resolved,,861459.0,,,,,,,,,,,,,0000861459-26-000018_EarningsPerShareDiluted_2026-01-01_2026-03-31_Q1,eps_pit_v4,2026-08-28T15:21:05.374720+00:00
2026-05-01,HAL,129.1666666667,SEC,2026-04-24,0.55,0.24,2026-03-31,2025-03-31,reported_quarter,GROWTH,resolved,,45012.0,,,,,,,,,,,,,0000045012-26-000039_EarningsPerShareDiluted_2026-01-01_2026-03-31_Q1,eps_pit_v4,2026-08-28T15:20:56.518439+00:00
2026-05-01,HR,100.0,SEC,2026-05-01,0.0,-0.13,2026-03-31,2025-03-31,reported_quarter,LOSS_NARROWING,resolved,,1360604.0,,,,,,,,,,,,,0001360604-26-000042_EarningsPerShareDiluted_2026-01-01_2026-03-31_Q1,eps_pit_v4,2026-08-28T15:21:07.707425+00:00
2026-05-01,INDV,81.5789473684,SEC,2026-04-30,0.69,0.38,2026-03-31,2025-03-31,reported_quarter,GROWTH,resolved,,1625297.0,,,,,,,,,,,,,0001628280-26-028850_EarningsPerShareDiluted_2026-01-01_2026-03-31_Q1,eps_pit_v4,2026-08-28T15:21:02.096442+00:00
2026-05-01,INSW,260.5633802817,SEC,2026-02-26,2.5600000000000005,0.7100000000000009,2025-12-31,2024-12-31,derived_from_fy,GROWTH,resolved,,1679049.0,,,,,,,,,,,,,"derived_from_fy(0001104659-26-020113_EarningsPerShareDiluted_2025-01-01_2025-12-31_FY,0001558370-25-006858_EarningsPerShareDiluted_2025-01-01_2025-03-31_Q1,0001558370-25-010411_EarningsPerShareDiluted_2025-04-01_2025-06-30_Q2,0001104659-25-107428_EarningsPerShareDiluted_2025-07-01_2025-09-30_Q3)",eps_pit_v4,2026-08-28T15:20:53.548615+00:00
2026-05-01,IRM,860.0,SEC,2026-04-30,0.48,0.05,2026-03-31,2025-03-31,reported_quarter,GROWTH,resolved,,1020569.0,,,,,,,,,,,,,0001020569-26-000039_EarningsPerShareDiluted_2026-01-01_2026-03-31_Q1,eps_pit_v4,2026-08-28T15:20:57.156442+00:00
2026-05-01,JAZZ,12.4579124579,SEC,2026-02-24,3.34,2.9700000000000006,2025-12-31,2024-12-31,derived_from_fy,GROWTH,resolved,,1232524.0,,,,,,,,,,,,,"derived_from_fy(0001232524-26-000013_EarningsPerShareDiluted_2025-01-01_2025-12-31_FY,0001232524-25-000027_EarningsPerShareDiluted_2025-01-01_2025-03-31_Q1,0001232524-25-000063_EarningsPerShareDiluted_2025-04-01_2025-06-30_Q2,0001232524-25-000074_EarningsPerShareDiluted_2025-07-01_2025-09-30_Q3)",eps_pit_v4,2026-08-28T15:21:06.051638+00:00
2026-05-01,JCI,34.9206349206,SEC,2026-02-04,0.85,0.63,2025-12-31,2024-12-31,reported_quarter,GROWTH,resolved,,833444.0,,,,,,,,,,,,,0000833444-26-000019_EarningsPerShareDiluted_2025-10-01_2025-12-31_Q1,eps_pit_v4,2026-08-28T15:21:07.561109+00:00
2026-05-01,KNSA,145.4545454545,SEC,2026-04-28,0.27,0.11,2026-03-31,2025-03-31,reported_quarter,GROWTH,resolved,,1730430.0,,,,,,,,,,,,,0001104659-26-050359_EarningsPerShareDiluted_2026-01-01_2026-03-31_Q1,eps_pit_v4,2026-08-28T15:20:58.156521+00:00
2026-05-01,KO,18.1818181818,SEC,2026-04-30,0.91,0.77,2026-04-03,2025-03-28,reported_quarter,GROWTH,resolved,,21344.0,,,,,,,,,,,,,0001628280-26-028802_EarningsPerShareDiluted_2026-01-01_2026-04-03_Q1,eps_pit_v4,2026-08-28T15:21:06.510257+00:00
2026-05-01,KRG,-45.4545454545,SEC,2026-04-29,0.06,0.11,2026-03-31,2025-03-31,reported_quarter,DECLINE,resolved,,1286043.0,,,,,,,,,,,,,0001286043-26-000037_EarningsPerShareDiluted_2026-01-01_2026-03-31_Q1,eps_pit_v4,2026-08-28T15:21:01.001330+00:00
2026-05-01,LAMR,7600.0,SEC,2026-02-20,1.5,-0.02,2025-12-31,2024-12-31,derived_from_fy,TURNAROUND,resolved,,1090425.0,,,,,,,,,,,,,"derived_from_fy(0001090425-26-000008_EarningsPerShareDiluted_2025-01-01_2025-12-31_FY,0001628280-25-023556_EarningsPerShareDiluted_2025-01-01_2025-03-31_Q1,0001628280-25-039162_EarningsPerShareDiluted_2025-04-01_2025-06-30_Q2,0001090425-25-000010_EarningsPerShareDiluted_2025-07-01_2025-09-30_Q3)",eps_pit_v4,2026-08-28T15:21:03.854755+00:00
2026-05-01,LNT,4.8192771084,SEC,2026-05-01,0.87,0.83,2026-03-31,2025-03-31,reported_quarter,GROWTH,resolved,,352541.0,,,,,,,,,,,,,0000352541-26-000033_EarningsPerShareDiluted_2026-01-01_2026-03-31_Q1,eps_pit_v4,2026-08-28T15:21:08.780223+00:00
2026-05-01,MDU,42.3076923077,SEC,2026-02-20,0.37,0.2600000000000002,2025-12-31,2024-12-31,derived_from_fy,GROWTH,resolved,,67716.0,,,,,,,,,,,,,"derived_from_fy(0000067716-26-000014_EarningsPerShareDiluted_2025-01-01_2025-12-31_FY,0000067716-25-000042_EarningsPerShareDiluted_2025-01-01_2025-03-31_Q1,0000067716-25-000074_EarningsPerShareDiluted_2025-04-01_2025-06-30_Q2,0000067716-25-000090_EarningsPerShareDiluted_2025-07-01_2025-09-30_Q3)",eps_pit_v4,2026-08-28T15:21:09.284496+00:00
2026-05-01,MO,106.3492063492,SEC,2026-04-30,1.3,0.63,2026-03-31,2025-03-31,reported_quarter,GROWTH,resolved,,764180.0,,,,,,,,,,,,,0000764180-26-000058_EarningsPerShareDiluted_2026-01-01_2026-03-31_Q1,eps_pit_v4,2026-08-28T15:21:03.000905+00:00
2026-05-01,MPC,283.8461538462,SEC,2026-02-26,4.99,1.299999999999999,2025-12-31,2024-12-31,derived_from_fy,GROWTH,resolved,,1510295.0,,,,,,,,,,,,,"derived_from_fy(0001510295-26-000009_EarningsPerShareDiluted_2025-01-01_2025-12-31_FY,0001510295-25-000039_EarningsPerShareDiluted_2025-01-01_2025-03-31_Q1,0001510295-25-000054_EarningsPerShareDiluted_2025-04-01_2025-06-30_Q2,0001510295-25-000064_EarningsPerShareDiluted_2025-07-01_2025-09-30_Q3)",eps_pit_v4,2026-08-28T15:20:57.859618+00:00
2026-05-01,MRAM,80.0,SEC,2026-04-29,-0.01,-0.05,2026-03-31,2025-03-31,reported_quarter,LOSS_NARROWING,resolved,,1438423.0,,,,,,,,,,,,,0001628280-26-028464_EarningsPerShareDiluted_2026-01-01_2026-03-31_Q1,eps_pit_v4,2026-08-28T15:20:53.260685+00:00
2026-05-01,MSBI,111.2462006079,SEC,2026-04-30,0.74,-6.58,2026-03-31,2025-03-31,reported_quarter,TURNAROUND,resolved,,1466026.0,,,,,,,,,,,,,0001466026-26-000049_EarningsPerShareDiluted_2026-01-01_2026-03-31_Q1,eps_pit_v4,2026-08-28T15:20:57.575302+00:00
2026-05-01,MSGE,24.358974359,SEC,2026-02-06,1.94,1.56,2025-12-31,2024-12-31,reported_quarter,GROWTH,resolved,,1952073.0,,,,,,,,,,,,,0001628280-26-005948_EarningsPerShareDiluted_2025-10-01_2025-12-31_Q2,eps_pit_v4,2026-08-28T15:20:56.643328+00:00
2026-05-01,MSGS,580.0,SEC,2026-02-06,0.34,0.05,2025-12-31,2024-12-31,reported_quarter,GROWTH,resolved,,1636519.0,,,,,,,,,,,,,0001628280-26-006075_EarningsPerShareDiluted_2025-10-01_2025-12-31_Q2,eps_pit_v4,2026-08-28T15:20:59.613831+00:00
2026-05-01,MTX,125.9423503326,SEC,2026-05-01,1.17,-4.51,2026-04-05,2025-03-30,reported_quarter,TURNAROUND,resolved,,891014.0,,,,,,,,,,,,,0000891014-26-000108_EarningsPerShareDiluted_2026-01-01_2026-04-05_Q1,eps_pit_v4,2026-08-28T15:21:05.902906+00:00
2026-05-01,MUSA,6.9868995633,SEC,2026-02-18,7.350000000000001,6.869999999999997,2025-12-31,2024-12-31,derived_from_fy,GROWTH,resolved,,1573516.0,,,,,,,,,,,,,"derived_from_fy(0001573516-26-000090_EarningsPerShareDiluted_2025-01-01_2025-12-31_FY,0001573516-25-000038_EarningsPerShareDiluted_2025-01-01_2025-03-31_Q1,0001573516-25-000049_EarningsPerShareDiluted_2025-04-01_2025-06-30_Q2,0001573516-25-000074_EarningsPerShareDiluted_2025-07-01_2025-09-30_Q3)",eps_pit_v4,2026-08-28T15:20:55.704580+00:00
2026-05-01,MYFW,46.511627907,SEC,2026-05-01,0.63,0.43,2026-03-31,2025-03-31,reported_quarter,GROWTH,resolved,,1327607.0,,,,,,,,,,,,,0001628280-26-029340_EarningsPerShareDiluted_2026-01-01_2026-03-31_Q1,eps_pit_v4,2026-08-28T15:21:04.193700+00:00
2026-05-01,NHC,315.7894736842,SEC,2026-02-26,1.58,0.3799999999999999,2025-12-31,2024-12-31,derived_from_fy,GROWTH,resolved,,1047335.0,,,,,,,,,,,,,"derived_from_fy(0001437749-26-005910_EarningsPerShareDiluted_2025-01-01_2025-12-31_FY,0001437749-25-015499_EarningsPerShareDiluted_2025-01-01_2025-03-31_Q1,0001437749-25-025500_EarningsPerShareDiluted_2025-04-01_2025-06-30_Q2,0001437749-25-033631_EarningsPerShareDiluted_2025-07-01_2025-09-30_Q3)",eps_pit_v4,2026-08-28T15:21:03.326557+00:00
2026-05-01,NPKI,9.0909090909,SEC,2026-05-01,0.12,0.11,2026-03-31,2025-03-31,reported_quarter,GROWTH,resolved,,71829.0,,,,,,,,,,,,,0000071829-26-000028_EarningsPerShareDiluted_2026-01-01_2026-03-31_Q1,eps_pit_v4,2026-08-28T15:21:04.632661+00:00
2026-05-01,NVEC,11.1111111111,SEC,2026-01-21,0.7,0.63,2025-12-31,2024-12-31,reported_quarter,GROWTH,resolved,,724910.0,,,,,,,,,,,,,0001376474-26-000059_EarningsPerShareDiluted_2025-10-01_2025-12-31_Q3,eps_pit_v4,2026-08-28T15:20:57.684623+00:00
2026-05-01,OSW,40.0,SEC,2026-05-01,0.21,0.15,2026-03-31,2025-03-31,reported_quarter,GROWTH,resolved,,1758488.0,,,,,,,,,,,,,0001193125-26-199522_EarningsPerShareDiluted_2026-01-01_2026-03-31_Q1,eps_pit_v4,2026-08-28T15:21:01.658921+00:00
2026-05-01,PCB,41.3043478261,SEC,2026-03-16,0.6499999999999999,0.4599999999999999,2025-12-31,2024-12-31,derived_from_fy,GROWTH,resolved,,1423869.0,,,,,,,,,,,,,"derived_from_fy(0001423869-26-000006_EarningsPerShareDiluted_2025-01-01_2025-12-31_FY,0001423869-25-000038_EarningsPerShareDiluted_2025-01-01_2025-03-31_Q1,0001423869-25-000043_EarningsPerShareDiluted_2025-04-01_2025-06-30_Q2,0001423869-25-000050_EarningsPerShareDiluted_2025-07-01_2025-09-30_Q3)",eps_pit_v4,2026-08-28T15:20:59.348929+00:00
2026-05-01,PFIS,155.3191489362,SEC,2026-03-16,1.2000000000000002,0.47,2025-12-31,2024-12-31,derived_from_fy,GROWTH,resolved,,1056943.0,,,,,,,,,,,,,"derived_from_fy(0001104659-26-028106_EarningsPerShareDiluted_2025-01-01_2025-12-31_FY,0001558370-25-007366_EarningsPerShareDiluted_2025-01-01_2025-03-31_Q1,0001558370-25-011043_EarningsPerShareDiluted_2025-04-01_2025-06-30_Q2,0001104659-25-108874_EarningsPerShareDiluted_2025-07-01_2025-09-30_Q3)",eps_pit_v4,2026-08-28T15:21:06.301574+00:00
2026-05-01,PHVS,-10.9375,YahooHistoricalEvent,2026-04-02,-0.71,-0.64,2026-03-31,2025-03-31,reported_quarter,LOSS_WIDENING,resolved,,,,,,,,,,,,,,,yahoo_event_2026-03-31_2026-04-02T06:00:00-04:00,eps_pit_v4,2026-08-28T15:21:02.608647+00:00
2026-05-01,PR,54.8387096774,SEC,2026-02-26,0.48,0.3099999999999998,2025-12-31,2024-12-31,derived_from_fy,GROWTH,resolved,,1658566.0,,,,,,,,,,,,,"derived_from_fy(0001658566-26-000035_EarningsPerShareDiluted_2025-01-01_2025-12-31_FY,0001658566-25-000041_EarningsPerShareDiluted_2025-01-01_2025-03-31_Q1,0001658566-25-000069_EarningsPerShareDiluted_2025-04-01_2025-06-30_Q2,0001658566-25-000092_EarningsPerShareDiluted_2025-07-01_2025-09-30_Q3)",eps_pit_v4,2026-08-28T15:20:56.192712+00:00
2026-05-01,RBB,51.2820512821,SEC,2025-11-07,0.59,0.39,2025-09-30,2024-09-30,reported_quarter,GROWTH,resolved,,1499422.0,,,,,,,,,,,,,0001437749-25-033871_EarningsPerShareDiluted_2025-07-01_2025-09-30_Q3,eps_pit_v4,2026-08-28T15:20:58.084019+00:00
2026-05-01,REPX,673.0769230769,SEC,2026-03-04,4.02,0.5199999999999996,2025-12-31,2024-12-31,derived_from_fy,GROWTH,resolved,,1001614.0,,,,,,,,,,,,,"derived_from_fy(0001001614-26-000011_EarningsPerShareDiluted_2025-01-01_2025-12-31_FY,0001001614-25-000026_EarningsPerShareDiluted_2025-01-01_2025-03-31_Q1,0001001614-25-000045_EarningsPerShareDiluted_2025-04-01_2025-06-30_Q2,0001001614-25-000058_EarningsPerShareDiluted_2025-07-01_2025-09-30_Q3)",eps_pit_v4,2026-08-28T15:21:00.018114+00:00
2026-05-01,REX,365.625,SEC,2026-03-30,0.8500000000000001,-0.3199999999999998,2026-01-31,2025-01-31,derived_from_fy,TURNAROUND,resolved,,744187.0,,,,,,,,,,,,,"derived_from_fy(0000930413-26-000937_EarningsPerShareDiluted_2025-02-01_2026-01-31_FY,0000930413-25-001941_EarningsPerShareDiluted_2025-02-01_2025-04-30_Q1,0000930413-25-002856_EarningsPerShareDiluted_2025-05-01_2025-07-31_Q2,0000930413-25-003566_EarningsPerShareDiluted_2025-08-01_2025-10-31_Q3)",eps_pit_v4,2026-08-28T15:20:54.231417+00:00
2026-05-01,RGCO,-7.8431372549,SEC,2026-02-09,0.47,0.51,2025-12-31,2024-12-31,reported_quarter,DECLINE,resolved,,1069533.0,,,,,,,,,,,,,0001437749-26-003536_EarningsPerShareDiluted_2025-10-01_2025-12-31_Q1,eps_pit_v4,2026-08-28T15:21:02.238908+00:00
2026-05-01,ROKU,400.0,SEC,2026-05-01,0.57,-0.19,2026-03-31,2025-03-31,reported_quarter,TURNAROUND,resolved,,1428439.0,,,,,,,,,,,,,0001628280-26-029310_EarningsPerShareDiluted_2026-01-01_2026-03-31_Q1,eps_pit_v4,2026-08-28T15:20:58.521863+00:00
2026-05-01,RS,36.3636363636,SEC,2026-04-29,5.1,3.74,2026-03-31,2025-03-31,reported_quarter,GROWTH,resolved,,861884.0,,,,,,,,,,,,,0001104659-26-051524_EarningsPerShareDiluted_2026-01-01_2026-03-31_Q1,eps_pit_v4,2026-08-28T15:21:04.003536+00:00
2026-05-01,SBSI,9.8591549296,SEC,2026-04-30,0.78,0.71,2026-03-31,2025-03-31,reported_quarter,GROWTH,resolved,,705432.0,,,,,,,,,,,,,0000705432-26-000079_EarningsPerShareDiluted_2026-01-01_2026-03-31_Q1,eps_pit_v4,2026-08-28T15:21:02.565859+00:00
2026-05-01,SIF,176.3157894737,SEC,2026-02-11,0.29,-0.38,2025-12-31,2024-12-31,reported_quarter,TURNAROUND,resolved,,90168.0,,,,,,,,,,,,,0000090168-26-000011_EarningsPerShareDiluted_2025-10-01_2025-12-31_Q1,eps_pit_v4,2026-08-28T15:20:56.949934+00:00
2026-05-01,SNDA,-101.1627906977,SEC,2026-03-12,-1.7299999999999995,-0.8600000000000002,2025-12-31,2024-12-31,derived_from_fy,LOSS_WIDENING,resolved,,1043000.0,,,,,,,,,,,,,"derived_from_fy(0001043000-26-000009_EarningsPerShareDiluted_2025-01-01_2025-12-31_FY,0001043000-25-000031_EarningsPerShareDiluted_2025-01-01_2025-03-31_Q1,0001043000-25-000072_EarningsPerShareDiluted_2025-04-01_2025-06-30_Q2,0001043000-25-000087_EarningsPerShareDiluted_2025-07-01_2025-09-30_Q3)",eps_pit_v4,2026-08-28T15:20:57.292170+00:00
2026-05-01,TPC,134.6405228758,SEC,2026-02-26,0.53,-1.53,2025-12-31,2024-12-31,derived_from_fy,TURNAROUND,resolved,,77543.0,,,,,,,,,,,,,"derived_from_fy(0000077543-26-000028_EarningsPerShareDiluted_2025-01-01_2025-12-31_FY,0000077543-25-000099_EarningsPerShareDiluted_2025-01-01_2025-03-31_Q1,0000077543-25-000184_EarningsPerShareDiluted_2025-04-01_2025-06-30_Q2,0000077543-25-000252_EarningsPerShareDiluted_2025-07-01_2025-09-30_Q3)",eps_pit_v4,2026-08-28T15:21:01.815330+00:00
2026-05-01,TRMK,5.4945054945,SEC,2026-02-23,0.96,0.91,2025-12-31,2024-12-31,derived_from_fy,GROWTH,resolved,,36146.0,,,,,,,,,,,,,"derived_from_fy(0001193125-26-064009_EarningsPerShareDiluted_2025-01-01_2025-12-31_FY,0000950170-25-064530_EarningsPerShareDiluted_2025-01-01_2025-03-31_Q1,0000950170-25-103063_EarningsPerShareDiluted_2025-04-01_2025-06-30_Q2,0001193125-25-267205_EarningsPerShareDiluted_2025-07-01_2025-09-30_Q3)",eps_pit_v4,2026-08-28T15:21:08.390082+00:00
2026-05-01,TVTX,105.6338028169,SEC,2026-02-19,0.0399999999999999,-0.71,2025-12-31,2024-12-31,derived_from_fy,TURNAROUND,resolved,,1438533.0,,,,,,,,,,,,,"derived_from_fy(0001438533-26-000014_EarningsPerShareDiluted_2025-01-01_2025-12-31_FY,0001438533-25-000026_EarningsPerShareDiluted_2025-01-01_2025-03-31_Q1,0001438533-25-000046_EarningsPerShareDiluted_2025-04-01_2025-06-30_Q2,0001438533-25-000056_EarningsPerShareDiluted_2025-07-01_2025-09-30_Q3)",eps_pit_v4,2026-08-28T15:20:55.850993+00:00
2026-05-01,TWLO,375.0,SEC,2026-05-01,0.57,0.12,2026-03-31,2025-03-31,reported_quarter,GROWTH,resolved,,1447669.0,,,,,,,,,,,,,0001447669-26-000049_EarningsPerShareDiluted_2026-01-01_2026-03-31_Q1,eps_pit_v4,2026-08-28T15:20:53.372917+00:00
2026-05-01,VCTR,12.7118644068,SEC,2026-02-26,1.33,1.1799999999999995,2025-12-31,2024-12-31,derived_from_fy,GROWTH,resolved,,1570827.0,,,,,,,,,,,,,"derived_from_fy(0001193125-26-077057_EarningsPerShareDiluted_2025-01-01_2025-12-31_FY,0000950170-25-067558_EarningsPerShareDiluted_2025-01-01_2025-03-31_Q1,0000950170-25-105496_EarningsPerShareDiluted_2025-04-01_2025-06-30_Q2,0001193125-25-271198_EarningsPerShareDiluted_2025-07-01_2025-09-30_Q3)",eps_pit_v4,2026-08-28T15:21:00.561122+00:00
2026-05-01,VLO,322.1052631579,SEC,2026-04-30,4.22,-1.9,2026-03-31,2025-03-31,reported_quarter,TURNAROUND,resolved,,1035002.0,,,,,,,,,,,,,0001628280-26-028690_EarningsPerShareDiluted_2026-01-01_2026-03-31_Q1,eps_pit_v4,2026-08-28T15:20:58.337282+00:00
2026-05-01,VMI,27.5462962963,SEC,2026-04-28,5.51,4.32,2026-03-28,2025-03-29,reported_quarter,GROWTH,resolved,,102729.0,,,,,,,,,,,,,0000102729-26-000020_EarningsPerShareDiluted_2025-12-28_2026-03-28_Q1,eps_pit_v4,2026-08-28T15:21:04.968575+00:00
2026-05-01,VTR,10.0,SEC,2026-04-28,0.11,0.1,2026-03-31,2025-03-31,reported_quarter,GROWTH,resolved,,740260.0,,,,,,,,,,,,,0000740260-26-000018_EarningsPerShareDiluted_2026-01-01_2026-03-31_Q1,eps_pit_v4,2026-08-28T15:21:08.164854+00:00
2026-05-01,WCC,48.0952380952,SEC,2026-04-30,3.11,2.1,2026-03-31,2025-03-31,reported_quarter,GROWTH,resolved,,929008.0,,,,,,,,,,,,,0000929008-26-000014_EarningsPerShareDiluted_2026-01-01_2026-03-31_Q1,eps_pit_v4,2026-08-28T15:20:53.706624+00:00
2026-05-01,WELL,155.0,SEC,2026-04-29,1.02,0.4,2026-03-31,2025-03-31,reported_quarter,GROWTH,resolved,,766704.0,,,,,,,,,,,,,0000766704-26-000021_EarningsPerShareDiluted_2026-01-01_2026-03-31_Q1,eps_pit_v4,2026-08-28T15:21:09.001745+00:00
2026-05-01,WERN,-342.1052631579,SEC,2026-02-26,-0.4599999999999999,0.19,2025-12-31,2024-12-31,derived_from_fy,PROFIT_TO_LOSS,resolved,,793074.0,,,,,,,,,,,,,"derived_from_fy(0000793074-26-000071_EarningsPerShareDiluted_2025-01-01_2025-12-31_FY,0000793074-25-000027_EarningsPerShareDiluted_2025-01-01_2025-03-31_Q1,0000793074-25-000044_EarningsPerShareDiluted_2025-04-01_2025-06-30_Q2,0000793074-25-000058_EarningsPerShareDiluted_2025-07-01_2025-09-30_Q3)",eps_pit_v4,2026-08-28T15:20:59.501682+00:00
2026-05-08,AAON,37.1428571429,SEC,2026-05-07,0.48,0.35,2026-03-31,2025-03-31,reported_quarter,GROWTH,resolved,,824142.0,,,,,,,,,,,,,0000824142-26-000036_EarningsPerShareDiluted_2026-01-01_2026-03-31_Q1,eps_pit_v4,2026-08-28T15:21:14.187916+00:00
2026-05-08,AAPL,21.8181818182,SEC,2026-05-01,2.01,1.65,2026-03-28,2025-03-29,reported_quarter,GROWTH,resolved,,320193.0,,,,,,,,,,,,,0000320193-26-000013_EarningsPerShareDiluted_2025-12-28_2026-03-28_Q2,eps_pit_v4,2026-08-28T15:21:28.438052+00:00
2026-05-08,AD,880.9523809524,SEC,2026-05-08,2.06,0.21,2026-03-31,2025-03-31,reported_quarter,GROWTH,resolved,,821130.0,,,,,,,,,,,,,0000821130-26-000035_EarningsPerShareDiluted_2026-01-01_2026-03-31_Q1,eps_pit_v4,2026-08-28T15:21:25.424694+00:00
2026-05-08,AKAM,-13.4146341463,SEC,2026-05-08,0.71,0.82,2026-03-31,2025-03-31,reported_quarter,DECLINE,resolved,,1086222.0,,,,,,,,,,,,,0001086222-26-000058_EarningsPerShareDiluted_2026-01-01_2026-03-31_Q1,eps_pit_v4,2026-08-28T15:21:11.307358+00:00
2026-05-08,AKR,2100.0,SEC,2026-04-29,0.22,0.01,2026-03-31,2025-03-31,reported_quarter,GROWTH,resolved,,899629.0,,,,,,,,,,,,,0001193125-26-191611_EarningsPerShareDiluted_2026-01-01_2026-03-31_Q1,eps_pit_v4,2026-08-28T15:21:29.566839+00:00
2026-05-08,AMAT,75.1724137931,SEC,2026-02-19,2.54,1.45,2026-01-25,2025-01-26,reported_quarter,GROWTH,resolved,,6951.0,,,,,,,,,,,,,0001628280-26-009694_EarningsPerShareDiluted_2025-10-27_2026-01-25_Q1,eps_pit_v4,2026-08-28T15:21:12.022037+00:00
2026-05-08,AMN,5400.0,SEC,2026-05-08,1.59,-0.03,2026-03-31,2025-03-31,reported_quarter,TURNAROUND,resolved,,1142750.0,,,,,,,,,,,,,0001628280-26-032419_EarningsPerShareDiluted_2026-01-01_2026-03-31_Q1,eps_pit_v4,2026-08-28T15:21:12.921327+00:00
2026-05-08,APLD,-125.0,SEC,2026-04-08,-0.36,-0.16,2026-02-28,2025-02-28,reported_quarter,LOSS_WIDENING,resolved,,1144879.0,,,,,,,,,,,,,0001144879-26-000030_EarningsPerShareDiluted_2025-12-01_2026-02-28_Q3,eps_pit_v4,2026-08-28T15:21:13.964944+00:00
2026-05-08,ASYS,103.5874439462,SEC,2026-05-07,0.08,-2.23,2026-03-31,2025-03-31,reported_quarter,TURNAROUND,resolved,,720500.0,,,,,,,,,,,,,0001193125-26-211854_EarningsPerShareDiluted_2026-01-01_2026-03-31_Q2,eps_pit_v4,2026-08-28T15:21:11.440698+00:00
2026-05-08,AXTI,18.1818181818,SEC,2026-03-17,-0.0899999999999999,-0.11,2025-12-31,2024-12-31,derived_from_fy,LOSS_NARROWING,resolved,,1051627.0,,,,,,,,,,,,,"derived_from_fy(0001437749-26-008612_EarningsPerShareDiluted_2025-01-01_2025-12-31_FY,0001558370-25-007751_EarningsPerShareDiluted_2025-01-01_2025-03-31_Q1,0001437749-25-026516_EarningsPerShareDiluted_2025-04-01_2025-06-30_Q2,0001437749-25-034843_EarningsPerShareDiluted_2025-07-01_2025-09-30_Q3)",eps_pit_v4,2026-08-28T15:21:10.869729+00:00
2026-05-08,BKSY,-95.2380952381,SEC,2026-05-07,-0.82,-0.42,2026-03-31,2025-03-31,reported_quarter,LOSS_WIDENING,resolved,,1753539.0,,,,,,,,,,,,,0001753539-26-000064_EarningsPerShareDiluted_2026-01-01_2026-03-31_Q1,eps_pit_v4,2026-08-28T15:21:13.814173+00:00
2026-05-08,BLBD,13.9240506329,SEC,2026-05-06,0.9,0.79,2026-03-28,2025-03-29,reported_quarter,GROWTH,resolved,,1589526.0,,,,,,,,,,,,,0001589526-26-000030_EarningsPerShareDiluted_2025-12-28_2026-03-28_Q2,eps_pit_v4,2026-08-28T15:21:23.177506+00:00
2026-05-08,BTSG,378.5714285714,SEC,2026-05-01,0.67,0.14,2026-03-31,2025-03-31,reported_quarter,GROWTH,resolved,,1865782.0,,,,,,,,,,,,,0001193125-26-199339_EarningsPerShareDiluted_2026-01-01_2026-03-31_Q1,eps_pit_v4,2026-08-28T15:21:14.415403+00:00
2026-05-08,BVFL,188.8888888889,SEC,2026-03-27,0.52,0.1800000000000001,2025-12-31,2024-12-31,derived_from_fy,GROWTH,resolved,,1302387.0,,,,,,,,,,,,,"derived_from_fy(0001193125-26-128285_EarningsPerShareDiluted_2025-01-01_2025-12-31_FY,0000950170-25-069955_EarningsPerShareDiluted_2025-01-01_2025-03-31_Q1,0000950170-25-107717_EarningsPerShareDiluted_2025-04-01_2025-06-30_Q2,0001193125-25-279386_EarningsPerShareDiluted_2025-07-01_2025-09-30_Q3)",eps_pit_v4,2026-08-28T15:21:28.729380+00:00
2026-05-08,CALY,2250.0,SEC,2026-05-08,0.47,0.02,2026-03-31,2025-03-31,reported_quarter,GROWTH,resolved,,837465.0,,,,,,,,,,,,,0000837465-26-000017_EarningsPerShareDiluted_2026-01-01_2026-03-31_Q1,eps_pit_v4,2026-08-28T15:21:19.288913+00:00
2026-05-08,CCSI,21.4953271028,SEC,2026-05-08,1.3,1.07,2026-03-31,2025-03-31,reported_quarter,GROWTH,resolved,,1866633.0,,,,,,,,,,,,,0001866633-26-000011_EarningsPerShareDiluted_2026-01-01_2026-03-31_Q1,eps_pit_v4,2026-08-28T15:21:13.551743+00:00
2026-05-08,CECO,-101.0204081633,SEC,2026-04-30,-0.01,0.98,2026-03-31,2025-03-31,reported_quarter,PROFIT_TO_LOSS,resolved,,3197.0,,,,,,,,,,,,,0001193125-26-197428_EarningsPerShareDiluted_2026-01-01_2026-03-31_Q1,eps_pit_v4,2026-08-28T15:21:17.493400+00:00
2026-05-08,CELC,-11.4942528736,SEC,2026-03-26,-0.9699999999999998,-0.8700000000000001,2025-12-31,2024-12-31,derived_from_fy,LOSS_WIDENING,resolved,,1603454.0,,,,,,,,,,,,,"derived_from_fy(0001493152-26-012801_EarningsPerShareDiluted_2025-01-01_2025-12-31_FY,0001641172-25-011053_EarningsPerShareDiluted_2025-01-01_2025-03-31_Q1,0001641172-25-024148_EarningsPerShareDiluted_2025-04-01_2025-06-30_Q2,0001493152-25-022401_EarningsPerShareDiluted_2025-07-01_2025-09-30_Q3)",eps_pit_v4,2026-08-28T15:21:10.171332+00:00
2026-05-08,CGNX,121.4285714286,SEC,2026-05-07,0.31,0.14,2026-04-05,2025-03-30,reported_quarter,GROWTH,resolved,,851205.0,,,,,,,,,,,,,0000851205-26-000040_EarningsPerShareDiluted_2026-01-01_2026-04-05_Q1,eps_pit_v4,2026-08-28T15:21:16.158234+00:00
2026-05-08,CHEF,60.0,SEC,2026-04-29,0.4,0.25,2026-03-27,2025-03-28,reported_quarter,GROWTH,resolved,,1517175.0,,,,,,,,,,,,,0001517175-26-000023_EarningsPerShareDiluted_2025-12-27_2026-03-27_Q1,eps_pit_v4,2026-08-28T15:21:22.186764+00:00
2026-05-08,CNO,85.7142857143,SEC,2026-05-07,0.39,0.21,2026-03-31,2025-03-31,reported_quarter,GROWTH,resolved,,1224608.0,,,,,,,,,,,,,0001224608-26-000041_EarningsPerShareDiluted_2026-01-01_2026-03-31_Q1,eps_pit_v4,2026-08-28T15:21:29.105919+00:00
2026-05-08,COCO,61.2903225806,SEC,2026-04-29,0.5,0.31,2026-03-31,2025-03-31,reported_quarter,GROWTH,resolved,,1482981.0,,,,,,,,,,,,,0001482981-26-000120_EarningsPerShareDiluted_2026-01-01_2026-03-31_Q1,eps_pit_v4,2026-08-28T15:21:22.061144+00:00
2026-05-08,CON,30.0,SEC,2026-05-07,0.39,0.3,2026-03-31,2025-03-31,reported_quarter,GROWTH,resolved,,2014596.0,,,,,,,,,,,,,0002014596-26-000044_EarningsPerShareDiluted_2026-01-01_2026-03-31_Q1,eps_pit_v4,2026-08-28T15:21:24.247197+00:00
2026-05-08,CORZ,-185.4838709677,SEC,2026-05-06,-1.06,1.24,2026-03-31,2025-03-31,reported_quarter,PROFIT_TO_LOSS,resolved,,1839341.0,,,,,,,,,,,,,0001628280-26-031396_EarningsPerShareDiluted_2026-01-01_2026-03-31_Q1,eps_pit_v4,2026-08-28T15:21:16.261201+00:00
2026-05-08,CPF,20.0,SEC,2026-04-29,0.78,0.65,2026-03-31,2025-03-31,reported_quarter,GROWTH,resolved,,701347.0,,,,,,,,,,,,,0000701347-26-000028_EarningsPerShareDiluted_2026-01-01_2026-03-31_Q1,eps_pit_v4,2026-08-28T15:21:25.832742+00:00
2026-05-08,CTS,34.0909090909,SEC,2026-04-29,0.59,0.44,2026-03-31,2025-03-31,reported_quarter,GROWTH,resolved,,26058.0,,,,,,,,,,,,,0001193125-26-190431_EarningsPerShareDiluted_2026-01-01_2026-03-31_Q1,eps_pit_v4,2026-08-28T15:21:15.571483+00:00
2026-05-08,CYTK,-22.7941176471,SEC,2026-05-05,-1.67,-1.36,2026-03-31,2025-03-31,reported_quarter,LOSS_WIDENING,resolved,,1061983.0,,,,,,,,,,,,,0001193125-26-206364_EarningsPerShareDiluted_2026-01-01_2026-03-31_Q1,eps_pit_v4,2026-08-28T15:21:21.579149+00:00
2026-05-08,CZWI,21.875,SEC,2026-05-06,0.39,0.32,2026-03-31,2025-03-31,reported_quarter,GROWTH,resolved,,1367859.0,,,,,,,,,,,,,0001367859-26-000034_EarningsPerShareDiluted_2026-01-01_2026-03-31_Q1,eps_pit_v4,2026-08-28T15:21:25.040312+00:00
2026-05-08,DCOM,66.6666666667,SEC,2026-05-01,0.75,0.45,2026-03-31,2025-03-31,reported_quarter,GROWTH,resolved,,846617.0,,,,,,,,,,,,,0000846617-26-000030_EarningsPerShareDiluted_2026-01-01_2026-03-31_Q1,eps_pit_v4,2026-08-28T15:21:23.643838+00:00
2026-05-08,DVA,43.5,SEC,2026-05-05,2.87,2.0,2026-03-31,2025-03-31,reported_quarter,GROWTH,resolved,,927066.0,,,,,,,,,,,,,0000927066-26-000062_EarningsPerShareDiluted_2026-01-01_2026-03-31_Q1,eps_pit_v4,2026-08-28T15:21:12.769954+00:00
2026-05-08,EBAY,6.6666666667,SEC,2026-04-29,1.12,1.05,2026-03-31,2025-03-31,reported_quarter,GROWTH,resolved,,1065088.0,,,,,,,,,,,,,0001065088-26-000093_EarningsPerShareDiluted_2026-01-01_2026-03-31_Q1,eps_pit_v4,2026-08-28T15:21:24.422744+00:00
2026-05-08,EGP,55.2631578947,SEC,2026-04-22,1.77,1.14,2026-03-31,2025-03-31,reported_quarter,GROWTH,resolved,,49600.0,,,,,,,,,,,,,0000049600-26-000029_EarningsPerShareDiluted_2026-01-01_2026-03-31_Q1,eps_pit_v4,2026-08-28T15:21:18.008010+00:00
2026-05-08,ESCA,68.4210526316,SEC,2026-04-30,0.32,0.19,2026-03-31,2025-03-31,reported_quarter,GROWTH,resolved,,33488.0,,,,,,,,,,,,,0001437749-26-013975_EarningsPerShareDiluted_2026-01-01_2026-03-31_Q1,eps_pit_v4,2026-08-28T15:21:17.152315+00:00
2026-05-08,FEIM,-90.0,SEC,2026-03-17,0.16,1.6,2026-01-31,2025-01-31,reported_quarter,DECLINE,resolved,,39020.0,,,,,,,,,,,,,0001185185-26-000893_EarningsPerShareDiluted_2025-11-01_2026-01-31_Q3,eps_pit_v4,2026-08-28T15:21:19.556507+00:00
2026-05-08,FFIV,4.0322580645,SEC,2026-05-05,2.58,2.48,2026-03-31,2025-03-31,reported_quarter,GROWTH,resolved,,1048695.0,,,,,,,,,,,,,0001048695-26-000051_EarningsPerShareDiluted_2026-01-01_2026-03-31_Q2,eps_pit_v4,2026-08-28T15:21:20.861829+00:00
2026-05-08,FISI,28.3950617284,SEC,2026-05-04,1.04,0.81,2026-03-31,2025-03-31,reported_quarter,GROWTH,resolved,,862831.0,,,,,,,,,,,,,0001193125-26-203962_EarningsPerShareDiluted_2026-01-01_2026-03-31_Q1,eps_pit_v4,2026-08-28T15:21:22.968151+00:00
2026-05-08,FRAF,938.4615384615,SEC,2026-03-13,1.35,0.1299999999999999,2025-12-31,2024-12-31,derived_from_fy,GROWTH,resolved,,723646.0,,,,,,,,,,,,,"derived_from_fy(0000723646-26-000016_EarningsPerShareDiluted_2025-01-01_2025-12-31_FY,0000723646-25-000047_EarningsPerShareDiluted_2025-01-01_2025-03-31_Q1,0000723646-25-000062_EarningsPerShareDiluted_2025-04-01_2025-06-30_Q2,0000723646-25-000080_EarningsPerShareDiluted_2025-07-01_2025-09-30_Q3)",eps_pit_v4,2026-08-28T15:21:29.947860+00:00
2026-05-08,FSEA,87.0967741935,SEC,2026-03-20,-0.04,-0.31,2025-12-31,2024-12-31,derived_from_fy,LOSS_NARROWING,resolved,,1943802.0,,,,,,,,,,,,,"derived_from_fy(0001193125-26-116794_EarningsPerShareDiluted_2025-01-01_2025-12-31_FY,0000950170-25-067539_EarningsPerShareDiluted_2025-01-01_2025-03-31_Q1,0000950170-25-105491_EarningsPerShareDiluted_2025-04-01_2025-06-30_Q2,0001193125-25-281704_EarningsPerShareDiluted_2025-07-01_2025-09-30_Q3)",eps_pit_v4,2026-08-28T15:21:16.735160+00:00
2026-05-08,FSTR,170.0,SEC,2026-05-04,0.14,-0.2,2026-03-31,2025-03-31,reported_quarter,TURNAROUND,resolved,,352825.0,,,,,,,,,,,,,0000352825-26-000029_EarningsPerShareDiluted_2026-01-01_2026-03-31_Q1,eps_pit_v4,2026-08-28T15:21:17.860423+00:00
2026-05-08,FTNT,28.5714285714,SEC,2026-05-08,0.72,0.56,2026-03-31,2025-03-31,reported_quarter,GROWTH,resolved,,1262039.0,,,,,,,,,,,,,0001262039-26-000013_EarningsPerShareDiluted_2026-01-01_2026-03-31_Q1,eps_pit_v4,2026-08-28T15:21:18.667700+00:00
2026-05-08,GLW,138.8888888889,SEC,2026-05-01,0.43,0.18,2026-03-31,2025-03-31,reported_quarter,GROWTH,resolved,,24741.0,,,,,,,,,,,,,0000024741-26-000205_EarningsPerShareDiluted_2026-01-01_2026-03-31_Q1,eps_pit_v4,2026-08-28T15:21:15.085692+00:00
2026-05-08,GTX,63.3333333333,SEC,2026-04-30,0.49,0.3,2026-03-31,2025-03-31,reported_quarter,GROWTH,resolved,,1735707.0,,,,,,,,,,,,,0001735707-26-000019_EarningsPerShareDiluted_2026-01-01_2026-03-31_Q1,eps_pit_v4,2026-08-28T15:21:18.758844+00:00
2026-05-08,GWW,18.154158215,SEC,2026-05-07,11.65,9.86,2026-03-31,2025-03-31,reported_quarter,GROWTH,resolved,,277135.0,,,,,,,,,,,,,0000277135-26-000053_EarningsPerShareDiluted_2026-01-01_2026-03-31_Q1,eps_pit_v4,2026-08-28T15:21:22.007049+00:00
2026-05-08,HCSG,60.8695652174,SEC,2026-04-24,0.37,0.23,2026-03-31,2025-03-31,reported_quarter,GROWTH,resolved,,731012.0,,,,,,,,,,,,,0000731012-26-000031_EarningsPerShareDiluted_2026-01-01_2026-03-31_Q1,eps_pit_v4,2026-08-28T15:21:24.582508+00:00
2026-05-08,HFBL,63.6363636364,SEC,2026-02-12,0.54,0.33,2025-12-31,2024-12-31,reported_quarter,GROWTH,resolved,,1500375.0,,,,,,,,,,,,,0001140361-26-005040_EarningsPerShareDiluted_2025-10-01_2025-12-31_Q2,eps_pit_v4,2026-08-28T15:21:22.579880+00:00
2026-05-08,HR,100.0,SEC,2026-05-01,0.0,-0.13,2026-03-31,2025-03-31,reported_quarter,LOSS_NARROWING,resolved,,1360604.0,,,,,,,,,,,,,0001360604-26-000042_EarningsPerShareDiluted_2026-01-01_2026-03-31_Q1,eps_pit_v4,2026-08-28T15:21:28.274099+00:00
2026-05-08,HST,105.7142857143,SEC,2026-05-08,0.72,0.35,2026-03-31,2025-03-31,reported_quarter,GROWTH,resolved,,1070750.0,,,,,,,,,,,,,0001070750-26-000080_EarningsPerShareDiluted_2026-01-01_2026-03-31_Q1,eps_pit_v4,2026-08-28T15:21:19.102493+00:00
2026-05-08,HWBK,7.7922077922,SEC,2026-05-08,0.83,0.77,2026-03-31,2025-03-31,reported_quarter,GROWTH,resolved,,893847.0,,,,,,,,,,,,,0000893847-26-000063_EarningsPerShareDiluted_2026-01-01_2026-03-31_Q1,eps_pit_v4,2026-08-28T15:21:20.178022+00:00
2026-05-08,HXL,-126.7441860465,SEC,2021-02-09,-0.23,0.86,2020-12-31,2019-12-31,reported_quarter,PROFIT_TO_LOSS,resolved,,717605.0,,,,,,,,,,,,,0001564590-21-004881_EarningsPerShareDiluted_2020-10-01_2020-12-31_FY,eps_pit_v4,2026-08-28T15:21:18.289025+00:00
2026-05-08,HZO,-185.7142857143,SEC,2026-04-23,-0.12,0.14,2026-03-31,2025-03-31,reported_quarter,PROFIT_TO_LOSS,resolved,,1057060.0,,,,,,,,,,,,,0001193125-26-173623_EarningsPerShareDiluted_2026-01-01_2026-03-31_Q2,eps_pit_v4,2026-08-28T15:21:23.361219+00:00
2026-05-08,IBKR,22.9166666667,SEC,2026-05-07,0.59,0.48,2026-03-31,2025-03-31,reported_quarter,GROWTH,resolved,,1381197.0,,,,,,,,,,,,,0001381197-26-000093_EarningsPerShareDiluted_2026-01-01_2026-03-31_Q1,eps_pit_v4,2026-08-28T15:21:23.783055+00:00
2026-05-08,IRM,860.0,SEC,2026-04-30,0.48,0.05,2026-03-31,2025-03-31,reported_quarter,GROWTH,resolved,,1020569.0,,,,,,,,,,,,,0001020569-26-000039_EarningsPerShareDiluted_2026-01-01_2026-03-31_Q1,eps_pit_v4,2026-08-28T15:21:18.959872+00:00
2026-05-08,JAZZ,391.4473684211,SEC,2026-05-05,4.43,-1.52,2026-03-31,2025-03-31,reported_quarter,TURNAROUND,resolved,,1232524.0,,,,,,,,,,,,,0001232524-26-000025_EarningsPerShareDiluted_2026-01-01_2026-03-31_Q1,eps_pit_v4,2026-08-28T15:21:23.932293+00:00
2026-05-08,KNSA,145.4545454545,SEC,2026-04-28,0.27,0.11,2026-03-31,2025-03-31,reported_quarter,GROWTH,resolved,,1730430.0,,,,,,,,,,,,,0001104659-26-050359_EarningsPerShareDiluted_2026-01-01_2026-03-31_Q1,eps_pit_v4,2026-08-28T15:21:23.425357+00:00
2026-05-08,KRYS,52.5,SEC,2026-05-04,1.83,1.2,2026-03-31,2025-03-31,reported_quarter,GROWTH,resolved,,1711279.0,,,,,,,,,,,,,0001711279-26-000043_EarningsPerShareDiluted_2026-01-01_2026-03-31_Q1,eps_pit_v4,2026-08-28T15:21:25.242353+00:00
2026-05-08,LIFE,-1800.0,SEC,2026-05-08,-3.57,0.21,2026-03-31,2025-03-31,reported_quarter,PROFIT_TO_LOSS,resolved,,1788451.0,,,,,,,,,,,,,0001193125-26-214620_EarningsPerShareDiluted_2026-01-01_2026-03-31_Q1,eps_pit_v4,2026-08-28T15:21:09.724789+00:00
2026-05-08,LINC,86.3636363636,SEC,2026-03-02,0.41,0.22,2025-12-31,2024-12-31,derived_from_fy,GROWTH,resolved,,1286613.0,,,,,,,,,,,,,"derived_from_fy(0001140361-26-007380_EarningsPerShareDiluted_2025-01-01_2025-12-31_FY,0001140361-25-018385_EarningsPerShareDiluted_2025-01-01_2025-03-31_Q1,0001140361-25-030226_EarningsPerShareDiluted_2025-04-01_2025-06-30_Q2,0001140361-25-041363_EarningsPerShareDiluted_2025-07-01_2025-09-30_Q3)",eps_pit_v4,2026-08-28T15:21:15.907549+00:00
2026-05-08,LIND,,SEC,2026-05-05,0.09,0.0,2026-03-31,2025-03-31,reported_zero_base,ZERO_BASE,expected_unavailable,PRIOR_YEAR_EPS_ZERO,1512499.0,0.09,0.0,2026-03-31,2025-03-31,2026-05-05,0001437749-26-014912_EarningsPerShareDiluted_2026-01-01_2026-03-31_Q1,,,,,,,0001437749-26-014912_EarningsPerShareDiluted_2026-01-01_2026-03-31_Q1,eps_pit_v4,2026-08-28T15:21:13.033607+00:00
2026-05-08,LIVN,106.6555740433,SEC,2026-05-06,0.4,-6.01,2026-03-31,2025-03-31,reported_quarter,TURNAROUND,resolved,,1639691.0,,,,,,,,,,,,,0001639691-26-000035_EarningsPerShareDiluted_2026-01-01_2026-03-31_Q1,eps_pit_v4,2026-08-28T15:21:26.331569+00:00
2026-05-08,LRCX,40.7766990291,SEC,2026-04-23,1.45,1.03,2026-03-29,2025-03-30,reported_quarter,GROWTH,resolved,,707549.0,,,,,,,,,,,,,0000707549-26-000022_EarningsPerShareDiluted_2025-12-29_2026-03-29_Q3,eps_pit_v4,2026-08-28T15:21:12.279600+00:00
2026-05-08,MATX,-15.1376146789,SEC,2026-05-05,1.85,2.18,2026-03-31,2025-03-31,reported_quarter,DECLINE,resolved,,3453.0,,,,,,,,,,,,,0001104659-26-055178_EarningsPerShareDiluted_2026-01-01_2026-03-31_Q1,eps_pit_v4,2026-08-28T15:21:18.432710+00:00
2026-05-08,MCFT,-121.7391304348,SEC,2026-05-07,-0.05,0.23,2026-03-29,2025-03-30,reported_quarter,PROFIT_TO_LOSS,resolved,,1638290.0,,,,,,,,,,,,,0001193125-26-211213_EarningsPerShareDiluted_2025-12-29_2026-03-29_Q3,eps_pit_v4,2026-08-28T15:21:19.952363+00:00
2026-05-08,MCRI,44.7619047619,SEC,2026-04-30,1.52,1.05,2026-03-31,2025-03-31,reported_quarter,GROWTH,resolved,,907242.0,,,,,,,,,,,,,0001104659-26-052821_EarningsPerShareDiluted_2026-01-01_2026-03-31_Q1,eps_pit_v4,2026-08-28T15:21:26.129558+00:00
2026-05-08,MEC,,SEC,2026-05-06,-0.4,0.0,2026-03-31,2025-03-31,reported_zero_base,ZERO_BASE,expected_unavailable,PRIOR_YEAR_EPS_ZERO,1766368.0,-0.4,0.0,2026-03-31,2025-03-31,2026-05-06,0001104659-26-056257_EarningsPerShareDiluted_2026-01-01_2026-03-31_Q1,,,,,,,0001104659-26-056257_EarningsPerShareDiluted_2026-01-01_2026-03-31_Q1,eps_pit_v4,2026-08-28T15:21:10.405106+00:00
2026-05-08,MITK,0.0,SEC,2026-05-07,0.2,0.2,2026-03-31,2025-03-31,reported_quarter,FLAT,resolved,,807863.0,,,,,,,,,,,,,0000807863-26-000026_EarningsPerShareDiluted_2026-01-01_2026-03-31_Q2,eps_pit_v4,2026-08-28T15:21:12.491831+00:00
2026-05-08,MKSI,53.2467532468,SEC,2026-05-07,1.18,0.77,2026-03-31,2025-03-31,reported_quarter,GROWTH,resolved,,1049502.0,,,,,,,,,,,,,0001049502-26-000062_EarningsPerShareDiluted_2026-01-01_2026-03-31_Q1,eps_pit_v4,2026-08-28T15:21:10.572182+00:00
2026-05-08,MLI,55.3956834532,SEC,2026-04-22,2.16,1.39,2026-03-28,2025-03-29,reported_quarter,GROWTH,resolved,,89439.0,,,,,,,,,,,,,0000089439-26-000018_EarningsPerShareDiluted_2025-12-28_2026-03-28_Q1,eps_pit_v4,2026-08-28T15:21:26.566601+00:00
2026-05-08,MNST,30.4347826087,SEC,2011-08-09,0.9,0.69,2011-06-30,2010-06-30,reported_quarter,GROWTH,resolved,,865752.0,,,,,,,,,,,,,0001104659-11-045251_EarningsPerShareDiluted_2011-04-01_2011-06-30_Q2,eps_pit_v4,2026-08-28T15:21:18.147802+00:00
2026-05-08,MOD,-218.4210526316,SEC,2026-02-05,-0.9,0.76,2025-12-31,2024-12-31,reported_quarter,PROFIT_TO_LOSS,resolved,,67347.0,,,,,,,,,,,,,0001104659-26-010790_EarningsPerShareDiluted_2025-10-01_2025-12-31_Q3,eps_pit_v4,2026-08-28T15:21:16.908827+00:00
2026-05-08,MPTI,35.6164383562,SEC,2026-03-26,0.99,0.73,2025-12-31,2024-12-31,reported_quarter,GROWTH,resolved,,1902314.0,,,,,,,,,,,,,0001437749-26-009844_EarningsPerShareDiluted_2025-10-01_2025-12-31_FY,eps_pit_v4,2026-08-28T15:21:11.668324+00:00
2026-05-08,MRNA,-34.9206349206,SEC,2026-05-01,-3.4,-2.52,2026-03-31,2025-03-31,reported_quarter,LOSS_WIDENING,resolved,,1682852.0,,,,,,,,,,,,,0001682852-26-000060_EarningsPerShareDiluted_2026-01-01_2026-03-31_Q1,eps_pit_v4,2026-08-28T15:21:15.660986+00:00
2026-05-08,MRX,62.6373626374,YahooHistoricalEvent,2026-05-06,1.48,0.91,2026-03-31,2025-03-31,reported_quarter,GROWTH,resolved,,,,,,,,,,,,,,,yahoo_event_2026-03-31_2026-05-06T07:00:00-04:00,eps_pit_v4,2026-08-28T15:21:14.369275+00:00
2026-05-08,MXL,10.3448275862,SEC,2026-04-23,-0.52,-0.58,2026-03-31,2025-03-31,reported_quarter,LOSS_NARROWING,resolved,,1288469.0,,,,,,,,,,,,,0001288469-26-000029_EarningsPerShareDiluted_2026-01-01_2026-03-31_Q1,eps_pit_v4,2026-08-28T15:21:09.958169+00:00
2026-05-08,NHC,9.6618357488,SEC,2026-05-07,2.27,2.07,2026-03-31,2025-03-31,reported_quarter,GROWTH,resolved,,1047335.0,,,,,,,,,,,,,0001437749-26-015612_EarningsPerShareDiluted_2026-01-01_2026-03-31_Q1,eps_pit_v4,2026-08-28T15:21:24.757936+00:00
2026-05-08,NPO,12.1739130435,SEC,2026-05-05,1.29,1.15,2026-03-31,2025-03-31,reported_quarter,GROWTH,resolved,,1164863.0,,,,,,,,,,,,,0001628280-26-030295_EarningsPerShareDiluted_2026-01-01_2026-03-31_Q1,eps_pit_v4,2026-08-28T15:21:28.669244+00:00
2026-05-08,NVDA,97.7528089888,SEC,2026-02-25,1.7600000000000002,0.8900000000000001,2026-01-25,2025-01-26,derived_from_fy,GROWTH,resolved,,1045810.0,,,,,,,,,,,,,"derived_from_fy(0001045810-26-000021_EarningsPerShareDiluted_2025-01-27_2026-01-25_FY,0001045810-25-000116_EarningsPerShareDiluted_2025-01-27_2025-04-27_Q1,0001045810-25-000209_EarningsPerShareDiluted_2025-04-28_2025-07-27_Q2,0001045810-25-000230_EarningsPerShareDiluted_2025-07-28_2025-10-26_Q3)",eps_pit_v4,2026-08-28T15:21:26.977321+00:00
2026-05-08,NVEC,27.5,SEC,2026-05-06,1.02,0.7999999999999998,2026-03-31,2025-03-31,derived_from_fy,GROWTH,resolved,,724910.0,,,,,,,,,,,,,"derived_from_fy(0001376474-26-000348_EarningsPerShareDiluted_2025-04-01_2026-03-31_FY,0001376474-25-000658_EarningsPerShareDiluted_2025-04-01_2025-06-30_Q1,0001376474-25-000857_EarningsPerShareDiluted_2025-07-01_2025-09-30_Q2,0001376474-26-000059_EarningsPerShareDiluted_2025-10-01_2025-12-31_Q3)",eps_pit_v4,2026-08-28T15:21:17.011970+00:00
2026-05-08,NWPX,176.9230769231,SEC,2026-04-30,1.08,0.39,2026-03-31,2025-03-31,reported_quarter,GROWTH,resolved,,1001385.0,,,,,,,,,,,,,0001437749-26-014185_EarningsPerShareDiluted_2026-01-01_2026-03-31_Q1,eps_pit_v4,2026-08-28T15:21:14.620136+00:00
2026-05-08,ODC,-17.5675675676,SEC,2020-06-08,0.61,0.74,2020-04-30,2019-04-30,reported_quarter,DECLINE,resolved,,74046.0,,,,,,,,,,,,,0000074046-20-000029_EarningsPerShareDiluted_2020-02-01_2020-04-30_Q3,eps_pit_v4,2026-08-28T15:21:22.745562+00:00
2026-05-08,OPLN,94.4444444444,SEC,2026-05-05,0.35,0.18,2026-03-31,2025-03-31,reported_quarter,GROWTH,resolved,,1395942.0,,,,,,,,,,,,,0001395942-26-000019_EarningsPerShareDiluted_2026-01-01_2026-03-31_Q1,eps_pit_v4,2026-08-28T15:21:22.344850+00:00
2026-05-08,ORN,400.0,SEC,2026-04-29,0.12,-0.04,2026-03-31,2025-03-31,reported_quarter,TURNAROUND,resolved,,1402829.0,,,,,,,,,,,,,0001402829-26-000036_EarningsPerShareDiluted_2026-01-01_2026-03-31_Q1,eps_pit_v4,2026-08-28T15:21:20.412678+00:00
2026-05-08,OSBC,11.6279069767,SEC,2026-05-07,0.48,0.43,2026-03-31,2025-03-31,reported_quarter,GROWTH,resolved,,357173.0,,,,,,,,,,,,,0000357173-26-000022_EarningsPerShareDiluted_2026-01-01_2026-03-31_Q1,eps_pit_v4,2026-08-28T15:21:25.628188+00:00
2026-05-08,OSS,77.7777777778,SEC,2026-05-06,-0.02,-0.09,2026-03-31,2025-03-31,reported_quarter,LOSS_NARROWING,resolved,,1394056.0,,,,,,,,,,,,,0001193125-26-207665_EarningsPerShareDiluted_2026-01-01_2026-03-31_Q1,eps_pit_v4,2026-08-28T15:21:10.719698+00:00
2026-05-08,PCB,39.6226415094,SEC,2026-05-07,0.74,0.53,2026-03-31,2025-03-31,reported_quarter,GROWTH,resolved,,1423869.0,,,,,,,,,,,,,0001423869-26-000018_EarningsPerShareDiluted_2026-01-01_2026-03-31_Q1,eps_pit_v4,2026-08-28T15:21:17.620417+00:00
2026-05-08,PDFS,250.0,SEC,2026-05-07,0.12,-0.08,2026-03-31,2025-03-31,reported_quarter,TURNAROUND,resolved,,1120914.0,,,,,,,,,,,,,0001437749-26-015610_EarningsPerShareDiluted_2026-01-01_2026-03-31_Q1,eps_pit_v4,2026-08-28T15:21:19.782038+00:00
2026-05-08,PEBK,1.2658227848,SEC,2026-05-07,0.8,0.79,2026-03-31,2025-03-31,reported_quarter,GROWTH,resolved,,1093672.0,,,,,,,,,,,,,0001654954-26-004543_EarningsPerShareDiluted_2026-01-01_2026-03-31_Q1,eps_pit_v4,2026-08-28T15:21:21.835352+00:00
2026-05-08,PFIS,-1.3422818792,SEC,2026-05-08,1.47,1.49,2026-03-31,2025-03-31,reported_quarter,DECLINE,resolved,,1056943.0,,,,,,,,,,,,,0001104659-26-057903_EarningsPerShareDiluted_2026-01-01_2026-03-31_Q1,eps_pit_v4,2026-08-28T15:21:29.754543+00:00
2026-05-08,PL,-316.6666666667,SEC,2026-03-23,-0.5,-0.1199999999999999,2026-01-31,2025-01-31,derived_from_fy,LOSS_WIDENING,resolved,,1836833.0,,,,,,,,,,,,,"derived_from_fy(0001193125-26-119957_EarningsPerShareDiluted_2025-02-01_2026-01-31_FY,0001836833-25-000063_EarningsPerShareDiluted_2025-02-01_2025-04-30_Q1,0001836833-25-000104_EarningsPerShareDiluted_2025-05-01_2025-07-31_Q2,0001193125-25-314295_EarningsPerShareDiluted_2025-08-01_2025-10-31_Q3)",eps_pit_v4,2026-08-28T15:21:11.615571+00:00
2026-05-08,QUIK,-1700.0,SEC,2026-03-27,-0.36,-0.0199999999999999,2025-12-28,2024-12-29,derived_from_fy,LOSS_WIDENING,resolved,,882508.0,,,,,,,,,,,,,"derived_from_fy(0001437749-26-010089_EarningsPerShareDiluted_2024-12-30_2025-12-28_FY,0001437749-25-016834_EarningsPerShareDiluted_2024-12-30_2025-03-30_Q1,0001437749-25-026521_EarningsPerShareDiluted_2025-03-31_2025-06-29_Q2,0001437749-25-034456_EarningsPerShareDiluted_2025-06-30_2025-09-28_Q3)",eps_pit_v4,2026-08-28T15:21:11.072039+00:00
2026-05-08,RBC,17.032967033,SEC,2026-02-05,2.13,1.82,2025-12-27,2024-12-28,reported_quarter,GROWTH,resolved,,1324948.0,,,,,,,,,,,,,0001213900-26-012732_EarningsPerShareDiluted_2025-09-28_2025-12-27_Q3,eps_pit_v4,2026-08-28T15:21:26.797898+00:00
2026-05-08,RFIL,100.0,SEC,2026-03-16,0.0,-0.02,2026-01-31,2025-01-31,reported_quarter,LOSS_NARROWING,resolved,,740664.0,,,,,,,,,,,,,0001437749-26-008410_EarningsPerShareDiluted_2025-11-01_2026-01-31_Q1,eps_pit_v4,2026-08-28T15:21:15.339237+00:00
2026-05-08,RIOT,-60.0,SEC,2026-04-30,-1.44,-0.9,2026-03-31,2025-03-31,reported_quarter,LOSS_WIDENING,resolved,,1167419.0,,,,,,,,,,,,,0001104659-26-053120_EarningsPerShareDiluted_2026-01-01_2026-03-31_Q1,eps_pit_v4,2026-08-28T15:21:13.399667+00:00
2026-05-08,RKLB,41.6666666667,SEC,2026-05-07,-0.07,-0.12,2026-03-31,2025-03-31,reported_quarter,LOSS_NARROWING,resolved,,1819994.0,,,,,,,,,,,,,0001819994-26-000028_EarningsPerShareDiluted_2026-01-01_2026-03-31_Q1,eps_pit_v4,2026-08-28T15:21:14.333789+00:00
2026-05-08,ROAD,100.0,SEC,2026-05-08,0.16,0.08,2026-03-31,2025-03-31,reported_quarter,GROWTH,resolved,,1718227.0,,,,,,,,,,,,,0001628280-26-032643_EarningsPerShareDiluted_2026-01-01_2026-03-31_Q2,eps_pit_v4,2026-08-28T15:21:19.440532+00:00
2026-05-08,ROK,39.6396396396,SEC,2026-05-05,3.1,2.22,2026-03-31,2025-03-31,reported_quarter,GROWTH,resolved,,1024478.0,,,,,,,,,,,,,0001024478-26-000022_EarningsPerShareDiluted_2026-01-01_2026-03-31_Q2,eps_pit_v4,2026-08-28T15:21:24.198074+00:00
2026-05-08,RPRX,21.8181818182,SEC,2026-05-06,0.67,0.55,2026-03-31,2025-03-31,reported_quarter,GROWTH,resolved,,1802768.0,,,,,,,,,,,,,0001802768-26-000009_EarningsPerShareDiluted_2026-01-01_2026-03-31_Q1,eps_pit_v4,2026-08-28T15:21:28.499327+00:00
2026-05-08,SMBC,15.1079136691,SEC,2026-05-08,1.6,1.39,2026-03-31,2025-03-31,reported_quarter,GROWTH,resolved,,916907.0,,,,,,,,,,,,,0001104659-26-058037_EarningsPerShareDiluted_2026-01-01_2026-03-31_Q3,eps_pit_v4,2026-08-28T15:21:26.015461+00:00
2026-05-08,SMTC,-141.975308642,SEC,2026-03-23,-0.34,0.81,2026-01-25,2025-01-26,derived_from_fy,PROFIT_TO_LOSS,resolved,,88941.0,,,,,,,,,,,,,"derived_from_fy(0000088941-26-000005_EarningsPerShareDiluted_2025-01-27_2026-01-25_FY,0000088941-25-000101_EarningsPerShareDiluted_2025-01-27_2025-04-27_Q1,0000088941-25-000160_EarningsPerShareDiluted_2025-04-28_2025-07-27_Q2,0000088941-25-000166_EarningsPerShareDiluted_2025-07-28_2025-10-26_Q3)",eps_pit_v4,2026-08-28T15:21:11.835791+00:00
2026-05-08,SNDA,-101.1627906977,SEC,2026-03-12,-1.7299999999999995,-0.8600000000000002,2025-12-31,2024-12-31,derived_from_fy,LOSS_WIDENING,resolved,,1043000.0,,,,,,,,,,,,,"derived_from_fy(0001043000-26-000009_EarningsPerShareDiluted_2025-01-01_2025-12-31_FY,0001043000-25-000031_EarningsPerShareDiluted_2025-01-01_2025-03-31_Q1,0001043000-25-000072_EarningsPerShareDiluted_2025-04-01_2025-06-30_Q2,0001043000-25-000087_EarningsPerShareDiluted_2025-07-01_2025-09-30_Q3)",eps_pit_v4,2026-08-28T15:21:16.656974+00:00
2026-05-08,SNEX,120.2127659574,SEC,2026-05-06,2.07,0.94,2026-03-31,2025-03-31,reported_quarter,GROWTH,resolved,,913760.0,,,,,,,,,,,,,0000913760-26-000031_EarningsPerShareDiluted_2026-01-01_2026-03-31_Q2,eps_pit_v4,2026-08-28T15:21:20.635537+00:00
2026-05-08,SSRM,-285.7142857143,SEC,2026-05-05,-0.52,0.28,2026-03-31,2025-03-31,reported_quarter,PROFIT_TO_LOSS,resolved,,921638.0,,,,,,,,,,,,,0000921638-26-000062_EarningsPerShareDiluted_2026-01-01_2026-03-31_Q1,eps_pit_v4,2026-08-28T15:21:21.316135+00:00
2026-05-08,TKR,26.1261261261,SEC,2026-05-06,1.4,1.11,2026-03-31,2025-03-31,reported_quarter,GROWTH,resolved,,98362.0,,,,,,,,,,,,,0000098362-26-000033_EarningsPerShareDiluted_2026-01-01_2026-03-31_Q1,eps_pit_v4,2026-08-28T15:21:16.527487+00:00
2026-05-08,TRS,7033.3333333333,SEC,2026-04-30,21.4,0.3,2026-03-31,2025-03-31,reported_quarter,GROWTH,resolved,,842633.0,,,,,,,,,,,,,0000842633-26-000029_EarningsPerShareDiluted_2026-01-01_2026-03-31_Q1,eps_pit_v4,2026-08-28T15:21:21.094743+00:00
2026-05-08,TSN,3550.0,SEC,2026-05-04,0.73,0.02,2026-03-28,2025-03-29,reported_quarter,GROWTH,resolved,,100493.0,,,,,,,,,,,,,0000100493-26-000020_EarningsPerShareDiluted_2025-12-28_2026-03-28_Q2,eps_pit_v4,2026-08-28T15:21:29.392379+00:00
2026-05-08,TWLO,375.0,SEC,2026-05-01,0.57,0.12,2026-03-31,2025-03-31,reported_quarter,GROWTH,resolved,,1447669.0,,,,,,,,,,,,,0001447669-26-000049_EarningsPerShareDiluted_2026-01-01_2026-03-31_Q1,eps_pit_v4,2026-08-28T15:21:11.549825+00:00
2026-05-08,UFCS,71.6417910448,SEC,2026-05-06,1.15,0.67,2026-03-31,2025-03-31,reported_quarter,GROWTH,resolved,,101199.0,,,,,,,,,,,,,0000101199-26-000031_EarningsPerShareDiluted_2026-01-01_2026-03-31_Q1,eps_pit_v4,2026-08-28T15:21:28.902025+00:00
2026-05-08,ULS,36.3636363636,SEC,2026-05-05,0.45,0.33,2026-03-31,2025-03-31,reported_quarter,GROWTH,resolved,,1901440.0,,,,,,,,,,,,,0001901440-26-000012_EarningsPerShareDiluted_2026-01-01_2026-03-31_Q1,eps_pit_v4,2026-08-28T15:21:22.622017+00:00
2026-05-08,VTRS,105.8823529412,SEC,2026-05-07,0.15,-2.55,2026-03-31,2025-03-31,reported_quarter,TURNAROUND,resolved,,1792044.0,,,,,,,,,,,,,0001792044-26-000029_EarningsPerShareDiluted_2026-01-01_2026-03-31_Q1,eps_pit_v4,2026-08-28T15:21:21.405586+00:00
2026-05-08,VVX,140.0,SEC,2026-05-04,0.6,0.25,2026-04-03,2025-03-28,reported_quarter,GROWTH,resolved,,1601548.0,,,,,,,,,,,,,0001601548-26-000025_EarningsPerShareDiluted_2026-01-01_2026-04-03_Q1,eps_pit_v4,2026-08-28T15:21:17.258813+00:00
2026-05-08,WFCF,-121.0526315789,SEC,2026-02-26,-0.04,0.19,2025-12-31,2024-12-31,derived_from_fy,PROFIT_TO_LOSS,resolved,,1360565.0,,,,,,,,,,,,,"derived_from_fy(0001493152-26-008155_EarningsPerShareDiluted_2025-01-01_2025-12-31_FY,0001641172-25-009212_EarningsPerShareDiluted_2025-01-01_2025-03-31_Q1,0001641172-25-022556_EarningsPerShareDiluted_2025-04-01_2025-06-30_Q2,0001493152-25-022201_EarningsPerShareDiluted_2025-07-01_2025-09-30_Q3)",eps_pit_v4,2026-08-28T15:21:13.679973+00:00
2026-05-08,WLFC,47.5113122172,SEC,2026-05-05,3.26,2.21,2026-03-31,2025-03-31,reported_quarter,GROWTH,resolved,,1018164.0,,,,,,,,,,,,,0001018164-26-000053_EarningsPerShareDiluted_2026-01-01_2026-03-31_Q1,eps_pit_v4,2026-08-28T15:21:14.837664+00:00
2026-05-08,WT,-200.0,SEC,2026-05-06,-0.17,0.17,2026-03-31,2025-03-31,reported_quarter,PROFIT_TO_LOSS,resolved,,880631.0,,,,,,,,,,,,,0001214659-26-005680_EarningsPerShareDiluted_2026-01-01_2026-03-31_Q1,eps_pit_v4,2026-08-28T15:21:21.237264+00:00
2026-05-15,AIZ,91.1660777385,SEC,2026-05-07,5.41,2.83,2026-03-31,2025-03-31,reported_quarter,GROWTH,resolved,,1267238.0,,,,,,,,,,,,,0001267238-26-000027_EarningsPerShareDiluted_2026-01-01_2026-03-31_Q1,eps_pit_v4,2026-08-28T15:21:39.082340+00:00
2026-05-15,AKAM,-13.4146341463,SEC,2026-05-08,0.71,0.82,2026-03-31,2025-03-31,reported_quarter,DECLINE,resolved,,1086222.0,,,,,,,,,,,,,0001086222-26-000058_EarningsPerShareDiluted_2026-01-01_2026-03-31_Q1,eps_pit_v4,2026-08-28T15:21:33.007683+00:00
2026-05-15,ALKS,-407.6923076923,SEC,2026-05-05,-0.4,0.13,2026-03-31,2025-03-31,reported_quarter,PROFIT_TO_LOSS,resolved,,1520262.0,,,,,,,,,,,,,0001193125-26-206534_EarningsPerShareDiluted_2026-01-01_2026-03-31_Q1,eps_pit_v4,2026-08-28T15:21:35.910281+00:00
2026-05-15,ALL,338.3886255924,SEC,2026-04-29,9.25,2.11,2026-03-31,2025-03-31,reported_quarter,GROWTH,resolved,,899051.0,,,,,,,,,,,,,0000899051-26-000075_EarningsPerShareDiluted_2026-01-01_2026-03-31_Q1,eps_pit_v4,2026-08-28T15:21:38.217975+00:00
2026-05-15,ARMK,65.2173913043,SEC,2026-05-12,0.38,0.23,2026-04-03,2025-03-28,reported_quarter,GROWTH,resolved,,1584509.0,,,,,,,,,,,,,0001584509-26-000088_EarningsPerShareDiluted_2026-01-03_2026-04-03_Q2,eps_pit_v4,2026-08-28T15:21:35.705236+00:00
2026-05-15,BW,-130.7692307692,SEC,2026-05-11,-0.6,-0.26,2026-03-31,2025-03-31,reported_quarter,LOSS_WIDENING,resolved,,1630805.0,,,,,,,,,,,,,0001630805-26-000030_EarningsPerShareDiluted_2026-01-01_2026-03-31_Q1,eps_pit_v4,2026-08-28T15:21:30.702427+00:00
2026-05-15,CAPL,230.0,SEC,2026-05-06,0.26,-0.2,2026-03-31,2025-03-31,reported_quarter,TURNAROUND,resolved,,1538849.0,,,,,,,,,,,,,0001193125-26-209202_EarningsPerShareDiluted_2026-01-01_2026-03-31_Q1,eps_pit_v4,2026-08-28T15:21:37.698113+00:00
2026-05-15,COHR,981.8181818182,SEC,2026-05-06,0.97,-0.11,2026-03-31,2025-03-31,reported_quarter,TURNAROUND,resolved,,820318.0,,,,,,,,,,,,,0000820318-26-000013_EarningsPerShareDiluted_2026-01-01_2026-03-31_Q3,eps_pit_v4,2026-08-28T15:21:31.239122+00:00
2026-05-15,CON,30.0,SEC,2026-05-07,0.39,0.3,2026-03-31,2025-03-31,reported_quarter,GROWTH,resolved,,2014596.0,,,,,,,,,,,,,0002014596-26-000044_EarningsPerShareDiluted_2026-01-01_2026-03-31_Q1,eps_pit_v4,2026-08-28T15:21:37.975202+00:00
2026-05-15,CVEO,52.7777777778,SEC,2026-05-01,-0.34,-0.72,2026-03-31,2025-03-31,reported_quarter,LOSS_NARROWING,resolved,,1590584.0,,,,,,,,,,,,,0001590584-26-000052_EarningsPerShareDiluted_2026-01-01_2026-03-31_Q1,eps_pit_v4,2026-08-28T15:21:34.831756+00:00
2026-05-15,CVLG,-29.1666666667,SEC,2026-05-07,0.17,0.24,2026-03-31,2025-03-31,reported_quarter,DECLINE,resolved,,928658.0,,,,,,,,,,,,,0001437749-26-015445_EarningsPerShareDiluted_2026-01-01_2026-03-31_Q1,eps_pit_v4,2026-08-28T15:21:35.577833+00:00
2026-05-15,CVS,63.1205673759,SEC,2026-05-06,2.3,1.41,2026-03-31,2025-03-31,reported_quarter,GROWTH,resolved,,64803.0,,,,,,,,,,,,,0000064803-26-000052_EarningsPerShareDiluted_2026-01-01_2026-03-31_Q1,eps_pit_v4,2026-08-28T15:21:32.836583+00:00
2026-05-15,DCO,611.1111111111,SEC,2026-05-12,0.64,0.09,2026-04-04,2025-03-29,reported_quarter,GROWTH,resolved,,30305.0,,,,,,,,,,,,,0001628280-26-033836_EarningsPerShareDiluted_2026-01-01_2026-04-04_Q1,eps_pit_v4,2026-08-28T15:21:37.496817+00:00
2026-05-15,DVA,43.5,SEC,2026-05-05,2.87,2.0,2026-03-31,2025-03-31,reported_quarter,GROWTH,resolved,,927066.0,,,,,,,,,,,,,0000927066-26-000062_EarningsPerShareDiluted_2026-01-01_2026-03-31_Q1,eps_pit_v4,2026-08-28T15:21:33.901273+00:00
2026-05-15,DY,-54.0540540541,SEC,2026-03-09,0.5099999999999998,1.1099999999999994,2026-01-31,2025-01-25,derived_from_fy,DECLINE,resolved,,67215.0,,,,,,,,,,,,,"derived_from_fy(0000067215-26-000008_EarningsPerShareDiluted_2025-01-26_2026-01-31_FY,0000067215-25-000038_EarningsPerShareDiluted_2025-01-26_2025-04-26_Q1,0000067215-25-000058_EarningsPerShareDiluted_2025-04-27_2025-07-26_Q2,0000067215-25-000079_EarningsPerShareDiluted_2025-07-27_2025-10-25_Q3)",eps_pit_v4,2026-08-28T15:21:37.933615+00:00
2026-05-15,ELMD,66.6666666667,SEC,2026-05-12,0.35,0.21,2026-03-31,2025-03-31,reported_quarter,GROWTH,resolved,,1488917.0,,,,,,,,,,,,,0001437749-26-016429_EarningsPerShareDiluted_2026-01-01_2026-03-31_Q3,eps_pit_v4,2026-08-28T15:21:33.338523+00:00
2026-05-15,ETON,183.3333333333,SEC,2026-05-14,0.05,-0.06,2026-03-31,2025-03-31,reported_quarter,TURNAROUND,resolved,,1710340.0,,,,,,,,,,,,,0001437749-26-017064_EarningsPerShareDiluted_2026-01-01_2026-03-31_Q1,eps_pit_v4,2026-08-28T15:21:33.517322+00:00
2026-05-15,FCX,154.1666666667,SEC,2026-05-08,0.61,0.24,2026-03-31,2025-03-31,reported_quarter,GROWTH,resolved,,831259.0,,,,,,,,,,,,,0000831259-26-000025_EarningsPerShareDiluted_2026-01-01_2026-03-31_Q1,eps_pit_v4,2026-08-28T15:21:34.385610+00:00
2026-05-15,FTNT,28.5714285714,SEC,2026-05-08,0.72,0.56,2026-03-31,2025-03-31,reported_quarter,GROWTH,resolved,,1262039.0,,,,,,,,,,,,,0001262039-26-000013_EarningsPerShareDiluted_2026-01-01_2026-03-31_Q1,eps_pit_v4,2026-08-28T15:21:36.067546+00:00
2026-05-15,GL,12.6245847176,SEC,2026-05-07,3.39,3.01,2026-03-31,2025-03-31,reported_quarter,GROWTH,resolved,,320335.0,,,,,,,,,,,,,0000320335-26-000169_EarningsPerShareDiluted_2026-01-01_2026-03-31_Q1,eps_pit_v4,2026-08-28T15:21:40.274695+00:00
2026-05-15,HG,70.1298701299,SEC,2026-05-06,1.31,0.77,2026-03-31,2025-03-31,reported_quarter,GROWTH,resolved,,1593275.0,,,,,,,,,,,,,0001593275-26-000064_EarningsPerShareDiluted_2026-01-01_2026-03-31_Q1,eps_pit_v4,2026-08-28T15:21:35.295913+00:00
2026-05-15,HLIO,168.1818181818,SEC,2026-05-12,0.59,0.22,2026-04-04,2025-03-29,reported_quarter,GROWTH,resolved,,1024795.0,,,,,,,,,,,,,0001193125-26-219232_EarningsPerShareDiluted_2026-01-04_2026-04-04_Q1,eps_pit_v4,2026-08-28T15:21:38.355729+00:00
2026-05-15,JBHT,27.3504273504,SEC,2026-04-24,1.49,1.17,2026-03-31,2025-03-31,reported_quarter,GROWTH,resolved,,728535.0,,,,,,,,,,,,,0001437749-26-013300_EarningsPerShareDiluted_2026-01-01_2026-03-31_Q1,eps_pit_v4,2026-08-28T15:21:33.451646+00:00
2026-05-15,KNX,-105.2631578947,SEC,2026-04-29,-0.01,0.19,2026-03-31,2025-03-31,reported_quarter,PROFIT_TO_LOSS,resolved,,1492691.0,,,,,,,,,,,,,0001492691-26-000038_EarningsPerShareDiluted_2026-01-01_2026-03-31_Q1,eps_pit_v4,2026-08-28T15:21:35.069559+00:00
2026-05-15,KRYS,52.5,SEC,2026-05-04,1.83,1.2,2026-03-31,2025-03-31,reported_quarter,GROWTH,resolved,,1711279.0,,,,,,,,,,,,,0001711279-26-000043_EarningsPerShareDiluted_2026-01-01_2026-03-31_Q1,eps_pit_v4,2026-08-28T15:21:39.616930+00:00
2026-05-15,LITE,334.375,SEC,2026-05-06,1.5,-0.64,2026-03-28,2025-03-29,reported_quarter,TURNAROUND,resolved,,1633978.0,,,,,,,,,,,,,0001628280-26-030777_EarningsPerShareDiluted_2025-12-28_2026-03-28_Q3,eps_pit_v4,2026-08-28T15:21:31.064338+00:00
2026-05-15,LQDA,215.5555555556,SEC,2026-05-11,0.52,-0.45,2026-03-31,2025-03-31,reported_quarter,TURNAROUND,resolved,,1819576.0,,,,,,,,,,,,,0001104659-26-058252_EarningsPerShareDiluted_2026-01-01_2026-03-31_Q1,eps_pit_v4,2026-08-28T15:21:31.613308+00:00
2026-05-15,MO,106.3492063492,SEC,2026-04-30,1.3,0.63,2026-03-31,2025-03-31,reported_quarter,GROWTH,resolved,,764180.0,,,,,,,,,,,,,0000764180-26-000058_EarningsPerShareDiluted_2026-01-01_2026-03-31_Q1,eps_pit_v4,2026-08-28T15:21:40.069941+00:00
2026-05-15,MPC,820.8333333333,SEC,2026-05-05,1.73,-0.24,2026-03-31,2025-03-31,reported_quarter,TURNAROUND,resolved,,1510295.0,,,,,,,,,,,,,0001510295-26-000042_EarningsPerShareDiluted_2026-01-01_2026-03-31_Q1,eps_pit_v4,2026-08-28T15:21:34.083490+00:00
2026-05-15,MSGS,-40.6779661017,SEC,2026-05-08,-0.83,-0.59,2026-03-31,2025-03-31,reported_quarter,LOSS_WIDENING,resolved,,1636519.0,,,,,,,,,,,,,0001628280-26-032888_EarningsPerShareDiluted_2026-01-01_2026-03-31_Q3,eps_pit_v4,2026-08-28T15:21:34.200984+00:00
2026-05-15,NGS,39.4736842105,SEC,2026-05-11,0.53,0.38,2026-03-31,2025-03-31,reported_quarter,GROWTH,resolved,,1084991.0,,,,,,,,,,,,,0001084991-26-000043_EarningsPerShareDiluted_2026-01-01_2026-03-31_Q1,eps_pit_v4,2026-08-28T15:21:32.210919+00:00
2026-05-15,NPO,12.1739130435,SEC,2026-05-05,1.29,1.15,2026-03-31,2025-03-31,reported_quarter,GROWTH,resolved,,1164863.0,,,,,,,,,,,,,0001628280-26-030295_EarningsPerShareDiluted_2026-01-01_2026-03-31_Q1,eps_pit_v4,2026-08-28T15:21:39.252709+00:00
2026-05-15,NXT,7.5949367089,SEC,2026-01-30,0.85,0.79,2025-12-31,2024-12-31,reported_quarter,GROWTH,resolved,,1852131.0,,,,,,,,,,,,,0001852131-26-000006_EarningsPerShareDiluted_2025-09-27_2025-12-31_Q3,eps_pit_v4,2026-08-28T15:21:36.317666+00:00
2026-05-15,ORA,7.5757575758,SEC,2026-05-07,0.71,0.66,2026-03-31,2025-03-31,reported_quarter,GROWTH,resolved,,1296445.0,,,,,,,,,,,,,0001296445-26-000008_EarningsPerShareDiluted_2026-01-01_2026-03-31_Q1,eps_pit_v4,2026-08-28T15:21:36.599721+00:00
2026-05-15,PL,-316.6666666667,SEC,2026-03-23,-0.5,-0.1199999999999999,2026-01-31,2025-01-31,derived_from_fy,LOSS_WIDENING,resolved,,1836833.0,,,,,,,,,,,,,"derived_from_fy(0001193125-26-119957_EarningsPerShareDiluted_2025-02-01_2026-01-31_FY,0001836833-25-000063_EarningsPerShareDiluted_2025-02-01_2025-04-30_Q1,0001836833-25-000104_EarningsPerShareDiluted_2025-05-01_2025-07-31_Q2,0001193125-25-314295_EarningsPerShareDiluted_2025-08-01_2025-10-31_Q3)",eps_pit_v4,2026-08-28T15:21:31.543692+00:00
2026-05-15,PLGO,329.2682926829,YahooHistoricalEvent,2026-05-13,0.94,-0.41,2026-03-31,2025-03-31,reported_quarter,TURNAROUND,resolved,,,,,,,,,,,,,,,yahoo_event_2026-03-31_2026-05-13T16:00:00-04:00,eps_pit_v4,2026-08-28T15:21:35.425960+00:00
2026-05-15,PM,-9.3023255814,SEC,2026-04-24,1.56,1.72,2026-03-31,2025-03-31,reported_quarter,DECLINE,resolved,,1413329.0,,,,,,,,,,,,,0001628280-26-027019_EarningsPerShareDiluted_2026-01-01_2026-03-31_Q1,eps_pit_v4,2026-08-28T15:21:38.712736+00:00
2026-05-15,PNRG,47.4226804124,SEC,2026-04-16,1.4299999999999995,0.9699999999999988,2025-12-31,2024-12-31,derived_from_fy,GROWTH,resolved,,56868.0,,,,,,,,,,,,,"derived_from_fy(0001437749-26-012531_EarningsPerShareDiluted_2025-01-01_2025-12-31_FY,0001437749-25-017614_EarningsPerShareDiluted_2025-01-01_2025-03-31_Q1,0001437749-25-027372_EarningsPerShareDiluted_2025-04-01_2025-06-30_Q2,0001437749-25-035729_EarningsPerShareDiluted_2025-07-01_2025-09-30_Q3)",eps_pit_v4,2026-08-28T15:21:33.707447+00:00
2026-05-15,POET,-47.0588235294,YahooHistoricalEvent,2026-03-31,-0.25,-0.17,2026-03-31,2025-03-31,reported_quarter,LOSS_WIDENING,resolved,,,,,,,,,,,,,,,yahoo_event_2026-03-31_2026-03-31T16:00:00-04:00,eps_pit_v4,2026-08-28T15:21:30.461778+00:00
2026-05-15,PRM,22.2222222222,SEC,2026-05-06,0.44,0.36,2026-03-31,2025-03-31,reported_quarter,GROWTH,resolved,,1880319.0,,,,,,,,,,,,,0001880319-26-000037_EarningsPerShareDiluted_2026-01-01_2026-03-31_Q1,eps_pit_v4,2026-08-28T15:21:37.345836+00:00
2026-05-15,PUMP,-133.3333333333,SEC,2026-04-30,-0.03,0.09,2026-03-31,2025-03-31,reported_quarter,PROFIT_TO_LOSS,resolved,,1680247.0,,,,,,,,,,,,,0001680247-26-000060_EarningsPerShareDiluted_2026-01-01_2026-03-31_Q1,eps_pit_v4,2026-08-28T15:21:31.477657+00:00
2026-05-15,RKLB,41.6666666667,SEC,2026-05-07,-0.07,-0.12,2026-03-31,2025-03-31,reported_quarter,LOSS_NARROWING,resolved,,1819994.0,,,,,,,,,,,,,0001819994-26-000028_EarningsPerShareDiluted_2026-01-01_2026-03-31_Q1,eps_pit_v4,2026-08-28T15:21:31.850305+00:00
2026-05-15,SDRL,52.1739130435,SEC,2026-05-11,-0.11,-0.23,2026-03-31,2025-03-31,reported_quarter,LOSS_NARROWING,resolved,,1737706.0,,,,,,,,,,,,,0001737706-26-000016_EarningsPerShareDiluted_2026-01-01_2026-03-31_Q1,eps_pit_v4,2026-08-28T15:21:36.786363+00:00
2026-05-15,SEDG,44.1176470588,SEC,2026-05-07,-0.95,-1.7,2026-03-31,2025-03-31,reported_quarter,LOSS_NARROWING,resolved,,1419612.0,,,,,,,,,,,,,0001178913-26-002432_EarningsPerShareDiluted_2026-01-01_2026-03-31_Q1,eps_pit_v4,2026-08-28T15:21:31.364227+00:00
2026-05-15,STRZ,-7.4316939891,SEC,2026-05-07,-9.83,-9.15,2026-03-31,2025-03-31,reported_quarter,LOSS_WIDENING,resolved,,929351.0,,,,,,,,,,,,,0000929351-26-000031_EarningsPerShareDiluted_2026-01-01_2026-03-31_Q1,eps_pit_v4,2026-08-28T15:21:30.923972+00:00
2026-05-15,TFSL,14.2857142857,SEC,2026-05-07,0.08,0.07,2026-03-31,2025-03-31,reported_quarter,GROWTH,resolved,,1381668.0,,,,,,,,,,,,,0001381668-26-000024_EarningsPerShareDiluted_2026-01-01_2026-03-31_Q2,eps_pit_v4,2026-08-28T15:21:37.060952+00:00
2026-05-15,TH,-85.7142857143,SEC,2026-05-11,-0.13,-0.07,2026-03-31,2025-03-31,reported_quarter,LOSS_WIDENING,resolved,,1712189.0,,,,,,,,,,,,,0001104659-26-058542_EarningsPerShareDiluted_2026-01-01_2026-03-31_Q1,eps_pit_v4,2026-08-28T15:21:32.017559+00:00
2026-05-15,TRGP,142.8571428571,SEC,2026-05-07,2.21,0.91,2026-03-31,2025-03-31,reported_quarter,GROWTH,resolved,,1389170.0,,,,,,,,,,,,,0001193125-26-211698_EarningsPerShareDiluted_2026-01-01_2026-03-31_Q1,eps_pit_v4,2026-08-28T15:21:35.246202+00:00
2026-05-15,TRT,100.0,SEC,2026-05-14,0.0,-0.06,2026-03-31,2025-03-31,reported_quarter,LOSS_NARROWING,resolved,,732026.0,,,,,,,,,,,,,0001437749-26-016914_EarningsPerShareDiluted_2026-01-01_2026-03-31_Q3,eps_pit_v4,2026-08-28T15:21:31.781746+00:00
2026-05-15,UNP,6.2962962963,SEC,2026-04-23,2.87,2.7,2026-03-31,2025-03-31,reported_quarter,GROWTH,resolved,,100885.0,,,,,,,,,,,,,0000100885-26-000155_EarningsPerShareDiluted_2026-01-01_2026-03-31_Q1,eps_pit_v4,2026-08-28T15:21:39.905397+00:00
2026-05-15,UTI,-95.2380952381,SEC,2026-05-07,0.01,0.21,2026-03-31,2025-03-31,reported_quarter,DECLINE,resolved,,1261654.0,,,,,,,,,,,,,0001261654-26-000012_EarningsPerShareDiluted_2026-01-01_2026-03-31_Q2,eps_pit_v4,2026-08-28T15:21:33.232814+00:00
2026-05-15,VAL,54.7169811321,SEC,2026-05-05,-0.24,-0.53,2026-03-31,2025-03-31,reported_quarter,LOSS_NARROWING,resolved,,314808.0,,,,,,,,,,,,,0000314808-26-000103_EarningsPerShareDiluted_2026-01-01_2026-03-31_Q1,eps_pit_v4,2026-08-28T15:21:32.632258+00:00
2026-05-15,VIK,54.1666666667,YahooHistoricalEvent,2026-05-14,-0.11,-0.24,2026-03-31,2025-03-31,reported_quarter,LOSS_NARROWING,resolved,,,,,,,,,,,,,,,yahoo_event_2026-03-31_2026-05-14T07:00:00-04:00,eps_pit_v4,2026-08-28T15:21:38.859445+00:00
2026-05-15,VIRT,84.2592592593,SEC,2026-05-01,1.99,1.08,2026-03-31,2025-03-31,reported_quarter,GROWTH,resolved,,1592386.0,,,,,,,,,,,,,0001592386-26-000016_EarningsPerShareDiluted_2026-01-01_2026-03-31_Q1,eps_pit_v4,2026-08-28T15:21:34.703038+00:00
2026-05-15,WCC,48.0952380952,SEC,2026-04-30,3.11,2.1,2026-03-31,2025-03-31,reported_quarter,GROWTH,resolved,,929008.0,,,,,,,,,,,,,0000929008-26-000014_EarningsPerShareDiluted_2026-01-01_2026-03-31_Q1,eps_pit_v4,2026-08-28T15:21:32.372689+00:00
2026-05-15,WMB,25.0,SEC,2026-05-04,0.7,0.56,2026-03-31,2025-03-31,reported_quarter,GROWTH,resolved,,107263.0,,,,,,,,,,,,,0000107263-26-000017_EarningsPerShareDiluted_2026-01-01_2026-03-31_Q1,eps_pit_v4,2026-08-28T15:21:39.545843+00:00
2026-05-22,ACMR,-20.0,SEC,2026-05-08,0.24,0.3,2026-03-31,2025-03-31,reported_quarter,DECLINE,resolved,,1680062.0,,,,,,,,,,,,,0001628280-26-032842_EarningsPerShareDiluted_2026-01-01_2026-03-31_Q1,eps_pit_v4,2026-08-28T15:21:42.033502+00:00
2026-05-22,ACNB,4500.0,SEC,2026-05-07,1.32,-0.03,2026-03-31,2025-03-31,reported_quarter,TURNAROUND,resolved,,715579.0,,,,,,,,,,,,,0001628280-26-031924_EarningsPerShareDiluted_2026-01-01_2026-03-31_Q1,eps_pit_v4,2026-08-28T15:21:52.404389+00:00
2026-05-22,AKR,2100.0,SEC,2026-04-29,0.22,0.01,2026-03-31,2025-03-31,reported_quarter,GROWTH,resolved,,899629.0,,,,,,,,,,,,,0001193125-26-191611_EarningsPerShareDiluted_2026-01-01_2026-03-31_Q1,eps_pit_v4,2026-08-28T15:21:51.871474+00:00
2026-05-22,ALAB,144.4444444444,SEC,2026-05-06,0.44,0.18,2026-03-31,2025-03-31,reported_quarter,GROWTH,resolved,,1736297.0,,,,,,,,,,,,,0001736297-26-000020_EarningsPerShareDiluted_2026-01-01_2026-03-31_Q1,eps_pit_v4,2026-08-28T15:21:40.666913+00:00
2026-05-22,ALGM,0.0,SEC,2026-05-21,-0.0799999999999999,-0.08,2026-03-27,2025-03-28,derived_from_fy,LOSS_NARROWING,resolved,,866291.0,,,,,,,,,,,,,"derived_from_fy(0001193125-26-233537_EarningsPerShareDiluted_2025-03-29_2026-03-27_FY,0000950170-25-101117_EarningsPerShareDiluted_2025-03-29_2025-06-27_Q1,0001193125-25-259807_EarningsPerShareDiluted_2025-06-28_2025-09-26_Q2,0001193125-26-030636_EarningsPerShareDiluted_2025-09-27_2025-12-26_Q3)",eps_pit_v4,2026-08-28T15:21:43.535482+00:00
2026-05-22,ALRS,71.1538461538,SEC,2026-05-01,0.89,0.52,2026-03-31,2025-03-31,reported_quarter,GROWTH,resolved,,903419.0,,,,,,,,,,,,,0001437749-26-014481_EarningsPerShareDiluted_2026-01-01_2026-03-31_Q1,eps_pit_v4,2026-08-28T15:21:45.308290+00:00
2026-05-22,ARCB,-138.4615384615,SEC,2026-05-01,-0.05,0.13,2026-03-31,2025-03-31,reported_quarter,PROFIT_TO_LOSS,resolved,,894405.0,,,,,,,,,,,,,0001104659-26-053753_EarningsPerShareDiluted_2026-01-01_2026-03-31_Q1,eps_pit_v4,2026-08-28T15:21:50.630003+00:00
2026-05-22,ATRO,157.6923076923,SEC,2026-05-13,0.67,0.26,2026-04-04,2025-03-29,reported_quarter,GROWTH,resolved,,8063.0,,,,,,,,,,,,,0000008063-26-000025_EarningsPerShareDiluted_2026-01-01_2026-04-04_Q1,eps_pit_v4,2026-08-28T15:21:49.190220+00:00
2026-05-22,BE,330.0,SEC,2026-04-29,0.23,-0.1,2026-03-31,2025-03-31,reported_quarter,TURNAROUND,resolved,,1664703.0,,,,,,,,,,,,,0001628280-26-028021_EarningsPerShareDiluted_2026-01-01_2026-03-31_Q1,eps_pit_v4,2026-08-28T15:21:41.786974+00:00
2026-05-22,BKR,-58.5365853659,SEC,2025-02-04,0.1699999999999999,0.4099999999999999,2022-12-31,2021-12-31,derived_from_fy,DECLINE,resolved,,1701605.0,,,,,,,,,,,,,"derived_from_fy(0001701605-25-000035_EarningsPerShareDiluted_2022-01-01_2022-12-31_FY,0001701605-22-000079_EarningsPerShareDiluted_2022-01-01_2022-03-31_Q1,0001701605-22-000113_EarningsPerShareDiluted_2022-04-01_2022-06-30_Q2,0001701605-22-000151_EarningsPerShareDiluted_2022-07-01_2022-09-30_Q3)",eps_pit_v4,2026-08-28T15:21:51.550265+00:00
2026-05-22,BKSY,-95.2380952381,SEC,2026-05-07,-0.82,-0.42,2026-03-31,2025-03-31,reported_quarter,LOSS_WIDENING,resolved,,1753539.0,,,,,,,,,,,,,0001753539-26-000064_EarningsPerShareDiluted_2026-01-01_2026-03-31_Q1,eps_pit_v4,2026-08-28T15:21:41.219133+00:00
2026-05-22,BNL,166.6666666667,SEC,2026-04-30,0.24,0.09,2026-03-31,2025-03-31,reported_quarter,GROWTH,resolved,,1424182.0,,,,,,,,,,,,,0001424182-26-000037_EarningsPerShareDiluted_2026-01-01_2026-03-31_Q1,eps_pit_v4,2026-08-28T15:21:54.043083+00:00
2026-05-22,BNY,41.7721518987,SEC,2026-05-01,2.24,1.58,2026-03-31,2025-03-31,reported_quarter,GROWTH,resolved,,1390777.0,,,,,,,,,,,,,0001390777-26-000060_EarningsPerShareDiluted_2026-01-01_2026-03-31_Q1,eps_pit_v4,2026-08-28T15:21:47.118810+00:00
2026-05-22,BSRR,47.6923076923,SEC,2026-05-01,0.96,0.65,2026-03-31,2025-03-31,reported_quarter,GROWTH,resolved,,1130144.0,,,,,,,,,,,,,0001104659-26-053684_EarningsPerShareDiluted_2026-01-01_2026-03-31_Q1,eps_pit_v4,2026-08-28T15:21:51.443308+00:00
2026-05-22,BURL,19.8511166253,SEC,2026-03-19,4.83,4.03,2026-01-31,2025-02-01,derived_from_fy,GROWTH,resolved,,1579298.0,,,,,,,,,,,,,"derived_from_fy(0001193125-26-116001_EarningsPerShareDiluted_2025-02-02_2026-01-31_FY,0000950170-25-079172_EarningsPerShareDiluted_2025-02-02_2025-05-03_Q1,0001579298-25-000010_EarningsPerShareDiluted_2025-05-04_2025-08-02_Q2,0001193125-25-297249_EarningsPerShareDiluted_2025-08-03_2025-11-01_Q3)",eps_pit_v4,2026-08-28T15:21:44.346851+00:00
2026-05-22,CEVA,-14.2857142857,SEC,2026-05-11,-0.16,-0.14,2026-03-31,2025-03-31,reported_quarter,LOSS_WIDENING,resolved,,1173489.0,,,,,,,,,,,,,0001437749-26-016119_EarningsPerShareBasic_2026-01-01_2026-03-31_Q1,eps_pit_v4,2026-08-28T15:21:42.344050+00:00
2026-05-22,CLBK,75.0,YahooHistoricalEvent,2026-04-20,0.07,0.04,2026-03-31,2025-03-31,reported_quarter,GROWTH,resolved,,,,,,,,,,,,,,,yahoo_event_2026-03-31_2026-04-20T16:00:00-04:00,eps_pit_v4,2026-08-28T15:21:44.077552+00:00
2026-05-22,CMP,138.961038961,SEC,2026-05-07,0.3,-0.77,2026-03-31,2025-03-31,reported_quarter,TURNAROUND,resolved,,1227654.0,,,,,,,,,,,,,0001227654-26-000025_EarningsPerShareDiluted_2026-01-01_2026-03-31_Q2,eps_pit_v4,2026-08-28T15:21:47.359118+00:00
2026-05-22,CMPR,266.6666666667,SEC,2026-05-01,0.55,-0.33,2026-03-31,2025-03-31,reported_quarter,TURNAROUND,resolved,,1262976.0,,,,,,,,,,,,,0001262976-26-000016_EarningsPerShareDiluted_2026-01-01_2026-03-31_Q3,eps_pit_v4,2026-08-28T15:21:42.990489+00:00
2026-05-22,CPBI,24.0,SEC,2026-02-11,0.31,0.25,2025-12-31,2024-12-31,reported_quarter,GROWTH,resolved,,1979332.0,,,,,,,,,,,,,0001193125-26-046679_EarningsPerShareDiluted_2025-10-01_2025-12-31_Q3,eps_pit_v4,2026-08-28T15:21:50.897827+00:00
2026-05-22,CRDO,412.5,SEC,2026-03-03,0.82,0.16,2026-01-31,2025-02-01,reported_quarter,GROWTH,resolved,,1807794.0,,,,,,,,,,,,,0001628280-26-014017_EarningsPerShareDiluted_2025-11-02_2026-01-31_Q3,eps_pit_v4,2026-08-28T15:21:41.045544+00:00
2026-05-22,CTBI,22.9508196721,SEC,2026-05-08,1.5,1.22,2026-03-31,2025-03-31,reported_quarter,GROWTH,resolved,,350852.0,,,,,,,,,,,,,0001140361-26-019739_EarningsPerShareDiluted_2026-01-01_2026-03-31_Q1,eps_pit_v4,2026-08-28T15:21:49.043222+00:00
2026-05-22,CTS,34.0909090909,SEC,2026-04-29,0.59,0.44,2026-03-31,2025-03-31,reported_quarter,GROWTH,resolved,,26058.0,,,,,,,,,,,,,0001193125-26-190431_EarningsPerShareDiluted_2026-01-01_2026-03-31_Q1,eps_pit_v4,2026-08-28T15:21:43.804983+00:00
2026-05-22,DAL,-218.9189189189,SEC,2026-04-08,-0.44,0.37,2026-03-31,2025-03-31,reported_quarter,PROFIT_TO_LOSS,resolved,,27904.0,,,,,,,,,,,,,0000027904-26-000022_EarningsPerShareDiluted_2026-01-01_2026-03-31_Q1,eps_pit_v4,2026-08-28T15:21:48.834621+00:00
2026-05-22,DCOM,66.6666666667,SEC,2026-05-01,0.75,0.45,2026-03-31,2025-03-31,reported_quarter,GROWTH,resolved,,846617.0,,,,,,,,,,,,,0000846617-26-000030_EarningsPerShareDiluted_2026-01-01_2026-03-31_Q1,eps_pit_v4,2026-08-28T15:21:49.585431+00:00
2026-05-22,ELMD,66.6666666667,SEC,2026-05-12,0.35,0.21,2026-03-31,2025-03-31,reported_quarter,GROWTH,resolved,,1488917.0,,,,,,,,,,,,,0001437749-26-016429_EarningsPerShareDiluted_2026-01-01_2026-03-31_Q3,eps_pit_v4,2026-08-28T15:21:44.863459+00:00
2026-05-22,ENPH,-127.2727272727,SEC,2026-04-28,-0.06,0.22,2026-03-31,2025-03-31,reported_quarter,PROFIT_TO_LOSS,resolved,,1463101.0,,,,,,,,,,,,,0001463101-26-000047_EarningsPerShareDiluted_2026-01-01_2026-03-31_Q1,eps_pit_v4,2026-08-28T15:21:40.988345+00:00
2026-05-22,FDX,17.2872340426,SEC,2026-03-19,4.41,3.76,2026-02-28,2025-02-28,reported_quarter,GROWTH,resolved,,1048911.0,,,,,,,,,,,,,0001048911-26-000011_EarningsPerShareDiluted_2025-12-01_2026-02-28_Q3,eps_pit_v4,2026-08-28T15:21:45.182055+00:00
2026-05-22,FEIM,-90.0,SEC,2026-03-17,0.16,1.6,2026-01-31,2025-01-31,reported_quarter,DECLINE,resolved,,39020.0,,,,,,,,,,,,,0001185185-26-000893_EarningsPerShareDiluted_2025-11-01_2026-01-31_Q3,eps_pit_v4,2026-08-28T15:21:43.653361+00:00
2026-05-22,FISI,28.3950617284,SEC,2026-05-04,1.04,0.81,2026-03-31,2025-03-31,reported_quarter,GROWTH,resolved,,862831.0,,,,,,,,,,,,,0001193125-26-203962_EarningsPerShareDiluted_2026-01-01_2026-03-31_Q1,eps_pit_v4,2026-08-28T15:21:52.621756+00:00
2026-05-22,FRO,761.1111111111,YahooHistoricalEvent,2026-05-21,1.55,0.18,2026-03-31,2025-03-31,reported_quarter,GROWTH,resolved,,,,,,,,,,,,,,,yahoo_event_2026-03-31_2026-05-21T20:00:00-04:00,eps_pit_v4,2026-08-28T15:21:42.122968+00:00
2026-05-22,FSBC,40.3225806452,SEC,2026-05-07,0.87,0.62,2026-03-31,2025-03-31,reported_quarter,GROWTH,resolved,,1275168.0,,,,,,,,,,,,,0001628280-26-032282_EarningsPerShareDiluted_2026-01-01_2026-03-31_Q1,eps_pit_v4,2026-08-28T15:21:45.024571+00:00
2026-05-22,GL,12.6245847176,SEC,2026-05-07,3.39,3.01,2026-03-31,2025-03-31,reported_quarter,GROWTH,resolved,,320335.0,,,,,,,,,,,,,0000320335-26-000169_EarningsPerShareDiluted_2026-01-01_2026-03-31_Q1,eps_pit_v4,2026-08-28T15:21:53.490771+00:00
2026-05-22,GS,24.2917847025,SEC,2026-05-01,17.55,14.12,2026-03-31,2025-03-31,reported_quarter,GROWTH,resolved,,886982.0,,,,,,,,,,,,,0000886982-26-000118_EarningsPerShareDiluted_2026-01-01_2026-03-31_Q1,eps_pit_v4,2026-08-28T15:21:50.287133+00:00
2026-05-22,HLT,34.9593495935,SEC,2026-04-28,1.66,1.23,2026-03-31,2025-03-31,reported_quarter,GROWTH,resolved,,1585689.0,,,,,,,,,,,,,0001585689-26-000032_EarningsPerShareDiluted_2026-01-01_2026-03-31_Q1,eps_pit_v4,2026-08-28T15:21:53.872706+00:00
2026-05-22,IVT,-22.2222222222,SEC,2026-04-28,0.07,0.09,2026-03-31,2025-03-31,reported_quarter,DECLINE,resolved,,1307748.0,,,,,,,,,,,,,0001307748-26-000112_EarningsPerShareDiluted_2026-01-01_2026-03-31_Q1,eps_pit_v4,2026-08-28T15:21:51.697398+00:00
2026-05-22,KLAC,11.7647058824,SEC,2026-04-30,9.12,8.16,2026-03-31,2025-03-31,reported_quarter,GROWTH,resolved,,319201.0,,,,,,,,,,,,,0000319201-26-000016_EarningsPerShareDiluted_2026-01-01_2026-03-31_Q3,eps_pit_v4,2026-08-28T15:21:50.836782+00:00
2026-05-22,KRG,-45.4545454545,SEC,2026-04-29,0.06,0.11,2026-03-31,2025-03-31,reported_quarter,DECLINE,resolved,,1286043.0,,,,,,,,,,,,,0001286043-26-000037_EarningsPerShareDiluted_2026-01-01_2026-03-31_Q1,eps_pit_v4,2026-08-28T15:21:45.573346+00:00
2026-05-22,LIN,13.3903133903,SEC,2026-05-01,3.98,3.51,2026-03-31,2025-03-31,reported_quarter,GROWTH,resolved,,1707925.0,,,,,,,,,,,,,0001628280-26-029165_EarningsPerShareDiluted_2026-01-01_2026-03-31_Q1,eps_pit_v4,2026-08-28T15:21:52.744028+00:00
2026-05-22,LIVN,106.6555740433,SEC,2026-05-06,0.4,-6.01,2026-03-31,2025-03-31,reported_quarter,TURNAROUND,resolved,,1639691.0,,,,,,,,,,,,,0001639691-26-000035_EarningsPerShareDiluted_2026-01-01_2026-03-31_Q1,eps_pit_v4,2026-08-28T15:21:49.715457+00:00
2026-05-22,LPG,122.0,SEC,2026-02-05,1.11,0.5,2025-12-31,2024-12-31,reported_quarter,GROWTH,resolved,,1596993.0,,,,,,,,,,,,,0001596993-26-000007_EarningsPerShareDiluted_2025-10-01_2025-12-31_Q3,eps_pit_v4,2026-08-28T15:21:40.767016+00:00
2026-05-22,LPTH,22.2222222222,SEC,2026-05-07,-0.07,-0.09,2026-03-31,2025-03-31,reported_quarter,LOSS_NARROWING,resolved,,889971.0,,,,,,,,,,,,,0001437749-26-015594_EarningsPerShareDiluted_2026-01-01_2026-03-31_Q3,eps_pit_v4,2026-08-28T15:21:41.608530+00:00
2026-05-22,LQDA,215.5555555556,SEC,2026-05-11,0.52,-0.45,2026-03-31,2025-03-31,reported_quarter,TURNAROUND,resolved,,1819576.0,,,,,,,,,,,,,0001104659-26-058252_EarningsPerShareDiluted_2026-01-01_2026-03-31_Q1,eps_pit_v4,2026-08-28T15:21:42.403821+00:00
2026-05-22,LXFR,-35.0,SEC,2026-04-28,0.13,0.2,2026-03-29,2025-03-30,reported_quarter,DECLINE,resolved,,1096056.0,,,,,,,,,,,,,0001437749-26-013676_EarningsPerShareDiluted_2026-01-01_2026-03-29_Q1,eps_pit_v4,2026-08-28T15:21:47.989828+00:00
2026-05-22,MCY,275.5102040816,SEC,2026-05-05,3.44,-1.96,2026-03-31,2025-03-31,reported_quarter,TURNAROUND,resolved,,64996.0,,,,,,,,,,,,,0000064996-26-000014_EarningsPerShareDiluted_2026-01-01_2026-03-31_Q1,eps_pit_v4,2026-08-28T15:21:53.728879+00:00
2026-05-22,MOV,55.5555555556,SEC,2026-03-19,0.5599999999999999,0.36,2026-01-31,2025-01-31,derived_from_fy,GROWTH,resolved,,72573.0,,,,,,,,,,,,,"derived_from_fy(0001193125-26-115298_EarningsPerShareDiluted_2025-02-01_2026-01-31_FY,0000950170-25-078622_EarningsPerShareDiluted_2025-02-01_2025-04-30_Q1,0001193125-25-190723_EarningsPerShareDiluted_2025-05-01_2025-07-31_Q2,0001193125-25-294766_EarningsPerShareDiluted_2025-08-01_2025-10-31_Q3)",eps_pit_v4,2026-08-28T15:21:44.037114+00:00
2026-05-22,NMM,112.0253164557,YahooHistoricalEvent,2026-05-21,3.35,1.58,2026-03-31,2025-03-31,reported_quarter,GROWTH,resolved,,,,,,,,,,,,,,,yahoo_event_2026-03-31_2026-05-21T07:00:00-04:00,eps_pit_v4,2026-08-28T15:21:43.379927+00:00
2026-05-22,NOV,-73.6842105263,SEC,2026-04-28,0.05,0.19,2026-03-31,2025-03-31,reported_quarter,DECLINE,resolved,,1021860.0,,,,,,,,,,,,,0001193125-26-185866_EarningsPerShareDiluted_2026-01-01_2026-03-31_Q1,eps_pit_v4,2026-08-28T15:21:46.142677+00:00
2026-05-22,NTAP,15.9722222222,SEC,2026-02-26,1.67,1.44,2026-01-23,2025-01-24,reported_quarter,GROWTH,resolved,,1002047.0,,,,,,,,,,,,,0001193125-26-076622_EarningsPerShareDiluted_2025-10-25_2026-01-23_Q3,eps_pit_v4,2026-08-28T15:21:44.766230+00:00
2026-05-22,NXPI,130.7291666667,SEC,2026-04-28,4.43,1.92,2026-03-29,2025-03-30,reported_quarter,GROWTH,resolved,,1413447.0,,,,,,,,,,,,,0001413447-26-000034_EarningsPerShareDiluted_2026-01-01_2026-03-29_Q1,eps_pit_v4,2026-08-28T15:21:42.726587+00:00
2026-05-22,OBK,25.3521126761,SEC,2026-05-06,0.89,0.71,2026-03-31,2025-03-31,reported_quarter,GROWTH,resolved,,1516912.0,,,,,,,,,,,,,0001516912-26-000032_EarningsPerShareDiluted_2026-01-01_2026-03-31_Q1,eps_pit_v4,2026-08-28T15:21:48.127545+00:00
2026-05-22,OSS,77.7777777778,SEC,2026-05-06,-0.02,-0.09,2026-03-31,2025-03-31,reported_quarter,LOSS_NARROWING,resolved,,1394056.0,,,,,,,,,,,,,0001193125-26-207665_EarningsPerShareDiluted_2026-01-01_2026-03-31_Q1,eps_pit_v4,2026-08-28T15:21:41.864723+00:00
2026-05-22,OUST,33.3333333333,SEC,2026-05-05,-0.28,-0.42,2026-03-31,2025-03-31,reported_quarter,LOSS_NARROWING,resolved,,1816581.0,,,,,,,,,,,,,0001628280-26-030722_EarningsPerShareDiluted_2026-01-01_2026-03-31_Q1,eps_pit_v4,2026-08-28T15:21:42.537800+00:00
2026-05-22,OVBC,-3.1914893617,SEC,2026-05-15,0.91,0.94,2026-03-31,2025-03-31,reported_quarter,DECLINE,resolved,,894671.0,,,,,,,,,,,,,0000894671-26-000039_EarningsPerShareBasic_2026-01-01_2026-03-31_Q1,eps_pit_v4,2026-08-28T15:21:45.741973+00:00
2026-05-22,PCB,39.6226415094,SEC,2026-05-07,0.74,0.53,2026-03-31,2025-03-31,reported_quarter,GROWTH,resolved,,1423869.0,,,,,,,,,,,,,0001423869-26-000018_EarningsPerShareDiluted_2026-01-01_2026-03-31_Q1,eps_pit_v4,2026-08-28T15:21:44.209247+00:00
2026-05-22,PDLB,44.0,SEC,2026-05-07,0.36,0.25,2026-03-31,2025-03-31,reported_quarter,GROWTH,resolved,,1874071.0,,,,,,,,,,,,,0001193125-26-209832_EarningsPerShareDiluted_2026-01-01_2026-03-31_Q1,eps_pit_v4,2026-08-28T15:21:51.048877+00:00
2026-05-22,PFG,819.0476190476,SEC,2026-04-29,1.93,0.21,2026-03-31,2025-03-31,reported_quarter,GROWTH,resolved,,1126328.0,,,,,,,,,,,,,0001104659-26-051384_EarningsPerShareDiluted_2026-01-01_2026-03-31_Q1,eps_pit_v4,2026-08-28T15:21:53.141474+00:00
2026-05-22,PFIS,-1.3422818792,SEC,2026-05-08,1.47,1.49,2026-03-31,2025-03-31,reported_quarter,DECLINE,resolved,,1056943.0,,,,,,,,,,,,,0001104659-26-057903_EarningsPerShareDiluted_2026-01-01_2026-03-31_Q1,eps_pit_v4,2026-08-28T15:21:51.238176+00:00
2026-05-22,PKBK,52.3076923077,SEC,2026-05-06,0.99,0.65,2026-03-31,2025-03-31,reported_quarter,GROWTH,resolved,,1315399.0,,,,,,,,,,,,,0001437749-26-015152_EarningsPerShareDiluted_2026-01-01_2026-03-31_Q1,eps_pit_v4,2026-08-28T15:21:43.296133+00:00
2026-05-22,PLPC,-8.1545064378,SEC,2026-04-30,2.14,2.33,2026-03-31,2025-03-31,reported_quarter,DECLINE,resolved,,80035.0,,,,,,,,,,,,,0000080035-26-000017_EarningsPerShareDiluted_2026-01-01_2026-03-31_Q1,eps_pit_v4,2026-08-28T15:21:48.303810+00:00
2026-05-22,PSMT,11.724137931,SEC,2026-04-08,1.62,1.45,2026-02-28,2025-02-28,reported_quarter,GROWTH,resolved,,1041803.0,,,,,,,,,,,,,0001041803-26-000018_EarningsPerShareDiluted_2025-12-01_2026-02-28_Q2,eps_pit_v4,2026-08-28T15:21:48.676467+00:00
2026-05-22,QCOM,173.0158730159,SEC,2026-04-29,6.88,2.52,2026-03-29,2025-03-30,reported_quarter,GROWTH,resolved,,804328.0,,,,,,,,,,,,,0000804328-26-000061_EarningsPerShareDiluted_2025-12-29_2026-03-29_Q2,eps_pit_v4,2026-08-28T15:21:41.471115+00:00
2026-05-22,R,2.6431718062,SEC,2026-04-23,2.33,2.27,2026-03-31,2025-03-31,reported_quarter,GROWTH,resolved,,85961.0,,,,,,,,,,,,,0001628280-26-026847_EarningsPerShareDiluted_2026-01-01_2026-03-31_Q1,eps_pit_v4,2026-08-28T15:21:52.921986+00:00
2026-05-22,RBCAA,20.3125,SEC,2016-05-10,0.77,0.64,2016-03-31,2015-03-31,reported_quarter,GROWTH,resolved,,921557.0,,,,,,,,,,,,,0000921557-16-000006_EarningsPerShareDiluted_2016-01-01_2016-03-31_Q1,eps_pit_v4,2026-08-28T15:21:47.812400+00:00
2026-05-22,ROIV,221.4285714286,SEC,2026-05-20,0.3399999999999999,-0.28,2026-03-31,2025-03-31,derived_from_fy,TURNAROUND,resolved,,1635088.0,,,,,,,,,,,,,"derived_from_fy(0001635088-26-000061_EarningsPerShareDiluted_2025-04-01_2026-03-31_FY,0001140361-25-030001_EarningsPerShareDiluted_2025-04-01_2025-06-30_Q1,0001635088-25-000016_EarningsPerShareDiluted_2025-07-01_2025-09-30_Q2,0001635088-26-000011_EarningsPerShareDiluted_2025-10-01_2025-12-31_Q3)",eps_pit_v4,2026-08-28T15:21:42.468632+00:00
2026-05-22,ROST,11.7318435754,SEC,2026-03-31,2.0,1.79,2026-01-31,2025-02-01,derived_from_fy,GROWTH,resolved,,745732.0,,,,,,,,,,,,,"derived_from_fy(0000745732-26-000006_EarningsPerShareDiluted_2025-02-02_2026-01-31_FY,0000745732-25-000031_EarningsPerShareDiluted_2025-02-02_2025-05-03_Q1,0000745732-25-000052_EarningsPerShareDiluted_2025-05-04_2025-08-02_Q2,0000745732-25-000061_EarningsPerShareDiluted_2025-08-03_2025-11-01_Q3)",eps_pit_v4,2026-08-28T15:21:45.880247+00:00
2026-05-22,RXO,-16.6666666667,SEC,2026-05-07,-0.21,-0.18,2026-03-31,2025-03-31,reported_quarter,LOSS_WIDENING,resolved,,1929561.0,,,,,,,,,,,,,0001929561-26-000026_EarningsPerShareDiluted_2026-01-01_2026-03-31_Q1,eps_pit_v4,2026-08-28T15:21:43.050638+00:00
2026-05-22,SBRA,-5.8823529412,SEC,2026-04-29,0.16,0.17,2026-03-31,2025-03-31,reported_quarter,DECLINE,resolved,,1492298.0,,,,,,,,,,,,,0001492298-26-000012_EarningsPerShareDiluted_2026-01-01_2026-03-31_Q1,eps_pit_v4,2026-08-28T15:21:53.288150+00:00
2026-05-22,SIRI,22.0338983051,SEC,2026-04-30,0.72,0.59,2026-03-31,2025-03-31,reported_quarter,GROWTH,resolved,,908937.0,,,,,,,,,,,,,0000908937-26-000011_EarningsPerShareDiluted_2026-01-01_2026-03-31_Q1,eps_pit_v4,2026-08-28T15:21:47.611014+00:00
2026-05-22,SLB,-13.7931034483,SEC,2026-04-29,0.5,0.58,2026-03-31,2025-03-31,reported_quarter,DECLINE,resolved,,87347.0,,,,,,,,,,,,,0001193125-26-190101_EarningsPerShareDiluted_2026-01-01_2026-03-31_Q1,eps_pit_v4,2026-08-28T15:21:49.369267+00:00
2026-05-22,SNDR,-20.0,SEC,2026-05-01,0.12,0.15,2026-03-31,2025-03-31,reported_quarter,DECLINE,resolved,,1692063.0,,,,,,,,,,,,,0001692063-26-000025_EarningsPerShareDiluted_2026-01-01_2026-03-31_Q1,eps_pit_v4,2026-08-28T15:21:46.258113+00:00
2026-05-22,STBA,8.0459770115,SEC,2026-05-08,0.94,0.87,2026-03-31,2025-03-31,reported_quarter,GROWTH,resolved,,719220.0,,,,,,,,,,,,,0000719220-26-000050_EarningsPerShareDiluted_2026-01-01_2026-03-31_Q1,eps_pit_v4,2026-08-28T15:21:46.699236+00:00
2026-05-22,TFSL,14.2857142857,SEC,2026-05-07,0.08,0.07,2026-03-31,2025-03-31,reported_quarter,GROWTH,resolved,,1381668.0,,,,,,,,,,,,,0001381668-26-000024_EarningsPerShareDiluted_2026-01-01_2026-03-31_Q2,eps_pit_v4,2026-08-28T15:21:52.069313+00:00
2026-05-22,TMP,32.8467153285,SEC,2026-05-05,1.82,1.37,2026-03-31,2025-03-31,reported_quarter,GROWTH,resolved,,1005817.0,,,,,,,,,,,,,0001005817-26-000049_EarningsPerShareDiluted_2026-01-01_2026-03-31_Q1,eps_pit_v4,2026-08-28T15:21:44.573359+00:00
2026-05-22,TRS,7033.3333333333,SEC,2026-04-30,21.4,0.3,2026-03-31,2025-03-31,reported_quarter,GROWTH,resolved,,842633.0,,,,,,,,,,,,,0000842633-26-000029_EarningsPerShareDiluted_2026-01-01_2026-03-31_Q1,eps_pit_v4,2026-08-28T15:21:50.464476+00:00
2026-05-22,UNM,33.0188679245,SEC,2026-04-29,1.41,1.06,2026-03-31,2025-03-31,reported_quarter,GROWTH,resolved,,5513.0,,,,,,,,,,,,,0000005513-26-000044_EarningsPerShareDiluted_2026-01-01_2026-03-31_Q1,eps_pit_v4,2026-08-28T15:21:49.942660+00:00
2026-05-22,VOYG,67.3913043478,SEC,2026-05-05,-0.75,-2.3,2026-03-31,2025-03-31,reported_quarter,LOSS_NARROWING,resolved,,1788060.0,,,,,,,,,,,,,0001628280-26-030331_EarningsPerShareDiluted_2026-01-01_2026-03-31_Q1,eps_pit_v4,2026-08-28T15:21:41.154193+00:00
2026-05-22,VRSN,195.3125,SEC,2016-02-19,1.89,0.6399999999999999,2013-12-31,2012-12-31,derived_from_fy,GROWTH,resolved,,1014473.0,,,,,,,,,,,,,"derived_from_fy(0001014473-16-000086_EarningsPerShareDiluted_2013-01-01_2013-12-31_FY,0001014473-13-000029_EarningsPerShareDiluted_2013-01-01_2013-03-31_Q1,0001014473-13-000041_EarningsPerShareDiluted_2013-04-01_2013-06-30_Q2,0001014473-13-000060_EarningsPerShareDiluted_2013-07-01_2013-09-30_Q3)",eps_pit_v4,2026-08-28T15:21:46.475991+00:00
2026-05-22,XHR,40.0,SEC,2026-05-01,0.21,0.15,2026-03-31,2025-03-31,reported_quarter,GROWTH,resolved,,1616000.0,,,,,,,,,,,,,0001628280-26-029383_EarningsPerShareDiluted_2026-01-01_2026-03-31_Q1,eps_pit_v4,2026-08-28T15:21:52.190404+00:00
2026-05-29,AA,-22.7053140097,SEC,2026-04-30,1.6,2.07,2026-03-31,2025-03-31,reported_quarter,DECLINE,resolved,,1675149.0,,,,,,,,,,,,,0001193125-26-197447_EarningsPerShareDiluted_2026-01-01_2026-03-31_Q1,eps_pit_v4,2026-08-28T15:22:07.135377+00:00
2026-05-29,ALGM,0.0,SEC,2026-05-21,-0.0799999999999999,-0.08,2026-03-27,2025-03-28,derived_from_fy,LOSS_NARROWING,resolved,,866291.0,,,,,,,,,,,,,"derived_from_fy(0001193125-26-233537_EarningsPerShareDiluted_2025-03-29_2026-03-27_FY,0000950170-25-101117_EarningsPerShareDiluted_2025-03-29_2025-06-27_Q1,0001193125-25-259807_EarningsPerShareDiluted_2025-06-28_2025-09-26_Q2,0001193125-26-030636_EarningsPerShareDiluted_2025-09-27_2025-12-26_Q3)",eps_pit_v4,2026-08-28T15:22:01.768097+00:00
2026-05-29,ALNT,52.380952381,SEC,2026-05-06,0.32,0.21,2026-03-31,2025-03-31,reported_quarter,GROWTH,resolved,,46129.0,,,,,,,,,,,,,0001104659-26-056256_EarningsPerShareDiluted_2026-01-01_2026-03-31_Q1,eps_pit_v4,2026-08-28T15:22:01.481614+00:00
2026-05-29,AMAT,33.4600760456,SEC,2026-05-21,3.51,2.63,2026-04-26,2025-04-27,reported_quarter,GROWTH,resolved,,6951.0,,,,,,,,,,,,,0001628280-26-037227_EarningsPerShareDiluted_2026-01-26_2026-04-26_Q2,eps_pit_v4,2026-08-28T15:21:57.191184+00:00
2026-05-29,ARCB,-138.4615384615,SEC,2026-05-01,-0.05,0.13,2026-03-31,2025-03-31,reported_quarter,PROFIT_TO_LOSS,resolved,,894405.0,,,,,,,,,,,,,0001104659-26-053753_EarningsPerShareDiluted_2026-01-01_2026-03-31_Q1,eps_pit_v4,2026-08-28T15:22:05.578857+00:00
2026-05-29,ASTC,-3.2110091743,SEC,2026-05-13,-2.25,-2.18,2026-03-31,2025-03-31,reported_quarter,LOSS_WIDENING,resolved,,1001907.0,,,,,,,,,,,,,0001437749-26-016543_EarningsPerShareBasic_2026-01-01_2026-03-31_Q3,eps_pit_v4,2026-08-28T15:21:54.567957+00:00
2026-05-29,ATI,26.8656716418,SEC,2026-04-30,0.85,0.67,2026-03-29,2025-03-30,reported_quarter,GROWTH,resolved,,1018963.0,,,,,,,,,,,,,0001628280-26-028684_EarningsPerShareDiluted_2025-12-29_2026-03-29_Q1,eps_pit_v4,2026-08-28T15:22:02.552188+00:00
2026-05-29,ATLC,49.6644295302,SEC,2026-05-07,2.23,1.49,2026-03-31,2025-03-31,reported_quarter,GROWTH,resolved,,1464343.0,,,,,,,,,,,,,0001437749-26-015592_EarningsPerShareDiluted_2026-01-01_2026-03-31_Q1,eps_pit_v4,2026-08-28T15:21:58.357406+00:00
2026-05-29,AVGO,31.5789473684,SEC,2026-03-11,1.5,1.14,2026-02-01,2025-02-02,reported_quarter,GROWTH,resolved,,1730168.0,,,,,,,,,,,,,0001730168-26-000016_EarningsPerShareDiluted_2025-11-03_2026-02-01_Q1,eps_pit_v4,2026-08-28T15:22:03.211993+00:00
2026-05-29,BFH,49.2805755396,SEC,2026-04-28,4.15,2.78,2026-03-31,2025-03-31,reported_quarter,GROWTH,resolved,,1101215.0,,,,,,,,,,,,,0001101215-26-000040_EarningsPerShareDiluted_2026-01-01_2026-03-31_Q1,eps_pit_v4,2026-08-28T15:22:09.940275+00:00
2026-05-29,BJRI,-29.3103448276,SEC,2026-05-06,0.41,0.58,2026-03-31,2025-04-01,reported_quarter,DECLINE,resolved,,1013488.0,,,,,,,,,,,,,0001193125-26-206922_EarningsPerShareDiluted_2025-12-31_2026-03-31_Q1,eps_pit_v4,2026-08-28T15:22:02.125757+00:00
2026-05-29,BUSE,218.1818181818,SEC,2026-05-07,0.52,-0.44,2026-03-31,2025-03-31,reported_quarter,TURNAROUND,resolved,,314489.0,,,,,,,,,,,,,0000314489-26-000033_EarningsPerShareDiluted_2026-01-01_2026-03-31_Q1,eps_pit_v4,2026-08-28T15:22:08.393221+00:00
2026-05-29,BWA,61.1111111111,SEC,2026-05-06,1.16,0.72,2026-03-31,2025-03-31,reported_quarter,GROWTH,resolved,,908255.0,,,,,,,,,,,,,0000908255-26-000027_EarningsPerShareDiluted_2026-01-01_2026-03-31_Q1,eps_pit_v4,2026-08-28T15:22:02.960935+00:00
2026-05-29,CATY,31.6326530612,SEC,2026-05-08,1.29,0.98,2026-03-31,2025-03-31,reported_quarter,GROWTH,resolved,,861842.0,,,,,,,,,,,,,0001437749-26-015940_EarningsPerShareDiluted_2026-01-01_2026-03-31_Q1,eps_pit_v4,2026-08-28T15:22:08.802118+00:00
2026-05-29,CBL,448.1481481481,SEC,2026-05-08,1.48,0.27,2026-03-31,2025-03-31,reported_quarter,GROWTH,resolved,,910612.0,,,,,,,,,,,,,0001193125-26-214023_EarningsPerShareDiluted_2026-01-01_2026-03-31_Q1,eps_pit_v4,2026-08-28T15:22:05.750052+00:00
2026-05-29,CC,-533.3333333333,SEC,2026-05-05,-0.19,-0.03,2026-03-31,2025-03-31,reported_quarter,LOSS_WIDENING,resolved,,1627223.0,,,,,,,,,,,,,0001627223-26-000011_EarningsPerShareDiluted_2026-01-01_2026-03-31_Q1,eps_pit_v4,2026-08-28T15:22:01.693218+00:00
2026-05-29,CENX,1013.7931034483,SEC,2026-05-07,3.23,0.29,2026-03-31,2025-03-31,reported_quarter,GROWTH,resolved,,949157.0,,,,,,,,,,,,,0001628280-26-032094_EarningsPerShareDiluted_2026-01-01_2026-03-31_Q1,eps_pit_v4,2026-08-28T15:22:02.355185+00:00
2026-05-29,CLFD,-144.4444444444,SEC,2026-05-07,-0.04,0.09,2026-03-31,2025-03-31,reported_quarter,PROFIT_TO_LOSS,resolved,,796505.0,,,,,,,,,,,,,0001171843-26-003126_EarningsPerShareDiluted_2026-01-01_2026-03-31_Q2,eps_pit_v4,2026-08-28T15:21:56.996145+00:00
2026-05-29,CNOB,46.9387755102,SEC,2026-05-05,0.72,0.49,2026-03-31,2025-03-31,reported_quarter,GROWTH,resolved,,712771.0,,,,,,,,,,,,,0001437749-26-014866_EarningsPerShareDiluted_2026-01-01_2026-03-31_Q1,eps_pit_v4,2026-08-28T15:22:10.527156+00:00
2026-05-29,COHU,60.6060606061,SEC,2026-05-01,-0.26,-0.66,2026-03-28,2025-03-29,reported_quarter,LOSS_NARROWING,resolved,,21535.0,,,,,,,,,,,,,0001437749-26-014308_EarningsPerShareDiluted_2025-12-28_2026-03-28_Q1,eps_pit_v4,2026-08-28T15:21:55.874243+00:00
2026-05-29,CRDO,412.5,SEC,2026-03-03,0.82,0.16,2026-01-31,2025-02-01,reported_quarter,GROWTH,resolved,,1807794.0,,,,,,,,,,,,,0001628280-26-014017_EarningsPerShareDiluted_2025-11-02_2026-01-31_Q3,eps_pit_v4,2026-08-28T15:21:55.930961+00:00
2026-05-29,CSTM,446.1538461538,SEC,2026-04-29,1.42,0.26,2026-03-31,2025-03-31,reported_quarter,GROWTH,resolved,,1563411.0,,,,,,,,,,,,,0001563411-26-000155_EarningsPerShareDiluted_2026-01-01_2026-03-31_Q1,eps_pit_v4,2026-08-28T15:21:55.395749+00:00
2026-05-29,CTS,34.0909090909,SEC,2026-04-29,0.59,0.44,2026-03-31,2025-03-31,reported_quarter,GROWTH,resolved,,26058.0,,,,,,,,,,,,,0001193125-26-190431_EarningsPerShareDiluted_2026-01-01_2026-03-31_Q1,eps_pit_v4,2026-08-28T15:22:00.358863+00:00
2026-05-29,CURB,-70.0,SEC,2026-04-29,0.03,0.1,2026-03-31,2025-03-31,reported_quarter,DECLINE,resolved,,2027317.0,,,,,,,,,,,,,0001193125-26-188934_EarningsPerShareDiluted_2026-01-01_2026-03-31_Q1,eps_pit_v4,2026-08-28T15:22:09.985011+00:00
2026-05-29,DAL,-218.9189189189,SEC,2026-04-08,-0.44,0.37,2026-03-31,2025-03-31,reported_quarter,PROFIT_TO_LOSS,resolved,,27904.0,,,,,,,,,,,,,0000027904-26-000022_EarningsPerShareDiluted_2026-01-01_2026-03-31_Q1,eps_pit_v4,2026-08-28T15:22:04.837957+00:00
2026-05-29,DCOM,66.6666666667,SEC,2026-05-01,0.75,0.45,2026-03-31,2025-03-31,reported_quarter,GROWTH,resolved,,846617.0,,,,,,,,,,,,,0000846617-26-000030_EarningsPerShareDiluted_2026-01-01_2026-03-31_Q1,eps_pit_v4,2026-08-28T15:22:06.487312+00:00
2026-05-29,DIOD,420.0,SEC,2026-05-07,0.32,-0.1,2026-03-31,2025-03-31,reported_quarter,TURNAROUND,resolved,,29002.0,,,,,,,,,,,,,0001193125-26-212380_EarningsPerShareDiluted_2026-01-01_2026-03-31_Q1,eps_pit_v4,2026-08-28T15:22:00.098387+00:00
2026-05-29,DY,43.5406698565,SEC,2026-05-28,3.0,2.09,2026-05-02,2025-04-26,reported_quarter,GROWTH,resolved,,67215.0,,,,,,,,,,,,,0000067215-26-000025_EarningsPerShareDiluted_2026-02-01_2026-05-02_Q1,eps_pit_v4,2026-08-28T15:21:58.768970+00:00
2026-05-29,ELA,240.0,SEC,2026-05-06,0.34,0.1,2026-03-31,2025-03-31,reported_quarter,GROWTH,resolved,,701719.0,,,,,,,,,,,,,0000701719-26-000013_EarningsPerShareDiluted_2026-01-01_2026-03-31_Q1,eps_pit_v4,2026-08-28T15:22:00.937340+00:00
2026-05-29,FDX,17.2872340426,SEC,2026-03-19,4.41,3.76,2026-02-28,2025-02-28,reported_quarter,GROWTH,resolved,,1048911.0,,,,,,,,,,,,,0001048911-26-000011_EarningsPerShareDiluted_2025-12-01_2026-02-28_Q3,eps_pit_v4,2026-08-28T15:22:00.566688+00:00
2026-05-29,FEIM,-90.0,SEC,2026-03-17,0.16,1.6,2026-01-31,2025-01-31,reported_quarter,DECLINE,resolved,,39020.0,,,,,,,,,,,,,0001185185-26-000893_EarningsPerShareDiluted_2025-11-01_2026-01-31_Q3,eps_pit_v4,2026-08-28T15:21:58.195536+00:00
2026-05-29,FISI,28.3950617284,SEC,2026-05-04,1.04,0.81,2026-03-31,2025-03-31,reported_quarter,GROWTH,resolved,,862831.0,,,,,,,,,,,,,0001193125-26-203962_EarningsPerShareDiluted_2026-01-01_2026-03-31_Q1,eps_pit_v4,2026-08-28T15:22:09.646602+00:00
2026-05-29,FLEX,17.5438596491,SEC,2026-05-20,0.6699999999999999,0.57,2026-03-31,2025-03-31,derived_from_fy,GROWTH,resolved,,866374.0,,,,,,,,,,,,,"derived_from_fy(0000866374-26-000012_EarningsPerShareDiluted_2025-04-01_2026-03-31_FY,0000866374-25-000043_EarningsPerShareDiluted_2025-04-01_2025-06-27_Q1,0000866374-25-000051_EarningsPerShareDiluted_2025-06-28_2025-09-26_Q2,0000866374-26-000005_EarningsPerShareDiluted_2025-09-27_2025-12-31_Q3)",eps_pit_v4,2026-08-28T15:22:01.101394+00:00
2026-05-29,FUSB,13.7931034483,SEC,2026-05-07,0.33,0.29,2026-03-31,2025-03-31,reported_quarter,GROWTH,resolved,,717806.0,,,,,,,,,,,,,0001193125-26-211192_EarningsPerShareDiluted_2026-01-01_2026-03-31_Q1,eps_pit_v4,2026-08-28T15:22:04.106114+00:00
2026-05-29,GH,-10.3896103896,SEC,2026-05-07,-0.85,-0.77,2026-03-31,2025-03-31,reported_quarter,LOSS_WIDENING,resolved,,1576280.0,,,,,,,,,,,,,0001576280-26-000026_EarningsPerShareDiluted_2026-01-01_2026-03-31_Q1,eps_pit_v4,2026-08-28T15:21:57.704867+00:00
2026-05-29,GHM,78.5714285714,SEC,2026-02-06,0.25,0.14,2025-12-31,2024-12-31,reported_quarter,GROWTH,resolved,,716314.0,,,,,,,,,,,,,0001193125-26-040310_EarningsPerShareDiluted_2025-10-01_2025-12-31_Q3,eps_pit_v4,2026-08-28T15:22:03.100438+00:00
2026-05-29,H,110.5263157895,SEC,2026-04-30,0.4,0.19,2026-03-31,2025-03-31,reported_quarter,GROWTH,resolved,,1468174.0,,,,,,,,,,,,,0001468174-26-000017_EarningsPerShareDiluted_2026-01-01_2026-03-31_Q1,eps_pit_v4,2026-08-28T15:22:01.355010+00:00
2026-05-29,HLIO,168.1818181818,SEC,2026-05-12,0.59,0.22,2026-04-04,2025-03-29,reported_quarter,GROWTH,resolved,,1024795.0,,,,,,,,,,,,,0001193125-26-219232_EarningsPerShareDiluted_2026-01-04_2026-04-04_Q1,eps_pit_v4,2026-08-28T15:22:07.432478+00:00
2026-05-29,HLT,34.9593495935,SEC,2026-04-28,1.66,1.23,2026-03-31,2025-03-31,reported_quarter,GROWTH,resolved,,1585689.0,,,,,,,,,,,,,0001585689-26-000032_EarningsPerShareDiluted_2026-01-01_2026-03-31_Q1,eps_pit_v4,2026-08-28T15:22:10.291600+00:00
2026-05-29,ILMN,6.0975609756,SEC,2026-05-04,0.87,0.82,2026-03-29,2025-03-30,reported_quarter,GROWTH,resolved,,1110803.0,,,,,,,,,,,,,0001110803-26-000092_EarningsPerShareDiluted_2025-12-29_2026-03-29_Q1,eps_pit_v4,2026-08-28T15:21:56.378700+00:00
2026-05-29,INGM,44.8275862069,SEC,2026-04-30,0.42,0.29,2026-03-28,2025-03-29,reported_quarter,GROWTH,resolved,,1897762.0,,,,,,,,,,,,,0001897762-26-000006_EarningsPerShareDiluted_2025-12-28_2026-03-28_Q1,eps_pit_v4,2026-08-28T15:22:07.543416+00:00
2026-05-29,ITRN,16.4383561644,YahooHistoricalEvent,2026-05-26,0.85,0.73,2026-03-31,2025-03-31,reported_quarter,GROWTH,resolved,,,,,,,,,,,,,,,yahoo_event_2026-03-31_2026-05-26T06:00:00-04:00,eps_pit_v4,2026-08-28T15:21:59.742222+00:00
2026-05-29,JBHT,27.3504273504,SEC,2026-04-24,1.49,1.17,2026-03-31,2025-03-31,reported_quarter,GROWTH,resolved,,728535.0,,,,,,,,,,,,,0001437749-26-013300_EarningsPerShareDiluted_2026-01-01_2026-03-31_Q1,eps_pit_v4,2026-08-28T15:22:08.166340+00:00
2026-05-29,KLAC,11.7647058824,SEC,2026-04-30,9.12,8.16,2026-03-31,2025-03-31,reported_quarter,GROWTH,resolved,,319201.0,,,,,,,,,,,,,0000319201-26-000016_EarningsPerShareDiluted_2026-01-01_2026-03-31_Q3,eps_pit_v4,2026-08-28T15:22:06.866559+00:00
2026-05-29,KRG,-45.4545454545,SEC,2026-04-29,0.06,0.11,2026-03-31,2025-03-31,reported_quarter,DECLINE,resolved,,1286043.0,,,,,,,,,,,,,0001286043-26-000037_EarningsPerShareDiluted_2026-01-01_2026-03-31_Q1,eps_pit_v4,2026-08-28T15:22:04.392097+00:00
2026-05-29,LEA,124.1610738255,SEC,2026-05-01,3.34,1.49,2026-04-04,2025-03-29,reported_quarter,GROWTH,resolved,,842162.0,,,,,,,,,,,,,0000842162-26-000038_EarningsPerShareDiluted_2026-01-01_2026-04-04_Q1,eps_pit_v4,2026-08-28T15:22:06.001063+00:00
2026-05-29,LIND,,SEC,2026-05-05,0.09,0.0,2026-03-31,2025-03-31,reported_zero_base,ZERO_BASE,expected_unavailable,PRIOR_YEAR_EPS_ZERO,1512499.0,0.09,0.0,2026-03-31,2025-03-31,2026-05-05,0001437749-26-014912_EarningsPerShareDiluted_2026-01-01_2026-03-31_Q1,,,,,,,0001437749-26-014912_EarningsPerShareDiluted_2026-01-01_2026-03-31_Q1,eps_pit_v4,2026-08-28T15:21:56.793203+00:00
2026-05-29,LLY,169.9346405229,SEC,2026-04-30,8.26,3.06,2026-03-31,2025-03-31,reported_quarter,GROWTH,resolved,,59478.0,,,,,,,,,,,,,0000059478-26-000045_EarningsPerShareDiluted_2026-01-01_2026-03-31_Q1,eps_pit_v4,2026-08-28T15:22:06.158790+00:00
2026-05-29,LRCX,40.7766990291,SEC,2026-04-23,1.45,1.03,2026-03-29,2025-03-30,reported_quarter,GROWTH,resolved,,707549.0,,,,,,,,,,,,,0000707549-26-000022_EarningsPerShareDiluted_2025-12-29_2026-03-29_Q3,eps_pit_v4,2026-08-28T15:21:56.109686+00:00
2026-05-29,LSCC,300.0,SEC,2026-05-04,0.16,0.04,2026-04-04,2025-03-29,reported_quarter,GROWTH,resolved,,855658.0,,,,,,,,,,,,,0001437749-26-014686_EarningsPerShareDiluted_2026-01-04_2026-04-04_Q1,eps_pit_v4,2026-08-28T15:21:56.514213+00:00
2026-05-29,LSTR,36.4705882353,SEC,2026-04-29,1.16,0.85,2026-03-28,2025-03-29,reported_quarter,GROWTH,resolved,,853816.0,,,,,,,,,,,,,0001193125-26-191131_EarningsPerShareDiluted_2025-12-28_2026-03-28_Q1,eps_pit_v4,2026-08-28T15:21:58.077752+00:00
2026-05-29,MAR,1.6736401674,SEC,2026-05-06,2.43,2.39,2026-03-31,2025-03-31,reported_quarter,GROWTH,resolved,,1048286.0,,,,,,,,,,,,,0001048286-26-000014_EarningsPerShareDiluted_2026-01-01_2026-03-31_Q1,eps_pit_v4,2026-08-28T15:22:07.286393+00:00
2026-05-29,MEC,,SEC,2026-05-06,-0.4,0.0,2026-03-31,2025-03-31,reported_zero_base,ZERO_BASE,expected_unavailable,PRIOR_YEAR_EPS_ZERO,1766368.0,-0.4,0.0,2026-03-31,2025-03-31,2026-05-06,0001104659-26-056257_EarningsPerShareDiluted_2026-01-01_2026-03-31_Q1,,,,,,,0001104659-26-056257_EarningsPerShareDiluted_2026-01-01_2026-03-31_Q1,eps_pit_v4,2026-08-28T15:21:59.510061+00:00
2026-05-29,MITK,0.0,SEC,2026-05-07,0.2,0.2,2026-03-31,2025-03-31,reported_quarter,FLAT,resolved,,807863.0,,,,,,,,,,,,,0000807863-26-000026_EarningsPerShareDiluted_2026-01-01_2026-03-31_Q2,eps_pit_v4,2026-08-28T15:21:57.481169+00:00
2026-05-29,MKSI,53.2467532468,SEC,2026-05-07,1.18,0.77,2026-03-31,2025-03-31,reported_quarter,GROWTH,resolved,,1049502.0,,,,,,,,,,,,,0001049502-26-000062_EarningsPerShareDiluted_2026-01-01_2026-03-31_Q1,eps_pit_v4,2026-08-28T15:21:55.219670+00:00
2026-05-29,MNST,30.4347826087,SEC,2011-08-09,0.9,0.69,2011-06-30,2010-06-30,reported_quarter,GROWTH,resolved,,865752.0,,,,,,,,,,,,,0001104659-11-045251_EarningsPerShareDiluted_2011-04-01_2011-06-30_Q2,eps_pit_v4,2026-08-28T15:22:01.912120+00:00
2026-05-29,MOD,50.0,SEC,2026-05-27,1.38,0.92,2026-03-31,2025-03-31,derived_from_fy,GROWTH,resolved,,67347.0,,,,,,,,,,,,,"derived_from_fy(0001104659-26-066795_EarningsPerShareDiluted_2025-04-01_2026-03-31_FY,0001558370-25-009865_EarningsPerShareDiluted_2025-04-01_2025-06-30_Q1,0001104659-25-103646_EarningsPerShareDiluted_2025-07-01_2025-09-30_Q2,0001104659-26-010790_EarningsPerShareDiluted_2025-10-01_2025-12-31_Q3)",eps_pit_v4,2026-08-28T15:21:58.939694+00:00
2026-05-29,MOG-A,49.1228070175,SEC,2026-04-24,2.55,1.71,2026-03-28,2025-03-29,reported_quarter,GROWTH,resolved,,67887.0,,,,,,,,,,,,,0001628280-26-027064_EarningsPerShareDiluted_2026-01-04_2026-03-28_Q2,eps_pit_v4,2026-08-28T15:22:05.025975+00:00
2026-05-29,MOV,400.0,SEC,2026-05-27,0.3,0.06,2026-04-30,2025-04-30,reported_quarter,GROWTH,resolved,,72573.0,,,,,,,,,,,,,0001193125-26-240712_EarningsPerShareDiluted_2026-02-01_2026-04-30_Q1,eps_pit_v4,2026-08-28T15:21:56.675044+00:00
2026-05-29,MPTI,19.6428571429,SEC,2026-05-13,0.67,0.56,2026-03-31,2025-03-31,reported_quarter,GROWTH,resolved,,1902314.0,,,,,,,,,,,,,0001437749-26-016784_EarningsPerShareDiluted_2026-01-01_2026-03-31_Q1,eps_pit_v4,2026-08-28T15:21:58.404556+00:00
2026-05-29,MRCY,87.8787878788,SEC,2026-05-05,-0.04,-0.33,2026-03-27,2025-03-28,reported_quarter,LOSS_NARROWING,resolved,,1049521.0,,,,,,,,,,,,,0001049521-26-000024_EarningsPerShareDiluted_2025-12-27_2026-03-27_Q3,eps_pit_v4,2026-08-28T15:21:58.615483+00:00
2026-05-29,MSCI,49.0566037736,SEC,2026-04-21,5.53,3.71,2026-03-31,2025-03-31,reported_quarter,GROWTH,resolved,,1408198.0,,,,,,,,,,,,,0001408198-26-000034_EarningsPerShareDiluted_2026-01-01_2026-03-31_Q1,eps_pit_v4,2026-08-28T15:22:05.277881+00:00
2026-05-29,MSGE,-35.2941176471,SEC,2026-05-07,0.11,0.17,2026-03-31,2025-03-31,reported_quarter,DECLINE,resolved,,1952073.0,,,,,,,,,,,,,0001628280-26-032215_EarningsPerShareDiluted_2026-01-01_2026-03-31_Q3,eps_pit_v4,2026-08-28T15:22:00.410249+00:00
2026-05-29,NBIX,2287.5,SEC,2026-05-05,1.91,0.08,2026-03-31,2025-03-31,reported_quarter,GROWTH,resolved,,914475.0,,,,,,,,,,,,,0000914475-26-000026_EarningsPerShareDiluted_2026-01-01_2026-03-31_Q1,eps_pit_v4,2026-08-28T15:22:00.830178+00:00
2026-05-29,NVEC,27.5,SEC,2026-05-06,1.02,0.7999999999999998,2026-03-31,2025-03-31,derived_from_fy,GROWTH,resolved,,724910.0,,,,,,,,,,,,,"derived_from_fy(0001376474-26-000348_EarningsPerShareDiluted_2025-04-01_2026-03-31_FY,0001376474-25-000658_EarningsPerShareDiluted_2025-04-01_2025-06-30_Q1,0001376474-25-000857_EarningsPerShareDiluted_2025-07-01_2025-09-30_Q2,0001376474-26-000059_EarningsPerShareDiluted_2025-10-01_2025-12-31_Q3)",eps_pit_v4,2026-08-28T15:22:00.208155+00:00
2026-05-29,NVRI,166.6666666667,YahooHistoricalEvent,2026-05-11,0.1,-0.15,2026-03-31,2025-03-31,reported_quarter,TURNAROUND,resolved,,,,,,,,,,,,,,,yahoo_event_2026-03-31_2026-05-11T16:00:00-04:00,eps_pit_v4,2026-08-28T15:22:08.031617+00:00
2026-05-29,NWPX,176.9230769231,SEC,2026-04-30,1.08,0.39,2026-03-31,2025-03-31,reported_quarter,GROWTH,resolved,,1001385.0,,,,,,,,,,,,,0001437749-26-014185_EarningsPerShareDiluted_2026-01-01_2026-03-31_Q1,eps_pit_v4,2026-08-28T15:21:59.082835+00:00
2026-05-29,NXT,-6.6666666667,SEC,2026-05-19,0.98,1.0500000000000005,2026-03-31,2025-03-31,derived_from_fy,DECLINE,resolved,,1852131.0,,,,,,,,,,,,,"derived_from_fy(0001852131-26-000017_EarningsPerShareDiluted_2025-04-01_2026-03-31_FY,0001852131-25-000050_EarningsPerShareDiluted_2025-04-01_2025-06-27_Q1,0001852131-25-000064_EarningsPerShareDiluted_2025-06-28_2025-09-26_Q2,0001852131-26-000006_EarningsPerShareDiluted_2025-09-27_2025-12-31_Q3)",eps_pit_v4,2026-08-28T15:22:04.440285+00:00
2026-05-29,NYAX,33.3333333333,YahooHistoricalEvent,2026-05-12,0.04,0.03,2026-03-31,2025-03-31,reported_quarter,GROWTH,resolved,,,,,,,,,,,,,,,yahoo_event_2026-03-31_2026-05-12T07:00:00-04:00,eps_pit_v4,2026-08-28T15:22:07.644648+00:00
2026-05-29,PDFS,250.0,SEC,2026-05-07,0.12,-0.08,2026-03-31,2025-03-31,reported_quarter,TURNAROUND,resolved,,1120914.0,,,,,,,,,,,,,0001437749-26-015610_EarningsPerShareDiluted_2026-01-01_2026-03-31_Q1,eps_pit_v4,2026-08-28T15:22:04.253045+00:00
2026-05-29,PDLB,44.0,SEC,2026-05-07,0.36,0.25,2026-03-31,2025-03-31,reported_quarter,GROWTH,resolved,,1874071.0,,,,,,,,,,,,,0001193125-26-209832_EarningsPerShareDiluted_2026-01-01_2026-03-31_Q1,eps_pit_v4,2026-08-28T15:22:08.886784+00:00
2026-05-29,PFIS,-1.3422818792,SEC,2026-05-08,1.47,1.49,2026-03-31,2025-03-31,reported_quarter,DECLINE,resolved,,1056943.0,,,,,,,,,,,,,0001104659-26-057903_EarningsPerShareDiluted_2026-01-01_2026-03-31_Q1,eps_pit_v4,2026-08-28T15:22:08.586869+00:00
2026-05-29,PKOH,-5.0,SEC,2026-05-07,0.57,0.6,2026-03-31,2025-03-31,reported_quarter,DECLINE,resolved,,76282.0,,,,,,,,,,,,,0000076282-26-000013_EarningsPerShareDiluted_2026-01-01_2026-03-31_Q1,eps_pit_v4,2026-08-28T15:21:59.228808+00:00
2026-05-29,PL,-316.6666666667,SEC,2026-03-23,-0.5,-0.1199999999999999,2026-01-31,2025-01-31,derived_from_fy,LOSS_WIDENING,resolved,,1836833.0,,,,,,,,,,,,,"derived_from_fy(0001193125-26-119957_EarningsPerShareDiluted_2025-02-01_2026-01-31_FY,0001836833-25-000063_EarningsPerShareDiluted_2025-02-01_2025-04-30_Q1,0001836833-25-000104_EarningsPerShareDiluted_2025-05-01_2025-07-31_Q2,0001193125-25-314295_EarningsPerShareDiluted_2025-08-01_2025-10-31_Q3)",eps_pit_v4,2026-08-28T15:21:54.838433+00:00
2026-05-29,PRAX,2.73556231,SEC,2026-05-07,-3.2,-3.29,2026-03-31,2025-03-31,reported_quarter,LOSS_NARROWING,resolved,,1689548.0,,,,,,,,,,,,,0001689548-26-000047_EarningsPerShareDiluted_2026-01-01_2026-03-31_Q1,eps_pit_v4,2026-08-28T15:21:55.032193+00:00
2026-05-29,RHP,3.0,SEC,2026-05-01,1.03,1.0,2026-03-31,2025-03-31,reported_quarter,GROWTH,resolved,,1040829.0,,,,,,,,,,,,,0001104659-26-053780_EarningsPerShareDiluted_2026-01-01_2026-03-31_Q1,eps_pit_v4,2026-08-28T15:22:03.372314+00:00
2026-05-29,ROKU,400.0,SEC,2026-05-01,0.57,-0.19,2026-03-31,2025-03-31,reported_quarter,TURNAROUND,resolved,,1428439.0,,,,,,,,,,,,,0001628280-26-029310_EarningsPerShareDiluted_2026-01-01_2026-03-31_Q1,eps_pit_v4,2026-08-28T15:22:03.470230+00:00
2026-05-29,RS,36.3636363636,SEC,2026-04-29,5.1,3.74,2026-03-31,2025-03-31,reported_quarter,GROWTH,resolved,,861884.0,,,,,,,,,,,,,0001104659-26-051524_EarningsPerShareDiluted_2026-01-01_2026-03-31_Q1,eps_pit_v4,2026-08-28T15:22:07.014713+00:00
2026-05-29,RVMD,-102.6548672566,SEC,2026-05-06,-2.29,-1.13,2026-03-31,2025-03-31,reported_quarter,LOSS_WIDENING,resolved,,1628171.0,,,,,,,,,,,,,0001193125-26-208969_EarningsPerShareDiluted_2026-01-01_2026-03-31_Q1,eps_pit_v4,2026-08-28T15:22:00.644344+00:00
2026-05-29,SANM,46.5517241379,SEC,2026-04-27,1.7,1.16,2026-03-28,2025-03-29,reported_quarter,GROWTH,resolved,,897723.0,,,,,,,,,,,,,0000897723-26-000025_EarningsPerShareDiluted_2025-12-28_2026-03-28_Q2,eps_pit_v4,2026-08-28T15:21:57.332795+00:00
2026-05-29,SBLK,900.0,YahooHistoricalEvent,2026-05-20,0.56,-0.07,2026-03-31,2025-03-31,reported_quarter,TURNAROUND,resolved,,,,,,,,,,,,,,,yahoo_event_2026-03-31_2026-05-20T16:00:00-04:00,eps_pit_v4,2026-08-28T15:21:59.598833+00:00
2026-05-29,SEDG,44.1176470588,SEC,2026-05-07,-0.95,-1.7,2026-03-31,2025-03-31,reported_quarter,LOSS_NARROWING,resolved,,1419612.0,,,,,,,,,,,,,0001178913-26-002432_EarningsPerShareDiluted_2026-01-01_2026-03-31_Q1,eps_pit_v4,2026-08-28T15:21:57.610295+00:00
2026-05-29,SHBI,24.3902439024,SEC,2026-05-04,0.51,0.41,2026-03-31,2025-03-31,reported_quarter,GROWTH,resolved,,1035092.0,,,,,,,,,,,,,0001035092-26-000030_EarningsPerShareDiluted_2026-01-01_2026-03-31_Q1,eps_pit_v4,2026-08-28T15:22:09.099686+00:00
2026-05-29,SHEN,-63.1578947368,SEC,2026-05-01,-0.31,-0.19,2026-03-31,2025-03-31,reported_quarter,LOSS_WIDENING,resolved,,354963.0,,,,,,,,,,,,,0000354963-26-000167_EarningsPerShareDiluted_2026-01-01_2026-03-31_Q1,eps_pit_v4,2026-08-28T15:22:03.728324+00:00
2026-05-29,SNDK,272.768192048,SEC,2026-05-01,23.03,-13.33,2026-04-03,2025-03-28,reported_quarter,TURNAROUND,resolved,,2023554.0,,,,,,,,,,,,,0001628280-26-029401_EarningsPerShareDiluted_2026-01-03_2026-04-03_Q3,eps_pit_v4,2026-08-28T15:21:56.152159+00:00
2026-05-29,SNX,104.0404040404,SEC,2026-04-02,4.04,1.98,2026-02-28,2025-02-28,reported_quarter,GROWTH,resolved,,1177394.0,,,,,,,,,,,,,0001628280-26-023123_EarningsPerShareDiluted_2025-12-01_2026-02-28_Q1,eps_pit_v4,2026-08-28T15:22:06.655939+00:00
2026-05-29,SPIR,11.3636363636,SEC,2026-05-14,-0.78,-0.88,2026-03-31,2025-03-31,reported_quarter,LOSS_NARROWING,resolved,,1816017.0,,,,,,,,,,,,,0001193125-26-222710_EarningsPerShareDiluted_2026-01-01_2026-03-31_Q1,eps_pit_v4,2026-08-28T15:21:55.703217+00:00
2026-05-29,SXI,206.6298342541,SEC,2026-05-06,5.55,1.81,2026-03-31,2025-03-31,reported_quarter,GROWTH,resolved,,310354.0,,,,,,,,,,,,,0001437749-26-014992_EarningsPerShareDiluted_2026-01-01_2026-03-31_Q3,eps_pit_v4,2026-08-28T15:22:10.147118+00:00
2026-05-29,THFF,7.7419354839,SEC,2026-05-06,1.67,1.55,2026-03-31,2025-03-31,reported_quarter,GROWTH,resolved,,714562.0,,,,,,,,,,,,,0000714562-26-000038_EarningsPerShareDiluted_2026-01-01_2026-03-31_Q1,eps_pit_v4,2026-08-28T15:22:09.428771+00:00
2026-05-29,TKR,26.1261261261,SEC,2026-05-06,1.4,1.11,2026-03-31,2025-03-31,reported_quarter,GROWTH,resolved,,98362.0,,,,,,,,,,,,,0000098362-26-000033_EarningsPerShareDiluted_2026-01-01_2026-03-31_Q1,eps_pit_v4,2026-08-28T15:21:59.432739+00:00
2026-05-29,TMP,32.8467153285,SEC,2026-05-05,1.82,1.37,2026-03-31,2025-03-31,reported_quarter,GROWTH,resolved,,1005817.0,,,,,,,,,,,,,0001005817-26-000049_EarningsPerShareDiluted_2026-01-01_2026-03-31_Q1,eps_pit_v4,2026-08-28T15:22:07.876761+00:00
2026-05-29,TVTX,14.8936170213,SEC,2026-05-04,-0.4,-0.47,2026-03-31,2025-03-31,reported_quarter,LOSS_NARROWING,resolved,,1438533.0,,,,,,,,,,,,,0001438533-26-000042_EarningsPerShareDiluted_2026-01-01_2026-03-31_Q1,eps_pit_v4,2026-08-28T15:21:59.882822+00:00
2026-05-29,TWST,-7.5757575758,SEC,2026-05-04,-0.71,-0.66,2026-03-31,2025-03-31,reported_quarter,LOSS_WIDENING,resolved,,1581280.0,,,,,,,,,,,,,0001581280-26-000040_EarningsPerShareDiluted_2026-01-01_2026-03-31_Q2,eps_pit_v4,2026-08-28T15:21:54.767955+00:00
2026-05-29,UBCP,3.125,SEC,2026-05-14,0.33,0.32,2026-03-31,2025-03-31,reported_quarter,GROWTH,resolved,,731653.0,,,,,,,,,,,,,0001104659-26-060924_EarningsPerShareDiluted_2026-01-01_2026-03-31_Q1,eps_pit_v4,2026-08-28T15:22:04.689851+00:00
2026-05-29,UE,157.1428571429,SEC,2026-04-29,0.18,0.07,2026-03-31,2025-03-31,reported_quarter,GROWTH,resolved,,1611547.0,,,,,,,,,,,,,0001611547-26-000039_EarningsPerShareDiluted_2026-01-01_2026-03-31_Q1,eps_pit_v4,2026-08-28T15:22:03.859454+00:00
2026-05-29,UMAC,200.0,SEC,2026-05-14,0.21,-0.21,2026-03-31,2025-03-31,reported_quarter,TURNAROUND,resolved,,1956955.0,,,,,,,,,,,,,0001683168-26-003923_EarningsPerShareDiluted_2026-01-01_2026-03-31_Q1,eps_pit_v4,2026-08-28T15:21:54.679828+00:00
2026-05-29,VELO,85.0267379679,SEC,2026-05-14,-0.28,-1.87,2026-03-31,2025-03-31,reported_quarter,LOSS_NARROWING,resolved,,1825079.0,,,,,,,,,,,,,0001193125-26-223945_EarningsPerShareDiluted_2026-01-01_2026-03-31_Q1,eps_pit_v4,2026-08-28T15:21:57.842643+00:00
2026-05-29,VICR,633.3333333333,SEC,2026-04-30,0.44,0.06,2026-03-31,2025-03-31,reported_quarter,GROWTH,resolved,,751978.0,,,,,,,,,,,,,0001193125-26-194947_EarningsPerShareDiluted_2026-01-01_2026-03-31_Q1,eps_pit_v4,2026-08-28T15:21:54.965348+00:00
2026-05-29,VIK,54.1666666667,YahooHistoricalEvent,2026-05-14,-0.11,-0.24,2026-03-31,2025-03-31,reported_quarter,LOSS_NARROWING,resolved,,,,,,,,,,,,,,,yahoo_event_2026-03-31_2026-05-14T07:00:00-04:00,eps_pit_v4,2026-08-28T15:22:07.586897+00:00
2026-05-29,VVX,140.0,SEC,2026-05-04,0.6,0.25,2026-04-03,2025-03-28,reported_quarter,GROWTH,resolved,,1601548.0,,,,,,,,,,,,,0001601548-26-000025_EarningsPerShareDiluted_2026-01-01_2026-04-03_Q1,eps_pit_v4,2026-08-28T15:22:03.582590+00:00
2026-05-29,WDC,477.4647887324,SEC,2026-05-01,8.2,1.42,2026-04-03,2025-03-28,reported_quarter,GROWTH,resolved,,106040.0,,,,,,,,,,,,,0001628280-26-029054_EarningsPerShareDiluted_2026-01-03_2026-04-03_Q3,eps_pit_v4,2026-08-28T15:21:55.578078+00:00
2026-05-29,WEYS,12.2807017544,SEC,2026-05-07,0.64,0.57,2026-03-31,2025-03-31,reported_quarter,GROWTH,resolved,,106532.0,,,,,,,,,,,,,0001104659-26-057266_EarningsPerShareDiluted_2026-01-01_2026-03-31_Q1,eps_pit_v4,2026-08-28T15:22:05.425920+00:00
2026-05-29,WULF,-531.25,SEC,2026-05-08,-1.01,-0.16,2026-03-31,2025-03-31,reported_quarter,LOSS_WIDENING,resolved,,1083301.0,,,,,,,,,,,,,0001083301-26-000092_EarningsPerShareDiluted_2026-01-01_2026-03-31_Q1,eps_pit_v4,2026-08-28T15:22:02.666070+00:00
2026-05-29,XHR,40.0,SEC,2026-05-01,0.21,0.15,2026-03-31,2025-03-31,reported_quarter,GROWTH,resolved,,1616000.0,,,,,,,,,,,,,0001628280-26-029383_EarningsPerShareDiluted_2026-01-01_2026-03-31_Q1,eps_pit_v4,2026-08-28T15:22:09.761436+00:00
2026-06-05,AFL,3860.0,SEC,2026-05-06,1.98,0.05,2026-03-31,2025-03-31,reported_quarter,GROWTH,resolved,,4977.0,,,,,,,,,,,,,0001628280-26-030923_EarningsPerShareDiluted_2026-01-01_2026-03-31_Q1,eps_pit_v4,2026-08-28T15:22:28.662035+00:00
2026-06-05,AIT,3.1128404669,SEC,2026-04-28,2.65,2.57,2026-03-31,2025-03-31,reported_quarter,GROWTH,resolved,,109563.0,,,,,,,,,,,,,0000109563-26-000021_EarningsPerShareDiluted_2026-01-01_2026-03-31_Q3,eps_pit_v4,2026-08-28T15:22:24.596144+00:00
2026-06-05,AKR,2100.0,SEC,2026-04-29,0.22,0.01,2026-03-31,2025-03-31,reported_quarter,GROWTH,resolved,,899629.0,,,,,,,,,,,,,0001193125-26-191611_EarningsPerShareDiluted_2026-01-01_2026-03-31_Q1,eps_pit_v4,2026-08-28T15:22:26.371772+00:00
2026-06-05,ALL,338.3886255924,SEC,2026-04-29,9.25,2.11,2026-03-31,2025-03-31,reported_quarter,GROWTH,resolved,,899051.0,,,,,,,,,,,,,0000899051-26-000075_EarningsPerShareDiluted_2026-01-01_2026-03-31_Q1,eps_pit_v4,2026-08-28T15:22:19.156434+00:00
2026-06-05,ALNT,52.380952381,SEC,2026-05-06,0.32,0.21,2026-03-31,2025-03-31,reported_quarter,GROWTH,resolved,,46129.0,,,,,,,,,,,,,0001104659-26-056256_EarningsPerShareDiluted_2026-01-01_2026-03-31_Q1,eps_pit_v4,2026-08-28T15:22:14.595866+00:00
2026-06-05,AMG,74.5454545455,SEC,2026-05-07,3.84,2.2,2026-03-31,2025-03-31,reported_quarter,GROWTH,resolved,,1004434.0,,,,,,,,,,,,,0001628280-26-032153_EarningsPerShareDiluted_2026-01-01_2026-03-31_Q1,eps_pit_v4,2026-08-28T15:22:18.911313+00:00
2026-06-05,AMN,5400.0,SEC,2026-05-08,1.59,-0.03,2026-03-31,2025-03-31,reported_quarter,TURNAROUND,resolved,,1142750.0,,,,,,,,,,,,,0001628280-26-032419_EarningsPerShareDiluted_2026-01-01_2026-03-31_Q1,eps_pit_v4,2026-08-28T15:22:13.751155+00:00
2026-06-05,APLE,-7.6923076923,SEC,2026-05-04,0.12,0.13,2026-03-31,2025-03-31,reported_quarter,DECLINE,resolved,,1418121.0,,,,,,,,,,,,,0001193125-26-204023_EarningsPerShareDiluted_2026-01-01_2026-03-31_Q1,eps_pit_v4,2026-08-28T15:22:13.938999+00:00
2026-06-05,AROW,115.7894736842,SEC,2026-05-08,0.82,0.38,2026-03-31,2025-03-31,reported_quarter,GROWTH,resolved,,717538.0,,,,,,,,,,,,,0000717538-26-000060_EarningsPerShareDiluted_2026-01-01_2026-03-31_Q1,eps_pit_v4,2026-08-28T15:22:29.106565+00:00
2026-06-05,ATLO,71.7948717949,SEC,2026-05-08,0.67,0.39,2026-03-31,2025-03-31,reported_quarter,GROWTH,resolved,,1132651.0,,,,,,,,,,,,,0001437749-26-015819_EarningsPerShareBasic_2026-01-01_2026-03-31_Q1,eps_pit_v4,2026-08-28T15:22:12.729987+00:00
2026-06-05,AVA,13.2653061224,SEC,2026-05-05,1.11,0.98,2026-03-31,2025-03-31,reported_quarter,GROWTH,resolved,,104918.0,,,,,,,,,,,,,0001193125-26-204658_EarningsPerShareDiluted_2026-01-01_2026-03-31_Q1,eps_pit_v4,2026-08-28T15:22:27.889730+00:00
2026-06-05,AXGN,-375.0,SEC,2026-04-28,-0.38,-0.08,2026-03-31,2025-03-31,reported_quarter,LOSS_WIDENING,resolved,,805928.0,,,,,,,,,,,,,0000805928-26-000053_EarningsPerShareDiluted_2026-01-01_2026-03-31_Q1,eps_pit_v4,2026-08-28T15:22:18.667060+00:00
2026-06-05,BFH,49.2805755396,SEC,2026-04-28,4.15,2.78,2026-03-31,2025-03-31,reported_quarter,GROWTH,resolved,,1101215.0,,,,,,,,,,,,,0001101215-26-000040_EarningsPerShareDiluted_2026-01-01_2026-03-31_Q1,eps_pit_v4,2026-08-28T15:22:22.875923+00:00
2026-06-05,BHB,22.7272727273,SEC,2026-05-05,0.81,0.66,2026-03-31,2025-03-31,reported_quarter,GROWTH,resolved,,743367.0,,,,,,,,,,,,,0001104659-26-055671_EarningsPerShareDiluted_2026-01-01_2026-03-31_Q1,eps_pit_v4,2026-08-28T15:22:23.755521+00:00
2026-06-05,BNL,166.6666666667,SEC,2026-04-30,0.24,0.09,2026-03-31,2025-03-31,reported_quarter,GROWTH,resolved,,1424182.0,,,,,,,,,,,,,0001424182-26-000037_EarningsPerShareDiluted_2026-01-01_2026-03-31_Q1,eps_pit_v4,2026-08-28T15:22:29.216281+00:00
2026-06-05,BPOP,47.65625,SEC,2026-05-08,3.78,2.56,2026-03-31,2025-03-31,reported_quarter,GROWTH,resolved,,763901.0,,,,,,,,,,,,,0001193125-26-214600_EarningsPerShareDiluted_2026-01-01_2026-03-31_Q1,eps_pit_v4,2026-08-28T15:22:22.264403+00:00
2026-06-05,BSRR,47.6923076923,SEC,2026-05-01,0.96,0.65,2026-03-31,2025-03-31,reported_quarter,GROWTH,resolved,,1130144.0,,,,,,,,,,,,,0001104659-26-053684_EarningsPerShareDiluted_2026-01-01_2026-03-31_Q1,eps_pit_v4,2026-08-28T15:22:21.446992+00:00
2026-06-05,BWFG,62.0689655172,SEC,2026-05-06,1.41,0.87,2026-03-31,2025-03-31,reported_quarter,GROWTH,resolved,,1505732.0,,,,,,,,,,,,,0001505732-26-000074_EarningsPerShareDiluted_2026-01-01_2026-03-31_Q1,eps_pit_v4,2026-08-28T15:22:16.281296+00:00
2026-06-05,C,-9.022556391,SEC,2026-02-20,1.21,1.33,2025-12-31,2024-12-31,derived_from_fy,DECLINE,resolved,,831001.0,,,,,,,,,,,,,"derived_from_fy(0000831001-26-000011_EarningsPerShareDiluted_2025-01-01_2025-12-31_FY,0000831001-25-000086_EarningsPerShareDiluted_2025-01-01_2025-03-31_Q1,0000831001-25-000131_EarningsPerShareDiluted_2025-04-01_2025-06-30_Q2,0000831001-25-000154_EarningsPerShareDiluted_2025-07-01_2025-09-30_Q3)",eps_pit_v4,2026-08-28T15:22:24.442398+00:00
2026-06-05,CATY,31.6326530612,SEC,2026-05-08,1.29,0.98,2026-03-31,2025-03-31,reported_quarter,GROWTH,resolved,,861842.0,,,,,,,,,,,,,0001437749-26-015940_EarningsPerShareDiluted_2026-01-01_2026-03-31_Q1,eps_pit_v4,2026-08-28T15:22:22.479713+00:00
2026-06-05,CBK,-2.7777777778,SEC,2026-05-13,0.7,0.72,2026-03-31,2025-03-31,reported_quarter,DECLINE,resolved,,1981546.0,,,,,,,,,,,,,0001213900-26-055885_EarningsPerShareDiluted_2026-01-01_2026-03-31_Q1,eps_pit_v4,2026-08-28T15:22:26.022759+00:00
2026-06-05,CDP,9.6774193548,SEC,2026-05-06,0.34,0.31,2026-03-31,2025-03-31,reported_quarter,GROWTH,resolved,,860546.0,,,,,,,,,,,,,0000860546-26-000029_EarningsPerShareDiluted_2026-01-01_2026-03-31_Q1,eps_pit_v4,2026-08-28T15:22:17.478768+00:00
2026-06-05,CNC,18.2509505703,SEC,2026-04-28,3.11,2.63,2026-03-31,2025-03-31,reported_quarter,GROWTH,resolved,,1071739.0,,,,,,,,,,,,,0001071739-26-000098_EarningsPerShareDiluted_2026-01-01_2026-03-31_Q1,eps_pit_v4,2026-08-28T15:22:11.319404+00:00
2026-06-05,CNOB,46.9387755102,SEC,2026-05-05,0.72,0.49,2026-03-31,2025-03-31,reported_quarter,GROWTH,resolved,,712771.0,,,,,,,,,,,,,0001437749-26-014866_EarningsPerShareDiluted_2026-01-01_2026-03-31_Q1,eps_pit_v4,2026-08-28T15:22:27.624871+00:00
2026-06-05,CPF,20.0,SEC,2026-04-29,0.78,0.65,2026-03-31,2025-03-31,reported_quarter,GROWTH,resolved,,701347.0,,,,,,,,,,,,,0000701347-26-000028_EarningsPerShareDiluted_2026-01-01_2026-03-31_Q1,eps_pit_v4,2026-08-28T15:22:25.701817+00:00
2026-06-05,CSX,26.4705882353,SEC,2026-04-22,0.43,0.34,2026-03-31,2025-03-31,reported_quarter,GROWTH,resolved,,277948.0,,,,,,,,,,,,,0000277948-26-000014_EarningsPerShareDiluted_2026-01-01_2026-03-31_Q1,eps_pit_v4,2026-08-28T15:22:15.042513+00:00
2026-06-05,DINO,17900.0,SEC,2026-05-01,3.56,-0.02,2026-03-31,2025-03-31,reported_quarter,TURNAROUND,resolved,,1915657.0,,,,,,,,,,,,,0001915657-26-000040_EarningsPerShareDiluted_2026-01-01_2026-03-31_Q1,eps_pit_v4,2026-08-28T15:22:19.233812+00:00
2026-06-05,DOC,366.6666666667,SEC,2026-05-06,0.28,0.06,2026-03-31,2025-03-31,reported_quarter,GROWTH,resolved,,765880.0,,,,,,,,,,,,,0001628280-26-031287_EarningsPerShareDiluted_2026-01-01_2026-03-31_Q1,eps_pit_v4,2026-08-28T15:22:27.395063+00:00
2026-06-05,DOCN,-61.5384615385,SEC,2026-05-05,0.15,0.39,2026-03-31,2025-03-31,reported_quarter,DECLINE,resolved,,1582961.0,,,,,,,,,,,,,0001582961-26-000049_EarningsPerShareDiluted_2026-01-01_2026-03-31_Q1,eps_pit_v4,2026-08-28T15:22:11.673794+00:00
2026-06-05,DTM,19.8113207547,SEC,2026-04-30,1.27,1.06,2026-03-31,2025-03-31,reported_quarter,GROWTH,resolved,,1842022.0,,,,,,,,,,,,,0001842022-26-000006_EarningsPerShareDiluted_2026-01-01_2026-03-31_Q1,eps_pit_v4,2026-08-28T15:22:16.548814+00:00
2026-06-05,EFSI,145.0980392157,SEC,2026-05-11,0.69,-1.53,2026-03-31,2025-03-31,reported_quarter,TURNAROUND,resolved,,880641.0,,,,,,,,,,,,,0000880641-26-000013_EarningsPerShareDiluted_2026-01-01_2026-03-31_Q1,eps_pit_v4,2026-08-28T15:22:19.497967+00:00
2026-06-05,FBP,21.2765957447,SEC,2026-05-08,0.57,0.47,2026-03-31,2025-03-31,reported_quarter,GROWTH,resolved,,1057706.0,,,,,,,,,,,,,0001057706-26-000012_EarningsPerShareDiluted_2026-01-01_2026-03-31_Q1,eps_pit_v4,2026-08-28T15:22:25.263288+00:00
2026-06-05,FCCO,15.6862745098,SEC,2026-05-15,0.59,0.51,2026-03-31,2025-03-31,reported_quarter,GROWTH,resolved,,932781.0,,,,,,,,,,,,,0001552781-26-000341_EarningsPerShareDiluted_2026-01-01_2026-03-31_Q1,eps_pit_v4,2026-08-28T15:22:25.900238+00:00
2026-06-05,FCF,15.625,SEC,2026-05-11,0.37,0.32,2026-03-31,2025-03-31,reported_quarter,GROWTH,resolved,,712537.0,,,,,,,,,,,,,0000712537-26-000022_EarningsPerShareDiluted_2026-01-01_2026-03-31_Q1,eps_pit_v4,2026-08-28T15:22:20.368182+00:00
2026-06-05,FMBH,13.9784946237,SEC,2026-05-08,1.06,0.93,2026-03-31,2025-03-31,reported_quarter,GROWTH,resolved,,700565.0,,,,,,,,,,,,,0001193125-26-213797_EarningsPerShareDiluted_2026-01-01_2026-03-31_Q1,eps_pit_v4,2026-08-28T15:22:24.838556+00:00
2026-06-05,FRST,-67.3913043478,SEC,2026-05-08,0.3,0.92,2026-03-31,2025-03-31,reported_quarter,DECLINE,resolved,,1325670.0,,,,,,,,,,,,,0001104659-26-057998_EarningsPerShareDiluted_2026-01-01_2026-03-31_Q1,eps_pit_v4,2026-08-28T15:22:21.064222+00:00
2026-06-05,FSBC,40.3225806452,SEC,2026-05-07,0.87,0.62,2026-03-31,2025-03-31,reported_quarter,GROWTH,resolved,,1275168.0,,,,,,,,,,,,,0001628280-26-032282_EarningsPerShareDiluted_2026-01-01_2026-03-31_Q1,eps_pit_v4,2026-08-28T15:22:24.097446+00:00
2026-06-05,FSEA,14.2857142857,SEC,2026-05-15,-0.12,-0.14,2026-03-31,2025-03-31,reported_quarter,LOSS_NARROWING,resolved,,1943802.0,,,,,,,,,,,,,0001193125-26-225434_EarningsPerShareDiluted_2026-01-01_2026-03-31_Q1,eps_pit_v4,2026-08-28T15:22:19.963082+00:00
2026-06-05,FTK,-29.4117647059,SEC,2026-05-07,0.12,0.17,2026-03-31,2025-03-31,reported_quarter,DECLINE,resolved,,928054.0,,,,,,,,,,,,,0000928054-26-000047_EarningsPerShareDiluted_2026-01-01_2026-03-31_Q1,eps_pit_v4,2026-08-28T15:22:11.923340+00:00
2026-06-05,FVR,100.0,SEC,2026-05-07,0.0,-0.06,2026-03-31,2025-03-31,reported_quarter,LOSS_NARROWING,resolved,,1988494.0,,,,,,,,,,,,,0001193125-26-211875_EarningsPerShareDiluted_2026-01-01_2026-03-31_Q1,eps_pit_v4,2026-08-28T15:22:11.959708+00:00
2026-06-05,FXNC,200.0,SEC,2026-05-13,0.54,0.18,2026-03-31,2025-03-31,reported_quarter,GROWTH,resolved,,719402.0,,,,,,,,,,,,,0001437749-26-016708_EarningsPerShareDiluted_2026-01-01_2026-03-31_Q1,eps_pit_v4,2026-08-28T15:22:17.186655+00:00
2026-06-05,GABC,193.3333333333,SEC,2026-05-06,0.88,0.3,2026-03-31,2025-03-31,reported_quarter,GROWTH,resolved,,714395.0,,,,,,,,,,,,,0000714395-26-000027_EarningsPerShareDiluted_2026-01-01_2026-03-31_Q1,eps_pit_v4,2026-08-28T15:22:18.226923+00:00
2026-06-05,GL,12.6245847176,SEC,2026-05-07,3.39,3.01,2026-03-31,2025-03-31,reported_quarter,GROWTH,resolved,,320335.0,,,,,,,,,,,,,0000320335-26-000169_EarningsPerShareDiluted_2026-01-01_2026-03-31_Q1,eps_pit_v4,2026-08-28T15:22:28.871069+00:00
2026-06-05,GSBC,7.4829931973,SEC,2026-05-07,1.58,1.47,2026-03-31,2025-03-31,reported_quarter,GROWTH,resolved,,854560.0,,,,,,,,,,,,,0001104659-26-057039_EarningsPerShareDiluted_2026-01-01_2026-03-31_Q1,eps_pit_v4,2026-08-28T15:22:16.810766+00:00
2026-06-05,GWW,18.154158215,SEC,2026-05-07,11.65,9.86,2026-03-31,2025-03-31,reported_quarter,GROWTH,resolved,,277135.0,,,,,,,,,,,,,0000277135-26-000053_EarningsPerShareDiluted_2026-01-01_2026-03-31_Q1,eps_pit_v4,2026-08-28T15:22:20.534745+00:00
2026-06-05,HNGE,-68.7022900763,SEC,2026-05-07,0.41,1.31,2026-03-31,2025-03-31,reported_quarter,DECLINE,resolved,,1673743.0,,,,,,,,,,,,,0001628280-26-032224_EarningsPerShareDiluted_2026-01-01_2026-03-31_Q1,eps_pit_v4,2026-08-28T15:22:11.742678+00:00
2026-06-05,IESC,55.4285714286,SEC,2026-05-01,5.44,3.5,2026-03-31,2025-03-31,reported_quarter,GROWTH,resolved,,1048268.0,,,,,,,,,,,,,0001048268-26-000086_EarningsPerShareDiluted_2026-01-01_2026-03-31_Q2,eps_pit_v4,2026-08-28T15:22:16.009994+00:00
2026-06-05,IVT,-22.2222222222,SEC,2026-04-28,0.07,0.09,2026-03-31,2025-03-31,reported_quarter,DECLINE,resolved,,1307748.0,,,,,,,,,,,,,0001307748-26-000112_EarningsPerShareDiluted_2026-01-01_2026-03-31_Q1,eps_pit_v4,2026-08-28T15:22:21.594733+00:00
2026-06-05,LGND,69.6832579186,SEC,2026-05-08,-0.67,-2.21,2026-03-31,2025-03-31,reported_quarter,LOSS_NARROWING,resolved,,886163.0,,,,,,,,,,,,,0000886163-26-000034_EarningsPerShareDiluted_2026-01-01_2026-03-31_Q1,eps_pit_v4,2026-08-28T15:22:23.539766+00:00
2026-06-05,LIN,13.3903133903,SEC,2026-05-01,3.98,3.51,2026-03-31,2025-03-31,reported_quarter,GROWTH,resolved,,1707925.0,,,,,,,,,,,,,0001628280-26-029165_EarningsPerShareDiluted_2026-01-01_2026-03-31_Q1,eps_pit_v4,2026-08-28T15:22:23.360895+00:00
2026-06-05,MAC,30.0,SEC,2026-05-07,-0.14,-0.2,2026-03-31,2025-03-31,reported_quarter,LOSS_NARROWING,resolved,,912242.0,,,,,,,,,,,,,0000912242-26-000024_EarningsPerShareDiluted_2026-01-01_2026-03-31_Q1,eps_pit_v4,2026-08-28T15:22:15.288145+00:00
2026-06-05,MAR,1.6736401674,SEC,2026-05-06,2.43,2.39,2026-03-31,2025-03-31,reported_quarter,GROWTH,resolved,,1048286.0,,,,,,,,,,,,,0001048286-26-000014_EarningsPerShareDiluted_2026-01-01_2026-03-31_Q1,eps_pit_v4,2026-08-28T15:22:20.114153+00:00
2026-06-05,MCBS,22.2222222222,SEC,2026-05-08,0.77,0.63,2026-03-31,2025-03-31,reported_quarter,GROWTH,resolved,,1747068.0,,,,,,,,,,,,,0001104659-26-057876_EarningsPerShareDiluted_2026-01-01_2026-03-31_Q1,eps_pit_v4,2026-08-28T15:22:17.712505+00:00
2026-06-05,MCRI,44.7619047619,SEC,2026-04-30,1.52,1.05,2026-03-31,2025-03-31,reported_quarter,GROWTH,resolved,,907242.0,,,,,,,,,,,,,0001104659-26-052821_EarningsPerShareDiluted_2026-01-01_2026-03-31_Q1,eps_pit_v4,2026-08-28T15:22:19.888955+00:00
2026-06-05,MEC,,SEC,2026-05-06,-0.4,0.0,2026-03-31,2025-03-31,reported_zero_base,ZERO_BASE,expected_unavailable,PRIOR_YEAR_EPS_ZERO,1766368.0,-0.4,0.0,2026-03-31,2025-03-31,2026-05-06,0001104659-26-056257_EarningsPerShareDiluted_2026-01-01_2026-03-31_Q1,,,,,,,0001104659-26-056257_EarningsPerShareDiluted_2026-01-01_2026-03-31_Q1,eps_pit_v4,2026-08-28T15:22:11.480366+00:00
2026-06-05,MPC,820.8333333333,SEC,2026-05-05,1.73,-0.24,2026-03-31,2025-03-31,reported_quarter,TURNAROUND,resolved,,1510295.0,,,,,,,,,,,,,0001510295-26-000042_EarningsPerShareDiluted_2026-01-01_2026-03-31_Q1,eps_pit_v4,2026-08-28T15:22:13.076861+00:00
2026-06-05,MRX,62.6373626374,YahooHistoricalEvent,2026-05-06,1.48,0.91,2026-03-31,2025-03-31,reported_quarter,GROWTH,resolved,,,,,,,,,,,,,,,yahoo_event_2026-03-31_2026-05-06T07:00:00-04:00,eps_pit_v4,2026-08-28T15:22:15.330550+00:00
2026-06-05,MSBI,111.2462006079,SEC,2026-04-30,0.74,-6.58,2026-03-31,2025-03-31,reported_quarter,TURNAROUND,resolved,,1466026.0,,,,,,,,,,,,,0001466026-26-000049_EarningsPerShareDiluted_2026-01-01_2026-03-31_Q1,eps_pit_v4,2026-08-28T15:22:14.102181+00:00
2026-06-05,MYE,-127.7777777778,SEC,2026-05-07,-0.05,0.18,2026-03-31,2025-03-31,reported_quarter,PROFIT_TO_LOSS,resolved,,69488.0,,,,,,,,,,,,,0001193125-26-210311_EarningsPerShareDiluted_2026-01-01_2026-03-31_Q1,eps_pit_v4,2026-08-28T15:22:21.943188+00:00
2026-06-05,NBIX,2287.5,SEC,2026-05-05,1.91,0.08,2026-03-31,2025-03-31,reported_quarter,GROWTH,resolved,,914475.0,,,,,,,,,,,,,0000914475-26-000026_EarningsPerShareDiluted_2026-01-01_2026-03-31_Q1,eps_pit_v4,2026-08-28T15:22:13.196532+00:00
2026-06-05,NTRS,42.6315789474,SEC,2026-04-30,2.71,1.9,2026-03-31,2025-03-31,reported_quarter,GROWTH,resolved,,73124.0,,,,,,,,,,,,,0000073124-26-000035_EarningsPerShareDiluted_2026-01-01_2026-03-31_Q1,eps_pit_v4,2026-08-28T15:22:27.114772+00:00
2026-06-05,OBK,25.3521126761,SEC,2026-05-06,0.89,0.71,2026-03-31,2025-03-31,reported_quarter,GROWTH,resolved,,1516912.0,,,,,,,,,,,,,0001516912-26-000032_EarningsPerShareDiluted_2026-01-01_2026-03-31_Q1,eps_pit_v4,2026-08-28T15:22:23.087725+00:00
2026-06-05,ODC,-17.5675675676,SEC,2020-06-08,0.61,0.74,2020-04-30,2019-04-30,reported_quarter,DECLINE,resolved,,74046.0,,,,,,,,,,,,,0000074046-20-000029_EarningsPerShareDiluted_2020-02-01_2020-04-30_Q3,eps_pit_v4,2026-08-28T15:22:13.599172+00:00
2026-06-05,ODFL,-4.2016806723,SEC,2026-05-06,1.14,1.19,2026-03-31,2025-03-31,reported_quarter,DECLINE,resolved,,878927.0,,,,,,,,,,,,,0000878927-26-000011_EarningsPerShareDiluted_2026-01-01_2026-03-31_Q1,eps_pit_v4,2026-08-28T15:22:12.258366+00:00
2026-06-05,OSBC,11.6279069767,SEC,2026-05-07,0.48,0.43,2026-03-31,2025-03-31,reported_quarter,GROWTH,resolved,,357173.0,,,,,,,,,,,,,0000357173-26-000022_EarningsPerShareDiluted_2026-01-01_2026-03-31_Q1,eps_pit_v4,2026-08-28T15:22:28.426450+00:00
2026-06-05,OVLY,0.0,SEC,2026-05-12,0.64,0.64,2026-03-31,2025-03-31,reported_quarter,FLAT,resolved,,1431567.0,,,,,,,,,,,,,0001437749-26-016466_EarningsPerShareDiluted_2026-01-01_2026-03-31_Q1,eps_pit_v4,2026-08-28T15:22:28.044920+00:00
2026-06-05,PBFS,-4.347826087,SEC,2026-05-11,0.22,0.23,2026-03-31,2025-03-31,reported_quarter,DECLINE,resolved,,1769663.0,,,,,,,,,,,,,0001104659-26-058663_EarningsPerShareDiluted_2026-01-01_2026-03-31_Q1,eps_pit_v4,2026-08-28T15:22:20.677514+00:00
2026-06-05,PCB,39.6226415094,SEC,2026-05-07,0.74,0.53,2026-03-31,2025-03-31,reported_quarter,GROWTH,resolved,,1423869.0,,,,,,,,,,,,,0001423869-26-000018_EarningsPerShareDiluted_2026-01-01_2026-03-31_Q1,eps_pit_v4,2026-08-28T15:22:26.505314+00:00
2026-06-05,PEBK,1.2658227848,SEC,2026-05-07,0.8,0.79,2026-03-31,2025-03-31,reported_quarter,GROWTH,resolved,,1093672.0,,,,,,,,,,,,,0001654954-26-004543_EarningsPerShareDiluted_2026-01-01_2026-03-31_Q1,eps_pit_v4,2026-08-28T15:22:14.280724+00:00
2026-06-05,PFIS,-1.3422818792,SEC,2026-05-08,1.47,1.49,2026-03-31,2025-03-31,reported_quarter,DECLINE,resolved,,1056943.0,,,,,,,,,,,,,0001104659-26-057903_EarningsPerShareDiluted_2026-01-01_2026-03-31_Q1,eps_pit_v4,2026-08-28T15:22:21.787922+00:00
2026-06-05,PGC,86.0465116279,SEC,2026-05-08,0.8,0.43,2026-03-31,2025-03-31,reported_quarter,GROWTH,resolved,,1050743.0,,,,,,,,,,,,,0001193125-26-213949_EarningsPerShareDiluted_2026-01-01_2026-03-31_Q1,eps_pit_v4,2026-08-28T15:22:12.562349+00:00
2026-06-05,PLBC,15.0,SEC,2026-05-06,1.38,1.2,2026-03-31,2025-03-31,reported_quarter,GROWTH,resolved,,1168455.0,,,,,,,,,,,,,0001437749-26-015036_EarningsPerShareDiluted_2026-01-01_2026-03-31_Q1,eps_pit_v4,2026-08-28T15:22:25.018332+00:00
2026-06-05,PTRN,-5.8823529412,SEC,2026-05-07,0.16,0.17,2026-03-31,2025-03-31,reported_quarter,DECLINE,resolved,,1811935.0,,,,,,,,,,,,,0001811935-26-000039_EarningsPerShareDiluted_2026-01-01_2026-03-31_Q1,eps_pit_v4,2026-08-28T15:22:12.074000+00:00
2026-06-05,R,2.6431718062,SEC,2026-04-23,2.33,2.27,2026-03-31,2025-03-31,reported_quarter,GROWTH,resolved,,85961.0,,,,,,,,,,,,,0001628280-26-026847_EarningsPerShareDiluted_2026-01-01_2026-03-31_Q1,eps_pit_v4,2026-08-28T15:22:21.247752+00:00
2026-06-05,RBC,24.0343347639,SEC,2026-05-15,2.890000000000001,2.33,2026-03-28,2025-03-29,derived_from_fy,GROWTH,resolved,,1324948.0,,,,,,,,,,,,,"derived_from_fy(0001213900-26-057626_EarningsPerShareDiluted_2025-03-30_2026-03-28_FY,0001213900-25-070466_EarningsPerShareDiluted_2025-03-30_2025-06-28_Q1,0001213900-25-104623_EarningsPerShareDiluted_2025-06-29_2025-09-27_Q2,0001213900-26-012732_EarningsPerShareDiluted_2025-09-28_2025-12-27_Q3)",eps_pit_v4,2026-08-28T15:22:22.640512+00:00
2026-06-05,SMBC,15.1079136691,SEC,2026-05-08,1.6,1.39,2026-03-31,2025-03-31,reported_quarter,GROWTH,resolved,,916907.0,,,,,,,,,,,,,0001104659-26-058037_EarningsPerShareDiluted_2026-01-01_2026-03-31_Q3,eps_pit_v4,2026-08-28T15:22:16.988540+00:00
2026-06-05,SPG,16.5354330709,SEC,2026-05-11,1.48,1.27,2026-03-31,2025-03-31,reported_quarter,GROWTH,resolved,,1063761.0,,,,,,,,,,,,,0001104659-26-058640_EarningsPerShareDiluted_2026-01-01_2026-03-31_Q1,eps_pit_v4,2026-08-28T15:22:28.224522+00:00
2026-06-05,SPHR,98.2378854626,SEC,2026-05-05,-0.04,-2.27,2026-03-31,2025-03-31,reported_quarter,LOSS_NARROWING,resolved,,1795250.0,,,,,,,,,,,,,0001628280-26-030740_EarningsPerShareDiluted_2026-01-01_2026-03-31_Q1,eps_pit_v4,2026-08-28T15:22:11.142607+00:00
2026-06-05,SRCE,7.2368421053,SEC,2026-04-23,1.63,1.52,2026-03-31,2025-03-31,reported_quarter,GROWTH,resolved,,34782.0,,,,,,,,,,,,,0000034782-26-000032_EarningsPerShareDiluted_2026-01-01_2026-03-31_Q1,eps_pit_v4,2026-08-28T15:22:19.769242+00:00
2026-06-05,STBA,8.0459770115,SEC,2026-05-08,0.94,0.87,2026-03-31,2025-03-31,reported_quarter,GROWTH,resolved,,719220.0,,,,,,,,,,,,,0000719220-26-000050_EarningsPerShareDiluted_2026-01-01_2026-03-31_Q1,eps_pit_v4,2026-08-28T15:22:18.446321+00:00
2026-06-05,STT,22.0588235294,SEC,2026-04-29,2.49,2.04,2026-03-31,2025-03-31,reported_quarter,GROWTH,resolved,,93751.0,,,,,,,,,,,,,0000093751-26-000196_EarningsPerShareDiluted_2026-01-01_2026-03-31_Q1,eps_pit_v4,2026-08-28T15:22:24.012811+00:00
2026-06-05,SXI,206.6298342541,SEC,2026-05-06,5.55,1.81,2026-03-31,2025-03-31,reported_quarter,GROWTH,resolved,,310354.0,,,,,,,,,,,,,0001437749-26-014992_EarningsPerShareDiluted_2026-01-01_2026-03-31_Q3,eps_pit_v4,2026-08-28T15:22:26.192218+00:00
2026-06-05,TBBB,-5188.8888888889,YahooHistoricalEvent,2026-05-06,-4.76,-0.09,2026-03-31,2025-03-31,reported_quarter,LOSS_WIDENING,resolved,,,,,,,,,,,,,,,yahoo_event_2026-03-31_2026-05-06T16:00:00-04:00,eps_pit_v4,2026-08-28T15:22:18.548901+00:00
2026-06-05,TBN,8.2969432314,SEC,2026-05-13,-0.42,-0.458,2026-03-31,2025-03-31,reported_quarter,LOSS_NARROWING,resolved,,1997652.0,,,,,,,,,,,,,0001628280-26-034593_EarningsPerShareDiluted_2026-01-01_2026-03-31_Q3,eps_pit_v4,2026-08-28T15:22:15.439852+00:00
2026-06-05,TMP,32.8467153285,SEC,2026-05-05,1.82,1.37,2026-03-31,2025-03-31,reported_quarter,GROWTH,resolved,,1005817.0,,,,,,,,,,,,,0001005817-26-000049_EarningsPerShareDiluted_2026-01-01_2026-03-31_Q1,eps_pit_v4,2026-08-28T15:22:25.492664+00:00
2026-06-05,TNL,14.0186915888,SEC,2026-04-22,1.22,1.07,2026-03-31,2025-03-31,reported_quarter,GROWTH,resolved,,1361658.0,,,,,,,,,,,,,0001361658-26-000027_EarningsPerShareDiluted_2026-01-01_2026-03-31_Q1,eps_pit_v4,2026-08-28T15:22:26.783492+00:00
2026-06-05,TWIN,309.0909090909,SEC,2026-05-06,0.23,-0.11,2026-03-27,2025-03-28,reported_quarter,TURNAROUND,resolved,,100378.0,,,,,,,,,,,,,0001437749-26-015032_EarningsPerShareDiluted_2025-12-27_2026-03-27_Q3,eps_pit_v4,2026-08-28T15:22:15.853995+00:00
2026-06-05,TWLO,375.0,SEC,2026-05-01,0.57,0.12,2026-03-31,2025-03-31,reported_quarter,GROWTH,resolved,,1447669.0,,,,,,,,,,,,,0001447669-26-000049_EarningsPerShareDiluted_2026-01-01_2026-03-31_Q1,eps_pit_v4,2026-08-28T15:22:11.594774+00:00
2026-06-05,UNFI,720.0,SEC,2026-03-10,0.31,-0.05,2026-01-31,2025-02-01,reported_quarter,TURNAROUND,resolved,,1020859.0,,,,,,,,,,,,,0001020859-26-000006_EarningsPerShareDiluted_2025-11-02_2026-01-31_Q2,eps_pit_v4,2026-08-28T15:22:15.696981+00:00
2026-06-05,UNP,6.2962962963,SEC,2026-04-23,2.87,2.7,2026-03-31,2025-03-31,reported_quarter,GROWTH,resolved,,100885.0,,,,,,,,,,,,,0000100885-26-000155_EarningsPerShareDiluted_2026-01-01_2026-03-31_Q1,eps_pit_v4,2026-08-28T15:22:23.252062+00:00
2026-06-05,UTI,-95.2380952381,SEC,2026-05-07,0.01,0.21,2026-03-31,2025-03-31,reported_quarter,DECLINE,resolved,,1261654.0,,,,,,,,,,,,,0001261654-26-000012_EarningsPerShareDiluted_2026-01-01_2026-03-31_Q2,eps_pit_v4,2026-08-28T15:22:13.477749+00:00
2026-06-05,VLO,322.1052631579,SEC,2026-04-30,4.22,-1.9,2026-03-31,2025-03-31,reported_quarter,TURNAROUND,resolved,,1035002.0,,,,,,,,,,,,,0001628280-26-028690_EarningsPerShareDiluted_2026-01-01_2026-03-31_Q1,eps_pit_v4,2026-08-28T15:22:14.463147+00:00
2026-06-05,VMI,27.5462962963,SEC,2026-04-28,5.51,4.32,2026-03-28,2025-03-29,reported_quarter,GROWTH,resolved,,102729.0,,,,,,,,,,,,,0000102729-26-000020_EarningsPerShareDiluted_2025-12-28_2026-03-28_Q1,eps_pit_v4,2026-08-28T15:22:20.862477+00:00
2026-06-05,VOYA,23.2394366197,SEC,2026-05-07,1.75,1.42,2026-03-31,2025-03-31,reported_quarter,GROWTH,resolved,,1535929.0,,,,,,,,,,,,,0001535929-26-000083_EarningsPerShareDiluted_2026-01-01_2026-03-31_Q1,eps_pit_v4,2026-08-28T15:22:14.903307+00:00
2026-06-05,VSXY,2900.0,SEC,2026-06-05,0.56,-0.02,2026-05-02,2025-05-03,reported_quarter,TURNAROUND,resolved,,1856437.0,,,,,,,,,,,,,0001856437-26-000013_EarningsPerShareDiluted_2026-02-01_2026-05-02_Q1,eps_pit_v4,2026-08-28T15:22:11.398797+00:00
2026-06-05,WABC,-2.5862068966,SEC,2026-05-08,1.13,1.16,2026-03-31,2025-03-31,reported_quarter,DECLINE,resolved,,311094.0,,,,,,,,,,,,,0001171843-26-003210_EarningsPerShareDiluted_2026-01-01_2026-03-31_Q1,eps_pit_v4,2026-08-28T15:22:18.013005+00:00
2026-06-05,WSBF,100.0,SEC,2026-05-07,0.34,0.17,2026-03-31,2025-03-31,reported_quarter,GROWTH,resolved,,1569994.0,,,,,,,,,,,,,0001437749-26-015566_EarningsPerShareDiluted_2026-01-01_2026-03-31_Q1,eps_pit_v4,2026-08-28T15:22:16.462501+00:00
2026-06-05,XPO,46.5517241379,SEC,2026-04-30,0.85,0.58,2026-03-31,2025-03-31,reported_quarter,GROWTH,resolved,,1166003.0,,,,,,,,,,,,,0001166003-26-000063_EarningsPerShareDiluted_2026-01-01_2026-03-31_Q1,eps_pit_v4,2026-08-28T15:22:12.890547+00:00
2026-06-12,ABCB,28.3464566929,SEC,2026-05-08,1.63,1.27,2026-03-31,2025-03-31,reported_quarter,GROWTH,resolved,,351569.0,,,,,,,,,,,,,0000351569-26-000086_EarningsPerShareDiluted_2026-01-01_2026-03-31_Q1,eps_pit_v4,2026-08-28T15:23:04.684750+00:00
2026-06-12,ACLS,-65.9090909091,SEC,2026-05-08,0.3,0.88,2026-03-31,2025-03-31,reported_quarter,DECLINE,resolved,,1113232.0,,,,,,,,,,,,,0001104659-26-057725_EarningsPerShareDiluted_2026-01-01_2026-03-31_Q1,eps_pit_v4,2026-08-28T15:22:34.957288+00:00
2026-06-12,ACNB,4500.0,SEC,2026-05-07,1.32,-0.03,2026-03-31,2025-03-31,reported_quarter,TURNAROUND,resolved,,715579.0,,,,,,,,,,,,,0001628280-26-031924_EarningsPerShareDiluted_2026-01-01_2026-03-31_Q1,eps_pit_v4,2026-08-28T15:23:12.925816+00:00
2026-06-12,AD,880.9523809524,SEC,2026-05-08,2.06,0.21,2026-03-31,2025-03-31,reported_quarter,GROWTH,resolved,,821130.0,,,,,,,,,,,,,0000821130-26-000035_EarningsPerShareDiluted_2026-01-01_2026-03-31_Q1,eps_pit_v4,2026-08-28T15:23:10.665299+00:00
2026-06-12,AEIS,143.0769230769,SEC,2026-05-04,1.58,0.65,2026-03-31,2025-03-31,reported_quarter,GROWTH,resolved,,927003.0,,,,,,,,,,,,,0000927003-26-000014_EarningsPerShareDiluted_2026-01-01_2026-03-31_Q1,eps_pit_v4,2026-08-28T15:22:32.935129+00:00
2026-06-12,AIP,15.0,SEC,2026-05-12,-0.17,-0.2,2026-03-31,2025-03-31,reported_quarter,LOSS_NARROWING,resolved,,1667011.0,,,,,,,,,,,,,0001628280-26-034186_EarningsPerShareDiluted_2026-01-01_2026-03-31_Q1,eps_pit_v4,2026-08-28T15:22:35.830166+00:00
2026-06-12,AIR,784.0,SEC,2026-03-25,1.71,-0.25,2026-02-28,2025-02-28,reported_quarter,TURNAROUND,resolved,,1750.0,,,,,,,,,,,,,0001104659-26-033973_EarningsPerShareDiluted_2025-12-01_2026-02-28_Q3,eps_pit_v4,2026-08-28T15:22:54.600814+00:00
2026-06-12,AIT,3.1128404669,SEC,2026-04-28,2.65,2.57,2026-03-31,2025-03-31,reported_quarter,GROWTH,resolved,,109563.0,,,,,,,,,,,,,0000109563-26-000021_EarningsPerShareDiluted_2026-01-01_2026-03-31_Q3,eps_pit_v4,2026-08-28T15:23:13.359595+00:00
2026-06-12,AIZ,91.1660777385,SEC,2026-05-07,5.41,2.83,2026-03-31,2025-03-31,reported_quarter,GROWTH,resolved,,1267238.0,,,,,,,,,,,,,0001267238-26-000027_EarningsPerShareDiluted_2026-01-01_2026-03-31_Q1,eps_pit_v4,2026-08-28T15:23:09.326506+00:00
2026-06-12,ALGM,0.0,SEC,2026-05-21,-0.0799999999999999,-0.08,2026-03-27,2025-03-28,derived_from_fy,LOSS_NARROWING,resolved,,866291.0,,,,,,,,,,,,,"derived_from_fy(0001193125-26-233537_EarningsPerShareDiluted_2025-03-29_2026-03-27_FY,0000950170-25-101117_EarningsPerShareDiluted_2025-03-29_2025-06-27_Q1,0001193125-25-259807_EarningsPerShareDiluted_2025-06-28_2025-09-26_Q2,0001193125-26-030636_EarningsPerShareDiluted_2025-09-27_2025-12-26_Q3)",eps_pit_v4,2026-08-28T15:22:48.559977+00:00
2026-06-12,ALL,338.3886255924,SEC,2026-04-29,9.25,2.11,2026-03-31,2025-03-31,reported_quarter,GROWTH,resolved,,899051.0,,,,,,,,,,,,,0000899051-26-000075_EarningsPerShareDiluted_2026-01-01_2026-03-31_Q1,eps_pit_v4,2026-08-28T15:23:06.548123+00:00
2026-06-12,AMAL,3.7037037037,SEC,2026-05-05,0.84,0.81,2026-03-31,2025-03-31,reported_quarter,GROWTH,resolved,,1823608.0,,,,,,,,,,,,,0001823608-26-000113_EarningsPerShareDiluted_2026-01-01_2026-03-31_Q1,eps_pit_v4,2026-08-28T15:22:45.498332+00:00
2026-06-12,AMBQ,97.3628691983,SEC,2026-05-12,-0.5,-18.96,2026-03-31,2025-03-31,reported_quarter,LOSS_NARROWING,resolved,,1500412.0,,,,,,,,,,,,,0001193125-26-219341_EarningsPerShareDiluted_2026-01-01_2026-03-31_Q1,eps_pit_v4,2026-08-28T15:22:30.769064+00:00
2026-06-12,AMG,74.5454545455,SEC,2026-05-07,3.84,2.2,2026-03-31,2025-03-31,reported_quarter,GROWTH,resolved,,1004434.0,,,,,,,,,,,,,0001628280-26-032153_EarningsPerShareDiluted_2026-01-01_2026-03-31_Q1,eps_pit_v4,2026-08-28T15:22:55.604459+00:00
2026-06-12,AMKR,266.6666666667,SEC,2026-04-28,0.33,0.09,2026-03-31,2025-03-31,reported_quarter,GROWTH,resolved,,1047127.0,,,,,,,,,,,,,0001047127-26-000020_EarningsPerShareDiluted_2026-01-01_2026-03-31_Q1,eps_pit_v4,2026-08-28T15:22:43.939262+00:00
2026-06-12,AMRX,375.0,SEC,2026-05-07,0.19,0.04,2026-03-31,2025-03-31,reported_quarter,GROWTH,resolved,,1723128.0,,,,,,,,,,,,,0001723128-26-000020_EarningsPerShareDiluted_2026-01-01_2026-03-31_Q1,eps_pit_v4,2026-08-28T15:22:44.052283+00:00
2026-06-12,ARMK,65.2173913043,SEC,2026-05-12,0.38,0.23,2026-04-03,2025-03-28,reported_quarter,GROWTH,resolved,,1584509.0,,,,,,,,,,,,,0001584509-26-000088_EarningsPerShareDiluted_2026-01-03_2026-04-03_Q2,eps_pit_v4,2026-08-28T15:22:59.150567+00:00
2026-06-12,AROW,115.7894736842,SEC,2026-05-08,0.82,0.38,2026-03-31,2025-03-31,reported_quarter,GROWTH,resolved,,717538.0,,,,,,,,,,,,,0000717538-26-000060_EarningsPerShareDiluted_2026-01-01_2026-03-31_Q1,eps_pit_v4,2026-08-28T15:23:14.482486+00:00
2026-06-12,ASB,18.6440677966,SEC,2026-04-28,0.7,0.59,2026-03-31,2025-03-31,reported_quarter,GROWTH,resolved,,7789.0,,,,,,,,,,,,,0000007789-26-000141_EarningsPerShareDiluted_2026-01-01_2026-03-31_Q1,eps_pit_v4,2026-08-28T15:22:59.632192+00:00
2026-06-12,ASH,-47.6923076923,SEC,2026-04-29,0.34,0.65,2026-03-31,2025-03-31,reported_quarter,DECLINE,resolved,,1674862.0,,,,,,,,,,,,,0001193125-26-191380_EarningsPerShareDiluted_2026-01-01_2026-03-31_Q2,eps_pit_v4,2026-08-28T15:22:50.964477+00:00
2026-06-12,ASYS,103.5874439462,SEC,2026-05-07,0.08,-2.23,2026-03-31,2025-03-31,reported_quarter,TURNAROUND,resolved,,720500.0,,,,,,,,,,,,,0001193125-26-211854_EarningsPerShareDiluted_2026-01-01_2026-03-31_Q2,eps_pit_v4,2026-08-28T15:22:30.909195+00:00
2026-06-12,ATLC,49.6644295302,SEC,2026-05-07,2.23,1.49,2026-03-31,2025-03-31,reported_quarter,GROWTH,resolved,,1464343.0,,,,,,,,,,,,,0001437749-26-015592_EarningsPerShareDiluted_2026-01-01_2026-03-31_Q1,eps_pit_v4,2026-08-28T15:22:40.332467+00:00
2026-06-12,AVBH,18.3098591549,SEC,2026-05-13,0.84,0.71,2026-03-31,2025-03-31,reported_quarter,GROWTH,resolved,,1443575.0,,,,,,,,,,,,,0001437749-26-016715_EarningsPerShareDiluted_2026-01-01_2026-03-31_Q1,eps_pit_v4,2026-08-28T15:22:59.265177+00:00
2026-06-12,AXSM,-3.2786885246,SEC,2026-05-04,-1.26,-1.22,2026-03-31,2025-03-31,reported_quarter,LOSS_WIDENING,resolved,,1579428.0,,,,,,,,,,,,,0001193125-26-204274_EarningsPerShareDiluted_2026-01-01_2026-03-31_Q1,eps_pit_v4,2026-08-28T15:22:45.832993+00:00
2026-06-12,AZZ,-39.0804597701,SEC,2026-04-22,0.5299999999999994,0.8699999999999999,2026-02-28,2025-02-28,derived_from_fy,DECLINE,resolved,,8947.0,,,,,,,,,,,,,"derived_from_fy(0000008947-26-000068_EarningsPerShareDiluted_2025-03-01_2026-02-28_FY,0000008947-25-000140_EarningsPerShareDiluted_2025-03-01_2025-05-31_Q1,0000008947-25-000193_EarningsPerShareDiluted_2025-06-01_2025-08-31_Q2,0000008947-26-000010_EarningsPerShareDiluted_2025-09-01_2025-11-30_Q3)",eps_pit_v4,2026-08-28T15:22:53.298803+00:00
2026-06-12,BAP,25.2475247525,YahooHistoricalEvent,2026-05-14,7.59,6.06,2026-03-31,2025-03-31,reported_quarter,GROWTH,resolved,,,,,,,,,,,,,,,yahoo_event_2026-03-31_2026-05-14T17:00:00-04:00,eps_pit_v4,2026-08-28T15:22:51.649955+00:00
2026-06-12,BBT,161.9047619048,SEC,2026-05-11,0.55,0.21,2026-03-31,2025-03-31,reported_quarter,GROWTH,resolved,,1108134.0,,,,,,,,,,,,,0001628280-26-033186_EarningsPerShareDiluted_2026-01-01_2026-03-31_Q1,eps_pit_v4,2026-08-28T15:22:52.128103+00:00
2026-06-12,BCML,47.0588235294,SEC,2026-05-11,0.75,0.51,2026-03-31,2025-03-31,reported_quarter,GROWTH,resolved,,1730984.0,,,,,,,,,,,,,0001730984-26-000048_EarningsPerShareDiluted_2026-01-01_2026-03-31_Q1,eps_pit_v4,2026-08-28T15:23:03.876260+00:00
2026-06-12,BDL,6.8965517241,SEC,2026-05-12,1.55,1.45,2026-03-28,2025-03-29,reported_quarter,GROWTH,resolved,,12040.0,,,,,,,,,,,,,0001174947-26-000581_EarningsPerShareDiluted_2025-12-28_2026-03-28_Q2,eps_pit_v4,2026-08-28T15:22:49.771119+00:00
2026-06-12,BHB,22.7272727273,SEC,2026-05-05,0.81,0.66,2026-03-31,2025-03-31,reported_quarter,GROWTH,resolved,,743367.0,,,,,,,,,,,,,0001104659-26-055671_EarningsPerShareDiluted_2026-01-01_2026-03-31_Q1,eps_pit_v4,2026-08-28T15:23:13.200239+00:00
2026-06-12,BHE,260.0,SEC,2026-04-30,0.36,0.1,2026-03-31,2025-03-31,reported_quarter,GROWTH,resolved,,863436.0,,,,,,,,,,,,,0001193125-26-192574_EarningsPerShareDiluted_2026-01-01_2026-03-31_Q1,eps_pit_v4,2026-08-28T15:22:34.820478+00:00
2026-06-12,BJRI,-29.3103448276,SEC,2026-05-06,0.41,0.58,2026-03-31,2025-04-01,reported_quarter,DECLINE,resolved,,1013488.0,,,,,,,,,,,,,0001193125-26-206922_EarningsPerShareDiluted_2025-12-31_2026-03-31_Q1,eps_pit_v4,2026-08-28T15:22:32.289155+00:00
2026-06-12,BNL,166.6666666667,SEC,2026-04-30,0.24,0.09,2026-03-31,2025-03-31,reported_quarter,GROWTH,resolved,,1424182.0,,,,,,,,,,,,,0001424182-26-000037_EarningsPerShareDiluted_2026-01-01_2026-03-31_Q1,eps_pit_v4,2026-08-28T15:23:16.860407+00:00
2026-06-12,BOTJ,221.0526315789,SEC,2026-05-12,0.61,0.19,2026-03-31,2025-03-31,reported_quarter,GROWTH,resolved,,1275101.0,,,,,,,,,,,,,0001275101-26-000019_EarningsPerShareDiluted_2026-01-01_2026-03-31_Q1,eps_pit_v4,2026-08-28T15:22:36.478505+00:00
2026-06-12,BPOP,47.65625,SEC,2026-05-08,3.78,2.56,2026-03-31,2025-03-31,reported_quarter,GROWTH,resolved,,763901.0,,,,,,,,,,,,,0001193125-26-214600_EarningsPerShareDiluted_2026-01-01_2026-03-31_Q1,eps_pit_v4,2026-08-28T15:23:00.477615+00:00
2026-06-12,BPRN,18.1818181818,SEC,2026-05-08,0.91,0.77,2026-03-31,2025-03-31,reported_quarter,GROWTH,resolved,,1913971.0,,,,,,,,,,,,,0001193125-26-214214_EarningsPerShareDiluted_2026-01-01_2026-03-31_Q1,eps_pit_v4,2026-08-28T15:22:45.077474+00:00
2026-06-12,BRX,78.2608695652,SEC,2026-04-27,0.41,0.23,2026-03-31,2025-03-31,reported_quarter,GROWTH,resolved,,1581068.0,,,,,,,,,,,,,0001581068-26-000021_EarningsPerShareDiluted_2026-01-01_2026-03-31_Q1,eps_pit_v4,2026-08-28T15:22:57.796955+00:00
2026-06-12,BSRR,47.6923076923,SEC,2026-05-01,0.96,0.65,2026-03-31,2025-03-31,reported_quarter,GROWTH,resolved,,1130144.0,,,,,,,,,,,,,0001104659-26-053684_EarningsPerShareDiluted_2026-01-01_2026-03-31_Q1,eps_pit_v4,2026-08-28T15:23:02.336902+00:00
2026-06-12,BURL,13.2911392405,SEC,2026-05-28,1.79,1.58,2026-05-02,2025-05-03,reported_quarter,GROWTH,resolved,,1579298.0,,,,,,,,,,,,,0001193125-26-245274_EarningsPerShareDiluted_2026-02-01_2026-05-02_Q1,eps_pit_v4,2026-08-28T15:22:53.932565+00:00
2026-06-12,BUSE,218.1818181818,SEC,2026-05-07,0.52,-0.44,2026-03-31,2025-03-31,reported_quarter,TURNAROUND,resolved,,314489.0,,,,,,,,,,,,,0000314489-26-000033_EarningsPerShareDiluted_2026-01-01_2026-03-31_Q1,eps_pit_v4,2026-08-28T15:23:11.283988+00:00
2026-06-12,BY,29.6875,SEC,2026-05-01,0.83,0.64,2026-03-31,2025-03-31,reported_quarter,GROWTH,resolved,,1702750.0,,,,,,,,,,,,,0001193125-26-201603_EarningsPerShareDiluted_2026-01-01_2026-03-31_Q1,eps_pit_v4,2026-08-28T15:23:12.710815+00:00
2026-06-12,C,-9.022556391,SEC,2026-02-20,1.21,1.33,2025-12-31,2024-12-31,derived_from_fy,DECLINE,resolved,,831001.0,,,,,,,,,,,,,"derived_from_fy(0000831001-26-000011_EarningsPerShareDiluted_2025-01-01_2025-12-31_FY,0000831001-25-000086_EarningsPerShareDiluted_2025-01-01_2025-03-31_Q1,0000831001-25-000131_EarningsPerShareDiluted_2025-04-01_2025-06-30_Q2,0000831001-25-000154_EarningsPerShareDiluted_2025-07-01_2025-09-30_Q3)",eps_pit_v4,2026-08-28T15:23:05.038889+00:00
2026-06-12,CAC,200.0,SEC,2026-05-07,1.29,0.43,2026-03-31,2025-03-31,reported_quarter,GROWTH,resolved,,750686.0,,,,,,,,,,,,,0000750686-26-000026_EarningsPerShareDiluted_2026-01-01_2026-03-31_Q1,eps_pit_v4,2026-08-28T15:22:54.440810+00:00
2026-06-12,CAKE,52.2388059701,SEC,2026-05-04,1.02,0.67,2026-03-31,2025-04-01,reported_quarter,GROWTH,resolved,,887596.0,,,,,,,,,,,,,0001104659-26-054987_EarningsPerShareDiluted_2025-12-31_2026-03-31_Q1,eps_pit_v4,2026-08-28T15:22:33.584726+00:00
2026-06-12,CALY,2250.0,SEC,2026-05-08,0.47,0.02,2026-03-31,2025-03-31,reported_quarter,GROWTH,resolved,,837465.0,,,,,,,,,,,,,0000837465-26-000017_EarningsPerShareDiluted_2026-01-01_2026-03-31_Q1,eps_pit_v4,2026-08-28T15:22:50.106456+00:00
2026-06-12,CASY,49.7854077253,SEC,2026-03-09,3.49,2.33,2026-01-31,2025-01-31,reported_quarter,GROWTH,resolved,,726958.0,,,,,,,,,,,,,0000726958-26-000010_EarningsPerShareDiluted_2025-11-01_2026-01-31_Q3,eps_pit_v4,2026-08-28T15:23:02.123876+00:00
2026-06-12,CBAN,2.6315789474,SEC,2026-05-08,0.39,0.38,2026-03-31,2025-03-31,reported_quarter,GROWTH,resolved,,711669.0,,,,,,,,,,,,,0001104659-26-057671_EarningsPerShareDiluted_2026-01-01_2026-03-31_Q1,eps_pit_v4,2026-08-28T15:22:53.509854+00:00
2026-06-12,CBFV,108.5714285714,SEC,2026-05-12,0.73,0.35,2026-03-31,2025-03-31,reported_quarter,GROWTH,resolved,,1605301.0,,,,,,,,,,,,,0001605301-26-000023_EarningsPerShareDiluted_2026-01-01_2026-03-31_Q1,eps_pit_v4,2026-08-28T15:23:11.824452+00:00
2026-06-12,CCNE,76.0,SEC,2026-05-06,0.88,0.5,2026-03-31,2025-03-31,reported_quarter,GROWTH,resolved,,736772.0,,,,,,,,,,,,,0000736772-26-000053_EarningsPerShareDiluted_2026-01-01_2026-03-31_Q1,eps_pit_v4,2026-08-28T15:23:02.993826+00:00
2026-06-12,CDP,9.6774193548,SEC,2026-05-06,0.34,0.31,2026-03-31,2025-03-31,reported_quarter,GROWTH,resolved,,860546.0,,,,,,,,,,,,,0000860546-26-000029_EarningsPerShareDiluted_2026-01-01_2026-03-31_Q1,eps_pit_v4,2026-08-28T15:22:50.820963+00:00
2026-06-12,CECO,-101.0204081633,SEC,2026-04-30,-0.01,0.98,2026-03-31,2025-03-31,reported_quarter,PROFIT_TO_LOSS,resolved,,3197.0,,,,,,,,,,,,,0001193125-26-197428_EarningsPerShareDiluted_2026-01-01_2026-03-31_Q1,eps_pit_v4,2026-08-28T15:22:31.220197+00:00
2026-06-12,CHEF,60.0,SEC,2026-04-29,0.4,0.25,2026-03-27,2025-03-28,reported_quarter,GROWTH,resolved,,1517175.0,,,,,,,,,,,,,0001517175-26-000023_EarningsPerShareDiluted_2025-12-27_2026-03-27_Q1,eps_pit_v4,2026-08-28T15:22:51.896856+00:00
2026-06-12,CLBK,75.0,YahooHistoricalEvent,2026-04-20,0.07,0.04,2026-03-31,2025-03-31,reported_quarter,GROWTH,resolved,,,,,,,,,,,,,,,yahoo_event_2026-03-31_2026-04-20T16:00:00-04:00,eps_pit_v4,2026-08-28T15:22:47.183981+00:00
2026-06-12,CNOB,46.9387755102,SEC,2026-05-05,0.72,0.49,2026-03-31,2025-03-31,reported_quarter,GROWTH,resolved,,712771.0,,,,,,,,,,,,,0001437749-26-014866_EarningsPerShareDiluted_2026-01-01_2026-03-31_Q1,eps_pit_v4,2026-08-28T15:23:08.618639+00:00
2026-06-12,COCO,61.2903225806,SEC,2026-04-29,0.5,0.31,2026-03-31,2025-03-31,reported_quarter,GROWTH,resolved,,1482981.0,,,,,,,,,,,,,0001482981-26-000120_EarningsPerShareDiluted_2026-01-01_2026-03-31_Q1,eps_pit_v4,2026-08-28T15:22:51.712127+00:00
2026-06-12,COHU,60.6060606061,SEC,2026-05-01,-0.26,-0.66,2026-03-28,2025-03-29,reported_quarter,LOSS_NARROWING,resolved,,21535.0,,,,,,,,,,,,,0001437749-26-014308_EarningsPerShareDiluted_2025-12-28_2026-03-28_Q1,eps_pit_v4,2026-08-28T15:22:33.204058+00:00
2026-06-12,CON,30.0,SEC,2026-05-07,0.39,0.3,2026-03-31,2025-03-31,reported_quarter,GROWTH,resolved,,2014596.0,,,,,,,,,,,,,0002014596-26-000044_EarningsPerShareDiluted_2026-01-01_2026-03-31_Q1,eps_pit_v4,2026-08-28T15:22:45.003409+00:00
2026-06-12,COSO,8.5106382979,SEC,2026-05-08,0.51,0.47,2026-03-31,2025-03-31,reported_quarter,GROWTH,resolved,,1297107.0,,,,,,,,,,,,,0001193125-26-214695_EarningsPerShareDiluted_2026-01-01_2026-03-31_Q1,eps_pit_v4,2026-08-28T15:23:12.980255+00:00
2026-06-12,CPF,20.0,SEC,2026-04-29,0.78,0.65,2026-03-31,2025-03-31,reported_quarter,GROWTH,resolved,,701347.0,,,,,,,,,,,,,0000701347-26-000028_EarningsPerShareDiluted_2026-01-01_2026-03-31_Q1,eps_pit_v4,2026-08-28T15:23:13.572877+00:00
2026-06-12,CRDO,412.5,SEC,2026-03-03,0.82,0.16,2026-01-31,2025-02-01,reported_quarter,GROWTH,resolved,,1807794.0,,,,,,,,,,,,,0001628280-26-014017_EarningsPerShareDiluted_2025-11-02_2026-01-31_Q3,eps_pit_v4,2026-08-28T15:22:33.781318+00:00
2026-06-12,CSTM,446.1538461538,SEC,2026-04-29,1.42,0.26,2026-03-31,2025-03-31,reported_quarter,GROWTH,resolved,,1563411.0,,,,,,,,,,,,,0001563411-26-000155_EarningsPerShareDiluted_2026-01-01_2026-03-31_Q1,eps_pit_v4,2026-08-28T15:22:34.055945+00:00
2026-06-12,CSX,26.4705882353,SEC,2026-04-22,0.43,0.34,2026-03-31,2025-03-31,reported_quarter,GROWTH,resolved,,277948.0,,,,,,,,,,,,,0000277948-26-000014_EarningsPerShareDiluted_2026-01-01_2026-03-31_Q1,eps_pit_v4,2026-08-28T15:22:48.478868+00:00
2026-06-12,CTBI,22.9508196721,SEC,2026-05-08,1.5,1.22,2026-03-31,2025-03-31,reported_quarter,GROWTH,resolved,,350852.0,,,,,,,,,,,,,0001140361-26-019739_EarningsPerShareDiluted_2026-01-01_2026-03-31_Q1,eps_pit_v4,2026-08-28T15:22:52.802467+00:00
2026-06-12,CTO,1200.0,SEC,2026-04-28,0.13,0.01,2026-03-31,2025-03-31,reported_quarter,GROWTH,resolved,,23795.0,,,,,,,,,,,,,0001104659-26-050378_EarningsPerShareDiluted_2026-01-01_2026-03-31_Q1,eps_pit_v4,2026-08-28T15:22:58.800187+00:00
2026-06-12,CTRN,727.2727272727,SEC,2026-06-10,0.91,0.11,2026-05-02,2025-05-03,reported_quarter,GROWTH,resolved,,1318484.0,,,,,,,,,,,,,0001104659-26-072225_EarningsPerShareDiluted_2026-02-01_2026-05-02_Q1,eps_pit_v4,2026-08-28T15:22:49.654268+00:00
2026-06-12,CVS,63.1205673759,SEC,2026-05-06,2.3,1.41,2026-03-31,2025-03-31,reported_quarter,GROWTH,resolved,,64803.0,,,,,,,,,,,,,0000064803-26-000052_EarningsPerShareDiluted_2026-01-01_2026-03-31_Q1,eps_pit_v4,2026-08-28T15:22:53.001021+00:00
2026-06-12,CW,29.1044776119,SEC,2026-05-07,3.46,2.68,2026-03-31,2025-03-31,reported_quarter,GROWTH,resolved,,26324.0,,,,,,,,,,,,,0001628280-26-031971_EarningsPerShareDiluted_2026-01-01_2026-03-31_Q1,eps_pit_v4,2026-08-28T15:22:38.285872+00:00
2026-06-12,CWBC,36.3636363636,SEC,2026-05-08,0.6,0.44,2026-03-31,2025-03-31,reported_quarter,GROWTH,resolved,,1127371.0,,,,,,,,,,,,,0001628280-26-032457_EarningsPerShareDiluted_2026-01-01_2026-03-31_Q1,eps_pit_v4,2026-08-28T15:23:05.317922+00:00
2026-06-12,CXW,65.2173913043,SEC,2026-05-07,0.38,0.23,2026-03-31,2025-03-31,reported_quarter,GROWTH,resolved,,1070985.0,,,,,,,,,,,,,0001193125-26-211158_EarningsPerShareDiluted_2026-01-01_2026-03-31_Q1,eps_pit_v4,2026-08-28T15:22:31.432517+00:00
2026-06-12,CZWI,21.875,SEC,2026-05-06,0.39,0.32,2026-03-31,2025-03-31,reported_quarter,GROWTH,resolved,,1367859.0,,,,,,,,,,,,,0001367859-26-000034_EarningsPerShareDiluted_2026-01-01_2026-03-31_Q1,eps_pit_v4,2026-08-28T15:22:47.141195+00:00
2026-06-12,DAVE,104.0609137056,SEC,2026-05-05,4.02,1.97,2026-03-31,2025-03-31,reported_quarter,GROWTH,resolved,,1841408.0,,,,,,,,,,,,,0001193125-26-206446_EarningsPerShareDiluted_2026-01-01_2026-03-31_Q1,eps_pit_v4,2026-08-28T15:22:40.486036+00:00
2026-06-12,DBD,163.6363636364,SEC,2026-04-30,0.14,-0.22,2026-03-31,2025-03-31,reported_quarter,TURNAROUND,resolved,,28823.0,,,,,,,,,,,,,0000028823-26-000021_EarningsPerShareDiluted_2026-01-01_2026-03-31_Q1,eps_pit_v4,2026-08-28T15:23:10.499026+00:00
2026-06-12,DCO,611.1111111111,SEC,2026-05-12,0.64,0.09,2026-04-04,2025-03-29,reported_quarter,GROWTH,resolved,,30305.0,,,,,,,,,,,,,0001628280-26-033836_EarningsPerShareDiluted_2026-01-01_2026-04-04_Q1,eps_pit_v4,2026-08-28T15:22:55.296264+00:00
2026-06-12,DCOM,66.6666666667,SEC,2026-05-01,0.75,0.45,2026-03-31,2025-03-31,reported_quarter,GROWTH,resolved,,846617.0,,,,,,,,,,,,,0000846617-26-000030_EarningsPerShareDiluted_2026-01-01_2026-03-31_Q1,eps_pit_v4,2026-08-28T15:22:47.732287+00:00
2026-06-12,DOC,366.6666666667,SEC,2026-05-06,0.28,0.06,2026-03-31,2025-03-31,reported_quarter,GROWTH,resolved,,765880.0,,,,,,,,,,,,,0001628280-26-031287_EarningsPerShareDiluted_2026-01-01_2026-03-31_Q1,eps_pit_v4,2026-08-28T15:23:09.536879+00:00
2026-06-12,DVA,43.5,SEC,2026-05-05,2.87,2.0,2026-03-31,2025-03-31,reported_quarter,GROWTH,resolved,,927066.0,,,,,,,,,,,,,0000927066-26-000062_EarningsPerShareDiluted_2026-01-01_2026-03-31_Q1,eps_pit_v4,2026-08-28T15:22:42.095512+00:00
2026-06-12,DXPE,-2.4,SEC,2026-05-07,1.22,1.25,2026-03-31,2025-03-31,reported_quarter,DECLINE,resolved,,1020710.0,,,,,,,,,,,,,0001628280-26-032353_EarningsPerShareDiluted_2026-01-01_2026-03-31_Q1,eps_pit_v4,2026-08-28T15:22:44.207459+00:00
2026-06-12,EFSC,-0.7633587786,SEC,2026-05-01,1.3,1.31,2026-03-31,2025-03-31,reported_quarter,DECLINE,resolved,,1025835.0,,,,,,,,,,,,,0001025835-26-000108_EarningsPerShareDiluted_2026-01-01_2026-03-31_Q1,eps_pit_v4,2026-08-28T15:22:50.444523+00:00
2026-06-12,EGP,55.2631578947,SEC,2026-04-22,1.77,1.14,2026-03-31,2025-03-31,reported_quarter,GROWTH,resolved,,49600.0,,,,,,,,,,,,,0000049600-26-000029_EarningsPerShareDiluted_2026-01-01_2026-03-31_Q1,eps_pit_v4,2026-08-28T15:22:55.441472+00:00
2026-06-12,ELA,240.0,SEC,2026-05-06,0.34,0.1,2026-03-31,2025-03-31,reported_quarter,GROWTH,resolved,,701719.0,,,,,,,,,,,,,0000701719-26-000013_EarningsPerShareDiluted_2026-01-01_2026-03-31_Q1,eps_pit_v4,2026-08-28T15:22:42.581467+00:00
2026-06-12,ELVN,33.3333333333,SEC,2026-05-07,-0.38,-0.57,2026-03-31,2025-03-31,reported_quarter,LOSS_NARROWING,resolved,,1672619.0,,,,,,,,,,,,,0001193125-26-211982_EarningsPerShareDiluted_2026-01-01_2026-03-31_Q1,eps_pit_v4,2026-08-28T15:22:31.055656+00:00
2026-06-12,ENVA,28.624535316,SEC,2026-04-23,3.46,2.69,2026-03-31,2025-03-31,reported_quarter,GROWTH,resolved,,1529864.0,,,,,,,,,,,,,0001193125-26-174021_EarningsPerShareDiluted_2026-01-01_2026-03-31_Q1,eps_pit_v4,2026-08-28T15:22:46.465635+00:00
2026-06-12,ESE,11.6666666667,SEC,2026-05-11,1.34,1.2,2026-03-31,2025-03-31,reported_quarter,GROWTH,resolved,,866706.0,,,,,,,,,,,,,0001104659-26-058482_EarningsPerShareDiluted_2026-01-01_2026-03-31_Q2,eps_pit_v4,2026-08-28T15:23:07.236534+00:00
2026-06-12,ESI,-42.5,SEC,2026-04-29,0.23,0.4,2026-03-31,2025-03-31,reported_quarter,DECLINE,resolved,,1590714.0,,,,,,,,,,,,,0001590714-26-000041_EarningsPerShareDiluted_2026-01-01_2026-03-31_Q1,eps_pit_v4,2026-08-28T15:22:37.727886+00:00
2026-06-12,ETON,183.3333333333,SEC,2026-05-14,0.05,-0.06,2026-03-31,2025-03-31,reported_quarter,TURNAROUND,resolved,,1710340.0,,,,,,,,,,,,,0001437749-26-017064_EarningsPerShareDiluted_2026-01-01_2026-03-31_Q1,eps_pit_v4,2026-08-28T15:22:39.495952+00:00
2026-06-12,EWBC,23.5576923077,SEC,2026-05-08,2.57,2.08,2026-03-31,2025-03-31,reported_quarter,GROWTH,resolved,,1069157.0,,,,,,,,,,,,,0001069157-26-000020_EarningsPerShareDiluted_2026-01-01_2026-03-31_Q1,eps_pit_v4,2026-08-28T15:23:12.293973+00:00
2026-06-12,EXEL,43.6363636364,SEC,2026-05-05,0.79,0.55,2026-04-03,2025-04-04,reported_quarter,GROWTH,resolved,,939767.0,,,,,,,,,,,,,0000939767-26-000059_EarningsPerShareDiluted_2026-01-03_2026-04-03_Q1,eps_pit_v4,2026-08-28T15:22:49.127582+00:00
2026-06-12,EXPD,16.3265306122,SEC,2026-05-06,1.71,1.47,2026-03-31,2025-03-31,reported_quarter,GROWTH,resolved,,746515.0,,,,,,,,,,,,,0001193125-26-208834_EarningsPerShareDiluted_2026-01-01_2026-03-31_Q1,eps_pit_v4,2026-08-28T15:22:56.777729+00:00
2026-06-12,FBIZ,9.0909090909,SEC,2026-04-24,1.44,1.32,2026-03-31,2025-03-31,reported_quarter,GROWTH,resolved,,1521951.0,,,,,,,,,,,,,0001193125-26-177139_EarningsPerShareDiluted_2026-01-01_2026-03-31_Q1,eps_pit_v4,2026-08-28T15:23:06.298492+00:00
2026-06-12,FBP,21.2765957447,SEC,2026-05-08,0.57,0.47,2026-03-31,2025-03-31,reported_quarter,GROWTH,resolved,,1057706.0,,,,,,,,,,,,,0001057706-26-000012_EarningsPerShareDiluted_2026-01-01_2026-03-31_Q1,eps_pit_v4,2026-08-28T15:23:05.985862+00:00
2026-06-12,FCBC,-1.5625,SEC,2026-05-08,0.63,0.64,2026-03-31,2025-03-31,reported_quarter,DECLINE,resolved,,859070.0,,,,,,,,,,,,,0001437749-26-015833_EarningsPerShareDiluted_2026-01-01_2026-03-31_Q1,eps_pit_v4,2026-08-28T15:22:51.507663+00:00
2026-06-12,FCCO,15.6862745098,SEC,2026-05-15,0.59,0.51,2026-03-31,2025-03-31,reported_quarter,GROWTH,resolved,,932781.0,,,,,,,,,,,,,0001552781-26-000341_EarningsPerShareDiluted_2026-01-01_2026-03-31_Q1,eps_pit_v4,2026-08-28T15:23:13.984921+00:00
2026-06-12,FCF,15.625,SEC,2026-05-11,0.37,0.32,2026-03-31,2025-03-31,reported_quarter,GROWTH,resolved,,712537.0,,,,,,,,,,,,,0000712537-26-000022_EarningsPerShareDiluted_2026-01-01_2026-03-31_Q1,eps_pit_v4,2026-08-28T15:23:00.776286+00:00
2026-06-12,FDSB,300.0,SEC,2026-05-12,0.08,0.02,2026-03-31,2025-03-31,reported_quarter,GROWTH,resolved,,2012726.0,,,,,,,,,,,,,0001104659-26-059501_EarningsPerShareDiluted_2026-01-01_2026-03-31_Q1,eps_pit_v4,2026-08-28T15:23:09.916684+00:00
2026-06-12,FFBC,31.4814814815,SEC,2026-05-08,0.71,0.54,2026-03-31,2025-03-31,reported_quarter,GROWTH,resolved,,708955.0,,,,,,,,,,,,,0000708955-26-000096_EarningsPerShareDiluted_2026-01-01_2026-03-31_Q1,eps_pit_v4,2026-08-28T15:23:10.262939+00:00
2026-06-12,FFIV,4.0322580645,SEC,2026-05-05,2.58,2.48,2026-03-31,2025-03-31,reported_quarter,GROWTH,resolved,,1048695.0,,,,,,,,,,,,,0001048695-26-000051_EarningsPerShareDiluted_2026-01-01_2026-03-31_Q2,eps_pit_v4,2026-08-28T15:22:41.896040+00:00
2026-06-12,FMBH,13.9784946237,SEC,2026-05-08,1.06,0.93,2026-03-31,2025-03-31,reported_quarter,GROWTH,resolved,,700565.0,,,,,,,,,,,,,0001193125-26-213797_EarningsPerShareDiluted_2026-01-01_2026-03-31_Q1,eps_pit_v4,2026-08-28T15:23:12.062084+00:00
2026-06-12,FNLC,26.9841269841,SEC,2026-05-08,0.8,0.63,2026-03-31,2025-03-31,reported_quarter,GROWTH,resolved,,765207.0,,,,,,,,,,,,,0000765207-26-000087_EarningsPerShareDiluted_2026-01-01_2026-03-31_Q1,eps_pit_v4,2026-08-28T15:22:44.698807+00:00
2026-06-12,FNRN,63.6363636364,SEC,2026-05-07,0.36,0.22,2026-03-31,2025-03-31,reported_quarter,GROWTH,resolved,,1114927.0,,,,,,,,,,,,,0001437749-26-015475_EarningsPerShareDiluted_2026-01-01_2026-03-31_Q1,eps_pit_v4,2026-08-28T15:22:56.152548+00:00
2026-06-12,FORM,225.0,SEC,2026-05-05,0.26,0.08,2026-03-28,2025-03-29,reported_quarter,GROWTH,resolved,,1039399.0,,,,,,,,,,,,,0001039399-26-000023_EarningsPerShareDiluted_2025-12-28_2026-03-28_Q1,eps_pit_v4,2026-08-28T15:22:32.106656+00:00
2026-06-12,FR,200.0,SEC,2026-04-24,1.08,0.36,2026-03-31,2025-03-31,reported_quarter,GROWTH,resolved,,921825.0,,,,,,,,,,,,,0000921825-26-000054_EarningsPerShareDiluted_2026-01-01_2026-03-31_Q1,eps_pit_v4,2026-08-28T15:23:15.960246+00:00
2026-06-12,FRAF,68.1818181818,SEC,2026-05-11,1.48,0.88,2026-03-31,2025-03-31,reported_quarter,GROWTH,resolved,,723646.0,,,,,,,,,,,,,0000723646-26-000055_EarningsPerShareDiluted_2026-01-01_2026-03-31_Q1,eps_pit_v4,2026-08-28T15:23:07.620432+00:00
2026-06-12,FRST,-67.3913043478,SEC,2026-05-08,0.3,0.92,2026-03-31,2025-03-31,reported_quarter,DECLINE,resolved,,1325670.0,,,,,,,,,,,,,0001104659-26-057998_EarningsPerShareDiluted_2026-01-01_2026-03-31_Q1,eps_pit_v4,2026-08-28T15:23:05.736238+00:00
2026-06-12,FULT,4.0816326531,SEC,2026-05-08,0.51,0.49,2026-03-31,2025-03-31,reported_quarter,GROWTH,resolved,,700564.0,,,,,,,,,,,,,0000700564-26-000016_EarningsPerShareDiluted_2026-01-01_2026-03-31_Q1,eps_pit_v4,2026-08-28T15:22:58.637737+00:00
2026-06-12,FUNC,15.7303370787,SEC,2026-05-08,1.03,0.89,2026-03-31,2025-03-31,reported_quarter,GROWTH,resolved,,763907.0,,,,,,,,,,,,,0001104659-26-057909_EarningsPerShareDiluted_2026-01-01_2026-03-31_Q1,eps_pit_v4,2026-08-28T15:22:38.004048+00:00
2026-06-12,FVCB,25.0,SEC,2026-05-07,0.35,0.28,2026-03-31,2025-03-31,reported_quarter,GROWTH,resolved,,1675644.0,,,,,,,,,,,,,0001675644-26-000059_EarningsPerShareDiluted_2026-01-01_2026-03-31_Q1,eps_pit_v4,2026-08-28T15:23:04.397721+00:00
2026-06-12,FVR,100.0,SEC,2026-05-07,0.0,-0.06,2026-03-31,2025-03-31,reported_quarter,LOSS_NARROWING,resolved,,1988494.0,,,,,,,,,,,,,0001193125-26-211875_EarningsPerShareDiluted_2026-01-01_2026-03-31_Q1,eps_pit_v4,2026-08-28T15:22:35.276270+00:00
2026-06-12,FXNC,200.0,SEC,2026-05-13,0.54,0.18,2026-03-31,2025-03-31,reported_quarter,GROWTH,resolved,,719402.0,,,,,,,,,,,,,0001437749-26-016708_EarningsPerShareDiluted_2026-01-01_2026-03-31_Q1,eps_pit_v4,2026-08-28T15:22:48.752100+00:00
2026-06-12,GABC,193.3333333333,SEC,2026-05-06,0.88,0.3,2026-03-31,2025-03-31,reported_quarter,GROWTH,resolved,,714395.0,,,,,,,,,,,,,0000714395-26-000027_EarningsPerShareDiluted_2026-01-01_2026-03-31_Q1,eps_pit_v4,2026-08-28T15:22:52.597769+00:00
2026-06-12,GRC,47.8260869565,SEC,2026-04-27,0.68,0.46,2026-03-31,2025-03-31,reported_quarter,GROWTH,resolved,,42682.0,,,,,,,,,,,,,0001193125-26-180225_EarningsPerShareDiluted_2026-01-01_2026-03-31_Q1,eps_pit_v4,2026-08-28T15:22:38.945631+00:00
2026-06-12,HBCP,5.8394160584,SEC,2026-05-06,1.45,1.37,2026-03-31,2025-03-31,reported_quarter,GROWTH,resolved,,1436425.0,,,,,,,,,,,,,0001628280-26-031198_EarningsPerShareDiluted_2026-01-01_2026-03-31_Q1,eps_pit_v4,2026-08-28T15:23:16.748880+00:00
2026-06-12,HBNC,-5.5555555556,SEC,2026-05-08,0.51,0.54,2026-03-31,2025-03-31,reported_quarter,DECLINE,resolved,,706129.0,,,,,,,,,,,,,0000706129-26-000046_EarningsPerShareDiluted_2026-01-01_2026-03-31_Q1,eps_pit_v4,2026-08-28T15:22:59.839814+00:00
2026-06-12,HBT,-43.3333333333,SEC,2026-05-06,0.34,0.6,2026-03-31,2025-03-31,reported_quarter,DECLINE,resolved,,775215.0,,,,,,,,,,,,,0000775215-26-000055_EarningsPerShareDiluted_2026-01-01_2026-03-31_Q1,eps_pit_v4,2026-08-28T15:22:56.569570+00:00
2026-06-12,HFWA,20.0,SEC,2026-05-08,0.48,0.4,2026-03-31,2025-03-31,reported_quarter,GROWTH,resolved,,1046025.0,,,,,,,,,,,,,0001628280-26-032682_EarningsPerShareDiluted_2026-01-01_2026-03-31_Q1,eps_pit_v4,2026-08-28T15:23:07.009590+00:00
2026-06-12,HLT,34.9593495935,SEC,2026-04-28,1.66,1.23,2026-03-31,2025-03-31,reported_quarter,GROWTH,resolved,,1585689.0,,,,,,,,,,,,,0001585689-26-000032_EarningsPerShareDiluted_2026-01-01_2026-03-31_Q1,eps_pit_v4,2026-08-28T15:23:15.331705+00:00
2026-06-12,HMN,8.6956521739,SEC,2026-05-08,1.0,0.92,2026-03-31,2025-03-31,reported_quarter,GROWTH,resolved,,850141.0,,,,,,,,,,,,,0000850141-26-000021_EarningsPerShareDiluted_2026-01-01_2026-03-31_Q1,eps_pit_v4,2026-08-28T15:23:14.239746+00:00
2026-06-12,HR,100.0,SEC,2026-05-01,0.0,-0.13,2026-03-31,2025-03-31,reported_quarter,LOSS_NARROWING,resolved,,1360604.0,,,,,,,,,,,,,0001360604-26-000042_EarningsPerShareDiluted_2026-01-01_2026-03-31_Q1,eps_pit_v4,2026-08-28T15:23:10.878814+00:00
2026-06-12,HWBK,7.7922077922,SEC,2026-05-08,0.83,0.77,2026-03-31,2025-03-31,reported_quarter,GROWTH,resolved,,893847.0,,,,,,,,,,,,,0000893847-26-000063_EarningsPerShareDiluted_2026-01-01_2026-03-31_Q1,eps_pit_v4,2026-08-28T15:22:57.589767+00:00
2026-06-12,IBKR,22.9166666667,SEC,2026-05-07,0.59,0.48,2026-03-31,2025-03-31,reported_quarter,GROWTH,resolved,,1381197.0,,,,,,,,,,,,,0001381197-26-000093_EarningsPerShareDiluted_2026-01-01_2026-03-31_Q1,eps_pit_v4,2026-08-28T15:23:01.997457+00:00
2026-06-12,IBOC,5.1282051282,SEC,2026-05-07,1.64,1.56,2026-03-31,2025-03-31,reported_quarter,GROWTH,resolved,,315709.0,,,,,,,,,,,,,0001104659-26-056997_EarningsPerShareDiluted_2026-01-01_2026-03-31_Q1,eps_pit_v4,2026-08-28T15:22:46.091378+00:00
2026-06-12,ICHR,46.1538461538,SEC,2026-05-05,-0.07,-0.13,2026-03-27,2025-03-28,reported_quarter,LOSS_NARROWING,resolved,,1652535.0,,,,,,,,,,,,,0001652535-26-000031_EarningsPerShareDiluted_2025-12-27_2026-03-27_Q1,eps_pit_v4,2026-08-28T15:22:30.350684+00:00
2026-06-12,IDA,8.3333333333,SEC,2026-02-19,0.7800000000000002,0.7199999999999998,2025-12-31,2024-12-31,derived_from_fy,GROWTH,resolved,,1057877.0,,,,,,,,,,,,,"derived_from_fy(0001057877-26-000028_EarningsPerShareDiluted_2025-01-01_2025-12-31_FY,0001057877-25-000037_EarningsPerShareDiluted_2025-01-01_2025-03-31_Q1,0001057877-25-000067_EarningsPerShareDiluted_2025-04-01_2025-06-30_Q2,0001057877-25-000082_EarningsPerShareDiluted_2025-07-01_2025-09-30_Q3)",eps_pit_v4,2026-08-28T15:23:16.550311+00:00
2026-06-12,IFS,37.5,YahooHistoricalEvent,2026-05-10,5.39,3.92,2026-03-31,2025-03-31,reported_quarter,GROWTH,resolved,,,,,,,,,,,,,,,yahoo_event_2026-03-31_2026-05-10T20:00:00-04:00,eps_pit_v4,2026-08-28T15:22:43.205293+00:00
2026-06-12,INCY,83.75,SEC,2026-04-28,1.47,0.8,2026-03-31,2025-03-31,reported_quarter,GROWTH,resolved,,879169.0,,,,,,,,,,,,,0000879169-26-000026_EarningsPerShareDiluted_2026-01-01_2026-03-31_Q1,eps_pit_v4,2026-08-28T15:23:01.546179+00:00
2026-06-12,IVT,-22.2222222222,SEC,2026-04-28,0.07,0.09,2026-03-31,2025-03-31,reported_quarter,DECLINE,resolved,,1307748.0,,,,,,,,,,,,,0001307748-26-000112_EarningsPerShareDiluted_2026-01-01_2026-03-31_Q1,eps_pit_v4,2026-08-28T15:22:56.928156+00:00
2026-06-12,JBL,96.2264150943,SEC,2026-04-08,2.08,1.06,2026-02-28,2025-02-28,reported_quarter,GROWTH,resolved,,898293.0,,,,,,,,,,,,,0001628280-26-024148_EarningsPerShareDiluted_2025-12-01_2026-02-28_Q2,eps_pit_v4,2026-08-28T15:22:55.904494+00:00
2026-06-12,KALU,183.2061068702,SEC,2026-04-23,3.71,1.31,2026-03-31,2025-03-31,reported_quarter,GROWTH,resolved,,811596.0,,,,,,,,,,,,,0001193125-26-173882_EarningsPerShareDiluted_2026-01-01_2026-03-31_Q1,eps_pit_v4,2026-08-28T15:22:40.769226+00:00
2026-06-12,KIM,104.5454545455,SEC,2021-02-23,0.45,0.22,2020-12-31,2019-12-31,reported_quarter,GROWTH,resolved,,879101.0,,,,,,,,,,,,,0001437749-21-003766_EarningsPerShareDiluted_2020-10-01_2020-12-31_FY,eps_pit_v4,2026-08-28T15:22:43.684057+00:00
2026-06-12,KLAC,11.7647058824,SEC,2026-04-30,9.12,8.16,2026-03-31,2025-03-31,reported_quarter,GROWTH,resolved,,319201.0,,,,,,,,,,,,,0000319201-26-000016_EarningsPerShareDiluted_2026-01-01_2026-03-31_Q3,eps_pit_v4,2026-08-28T15:22:47.947405+00:00
2026-06-12,KLIC,141.5094339623,SEC,2026-05-07,0.66,-1.59,2026-04-04,2025-03-29,reported_quarter,TURNAROUND,resolved,,56978.0,,,,,,,,,,,,,0000056978-26-000020_EarningsPerShareDiluted_2026-01-04_2026-04-04_Q2,eps_pit_v4,2026-08-28T15:22:32.531347+00:00
2026-06-12,KO,18.1818181818,SEC,2026-04-30,0.91,0.77,2026-04-03,2025-03-28,reported_quarter,GROWTH,resolved,,21344.0,,,,,,,,,,,,,0001628280-26-028802_EarningsPerShareDiluted_2026-01-01_2026-04-03_Q1,eps_pit_v4,2026-08-28T15:23:13.790417+00:00
2026-06-12,KRG,-45.4545454545,SEC,2026-04-29,0.06,0.11,2026-03-31,2025-03-31,reported_quarter,DECLINE,resolved,,1286043.0,,,,,,,,,,,,,0001286043-26-000037_EarningsPerShareDiluted_2026-01-01_2026-03-31_Q1,eps_pit_v4,2026-08-28T15:22:39.420864+00:00
2026-06-12,KRYS,52.5,SEC,2026-05-04,1.83,1.2,2026-03-31,2025-03-31,reported_quarter,GROWTH,resolved,,1711279.0,,,,,,,,,,,,,0001711279-26-000043_EarningsPerShareDiluted_2026-01-01_2026-03-31_Q1,eps_pit_v4,2026-08-28T15:23:08.963504+00:00
2026-06-12,LARK,7.7922077922,SEC,2026-05-06,0.83,0.77,2026-03-31,2025-03-31,reported_quarter,GROWTH,resolved,,1141688.0,,,,,,,,,,,,,0001493152-26-021454_EarningsPerShareDiluted_2026-01-01_2026-03-31_Q1,eps_pit_v4,2026-08-28T15:22:46.920381+00:00
2026-06-12,LAUR,-15.3846153846,SEC,2026-04-30,-0.15,-0.13,2026-03-31,2025-03-31,reported_quarter,LOSS_WIDENING,resolved,,912766.0,,,,,,,,,,,,,0001628280-26-028580_EarningsPerShareDiluted_2026-01-01_2026-03-31_Q1,eps_pit_v4,2026-08-28T15:22:56.376877+00:00
2026-06-12,LIN,13.3903133903,SEC,2026-05-01,3.98,3.51,2026-03-31,2025-03-31,reported_quarter,GROWTH,resolved,,1707925.0,,,,,,,,,,,,,0001628280-26-029165_EarningsPerShareDiluted_2026-01-01_2026-03-31_Q1,eps_pit_v4,2026-08-28T15:23:03.464859+00:00
2026-06-12,LIND,,SEC,2026-05-05,0.09,0.0,2026-03-31,2025-03-31,reported_zero_base,ZERO_BASE,expected_unavailable,PRIOR_YEAR_EPS_ZERO,1512499.0,0.09,0.0,2026-03-31,2025-03-31,2026-05-05,0001437749-26-014912_EarningsPerShareDiluted_2026-01-01_2026-03-31_Q1,,,,,,,0001437749-26-014912_EarningsPerShareDiluted_2026-01-01_2026-03-31_Q1,eps_pit_v4,2026-08-28T15:22:35.613902+00:00
2026-06-12,LIVN,106.6555740433,SEC,2026-05-06,0.4,-6.01,2026-03-31,2025-03-31,reported_quarter,TURNAROUND,resolved,,1639691.0,,,,,,,,,,,,,0001639691-26-000035_EarningsPerShareDiluted_2026-01-01_2026-03-31_Q1,eps_pit_v4,2026-08-28T15:22:53.140255+00:00
2026-06-12,LPG,900.0,SEC,2026-05-27,1.9,0.19,2026-03-31,2025-03-31,reported_quarter,GROWTH,resolved,,1596993.0,,,,,,,,,,,,,0001596993-26-000025_EarningsPerShareDiluted_2026-01-01_2026-03-31_FY,eps_pit_v4,2026-08-28T15:22:33.032244+00:00
2026-06-12,LQDA,215.5555555556,SEC,2026-05-11,0.52,-0.45,2026-03-31,2025-03-31,reported_quarter,TURNAROUND,resolved,,1819576.0,,,,,,,,,,,,,0001104659-26-058252_EarningsPerShareDiluted_2026-01-01_2026-03-31_Q1,eps_pit_v4,2026-08-28T15:22:35.679511+00:00
2026-06-12,LYTS,-53.8461538462,SEC,2026-05-08,0.06,0.13,2026-03-31,2025-03-31,reported_quarter,DECLINE,resolved,,763532.0,,,,,,,,,,,,,0001437749-26-015958_EarningsPerShareDiluted_2026-01-01_2026-03-31_Q3,eps_pit_v4,2026-08-28T15:22:37.507690+00:00
2026-06-12,M,76.9230769231,SEC,2026-06-04,0.23,0.13,2026-05-02,2025-05-03,reported_quarter,GROWTH,resolved,,794367.0,,,,,,,,,,,,,0001628280-26-040820_EarningsPerShareDiluted_2026-02-01_2026-05-02_Q1,eps_pit_v4,2026-08-28T15:22:41.398157+00:00
2026-06-12,MAC,30.0,SEC,2026-05-07,-0.14,-0.2,2026-03-31,2025-03-31,reported_quarter,LOSS_NARROWING,resolved,,912242.0,,,,,,,,,,,,,0000912242-26-000024_EarningsPerShareDiluted_2026-01-01_2026-03-31_Q1,eps_pit_v4,2026-08-28T15:23:06.721622+00:00
2026-06-12,MATX,-15.1376146789,SEC,2026-05-05,1.85,2.18,2026-03-31,2025-03-31,reported_quarter,DECLINE,resolved,,3453.0,,,,,,,,,,,,,0001104659-26-055178_EarningsPerShareDiluted_2026-01-01_2026-03-31_Q1,eps_pit_v4,2026-08-28T15:22:37.023088+00:00
2026-06-12,MCS,400.0,SEC,2014-04-08,0.15,-0.05,2014-02-27,2013-02-28,reported_quarter,TURNAROUND,resolved,,62234.0,,,,,,,,,,,,,0001144204-14-021372_EarningsPerShareDiluted_2013-11-29_2014-02-27_Q3,eps_pit_v4,2026-08-28T15:22:38.537891+00:00
2026-06-12,MET,35.9375,SEC,2026-05-07,1.74,1.28,2026-03-31,2025-03-31,reported_quarter,GROWTH,resolved,,1099219.0,,,,,,,,,,,,,0001099219-26-000035_EarningsPerShareDiluted_2026-01-01_2026-03-31_Q1,eps_pit_v4,2026-08-28T15:22:49.532872+00:00
2026-06-12,MITK,0.0,SEC,2026-05-07,0.2,0.2,2026-03-31,2025-03-31,reported_quarter,FLAT,resolved,,807863.0,,,,,,,,,,,,,0000807863-26-000026_EarningsPerShareDiluted_2026-01-01_2026-03-31_Q2,eps_pit_v4,2026-08-28T15:22:42.264584+00:00
2026-06-12,MOV,400.0,SEC,2026-05-27,0.3,0.06,2026-04-30,2025-04-30,reported_quarter,GROWTH,resolved,,72573.0,,,,,,,,,,,,,0001193125-26-240712_EarningsPerShareDiluted_2026-02-01_2026-04-30_Q1,eps_pit_v4,2026-08-28T15:22:31.855207+00:00
2026-06-12,MRX,62.6373626374,YahooHistoricalEvent,2026-05-06,1.48,0.91,2026-03-31,2025-03-31,reported_quarter,GROWTH,resolved,,,,,,,,,,,,,,,yahoo_event_2026-03-31_2026-05-06T07:00:00-04:00,eps_pit_v4,2026-08-28T15:22:38.049341+00:00
2026-06-12,MTX,125.9423503326,SEC,2026-05-01,1.17,-4.51,2026-04-05,2025-03-30,reported_quarter,TURNAROUND,resolved,,891014.0,,,,,,,,,,,,,0000891014-26-000108_EarningsPerShareDiluted_2026-01-01_2026-04-05_Q1,eps_pit_v4,2026-08-28T15:23:17.025481+00:00
2026-06-12,MUSA,176.8060836502,SEC,2026-05-07,7.28,2.63,2026-03-31,2025-03-31,reported_quarter,GROWTH,resolved,,1573516.0,,,,,,,,,,,,,0001573516-26-000135_EarningsPerShareDiluted_2026-01-01_2026-03-31_Q1,eps_pit_v4,2026-08-28T15:22:33.722414+00:00
2026-06-12,MYE,-127.7777777778,SEC,2026-05-07,-0.05,0.18,2026-03-31,2025-03-31,reported_quarter,PROFIT_TO_LOSS,resolved,,69488.0,,,,,,,,,,,,,0001193125-26-210311_EarningsPerShareDiluted_2026-01-01_2026-03-31_Q1,eps_pit_v4,2026-08-28T15:22:54.783874+00:00
2026-06-12,MYFW,46.511627907,SEC,2026-05-01,0.63,0.43,2026-03-31,2025-03-31,reported_quarter,GROWTH,resolved,,1327607.0,,,,,,,,,,,,,0001628280-26-029340_EarningsPerShareDiluted_2026-01-01_2026-03-31_Q1,eps_pit_v4,2026-08-28T15:23:03.992775+00:00
2026-06-12,NEE,160.0,SEC,2026-04-23,1.04,0.4,2026-03-31,2025-03-31,reported_quarter,GROWTH,resolved,,753308.0,,,,,,,,,,,,,0000753308-26-000031_EarningsPerShareDiluted_2026-01-01_2026-03-31_Q1,eps_pit_v4,2026-08-28T15:23:15.514782+00:00
2026-06-12,NHC,9.6618357488,SEC,2026-05-07,2.27,2.07,2026-03-31,2025-03-31,reported_quarter,GROWTH,resolved,,1047335.0,,,,,,,,,,,,,0001437749-26-015612_EarningsPerShareDiluted_2026-01-01_2026-03-31_Q1,eps_pit_v4,2026-08-28T15:22:54.971866+00:00
2026-06-12,NMM,112.0253164557,YahooHistoricalEvent,2026-05-21,3.35,1.58,2026-03-31,2025-03-31,reported_quarter,GROWTH,resolved,,,,,,,,,,,,,,,yahoo_event_2026-03-31_2026-05-21T07:00:00-04:00,eps_pit_v4,2026-08-28T15:22:40.855579+00:00
2026-06-12,NNN,-1.9230769231,SEC,2026-02-11,0.5099999999999998,0.52,2025-12-31,2024-12-31,derived_from_fy,DECLINE,resolved,,751364.0,,,,,,,,,,,,,"derived_from_fy(0001193125-26-045617_EarningsPerShareDiluted_2025-01-01_2025-12-31_FY,0000950170-25-061454_EarningsPerShareDiluted_2025-01-01_2025-03-31_Q1,0000950170-25-102429_EarningsPerShareDiluted_2025-04-01_2025-06-30_Q2,0001193125-25-263643_EarningsPerShareDiluted_2025-07-01_2025-09-30_Q3)",eps_pit_v4,2026-08-28T15:22:51.210019+00:00
2026-06-12,NPO,12.1739130435,SEC,2026-05-05,1.29,1.15,2026-03-31,2025-03-31,reported_quarter,GROWTH,resolved,,1164863.0,,,,,,,,,,,,,0001628280-26-030295_EarningsPerShareDiluted_2026-01-01_2026-03-31_Q1,eps_pit_v4,2026-08-28T15:23:03.172252+00:00
2026-06-12,NTST,200.0,SEC,2026-04-20,0.06,0.02,2026-03-31,2025-03-31,reported_quarter,GROWTH,resolved,,1798100.0,,,,,,,,,,,,,0001628280-26-026040_EarningsPerShareDiluted_2026-01-01_2026-03-31_Q1,eps_pit_v4,2026-08-28T15:23:16.282636+00:00
2026-06-12,NWFL,-44.4444444444,SEC,2026-05-08,0.35,0.63,2026-03-31,2025-03-31,reported_quarter,DECLINE,resolved,,1013272.0,,,,,,,,,,,,,0001013272-26-000005_EarningsPerShareDiluted_2026-01-01_2026-03-31_Q1,eps_pit_v4,2026-08-28T15:22:44.956963+00:00
2026-06-12,OBK,25.3521126761,SEC,2026-05-06,0.89,0.71,2026-03-31,2025-03-31,reported_quarter,GROWTH,resolved,,1516912.0,,,,,,,,,,,,,0001516912-26-000032_EarningsPerShareDiluted_2026-01-01_2026-03-31_Q1,eps_pit_v4,2026-08-28T15:23:09.108332+00:00
2026-06-12,OCC,233.3333333333,SEC,2026-06-08,0.12,-0.09,2026-04-30,2025-04-30,reported_quarter,TURNAROUND,resolved,,1000230.0,,,,,,,,,,,,,0001437749-26-019811_EarningsPerShareBasic_2026-02-01_2026-04-30_Q2,eps_pit_v4,2026-08-28T15:22:30.179669+00:00
2026-06-12,OFG,26.0,SEC,2026-05-08,1.26,1.0,2026-03-31,2025-03-31,reported_quarter,GROWTH,resolved,,1030469.0,,,,,,,,,,,,,0001030469-26-000027_EarningsPerShareDiluted_2026-01-01_2026-03-31_Q1,eps_pit_v4,2026-08-28T15:23:00.156859+00:00
2026-06-12,OII,-26.5306122449,SEC,2026-04-23,0.36,0.49,2026-03-31,2025-03-31,reported_quarter,DECLINE,resolved,,73756.0,,,,,,,,,,,,,0000073756-26-000082_EarningsPerShareDiluted_2026-01-01_2026-03-31_Q1,eps_pit_v4,2026-08-28T15:22:38.764438+00:00
2026-06-12,ONTO,-48.4615384615,SEC,2026-05-05,0.67,1.3,2026-03-31,2025-03-29,reported_quarter,DECLINE,resolved,,704532.0,,,,,,,,,,,,,0001193125-26-206707_EarningsPerShareDiluted_2026-01-04_2026-03-31_Q1,eps_pit_v4,2026-08-28T15:22:32.752542+00:00
2026-06-12,OSBC,11.6279069767,SEC,2026-05-07,0.48,0.43,2026-03-31,2025-03-31,reported_quarter,GROWTH,resolved,,357173.0,,,,,,,,,,,,,0000357173-26-000022_EarningsPerShareDiluted_2026-01-01_2026-03-31_Q1,eps_pit_v4,2026-08-28T15:23:15.721993+00:00
2026-06-12,OSW,40.0,SEC,2026-05-01,0.21,0.15,2026-03-31,2025-03-31,reported_quarter,GROWTH,resolved,,1758488.0,,,,,,,,,,,,,0001193125-26-199522_EarningsPerShareDiluted_2026-01-01_2026-03-31_Q1,eps_pit_v4,2026-08-28T15:22:46.547891+00:00
2026-06-12,OVBC,-3.1914893617,SEC,2026-05-15,0.91,0.94,2026-03-31,2025-03-31,reported_quarter,DECLINE,resolved,,894671.0,,,,,,,,,,,,,0000894671-26-000039_EarningsPerShareBasic_2026-01-01_2026-03-31_Q1,eps_pit_v4,2026-08-28T15:22:41.575279+00:00
2026-06-12,OVLY,0.0,SEC,2026-05-12,0.64,0.64,2026-03-31,2025-03-31,reported_quarter,FLAT,resolved,,1431567.0,,,,,,,,,,,,,0001437749-26-016466_EarningsPerShareDiluted_2026-01-01_2026-03-31_Q1,eps_pit_v4,2026-08-28T15:23:16.123498+00:00
2026-06-12,PCB,39.6226415094,SEC,2026-05-07,0.74,0.53,2026-03-31,2025-03-31,reported_quarter,GROWTH,resolved,,1423869.0,,,,,,,,,,,,,0001423869-26-000018_EarningsPerShareDiluted_2026-01-01_2026-03-31_Q1,eps_pit_v4,2026-08-28T15:23:08.073867+00:00
2026-06-12,PDFS,250.0,SEC,2026-05-07,0.12,-0.08,2026-03-31,2025-03-31,reported_quarter,TURNAROUND,resolved,,1120914.0,,,,,,,,,,,,,0001437749-26-015610_EarningsPerShareDiluted_2026-01-01_2026-03-31_Q1,eps_pit_v4,2026-08-28T15:22:40.999611+00:00
2026-06-12,PEB,29.7297297297,SEC,2026-04-28,-0.26,-0.37,2026-03-31,2025-03-31,reported_quarter,LOSS_NARROWING,resolved,,1474098.0,,,,,,,,,,,,,0001474098-26-000039_EarningsPerShareDiluted_2026-01-01_2026-03-31_Q1,eps_pit_v4,2026-08-28T15:22:34.271630+00:00
2026-06-12,PEBK,1.2658227848,SEC,2026-05-07,0.8,0.79,2026-03-31,2025-03-31,reported_quarter,GROWTH,resolved,,1093672.0,,,,,,,,,,,,,0001654954-26-004543_EarningsPerShareDiluted_2026-01-01_2026-03-31_Q1,eps_pit_v4,2026-08-28T15:22:43.391225+00:00
2026-06-12,PEBO,19.1176470588,SEC,2026-04-30,0.81,0.68,2026-03-31,2025-03-31,reported_quarter,GROWTH,resolved,,318300.0,,,,,,,,,,,,,0000318300-26-000157_EarningsPerShareDiluted_2026-01-01_2026-03-31_Q1,eps_pit_v4,2026-08-28T15:23:08.375093+00:00
2026-06-12,PECO,14.2857142857,SEC,2026-04-24,0.24,0.21,2026-03-31,2025-03-31,reported_quarter,GROWTH,resolved,,1476204.0,,,,,,,,,,,,,0001476204-26-000024_EarningsPerShareDiluted_2026-01-01_2026-03-31_Q1,eps_pit_v4,2026-08-28T15:23:04.223261+00:00
2026-06-12,PHIN,52.380952381,SEC,2026-04-30,0.96,0.63,2026-03-31,2025-03-31,reported_quarter,GROWTH,resolved,,1968915.0,,,,,,,,,,,,,0001968915-26-000070_EarningsPerShareDiluted_2026-01-01_2026-03-31_Q1,eps_pit_v4,2026-08-28T15:22:54.085219+00:00
2026-06-12,PKBK,52.3076923077,SEC,2026-05-06,0.99,0.65,2026-03-31,2025-03-31,reported_quarter,GROWTH,resolved,,1315399.0,,,,,,,,,,,,,0001437749-26-015152_EarningsPerShareDiluted_2026-01-01_2026-03-31_Q1,eps_pit_v4,2026-08-28T15:22:39.122054+00:00
2026-06-12,PKE,216.6666666667,SEC,2026-05-29,0.19,0.0599999999999999,2026-03-01,2025-03-02,derived_from_fy,GROWTH,resolved,,76267.0,,,,,,,,,,,,,"derived_from_fy(0001437749-26-018900_EarningsPerShareDiluted_2025-03-03_2026-03-01_FY,0001437749-25-022825_EarningsPerShareDiluted_2025-03-03_2025-06-01_Q1,0001437749-25-030897_EarningsPerShareDiluted_2025-06-02_2025-08-31_Q2,0001437749-26-001184_EarningsPerShareDiluted_2025-09-01_2025-11-30_Q3)",eps_pit_v4,2026-08-28T15:22:42.782119+00:00
2026-06-12,PKOH,-5.0,SEC,2026-05-07,0.57,0.6,2026-03-31,2025-03-31,reported_quarter,DECLINE,resolved,,76282.0,,,,,,,,,,,,,0000076282-26-000013_EarningsPerShareDiluted_2026-01-01_2026-03-31_Q1,eps_pit_v4,2026-08-28T15:22:34.560941+00:00
2026-06-12,PLBC,15.0,SEC,2026-05-06,1.38,1.2,2026-03-31,2025-03-31,reported_quarter,GROWTH,resolved,,1168455.0,,,,,,,,,,,,,0001437749-26-015036_EarningsPerShareDiluted_2026-01-01_2026-03-31_Q1,eps_pit_v4,2026-08-28T15:23:11.055117+00:00
2026-06-12,PLGO,329.2682926829,YahooHistoricalEvent,2026-05-13,0.94,-0.41,2026-03-31,2025-03-31,reported_quarter,TURNAROUND,resolved,,,,,,,,,,,,,,,yahoo_event_2026-03-31_2026-05-13T16:00:00-04:00,eps_pit_v4,2026-08-28T15:22:50.174244+00:00
2026-06-12,PLOW,2600.0,SEC,2026-05-05,0.27,0.01,2026-03-31,2025-03-31,reported_quarter,GROWTH,resolved,,1287213.0,,,,,,,,,,,,,0001437749-26-014867_EarningsPerShareBasic_2026-01-01_2026-03-31_Q1,eps_pit_v4,2026-08-28T15:23:01.760627+00:00
2026-06-12,PLPC,-8.1545064378,SEC,2026-04-30,2.14,2.33,2026-03-31,2025-03-31,reported_quarter,DECLINE,resolved,,80035.0,,,,,,,,,,,,,0000080035-26-000017_EarningsPerShareDiluted_2026-01-01_2026-03-31_Q1,eps_pit_v4,2026-08-28T15:22:50.639399+00:00
2026-06-12,PLXS,29.0780141844,SEC,2026-05-07,1.82,1.41,2026-04-04,2025-03-29,reported_quarter,GROWTH,resolved,,785786.0,,,,,,,,,,,,,0000785786-26-000031_EarningsPerShareDiluted_2026-01-04_2026-04-04_Q2,eps_pit_v4,2026-08-28T15:22:35.493042+00:00
2026-06-12,PRM,22.2222222222,SEC,2026-05-06,0.44,0.36,2026-03-31,2025-03-31,reported_quarter,GROWTH,resolved,,1880319.0,,,,,,,,,,,,,0001880319-26-000037_EarningsPerShareDiluted_2026-01-01_2026-03-31_Q1,eps_pit_v4,2026-08-28T15:22:43.762425+00:00
2026-06-12,PRSU,18.9189189189,SEC,2026-05-06,-0.9,-1.11,2026-03-31,2025-03-31,reported_quarter,LOSS_NARROWING,resolved,,884219.0,,,,,,,,,,,,,0001193125-26-208981_EarningsPerShareDiluted_2026-01-01_2026-03-31_Q1,eps_pit_v4,2026-08-28T15:22:40.071923+00:00
2026-06-12,PSMT,11.724137931,SEC,2026-04-08,1.62,1.45,2026-02-28,2025-02-28,reported_quarter,GROWTH,resolved,,1041803.0,,,,,,,,,,,,,0001041803-26-000018_EarningsPerShareDiluted_2025-12-01_2026-02-28_Q2,eps_pit_v4,2026-08-28T15:22:55.141816+00:00
2026-06-12,PSTL,83.3333333333,SEC,2026-05-05,0.11,0.06,2026-03-31,2025-03-31,reported_quarter,GROWTH,resolved,,1759774.0,,,,,,,,,,,,,0001628280-26-030708_EarningsPerShareDiluted_2026-01-01_2026-03-31_Q1,eps_pit_v4,2026-08-28T15:23:01.235001+00:00
2026-06-12,PTGX,126.3157894737,SEC,2026-05-05,0.05,-0.19,2026-03-31,2025-03-31,reported_quarter,TURNAROUND,resolved,,1377121.0,,,,,,,,,,,,,0001104659-26-055661_EarningsPerShareDiluted_2026-01-01_2026-03-31_Q1,eps_pit_v4,2026-08-28T15:22:52.392147+00:00
2026-06-12,QCRH,30.9210526316,SEC,2026-05-08,1.99,1.52,2026-03-31,2025-03-31,reported_quarter,GROWTH,resolved,,906465.0,,,,,,,,,,,,,0001104659-26-057779_EarningsPerShareDiluted_2026-01-01_2026-03-31_Q1,eps_pit_v4,2026-08-28T15:22:44.449119+00:00
2026-06-12,RBB,407.6923076923,SEC,2026-05-08,0.66,0.13,2026-03-31,2025-03-31,reported_quarter,GROWTH,resolved,,1499422.0,,,,,,,,,,,,,0001437749-26-015865_EarningsPerShareDiluted_2026-01-01_2026-03-31_Q1,eps_pit_v4,2026-08-28T15:22:36.225006+00:00
2026-06-12,RBC,24.0343347639,SEC,2026-05-15,2.890000000000001,2.33,2026-03-28,2025-03-29,derived_from_fy,GROWTH,resolved,,1324948.0,,,,,,,,,,,,,"derived_from_fy(0001213900-26-057626_EarningsPerShareDiluted_2025-03-30_2026-03-28_FY,0001213900-25-070466_EarningsPerShareDiluted_2025-03-30_2025-06-28_Q1,0001213900-25-104623_EarningsPerShareDiluted_2025-06-29_2025-09-27_Q2,0001213900-26-012732_EarningsPerShareDiluted_2025-09-28_2025-12-27_Q3)",eps_pit_v4,2026-08-28T15:23:05.536553+00:00
2026-06-12,RBKB,-4.7619047619,SEC,2026-05-14,0.2,0.21,2026-03-31,2025-03-31,reported_quarter,DECLINE,resolved,,1751783.0,,,,,,,,,,,,,0001751783-26-000018_EarningsPerShareDiluted_2026-01-01_2026-03-31_Q1,eps_pit_v4,2026-08-28T15:22:42.470083+00:00
2026-06-12,RFIL,100.0,SEC,2026-03-16,0.0,-0.02,2026-01-31,2025-01-31,reported_quarter,LOSS_NARROWING,resolved,,740664.0,,,,,,,,,,,,,0001437749-26-008410_EarningsPerShareDiluted_2025-11-01_2026-01-31_Q1,eps_pit_v4,2026-08-28T15:22:35.080688+00:00
2026-06-12,RL,20.6896551724,SEC,2026-05-21,2.4499999999999993,2.0299999999999994,2026-03-28,2025-03-29,derived_from_fy,GROWTH,resolved,,1037038.0,,,,,,,,,,,,,"derived_from_fy(0001628280-26-037074_EarningsPerShareDiluted_2025-03-30_2026-03-28_FY,0001037038-25-000018_EarningsPerShareDiluted_2025-03-30_2025-06-28_Q1,0001628280-25-049927_EarningsPerShareDiluted_2025-06-29_2025-09-27_Q2,0001628280-26-005784_EarningsPerShareDiluted_2025-09-28_2025-12-27_Q3)",eps_pit_v4,2026-08-28T15:22:37.274295+00:00
2026-06-12,RNST,44.6153846154,SEC,2026-05-07,0.94,0.65,2026-03-31,2025-03-31,reported_quarter,GROWTH,resolved,,715072.0,,,,,,,,,,,,,0000715072-26-000046_EarningsPerShareDiluted_2026-01-01_2026-03-31_Q1,eps_pit_v4,2026-08-28T15:22:58.317642+00:00
2026-06-12,ROIV,221.4285714286,SEC,2026-05-20,0.3399999999999999,-0.28,2026-03-31,2025-03-31,derived_from_fy,TURNAROUND,resolved,,1635088.0,,,,,,,,,,,,,"derived_from_fy(0001635088-26-000061_EarningsPerShareDiluted_2025-04-01_2026-03-31_FY,0001140361-25-030001_EarningsPerShareDiluted_2025-04-01_2025-06-30_Q1,0001635088-25-000016_EarningsPerShareDiluted_2025-07-01_2025-09-30_Q2,0001635088-26-000011_EarningsPerShareDiluted_2025-10-01_2025-12-31_Q3)",eps_pit_v4,2026-08-28T15:22:35.892572+00:00
2026-06-12,ROK,39.6396396396,SEC,2026-05-05,3.1,2.22,2026-03-31,2025-03-31,reported_quarter,GROWTH,resolved,,1024478.0,,,,,,,,,,,,,0001024478-26-000022_EarningsPerShareDiluted_2026-01-01_2026-03-31_Q2,eps_pit_v4,2026-08-28T15:23:02.762206+00:00
2026-06-12,ROKU,400.0,SEC,2026-05-01,0.57,-0.19,2026-03-31,2025-03-31,reported_quarter,TURNAROUND,resolved,,1428439.0,,,,,,,,,,,,,0001628280-26-029310_EarningsPerShareDiluted_2026-01-01_2026-03-31_Q1,eps_pit_v4,2026-08-28T15:22:40.174417+00:00
2026-06-12,ROST,37.4149659864,SEC,2026-06-02,2.02,1.47,2026-05-02,2025-05-03,reported_quarter,GROWTH,resolved,,745732.0,,,,,,,,,,,,,0000745732-26-000032_EarningsPerShareDiluted_2026-02-01_2026-05-02_Q1,eps_pit_v4,2026-08-28T15:22:48.899934+00:00
2026-06-12,RSI,60.0,SEC,2026-04-29,0.08,0.05,2026-03-31,2025-03-31,reported_quarter,GROWTH,resolved,,1793659.0,,,,,,,,,,,,,0001793659-26-000023_EarningsPerShareDiluted_2026-01-01_2026-03-31_Q1,eps_pit_v4,2026-08-28T15:22:40.559293+00:00
2026-06-12,SCHL,2061.5384615385,SEC,2026-03-20,2.55,-0.13,2026-02-28,2025-02-28,reported_quarter,TURNAROUND,resolved,,866729.0,,,,,,,,,,,,,0000866729-26-000011_EarningsPerShareDiluted_2025-12-01_2026-02-28_Q3,eps_pit_v4,2026-08-28T15:22:36.877564+00:00
2026-06-12,SENEA,208.5714285714,SEC,2026-02-05,6.48,2.1,2025-12-27,2024-12-28,reported_quarter,GROWTH,resolved,,88948.0,,,,,,,,,,,,,0001437749-26-003202_EarningsPerShareDiluted_2025-09-28_2025-12-27_Q3,eps_pit_v4,2026-08-28T15:22:52.294589+00:00
2026-06-12,SEPN,61.2244897959,SEC,2026-05-11,-0.19,-0.49,2026-03-31,2025-03-31,reported_quarter,LOSS_NARROWING,resolved,,1984086.0,,,,,,,,,,,,,0001193125-26-216759_EarningsPerShareDiluted_2026-01-01_2026-03-31_Q1,eps_pit_v4,2026-08-28T15:22:44.751781+00:00
2026-06-12,SFNC,80.7692307692,SEC,2026-05-06,0.47,0.26,2026-03-31,2025-03-31,reported_quarter,GROWTH,resolved,,90498.0,,,,,,,,,,,,,0001628280-26-031205_EarningsPerShareDiluted_2026-01-01_2026-03-31_Q1,eps_pit_v4,2026-08-28T15:22:57.166614+00:00
2026-06-12,SHBI,24.3902439024,SEC,2026-05-04,0.51,0.41,2026-03-31,2025-03-31,reported_quarter,GROWTH,resolved,,1035092.0,,,,,,,,,,,,,0001035092-26-000030_EarningsPerShareDiluted_2026-01-01_2026-03-31_Q1,eps_pit_v4,2026-08-28T15:22:59.010704+00:00
2026-06-12,SI,99.2135046998,SEC,2026-05-13,-0.41,-52.13,2026-03-31,2025-03-31,reported_quarter,LOSS_NARROWING,resolved,,1699350.0,,,,,,,,,,,,,0001699350-26-000035_EarningsPerShareDiluted_2026-01-01_2026-03-31_Q1,eps_pit_v4,2026-08-28T15:22:35.995695+00:00
2026-06-12,SIF,286.9565217391,SEC,2026-05-08,0.43,-0.23,2026-03-31,2025-03-31,reported_quarter,TURNAROUND,resolved,,90168.0,,,,,,,,,,,,,0000090168-26-000018_EarningsPerShareDiluted_2026-01-01_2026-03-31_Q2,eps_pit_v4,2026-08-28T15:22:36.627056+00:00
2026-06-12,SITM,80.198019802,SEC,2026-05-07,-0.2,-1.01,2026-03-31,2025-03-31,reported_quarter,LOSS_NARROWING,resolved,,1451809.0,,,,,,,,,,,,,0001451809-26-000041_EarningsPerShareDiluted_2026-01-01_2026-03-31_Q1,eps_pit_v4,2026-08-28T15:22:39.278064+00:00
2026-06-12,SKT,41.1764705882,SEC,2026-05-04,0.24,0.17,2026-03-31,2025-03-31,reported_quarter,GROWTH,resolved,,899715.0,,,,,,,,,,,,,0001628280-26-029536_EarningsPerShareDiluted_2026-01-01_2026-03-31_Q1,eps_pit_v4,2026-08-28T15:23:01.388869+00:00
2026-06-12,SLAB,48.9361702128,SEC,2026-05-05,-0.48,-0.94,2026-04-04,2025-04-05,reported_quarter,LOSS_NARROWING,resolved,,1038074.0,,,,,,,,,,,,,0001038074-26-000020_EarningsPerShareDiluted_2026-01-04_2026-04-04_Q1,eps_pit_v4,2026-08-28T15:22:35.236369+00:00
2026-06-12,SMBC,15.1079136691,SEC,2026-05-08,1.6,1.39,2026-03-31,2025-03-31,reported_quarter,GROWTH,resolved,,916907.0,,,,,,,,,,,,,0001104659-26-058037_EarningsPerShareDiluted_2026-01-01_2026-03-31_Q3,eps_pit_v4,2026-08-28T15:22:48.129164+00:00
2026-06-12,SMBK,20.8955223881,SEC,2026-05-11,0.81,0.67,2026-03-31,2025-03-31,reported_quarter,GROWTH,resolved,,1038773.0,,,,,,,,,,,,,0001104659-26-058728_EarningsPerShareDiluted_2026-01-01_2026-03-31_Q1,eps_pit_v4,2026-08-28T15:22:57.990920+00:00
2026-06-12,SMTC,22.7272727273,SEC,2026-05-27,0.27,0.22,2026-04-26,2025-04-27,reported_quarter,GROWTH,resolved,,88941.0,,,,,,,,,,,,,0000088941-26-000013_EarningsPerShareDiluted_2026-01-26_2026-04-26_Q1,eps_pit_v4,2026-08-28T15:22:43.083019+00:00
2026-06-12,SN,2.4096385542,SEC,2026-05-06,0.85,0.83,2026-03-31,2025-03-31,reported_quarter,GROWTH,resolved,,1957132.0,,,,,,,,,,,,,0001957132-26-000035_EarningsPerShareDiluted_2026-01-01_2026-03-31_Q1,eps_pit_v4,2026-08-28T15:22:51.762211+00:00
2026-06-12,SNDK,272.768192048,SEC,2026-05-01,23.03,-13.33,2026-04-03,2025-03-28,reported_quarter,TURNAROUND,resolved,,2023554.0,,,,,,,,,,,,,0001628280-26-029401_EarningsPerShareDiluted_2026-01-03_2026-04-03_Q3,eps_pit_v4,2026-08-28T15:22:32.153698+00:00
2026-06-12,SNEX,120.2127659574,SEC,2026-05-06,2.07,0.94,2026-03-31,2025-03-31,reported_quarter,GROWTH,resolved,,913760.0,,,,,,,,,,,,,0000913760-26-000031_EarningsPerShareDiluted_2026-01-01_2026-03-31_Q2,eps_pit_v4,2026-08-28T15:22:48.335461+00:00
2026-06-12,SPHR,98.2378854626,SEC,2026-05-05,-0.04,-2.27,2026-03-31,2025-03-31,reported_quarter,LOSS_NARROWING,resolved,,1795250.0,,,,,,,,,,,,,0001628280-26-030740_EarningsPerShareDiluted_2026-01-01_2026-03-31_Q1,eps_pit_v4,2026-08-28T15:22:31.688420+00:00
2026-06-12,SRBK,100.0,SEC,2026-05-15,0.12,0.06,2026-03-31,2025-03-31,reported_quarter,GROWTH,resolved,,1951276.0,,,,,,,,,,,,,0001437749-26-017364_EarningsPerShareDiluted_2026-01-01_2026-03-31_Q3,eps_pit_v4,2026-08-28T15:23:10.726474+00:00
2026-06-12,SRCE,7.2368421053,SEC,2026-04-23,1.63,1.52,2026-03-31,2025-03-31,reported_quarter,GROWTH,resolved,,34782.0,,,,,,,,,,,,,0000034782-26-000032_EarningsPerShareDiluted_2026-01-01_2026-03-31_Q1,eps_pit_v4,2026-08-28T15:22:57.361142+00:00
2026-06-12,STBA,8.0459770115,SEC,2026-05-08,0.94,0.87,2026-03-31,2025-03-31,reported_quarter,GROWTH,resolved,,719220.0,,,,,,,,,,,,,0000719220-26-000050_EarningsPerShareDiluted_2026-01-01_2026-03-31_Q1,eps_pit_v4,2026-08-28T15:22:45.745258+00:00
2026-06-12,TBBB,-5188.8888888889,YahooHistoricalEvent,2026-05-06,-4.76,-0.09,2026-03-31,2025-03-31,reported_quarter,LOSS_WIDENING,resolved,,,,,,,,,,,,,,,yahoo_event_2026-03-31_2026-05-06T16:00:00-04:00,eps_pit_v4,2026-08-28T15:22:55.648811+00:00
2026-06-12,TCBK,30.0,SEC,2026-05-08,1.04,0.8,2026-03-31,2025-03-31,reported_quarter,GROWTH,resolved,,356171.0,,,,,,,,,,,,,0000356171-26-000042_EarningsPerShareDiluted_2026-01-01_2026-03-31_Q1,eps_pit_v4,2026-08-28T15:23:07.936671+00:00
2026-06-12,TGTX,300.0,SEC,2026-05-06,0.12,0.03,2026-03-31,2025-03-31,reported_quarter,GROWTH,resolved,,1001316.0,,,,,,,,,,,,,0001437749-26-015246_EarningsPerShareDiluted_2026-01-01_2026-03-31_Q1,eps_pit_v4,2026-08-28T15:22:33.975163+00:00
2026-06-12,THFF,7.7419354839,SEC,2026-05-06,1.67,1.55,2026-03-31,2025-03-31,reported_quarter,GROWTH,resolved,,714562.0,,,,,,,,,,,,,0000714562-26-000038_EarningsPerShareDiluted_2026-01-01_2026-03-31_Q1,eps_pit_v4,2026-08-28T15:23:03.352155+00:00
2026-06-12,TJX,29.347826087,SEC,2026-05-29,1.19,0.92,2026-05-02,2025-05-03,reported_quarter,GROWTH,resolved,,109198.0,,,,,,,,,,,,,0000109198-26-000034_EarningsPerShareDiluted_2026-02-01_2026-05-02_Q1,eps_pit_v4,2026-08-28T15:23:09.775569+00:00
2026-06-12,TMP,32.8467153285,SEC,2026-05-05,1.82,1.37,2026-03-31,2025-03-31,reported_quarter,GROWTH,resolved,,1005817.0,,,,,,,,,,,,,0001005817-26-000049_EarningsPerShareDiluted_2026-01-01_2026-03-31_Q1,eps_pit_v4,2026-08-28T15:23:02.573815+00:00
2026-06-12,TNGX,11.1111111111,SEC,2026-05-13,-0.32,-0.36,2026-03-31,2025-03-31,reported_quarter,LOSS_NARROWING,resolved,,1819133.0,,,,,,,,,,,,,0001193125-26-221656_EarningsPerShareDiluted_2026-01-01_2026-03-31_Q1,eps_pit_v4,2026-08-28T15:22:29.979132+00:00
2026-06-12,TNL,14.0186915888,SEC,2026-04-22,1.22,1.07,2026-03-31,2025-03-31,reported_quarter,GROWTH,resolved,,1361658.0,,,,,,,,,,,,,0001361658-26-000027_EarningsPerShareDiluted_2026-01-01_2026-03-31_Q1,eps_pit_v4,2026-08-28T15:23:14.701123+00:00
2026-06-12,TRMK,7.9545454545,SEC,2026-05-06,0.95,0.88,2026-03-31,2025-03-31,reported_quarter,GROWTH,resolved,,36146.0,,,,,,,,,,,,,0001193125-26-209195_EarningsPerShareDiluted_2026-01-01_2026-03-31_Q1,eps_pit_v4,2026-08-28T15:23:14.931074+00:00
2026-06-12,TRNO,40.4255319149,SEC,2026-05-06,0.66,0.47,2026-03-31,2025-03-31,reported_quarter,GROWTH,resolved,,1476150.0,,,,,,,,,,,,,0001476150-26-000019_EarningsPerShareDiluted_2026-01-01_2026-03-31_Q1,eps_pit_v4,2026-08-28T15:22:47.514647+00:00
2026-06-12,TTMI,51.6129032258,SEC,2026-05-01,0.47,0.31,2026-03-30,2025-03-31,reported_quarter,GROWTH,resolved,,1116942.0,,,,,,,,,,,,,0001193125-26-201403_EarningsPerShareDiluted_2025-12-30_2026-03-30_Q1,eps_pit_v4,2026-08-28T15:22:33.369830+00:00
2026-06-12,TVTX,14.8936170213,SEC,2026-05-04,-0.4,-0.47,2026-03-31,2025-03-31,reported_quarter,LOSS_NARROWING,resolved,,1438533.0,,,,,,,,,,,,,0001438533-26-000042_EarningsPerShareDiluted_2026-01-01_2026-03-31_Q1,eps_pit_v4,2026-08-28T15:22:34.418768+00:00
2026-06-12,UCTT,-263.6363636364,SEC,2026-04-29,-0.4,-0.11,2026-03-27,2025-03-28,reported_quarter,LOSS_WIDENING,resolved,,1275014.0,,,,,,,,,,,,,0001628280-26-028365_EarningsPerShareDiluted_2025-12-27_2026-03-27_Q1,eps_pit_v4,2026-08-28T15:22:30.577614+00:00
2026-06-12,UFCS,71.6417910448,SEC,2026-05-06,1.15,0.67,2026-03-31,2025-03-31,reported_quarter,GROWTH,resolved,,101199.0,,,,,,,,,,,,,0000101199-26-000031_EarningsPerShareDiluted_2026-01-01_2026-03-31_Q1,eps_pit_v4,2026-08-28T15:23:12.467071+00:00
2026-06-12,UMBF,176.8595041322,SEC,2026-04-30,3.35,1.21,2026-03-31,2025-03-31,reported_quarter,GROWTH,resolved,,101382.0,,,,,,,,,,,,,0001193125-26-194310_EarningsPerShareDiluted_2026-01-01_2026-03-31_Q1,eps_pit_v4,2026-08-28T15:23:01.085369+00:00
2026-06-12,UVE,30.5555555556,SEC,2026-04-29,1.88,1.44,2026-03-31,2025-03-31,reported_quarter,GROWTH,resolved,,891166.0,,,,,,,,,,,,,0000891166-26-000046_EarningsPerShareDiluted_2026-01-01_2026-03-31_Q1,eps_pit_v4,2026-08-28T15:23:08.880950+00:00
2026-06-12,UVSP,24.6753246753,SEC,2026-04-28,0.96,0.77,2026-03-31,2025-03-31,reported_quarter,GROWTH,resolved,,102212.0,,,,,,,,,,,,,0000102212-26-000028_EarningsPerShareDiluted_2026-01-01_2026-03-31_Q1,eps_pit_v4,2026-08-28T15:22:45.384520+00:00
2026-06-12,VECO,-105.0,SEC,2026-05-05,-0.01,0.2,2026-03-31,2025-03-31,reported_quarter,PROFIT_TO_LOSS,resolved,,103145.0,,,,,,,,,,,,,0001104659-26-055672_EarningsPerShareDiluted_2026-01-01_2026-03-31_Q1,eps_pit_v4,2026-08-28T15:22:29.852584+00:00
2026-06-12,VELO,85.0267379679,SEC,2026-05-14,-0.28,-1.87,2026-03-31,2025-03-31,reported_quarter,LOSS_NARROWING,resolved,,1825079.0,,,,,,,,,,,,,0001193125-26-223945_EarningsPerShareDiluted_2026-01-01_2026-03-31_Q1,eps_pit_v4,2026-08-28T15:22:30.664587+00:00
2026-06-12,VIRT,84.2592592593,SEC,2026-05-01,1.99,1.08,2026-03-31,2025-03-31,reported_quarter,GROWTH,resolved,,1592386.0,,,,,,,,,,,,,0001592386-26-000016_EarningsPerShareDiluted_2026-01-01_2026-03-31_Q1,eps_pit_v4,2026-08-28T15:22:47.323619+00:00
2026-06-12,WBS,15.3846153846,SEC,2026-04-30,1.5,1.3,2026-03-31,2025-03-31,reported_quarter,GROWTH,resolved,,801337.0,,,,,,,,,,,,,0000801337-26-000015_EarningsPerShareDiluted_2026-01-01_2026-03-31_Q1,eps_pit_v4,2026-08-28T15:22:39.806003+00:00
2026-06-12,WEYS,12.2807017544,SEC,2026-05-07,0.64,0.57,2026-03-31,2025-03-31,reported_quarter,GROWTH,resolved,,106532.0,,,,,,,,,,,,,0001104659-26-057266_EarningsPerShareDiluted_2026-01-01_2026-03-31_Q1,eps_pit_v4,2026-08-28T15:22:49.913184+00:00
2026-06-12,WKC,235.1351351351,SEC,2026-04-24,0.5,-0.37,2026-03-31,2025-03-31,reported_quarter,TURNAROUND,resolved,,789460.0,,,,,,,,,,,,,0000789460-26-000028_EarningsPerShareDiluted_2026-01-01_2026-03-31_Q1,eps_pit_v4,2026-08-28T15:22:46.328165+00:00
2026-06-12,WPC,92.7536231884,SEC,2019-02-25,1.33,0.69,2018-12-31,2017-12-31,reported_quarter,GROWTH,resolved,,1025378.0,,,,,,,,,,,,,0001025378-19-000008_EarningsPerShareDiluted_2018-10-01_2018-12-31_FY,eps_pit_v4,2026-08-28T15:23:11.576901+00:00
2026-06-12,WSBF,100.0,SEC,2026-05-07,0.34,0.17,2026-03-31,2025-03-31,reported_quarter,GROWTH,resolved,,1569994.0,,,,,,,,,,,,,0001437749-26-015566_EarningsPerShareDiluted_2026-01-01_2026-03-31_Q1,eps_pit_v4,2026-08-28T15:22:46.721542+00:00
2026-06-12,WSFS,46.4285714286,SEC,2026-05-04,1.64,1.12,2026-03-31,2025-03-31,reported_quarter,GROWTH,resolved,,828944.0,,,,,,,,,,,,,0000828944-26-000015_EarningsPerShareDiluted_2026-01-01_2026-03-31_Q1,eps_pit_v4,2026-08-28T15:23:15.179009+00:00
2026-06-12,WSM,4.3243243243,SEC,2026-05-22,1.93,1.85,2026-05-03,2025-05-04,reported_quarter,GROWTH,resolved,,719955.0,,,,,,,,,,,,,0000719955-26-000131_EarningsPerShareDiluted_2026-02-02_2026-05-03_Q1,eps_pit_v4,2026-08-28T15:22:41.731333+00:00
2026-06-12,WTS,34.3891402715,SEC,2026-05-07,2.97,2.21,2026-03-29,2025-03-30,reported_quarter,GROWTH,resolved,,795403.0,,,,,,,,,,,,,0001104659-26-056817_EarningsPerShareDiluted_2026-01-01_2026-03-29_Q1,eps_pit_v4,2026-08-28T15:23:07.410068+00:00
2026-06-12,WULF,-531.25,SEC,2026-05-08,-1.01,-0.16,2026-03-31,2025-03-31,reported_quarter,LOSS_WIDENING,resolved,,1083301.0,,,,,,,,,,,,,0001083301-26-000092_EarningsPerShareDiluted_2026-01-01_2026-03-31_Q1,eps_pit_v4,2026-08-28T15:22:41.118540+00:00
2026-06-12,WWD,23.0337078652,SEC,2026-04-30,2.19,1.78,2026-03-31,2025-03-31,reported_quarter,GROWTH,resolved,,108312.0,,,,,,,,,,,,,0001193125-26-195984_EarningsPerShareDiluted_2026-01-01_2026-03-31_Q2,eps_pit_v4,2026-08-28T15:23:03.664749+00:00
2026-06-12,ZION,38.0530973451,SEC,2026-05-07,1.56,1.13,2026-03-31,2025-03-31,reported_quarter,GROWTH,resolved,,109380.0,,,,,,,,,,,,,0000109380-26-000083_EarningsPerShareDiluted_2026-01-01_2026-03-31_Q1,eps_pit_v4,2026-08-28T15:22:53.783123+00:00
2026-06-18,ACA,60.4166666667,SEC,2026-05-01,0.77,0.48,2026-03-31,2025-03-31,reported_quarter,GROWTH,resolved,,1739445.0,,,,,,,,,,,,,0001739445-26-000067_EarningsPerShareDiluted_2026-01-01_2026-03-31_Q1,eps_pit_v4,2026-08-28T15:23:33.527995+00:00
2026-06-18,ACLS,-65.9090909091,SEC,2026-05-08,0.3,0.88,2026-03-31,2025-03-31,reported_quarter,DECLINE,resolved,,1113232.0,,,,,,,,,,,,,0001104659-26-057725_EarningsPerShareDiluted_2026-01-01_2026-03-31_Q1,eps_pit_v4,2026-08-28T15:23:28.178640+00:00
2026-06-18,ADI,110.5263157895,SEC,2026-05-20,2.4,1.14,2026-05-02,2025-05-03,reported_quarter,GROWTH,resolved,,6281.0,,,,,,,,,,,,,0000006281-26-000052_EarningsPerShareDiluted_2026-02-01_2026-05-02_Q2,eps_pit_v4,2026-08-28T15:23:24.330678+00:00
2026-06-18,AEHR,-400.0,SEC,2026-04-08,-0.1,-0.02,2026-02-27,2025-02-28,reported_quarter,LOSS_WIDENING,resolved,,1040470.0,,,,,,,,,,,,,0001654954-26-003348_EarningsPerShareDiluted_2025-11-29_2026-02-27_Q3,eps_pit_v4,2026-08-28T15:23:18.789425+00:00
2026-06-18,AEIS,143.0769230769,SEC,2026-05-04,1.58,0.65,2026-03-31,2025-03-31,reported_quarter,GROWTH,resolved,,927003.0,,,,,,,,,,,,,0000927003-26-000014_EarningsPerShareDiluted_2026-01-01_2026-03-31_Q1,eps_pit_v4,2026-08-28T15:23:22.435397+00:00
2026-06-18,AIP,15.0,SEC,2026-05-12,-0.17,-0.2,2026-03-31,2025-03-31,reported_quarter,LOSS_NARROWING,resolved,,1667011.0,,,,,,,,,,,,,0001628280-26-034186_EarningsPerShareDiluted_2026-01-01_2026-03-31_Q1,eps_pit_v4,2026-08-28T15:23:27.370917+00:00
2026-06-18,AIR,784.0,SEC,2026-03-25,1.71,-0.25,2026-02-28,2025-02-28,reported_quarter,TURNAROUND,resolved,,1750.0,,,,,,,,,,,,,0001104659-26-033973_EarningsPerShareDiluted_2025-12-01_2026-02-28_Q3,eps_pit_v4,2026-08-28T15:23:37.926440+00:00
2026-06-18,ALGM,0.0,SEC,2026-05-21,-0.0799999999999999,-0.08,2026-03-27,2025-03-28,derived_from_fy,LOSS_NARROWING,resolved,,866291.0,,,,,,,,,,,,,"derived_from_fy(0001193125-26-233537_EarningsPerShareDiluted_2025-03-29_2026-03-27_FY,0000950170-25-101117_EarningsPerShareDiluted_2025-03-29_2025-06-27_Q1,0001193125-25-259807_EarningsPerShareDiluted_2025-06-28_2025-09-26_Q2,0001193125-26-030636_EarningsPerShareDiluted_2025-09-27_2025-12-26_Q3)",eps_pit_v4,2026-08-28T15:23:27.296164+00:00
2026-06-18,ALOT,260.0,SEC,2026-06-08,0.08,-0.05,2026-04-30,2025-04-30,reported_quarter,TURNAROUND,resolved,,8146.0,,,,,,,,,,,,,0001193125-26-261335_EarningsPerShareDiluted_2026-02-01_2026-04-30_Q1,eps_pit_v4,2026-08-28T15:23:18.557836+00:00
2026-06-18,AMD,90.9090909091,SEC,2026-05-06,0.84,0.44,2026-03-28,2025-03-29,reported_quarter,GROWTH,resolved,,2488.0,,,,,,,,,,,,,0000002488-26-000076_EarningsPerShareDiluted_2025-12-28_2026-03-28_Q1,eps_pit_v4,2026-08-28T15:23:24.126000+00:00
2026-06-18,AMKR,266.6666666667,SEC,2026-04-28,0.33,0.09,2026-03-31,2025-03-31,reported_quarter,GROWTH,resolved,,1047127.0,,,,,,,,,,,,,0001047127-26-000020_EarningsPerShareDiluted_2026-01-01_2026-03-31_Q1,eps_pit_v4,2026-08-28T15:23:30.019488+00:00
2026-06-18,AOSL,-24.3243243243,SEC,2026-05-06,-0.46,-0.37,2026-03-31,2025-03-31,reported_quarter,LOSS_WIDENING,resolved,,1387467.0,,,,,,,,,,,,,0001628280-26-031360_EarningsPerShareDiluted_2026-01-01_2026-03-31_Q3,eps_pit_v4,2026-08-28T15:23:25.121435+00:00
2026-06-18,ARWR,-133.8181818182,SEC,2026-05-07,-0.93,2.75,2026-03-31,2025-03-31,reported_quarter,PROFIT_TO_LOSS,resolved,,879407.0,,,,,,,,,,,,,0000879407-26-000047_EarningsPerShareDiluted_2026-01-01_2026-03-31_Q2,eps_pit_v4,2026-08-28T15:23:36.721636+00:00
2026-06-18,ASH,-47.6923076923,SEC,2026-04-29,0.34,0.65,2026-03-31,2025-03-31,reported_quarter,DECLINE,resolved,,1674862.0,,,,,,,,,,,,,0001193125-26-191380_EarningsPerShareDiluted_2026-01-01_2026-03-31_Q2,eps_pit_v4,2026-08-28T15:23:36.288536+00:00
2026-06-18,AVT,12.8712871287,SEC,2026-05-01,1.14,1.01,2026-03-28,2025-03-29,reported_quarter,GROWTH,resolved,,8858.0,,,,,,,,,,,,,0000008858-26-000042_EarningsPerShareDiluted_2025-12-28_2026-03-28_Q3,eps_pit_v4,2026-08-28T15:23:28.677950+00:00
2026-06-18,AXGN,-375.0,SEC,2026-04-28,-0.38,-0.08,2026-03-31,2025-03-31,reported_quarter,LOSS_WIDENING,resolved,,805928.0,,,,,,,,,,,,,0000805928-26-000053_EarningsPerShareDiluted_2026-01-01_2026-03-31_Q1,eps_pit_v4,2026-08-28T15:23:33.355941+00:00
2026-06-18,AZZ,-39.0804597701,SEC,2026-04-22,0.5299999999999994,0.8699999999999999,2026-02-28,2025-02-28,derived_from_fy,DECLINE,resolved,,8947.0,,,,,,,,,,,,,"derived_from_fy(0000008947-26-000068_EarningsPerShareDiluted_2025-03-01_2026-02-28_FY,0000008947-25-000140_EarningsPerShareDiluted_2025-03-01_2025-05-31_Q1,0000008947-25-000193_EarningsPerShareDiluted_2025-06-01_2025-08-31_Q2,0000008947-26-000010_EarningsPerShareDiluted_2025-09-01_2025-11-30_Q3)",eps_pit_v4,2026-08-28T15:23:37.430073+00:00
2026-06-18,BAP,25.2475247525,YahooHistoricalEvent,2026-05-14,7.59,6.06,2026-03-31,2025-03-31,reported_quarter,GROWTH,resolved,,,,,,,,,,,,,,,yahoo_event_2026-03-31_2026-05-14T17:00:00-04:00,eps_pit_v4,2026-08-28T15:23:38.541482+00:00
2026-06-18,BCAX,-36.7647058824,SEC,2026-05-11,-0.93,-0.68,2026-03-31,2025-03-31,reported_quarter,LOSS_WIDENING,resolved,,2023658.0,,,,,,,,,,,,,0001628280-26-033429_EarningsPerShareDiluted_2026-01-01_2026-03-31_Q1,eps_pit_v4,2026-08-28T15:23:31.936389+00:00
2026-06-18,BE,330.0,SEC,2026-04-29,0.23,-0.1,2026-03-31,2025-03-31,reported_quarter,TURNAROUND,resolved,,1664703.0,,,,,,,,,,,,,0001628280-26-028021_EarningsPerShareDiluted_2026-01-01_2026-03-31_Q1,eps_pit_v4,2026-08-28T15:23:26.481356+00:00
2026-06-18,BEN,88.4615384615,SEC,2026-04-28,0.49,0.26,2026-03-31,2025-03-31,reported_quarter,GROWTH,resolved,,38777.0,,,,,,,,,,,,,0000038777-26-000101_EarningsPerShareDiluted_2026-01-01_2026-03-31_Q2,eps_pit_v4,2026-08-28T15:23:25.723083+00:00
2026-06-18,BHE,260.0,SEC,2026-04-30,0.36,0.1,2026-03-31,2025-03-31,reported_quarter,GROWTH,resolved,,863436.0,,,,,,,,,,,,,0001193125-26-192574_EarningsPerShareDiluted_2026-01-01_2026-03-31_Q1,eps_pit_v4,2026-08-28T15:23:26.258096+00:00
2026-06-18,BJRI,-29.3103448276,SEC,2026-05-06,0.41,0.58,2026-03-31,2025-04-01,reported_quarter,DECLINE,resolved,,1013488.0,,,,,,,,,,,,,0001193125-26-206922_EarningsPerShareDiluted_2025-12-31_2026-03-31_Q1,eps_pit_v4,2026-08-28T15:23:26.631767+00:00
2026-06-18,BLBD,13.9240506329,SEC,2026-05-06,0.9,0.79,2026-03-28,2025-03-29,reported_quarter,GROWTH,resolved,,1589526.0,,,,,,,,,,,,,0001589526-26-000030_EarningsPerShareDiluted_2025-12-28_2026-03-28_Q2,eps_pit_v4,2026-08-28T15:23:37.059604+00:00
2026-06-18,BPRN,18.1818181818,SEC,2026-05-08,0.91,0.77,2026-03-31,2025-03-31,reported_quarter,GROWTH,resolved,,1913971.0,,,,,,,,,,,,,0001193125-26-214214_EarningsPerShareDiluted_2026-01-01_2026-03-31_Q1,eps_pit_v4,2026-08-28T15:23:31.579743+00:00
2026-06-18,BVFL,-38.0952380952,SEC,2026-05-11,0.13,0.21,2026-03-31,2025-03-31,reported_quarter,DECLINE,resolved,,1302387.0,,,,,,,,,,,,,0001193125-26-216089_EarningsPerShareDiluted_2026-01-01_2026-03-31_Q1,eps_pit_v4,2026-08-28T15:23:35.356594+00:00
2026-06-18,CALY,2250.0,SEC,2026-05-08,0.47,0.02,2026-03-31,2025-03-31,reported_quarter,GROWTH,resolved,,837465.0,,,,,,,,,,,,,0000837465-26-000017_EarningsPerShareDiluted_2026-01-01_2026-03-31_Q1,eps_pit_v4,2026-08-28T15:23:34.310164+00:00
2026-06-18,CAT,30.2380952381,SEC,2026-05-06,5.47,4.2,2026-03-31,2025-03-31,reported_quarter,GROWTH,resolved,,18230.0,,,,,,,,,,,,,0000018230-26-000021_EarningsPerShareDiluted_2026-01-01_2026-03-31_Q1,eps_pit_v4,2026-08-28T15:23:22.977743+00:00
2026-06-18,CBNA,27.0588235294,SEC,2026-05-12,1.08,0.85,2026-03-31,2025-03-31,reported_quarter,GROWTH,resolved,,1392272.0,,,,,,,,,,,,,0001628280-26-034040_EarningsPerShareDiluted_2026-01-01_2026-03-31_Q1,eps_pit_v4,2026-08-28T15:23:31.402347+00:00
2026-06-18,CCBG,-7.0707070707,SEC,2026-04-28,0.92,0.99,2026-03-31,2025-03-31,reported_quarter,DECLINE,resolved,,726601.0,,,,,,,,,,,,,0000726601-26-000011_EarningsPerShareDiluted_2026-01-01_2026-03-31_Q1,eps_pit_v4,2026-08-28T15:23:38.365376+00:00
2026-06-18,CHRN,-10.8695652174,SEC,2026-04-28,-2.04,-1.84,2026-03-31,2025-03-31,reported_quarter,LOSS_WIDENING,resolved,,1549084.0,,,,,,,,,,,,,0001437749-26-013682_EarningsPerShareDiluted_2026-01-01_2026-03-31_Q1,eps_pit_v4,2026-08-28T15:23:25.442097+00:00
2026-06-18,CIFR,-154.5454545455,SEC,2026-05-05,-0.28,-0.11,2026-03-31,2025-03-31,reported_quarter,LOSS_WIDENING,resolved,,1819989.0,,,,,,,,,,,,,0001819989-26-000028_EarningsPerShareDiluted_2026-01-01_2026-03-31_Q1,eps_pit_v4,2026-08-28T15:23:20.726579+00:00
2026-06-18,CLDX,-45.6790123457,SEC,2026-05-07,-1.18,-0.81,2026-03-31,2025-03-31,reported_quarter,LOSS_WIDENING,resolved,,744218.0,,,,,,,,,,,,,0001104659-26-057113_EarningsPerShareDiluted_2026-01-01_2026-03-31_Q1,eps_pit_v4,2026-08-28T15:23:32.793518+00:00
2026-06-18,CMI,-20.9731543624,SEC,2026-05-05,4.71,5.96,2026-03-31,2025-03-31,reported_quarter,DECLINE,resolved,,26172.0,,,,,,,,,,,,,0000026172-26-000016_EarningsPerShareDiluted_2026-01-01_2026-03-31_Q1,eps_pit_v4,2026-08-28T15:23:39.648357+00:00
2026-06-18,CR,-37.7049180328,SEC,2026-04-30,1.14,1.83,2026-03-31,2025-03-31,reported_quarter,DECLINE,resolved,,1944013.0,,,,,,,,,,,,,0001944013-26-000161_EarningsPerShareDiluted_2026-01-01_2026-03-31_Q1,eps_pit_v4,2026-08-28T15:23:35.547713+00:00
2026-06-18,CTRN,727.2727272727,SEC,2026-06-10,0.91,0.11,2026-05-02,2025-05-03,reported_quarter,GROWTH,resolved,,1318484.0,,,,,,,,,,,,,0001104659-26-072225_EarningsPerShareDiluted_2026-02-01_2026-05-02_Q1,eps_pit_v4,2026-08-28T15:23:28.804364+00:00
2026-06-18,CW,29.1044776119,SEC,2026-05-07,3.46,2.68,2026-03-31,2025-03-31,reported_quarter,GROWTH,resolved,,26324.0,,,,,,,,,,,,,0001628280-26-031971_EarningsPerShareDiluted_2026-01-01_2026-03-31_Q1,eps_pit_v4,2026-08-28T15:23:25.904920+00:00
2026-06-18,D,-10.3896103896,SEC,2026-05-01,0.69,0.77,2026-03-31,2025-03-31,reported_quarter,DECLINE,resolved,,715957.0,,,,,,,,,,,,,0001193125-26-200275_EarningsPerShareDiluted_2026-01-01_2026-03-31_Q1,eps_pit_v4,2026-08-28T15:23:40.638008+00:00
2026-06-18,DAL,-218.9189189189,SEC,2026-04-08,-0.44,0.37,2026-03-31,2025-03-31,reported_quarter,PROFIT_TO_LOSS,resolved,,27904.0,,,,,,,,,,,,,0000027904-26-000022_EarningsPerShareDiluted_2026-01-01_2026-03-31_Q1,eps_pit_v4,2026-08-28T15:23:35.103490+00:00
2026-06-18,DAVE,104.0609137056,SEC,2026-05-05,4.02,1.97,2026-03-31,2025-03-31,reported_quarter,GROWTH,resolved,,1841408.0,,,,,,,,,,,,,0001193125-26-206446_EarningsPerShareDiluted_2026-01-01_2026-03-31_Q1,eps_pit_v4,2026-08-28T15:23:25.518148+00:00
2026-06-18,DIOD,420.0,SEC,2026-05-07,0.32,-0.1,2026-03-31,2025-03-31,reported_quarter,TURNAROUND,resolved,,29002.0,,,,,,,,,,,,,0001193125-26-212380_EarningsPerShareDiluted_2026-01-01_2026-03-31_Q1,eps_pit_v4,2026-08-28T15:23:29.111546+00:00
2026-06-18,DNLI,11.5384615385,SEC,2026-05-07,-0.69,-0.78,2026-03-31,2025-03-31,reported_quarter,LOSS_NARROWING,resolved,,1714899.0,,,,,,,,,,,,,0001714899-26-000064_EarningsPerShareDiluted_2026-01-01_2026-03-31_Q1,eps_pit_v4,2026-08-28T15:23:33.215313+00:00
2026-06-18,DXPE,-2.4,SEC,2026-05-07,1.22,1.25,2026-03-31,2025-03-31,reported_quarter,DECLINE,resolved,,1020710.0,,,,,,,,,,,,,0001628280-26-032353_EarningsPerShareDiluted_2026-01-01_2026-03-31_Q1,eps_pit_v4,2026-08-28T15:23:30.569339+00:00
2026-06-18,ECBK,137.5,SEC,2026-05-08,0.38,0.16,2026-03-31,2025-03-31,reported_quarter,GROWTH,resolved,,1914605.0,,,,,,,,,,,,,0001437749-26-015758_EarningsPerShareDiluted_2026-01-01_2026-03-31_Q1,eps_pit_v4,2026-08-28T15:23:38.077283+00:00
2026-06-18,EIG,0.0,SEC,2026-05-01,0.52,0.52,2026-03-31,2025-03-31,reported_quarter,FLAT,resolved,,1379041.0,,,,,,,,,,,,,0001379041-26-000023_EarningsPerShareDiluted_2026-01-01_2026-03-31_Q1,eps_pit_v4,2026-08-28T15:23:41.252262+00:00
2026-06-18,ENTG,46.3414634146,SEC,2026-04-30,0.6,0.41,2026-03-28,2025-03-29,reported_quarter,GROWTH,resolved,,1101302.0,,,,,,,,,,,,,0001101302-26-000102_EarningsPerShareDiluted_2026-01-01_2026-03-28_Q1,eps_pit_v4,2026-08-28T15:23:20.904583+00:00
2026-06-18,ESE,11.6666666667,SEC,2026-05-11,1.34,1.2,2026-03-31,2025-03-31,reported_quarter,GROWTH,resolved,,866706.0,,,,,,,,,,,,,0001104659-26-058482_EarningsPerShareDiluted_2026-01-01_2026-03-31_Q2,eps_pit_v4,2026-08-28T15:23:39.291117+00:00
2026-06-18,ESI,-42.5,SEC,2026-04-29,0.23,0.4,2026-03-31,2025-03-31,reported_quarter,DECLINE,resolved,,1590714.0,,,,,,,,,,,,,0001590714-26-000041_EarningsPerShareDiluted_2026-01-01_2026-03-31_Q1,eps_pit_v4,2026-08-28T15:23:24.487835+00:00
2026-06-18,ESTA,35.7142857143,SEC,2026-05-08,-0.45,-0.7,2026-03-31,2025-03-31,reported_quarter,LOSS_NARROWING,resolved,,1688757.0,,,,,,,,,,,,,0001688757-26-000041_EarningsPerShareDiluted_2026-01-01_2026-03-31_Q1,eps_pit_v4,2026-08-28T15:23:29.656059+00:00
2026-06-18,FCEL,18.9944134078,SEC,2026-06-08,-1.45,-1.79,2026-04-30,2025-04-30,reported_quarter,LOSS_NARROWING,resolved,,886128.0,,,,,,,,,,,,,0001104659-26-071183_EarningsPerShareDiluted_2026-02-01_2026-04-30_Q2,eps_pit_v4,2026-08-28T15:23:21.131142+00:00
2026-06-18,FDSB,300.0,SEC,2026-05-12,0.08,0.02,2026-03-31,2025-03-31,reported_quarter,GROWTH,resolved,,2012726.0,,,,,,,,,,,,,0001104659-26-059501_EarningsPerShareDiluted_2026-01-01_2026-03-31_Q1,eps_pit_v4,2026-08-28T15:23:40.975785+00:00
2026-06-18,FLXS,260.5633802817,SEC,2026-04-22,1.14,-0.71,2026-03-31,2025-03-31,reported_quarter,TURNAROUND,resolved,,37472.0,,,,,,,,,,,,,0001193125-26-170444_EarningsPerShareDiluted_2026-01-01_2026-03-31_Q3,eps_pit_v4,2026-08-28T15:23:24.860210+00:00
2026-06-18,FORM,225.0,SEC,2026-05-05,0.26,0.08,2026-03-28,2025-03-29,reported_quarter,GROWTH,resolved,,1039399.0,,,,,,,,,,,,,0001039399-26-000023_EarningsPerShareDiluted_2025-12-28_2026-03-28_Q1,eps_pit_v4,2026-08-28T15:23:20.218541+00:00
2026-06-18,FRO,761.1111111111,YahooHistoricalEvent,2026-05-21,1.55,0.18,2026-03-31,2025-03-31,reported_quarter,GROWTH,resolved,,,,,,,,,,,,,,,yahoo_event_2026-03-31_2026-05-21T20:00:00-04:00,eps_pit_v4,2026-08-28T15:23:21.459164+00:00
2026-06-18,FSTR,170.0,SEC,2026-05-04,0.14,-0.2,2026-03-31,2025-03-31,reported_quarter,TURNAROUND,resolved,,352825.0,,,,,,,,,,,,,0000352825-26-000029_EarningsPerShareDiluted_2026-01-01_2026-03-31_Q1,eps_pit_v4,2026-08-28T15:23:35.279993+00:00
2026-06-18,FTDR,16.3265306122,SEC,2026-04-30,0.57,0.49,2026-03-31,2025-03-31,reported_quarter,GROWTH,resolved,,1727263.0,,,,,,,,,,,,,0001193125-26-197175_EarningsPerShareDiluted_2026-01-01_2026-03-31_Q1,eps_pit_v4,2026-08-28T15:23:30.410618+00:00
2026-06-18,FUSB,13.7931034483,SEC,2026-05-07,0.33,0.29,2026-03-31,2025-03-31,reported_quarter,GROWTH,resolved,,717806.0,,,,,,,,,,,,,0001193125-26-211192_EarningsPerShareDiluted_2026-01-01_2026-03-31_Q1,eps_pit_v4,2026-08-28T15:23:36.080104+00:00
2026-06-18,GE,-1.0928961749,SEC,2026-04-21,1.81,1.83,2026-03-31,2025-03-31,reported_quarter,DECLINE,resolved,,40545.0,,,,,,,,,,,,,0000040545-26-000027_EarningsPerShareDiluted_2026-01-01_2026-03-31_Q1,eps_pit_v4,2026-08-28T15:23:34.839938+00:00
2026-06-18,GEV,1816.4835164835,SEC,2026-04-22,17.44,0.91,2026-03-31,2025-03-31,reported_quarter,GROWTH,resolved,,1996810.0,,,,,,,,,,,,,0001996810-26-000064_EarningsPerShareDiluted_2026-01-01_2026-03-31_Q1,eps_pit_v4,2026-08-28T15:23:31.089278+00:00
2026-06-18,GHM,-57.5,SEC,2026-06-08,0.1700000000000001,0.4000000000000001,2026-03-31,2025-03-31,derived_from_fy,DECLINE,resolved,,716314.0,,,,,,,,,,,,,"derived_from_fy(0001193125-26-260688_EarningsPerShareDiluted_2025-04-01_2026-03-31_FY,0000950170-25-102424_EarningsPerShareDiluted_2025-04-01_2025-06-30_Q1,0001193125-25-271134_EarningsPerShareDiluted_2025-07-01_2025-09-30_Q2,0001193125-26-040310_EarningsPerShareDiluted_2025-10-01_2025-12-31_Q3)",eps_pit_v4,2026-08-28T15:23:31.273061+00:00
2026-06-18,GL,12.6245847176,SEC,2026-05-07,3.39,3.01,2026-03-31,2025-03-31,reported_quarter,GROWTH,resolved,,320335.0,,,,,,,,,,,,,0000320335-26-000169_EarningsPerShareDiluted_2026-01-01_2026-03-31_Q1,eps_pit_v4,2026-08-28T15:23:40.183707+00:00
2026-06-18,GLW,138.8888888889,SEC,2026-05-01,0.43,0.18,2026-03-31,2025-03-31,reported_quarter,GROWTH,resolved,,24741.0,,,,,,,,,,,,,0000024741-26-000205_EarningsPerShareDiluted_2026-01-01_2026-03-31_Q1,eps_pit_v4,2026-08-28T15:23:23.292379+00:00
2026-06-18,GNRC,69.8630136986,SEC,2026-05-05,1.24,0.73,2026-03-31,2025-03-31,reported_quarter,GROWTH,resolved,,1474735.0,,,,,,,,,,,,,0001437749-26-014882_EarningsPerShareDiluted_2026-01-01_2026-03-31_Q1,eps_pit_v4,2026-08-28T15:23:29.472562+00:00
2026-06-18,GOLF,-16.049382716,SEC,2026-05-06,1.36,1.62,2026-03-31,2025-03-31,reported_quarter,DECLINE,resolved,,1672013.0,,,,,,,,,,,,,0001672013-26-000112_EarningsPerShareDiluted_2026-01-01_2026-03-31_Q1,eps_pit_v4,2026-08-28T15:23:36.489220+00:00
2026-06-18,GTX,63.3333333333,SEC,2026-04-30,0.49,0.3,2026-03-31,2025-03-31,reported_quarter,GROWTH,resolved,,1735707.0,,,,,,,,,,,,,0001735707-26-000019_EarningsPerShareDiluted_2026-01-01_2026-03-31_Q1,eps_pit_v4,2026-08-28T15:23:34.944393+00:00
2026-06-18,GVA,-24.6753246753,SEC,2026-04-30,-0.96,-0.77,2026-03-31,2025-03-31,reported_quarter,LOSS_WIDENING,resolved,,861459.0,,,,,,,,,,,,,0000861459-26-000018_EarningsPerShareDiluted_2026-01-01_2026-03-31_Q1,eps_pit_v4,2026-08-28T15:23:41.432799+00:00
2026-06-18,HFBL,100.0,SEC,2026-05-14,0.48,0.24,2026-03-31,2025-03-31,reported_quarter,GROWTH,resolved,,1500375.0,,,,,,,,,,,,,0001140361-26-021225_EarningsPerShareDiluted_2026-01-01_2026-03-31_Q3,eps_pit_v4,2026-08-28T15:23:39.889036+00:00
2026-06-18,HTB,17.8571428571,SEC,2026-05-06,0.99,0.84,2026-03-31,2025-03-31,reported_quarter,GROWTH,resolved,,1538263.0,,,,,,,,,,,,,0001538263-26-000046_EarningsPerShareDiluted_2026-01-01_2026-03-31_Q1,eps_pit_v4,2026-08-28T15:23:40.918797+00:00
2026-06-18,ICHR,46.1538461538,SEC,2026-05-05,-0.07,-0.13,2026-03-27,2025-03-28,reported_quarter,LOSS_NARROWING,resolved,,1652535.0,,,,,,,,,,,,,0001652535-26-000031_EarningsPerShareDiluted_2025-12-27_2026-03-27_Q1,eps_pit_v4,2026-08-28T15:23:19.446486+00:00
2026-06-18,IFS,37.5,YahooHistoricalEvent,2026-05-10,5.39,3.92,2026-03-31,2025-03-31,reported_quarter,GROWTH,resolved,,,,,,,,,,,,,,,yahoo_event_2026-03-31_2026-05-10T20:00:00-04:00,eps_pit_v4,2026-08-28T15:23:36.150249+00:00
2026-06-18,IMAX,75.0,SEC,2026-04-30,0.07,0.04,2026-03-31,2025-03-31,reported_quarter,GROWTH,resolved,,921582.0,,,,,,,,,,,,,0001628280-26-028960_EarningsPerShareDiluted_2026-01-01_2026-03-31_Q1,eps_pit_v4,2026-08-28T15:23:35.851923+00:00
2026-06-18,INSW,475.0,SEC,2026-05-07,5.75,1.0,2026-03-31,2025-03-31,reported_quarter,GROWTH,resolved,,1679049.0,,,,,,,,,,,,,0001104659-26-056721_EarningsPerShareDiluted_2026-01-01_2026-03-31_Q1,eps_pit_v4,2026-08-28T15:23:22.711247+00:00
2026-06-18,INTC,-284.2105263158,SEC,2026-04-24,-0.73,-0.19,2026-03-28,2025-03-29,reported_quarter,LOSS_WIDENING,resolved,,50863.0,,,,,,,,,,,,,0000050863-26-000079_EarningsPerShareDiluted_2025-12-28_2026-03-28_Q1,eps_pit_v4,2026-08-28T15:23:19.216850+00:00
2026-06-18,IRM,860.0,SEC,2026-04-30,0.48,0.05,2026-03-31,2025-03-31,reported_quarter,GROWTH,resolved,,1020569.0,,,,,,,,,,,,,0001020569-26-000039_EarningsPerShareDiluted_2026-01-01_2026-03-31_Q1,eps_pit_v4,2026-08-28T15:23:34.560807+00:00
2026-06-18,ITT,-33.0827067669,SEC,2026-05-06,0.89,1.33,2026-04-04,2025-03-29,reported_quarter,DECLINE,resolved,,216228.0,,,,,,,,,,,,,0000216228-26-000036_EarningsPerShareDiluted_2026-01-01_2026-04-04_Q1,eps_pit_v4,2026-08-28T15:23:38.841901+00:00
2026-06-18,KEYS,35.5704697987,SEC,2026-06-04,2.02,1.49,2026-04-30,2025-04-30,reported_quarter,GROWTH,resolved,,1601046.0,,,,,,,,,,,,,0001601046-26-000024_EarningsPerShareDiluted_2026-02-01_2026-04-30_Q2,eps_pit_v4,2026-08-28T15:23:26.806532+00:00
2026-06-18,KLIC,141.5094339623,SEC,2026-05-07,0.66,-1.59,2026-04-04,2025-03-29,reported_quarter,TURNAROUND,resolved,,56978.0,,,,,,,,,,,,,0000056978-26-000020_EarningsPerShareDiluted_2026-01-04_2026-04-04_Q2,eps_pit_v4,2026-08-28T15:23:20.397131+00:00
2026-06-18,KNSA,145.4545454545,SEC,2026-04-28,0.27,0.11,2026-03-31,2025-03-31,reported_quarter,GROWTH,resolved,,1730430.0,,,,,,,,,,,,,0001104659-26-050359_EarningsPerShareDiluted_2026-01-01_2026-03-31_Q1,eps_pit_v4,2026-08-28T15:23:39.966571+00:00
2026-06-18,LION,156.8181818182,SEC,2026-05-27,0.2500000000000001,-0.4399999999999999,2026-03-31,2025-03-31,derived_from_fy,TURNAROUND,resolved,,2052959.0,,,,,,,,,,,,,"derived_from_fy(0002052959-26-000049_EarningsPerShareDiluted_2025-04-01_2026-03-31_FY,0002052959-25-000018_EarningsPerShareDiluted_2025-04-01_2025-06-30_Q1,0002052959-25-000044_EarningsPerShareDiluted_2025-07-01_2025-09-30_Q2,0002052959-26-000014_EarningsPerShareDiluted_2025-10-01_2025-12-31_Q3)",eps_pit_v4,2026-08-28T15:23:23.097899+00:00
2026-06-18,LOCO,42.1052631579,SEC,2026-05-08,0.27,0.19,2026-04-01,2025-03-26,reported_quarter,GROWTH,resolved,,1606366.0,,,,,,,,,,,,,0001606366-26-000038_EarningsPerShareDiluted_2026-01-01_2026-04-01_Q1,eps_pit_v4,2026-08-28T15:23:28.497537+00:00
2026-06-18,LSCC,300.0,SEC,2026-05-04,0.16,0.04,2026-04-04,2025-03-29,reported_quarter,GROWTH,resolved,,855658.0,,,,,,,,,,,,,0001437749-26-014686_EarningsPerShareDiluted_2026-01-04_2026-04-04_Q1,eps_pit_v4,2026-08-28T15:23:21.792182+00:00
2026-06-18,LTH,14.7058823529,SEC,2026-05-05,0.39,0.34,2026-03-31,2025-03-31,reported_quarter,GROWTH,resolved,,1869198.0,,,,,,,,,,,,,0001869198-26-000030_EarningsPerShareDiluted_2026-01-01_2026-03-31_Q1,eps_pit_v4,2026-08-28T15:23:29.823096+00:00
2026-06-18,LYTS,-53.8461538462,SEC,2026-05-08,0.06,0.13,2026-03-31,2025-03-31,reported_quarter,DECLINE,resolved,,763532.0,,,,,,,,,,,,,0001437749-26-015958_EarningsPerShareDiluted_2026-01-01_2026-03-31_Q3,eps_pit_v4,2026-08-28T15:23:29.284266+00:00
2026-06-18,MCHP,175.8620689655,SEC,2026-05-21,0.22,-0.29,2026-03-31,2025-03-31,derived_from_fy,TURNAROUND,resolved,,827054.0,,,,,,,,,,,,,"derived_from_fy(0000827054-26-000016_EarningsPerShareDiluted_2025-04-01_2026-03-31_FY,0000827054-25-000133_EarningsPerShareDiluted_2025-04-01_2025-06-30_Q1,0000827054-25-000183_EarningsPerShareDiluted_2025-07-01_2025-09-30_Q2,0000827054-26-000009_EarningsPerShareDiluted_2025-10-01_2025-12-31_Q3)",eps_pit_v4,2026-08-28T15:23:31.803287+00:00
2026-06-18,MCY,275.5102040816,SEC,2026-05-05,3.44,-1.96,2026-03-31,2025-03-31,reported_quarter,TURNAROUND,resolved,,64996.0,,,,,,,,,,,,,0000064996-26-000014_EarningsPerShareDiluted_2026-01-01_2026-03-31_Q1,eps_pit_v4,2026-08-28T15:23:41.605274+00:00
2026-06-18,MKSI,53.2467532468,SEC,2026-05-07,1.18,0.77,2026-03-31,2025-03-31,reported_quarter,GROWTH,resolved,,1049502.0,,,,,,,,,,,,,0001049502-26-000062_EarningsPerShareDiluted_2026-01-01_2026-03-31_Q1,eps_pit_v4,2026-08-28T15:23:19.633485+00:00
2026-06-18,MOD,50.0,SEC,2026-05-27,1.38,0.92,2026-03-31,2025-03-31,derived_from_fy,GROWTH,resolved,,67347.0,,,,,,,,,,,,,"derived_from_fy(0001104659-26-066795_EarningsPerShareDiluted_2025-04-01_2026-03-31_FY,0001558370-25-009865_EarningsPerShareDiluted_2025-04-01_2025-06-30_Q1,0001104659-25-103646_EarningsPerShareDiluted_2025-07-01_2025-09-30_Q2,0001104659-26-010790_EarningsPerShareDiluted_2025-10-01_2025-12-31_Q3)",eps_pit_v4,2026-08-28T15:23:27.696636+00:00
2026-06-18,MOV,400.0,SEC,2026-05-27,0.3,0.06,2026-04-30,2025-04-30,reported_quarter,GROWTH,resolved,,72573.0,,,,,,,,,,,,,0001193125-26-240712_EarningsPerShareDiluted_2026-02-01_2026-04-30_Q1,eps_pit_v4,2026-08-28T15:23:23.471137+00:00
2026-06-18,MRNA,-34.9206349206,SEC,2026-05-01,-3.4,-2.52,2026-03-31,2025-03-31,reported_quarter,LOSS_WIDENING,resolved,,1682852.0,,,,,,,,,,,,,0001682852-26-000060_EarningsPerShareDiluted_2026-01-01_2026-03-31_Q1,eps_pit_v4,2026-08-28T15:23:23.701957+00:00
2026-06-18,MRX,62.6373626374,YahooHistoricalEvent,2026-05-06,1.48,0.91,2026-03-31,2025-03-31,reported_quarter,GROWTH,resolved,,,,,,,,,,,,,,,yahoo_event_2026-03-31_2026-05-06T07:00:00-04:00,eps_pit_v4,2026-08-28T15:23:28.233196+00:00
2026-06-18,MTSI,42.8571428571,SEC,2026-05-07,0.6,0.42,2026-04-03,2025-04-04,reported_quarter,GROWTH,resolved,,1493594.0,,,,,,,,,,,,,0001493594-26-000028_EarningsPerShareDiluted_2026-01-03_2026-04-03_Q2,eps_pit_v4,2026-08-28T15:23:22.138639+00:00
2026-06-18,MYRG,106.2068965517,SEC,2026-04-29,2.99,1.45,2026-03-31,2025-03-31,reported_quarter,GROWTH,resolved,,700923.0,,,,,,,,,,,,,0000700923-26-000028_EarningsPerShareDiluted_2026-01-01_2026-03-31_Q1,eps_pit_v4,2026-08-28T15:23:32.640891+00:00
2026-06-18,NBIS,641.0256410256,YahooHistoricalEvent,2026-05-13,2.11,-0.39,2026-03-31,2025-03-31,reported_quarter,TURNAROUND,resolved,,,,,,,,,,,,,,,yahoo_event_2026-03-31_2026-05-13T07:00:00-04:00,eps_pit_v4,2026-08-28T15:23:22.250511+00:00
2026-06-18,NPKI,9.0909090909,SEC,2026-05-01,0.12,0.11,2026-03-31,2025-03-31,reported_quarter,GROWTH,resolved,,71829.0,,,,,,,,,,,,,0000071829-26-000028_EarningsPerShareDiluted_2026-01-01_2026-03-31_Q1,eps_pit_v4,2026-08-28T15:23:39.432060+00:00
2026-06-18,NVRI,-18.1818181818,SEC,2026-06-08,-0.13,-0.11,2026-03-31,2025-03-31,reported_quarter,LOSS_WIDENING,resolved,,2104052.0,,,,,,,,,,,,,0002104052-26-000081_EarningsPerShareDiluted_2026-01-01_2026-03-31_Q1,eps_pit_v4,2026-08-28T15:23:37.107382+00:00
2026-06-18,NVT,-59.7222222222,SEC,2026-05-01,0.87,2.16,2026-03-31,2025-03-31,reported_quarter,DECLINE,resolved,,1720635.0,,,,,,,,,,,,,0001628280-26-029370_EarningsPerShareDiluted_2026-01-01_2026-03-31_Q1,eps_pit_v4,2026-08-28T15:23:32.318100+00:00
2026-06-18,NXPI,130.7291666667,SEC,2026-04-28,4.43,1.92,2026-03-29,2025-03-30,reported_quarter,GROWTH,resolved,,1413447.0,,,,,,,,,,,,,0001413447-26-000034_EarningsPerShareDiluted_2026-01-01_2026-03-29_Q1,eps_pit_v4,2026-08-28T15:23:26.957575+00:00
2026-06-18,ONTO,-48.4615384615,SEC,2026-05-05,0.67,1.3,2026-03-31,2025-03-29,reported_quarter,DECLINE,resolved,,704532.0,,,,,,,,,,,,,0001193125-26-206707_EarningsPerShareDiluted_2026-01-04_2026-03-31_Q1,eps_pit_v4,2026-08-28T15:23:22.599390+00:00
2026-06-18,OPY,-170.9558823529,SEC,2026-05-01,-1.93,2.72,2026-03-31,2025-03-31,reported_quarter,PROFIT_TO_LOSS,resolved,,791963.0,,,,,,,,,,,,,0001628280-26-029113_EarningsPerShareDiluted_2026-01-01_2026-03-31_Q1,eps_pit_v4,2026-08-28T15:23:33.777753+00:00
2026-06-18,ORKA,93.3908045977,SEC,2025-08-11,-0.46,-6.96,2025-06-30,2024-06-30,reported_quarter,LOSS_NARROWING,resolved,,907654.0,,,,,,,,,,,,,0001213900-25-074281_EarningsPerShareDiluted_2025-04-01_2025-06-30_Q2,eps_pit_v4,2026-08-28T15:23:20.044469+00:00
2026-06-18,ORN,400.0,SEC,2026-04-29,0.12,-0.04,2026-03-31,2025-03-31,reported_quarter,TURNAROUND,resolved,,1402829.0,,,,,,,,,,,,,0001402829-26-000036_EarningsPerShareDiluted_2026-01-01_2026-03-31_Q1,eps_pit_v4,2026-08-28T15:23:27.207126+00:00
2026-06-18,OSS,77.7777777778,SEC,2026-05-06,-0.02,-0.09,2026-03-31,2025-03-31,reported_quarter,LOSS_NARROWING,resolved,,1394056.0,,,,,,,,,,,,,0001193125-26-207665_EarningsPerShareDiluted_2026-01-01_2026-03-31_Q1,eps_pit_v4,2026-08-28T15:23:26.351408+00:00
2026-06-18,OUST,33.3333333333,SEC,2026-05-05,-0.28,-0.42,2026-03-31,2025-03-31,reported_quarter,LOSS_NARROWING,resolved,,1816581.0,,,,,,,,,,,,,0001628280-26-030722_EarningsPerShareDiluted_2026-01-01_2026-03-31_Q1,eps_pit_v4,2026-08-28T15:23:21.215188+00:00
2026-06-18,PANW,-159.4594594595,SEC,2026-06-03,-0.22,0.37,2026-04-30,2025-04-30,reported_quarter,PROFIT_TO_LOSS,resolved,,1327567.0,,,,,,,,,,,,,0001327567-26-000015_EarningsPerShareDiluted_2026-02-01_2026-04-30_Q3,eps_pit_v4,2026-08-28T15:23:26.061875+00:00
2026-06-18,PBFS,-4.347826087,SEC,2026-05-11,0.22,0.23,2026-03-31,2025-03-31,reported_quarter,DECLINE,resolved,,1769663.0,,,,,,,,,,,,,0001104659-26-058663_EarningsPerShareDiluted_2026-01-01_2026-03-31_Q1,eps_pit_v4,2026-08-28T15:23:37.545281+00:00
2026-06-18,PTGX,126.3157894737,SEC,2026-05-05,0.05,-0.19,2026-03-31,2025-03-31,reported_quarter,TURNAROUND,resolved,,1377121.0,,,,,,,,,,,,,0001104659-26-055661_EarningsPerShareDiluted_2026-01-01_2026-03-31_Q1,eps_pit_v4,2026-08-28T15:23:38.463914+00:00
2026-06-18,QCOM,173.0158730159,SEC,2026-04-29,6.88,2.52,2026-03-29,2025-03-30,reported_quarter,GROWTH,resolved,,804328.0,,,,,,,,,,,,,0000804328-26-000061_EarningsPerShareDiluted_2025-12-29_2026-03-29_Q2,eps_pit_v4,2026-08-28T15:23:30.910252+00:00
2026-06-18,RBC,24.0343347639,SEC,2026-05-15,2.890000000000001,2.33,2026-03-28,2025-03-29,derived_from_fy,GROWTH,resolved,,1324948.0,,,,,,,,,,,,,"derived_from_fy(0001213900-26-057626_EarningsPerShareDiluted_2025-03-30_2026-03-28_FY,0001213900-25-070466_EarningsPerShareDiluted_2025-03-30_2025-06-28_Q1,0001213900-25-104623_EarningsPerShareDiluted_2025-06-29_2025-09-27_Q2,0001213900-26-012732_EarningsPerShareDiluted_2025-09-28_2025-12-27_Q3)",eps_pit_v4,2026-08-28T15:23:37.715246+00:00
2026-06-18,RGCO,13.5135135135,SEC,2026-05-07,0.84,0.74,2026-03-31,2025-03-31,reported_quarter,GROWTH,resolved,,1069533.0,,,,,,,,,,,,,0001437749-26-015653_EarningsPerShareDiluted_2026-01-01_2026-03-31_Q2,eps_pit_v4,2026-08-28T15:23:37.253300+00:00
2026-06-18,RLAY,10.8695652174,SEC,2026-05-05,-0.41,-0.46,2026-03-31,2025-03-31,reported_quarter,LOSS_NARROWING,resolved,,1812364.0,,,,,,,,,,,,,0001193125-26-206454_EarningsPerShareDiluted_2026-01-01_2026-03-31_Q1,eps_pit_v4,2026-08-28T15:23:21.360873+00:00
2026-06-18,ROIV,221.4285714286,SEC,2026-05-20,0.3399999999999999,-0.28,2026-03-31,2025-03-31,derived_from_fy,TURNAROUND,resolved,,1635088.0,,,,,,,,,,,,,"derived_from_fy(0001635088-26-000061_EarningsPerShareDiluted_2025-04-01_2026-03-31_FY,0001140361-25-030001_EarningsPerShareDiluted_2025-04-01_2025-06-30_Q1,0001635088-25-000016_EarningsPerShareDiluted_2025-07-01_2025-09-30_Q2,0001635088-26-000011_EarningsPerShareDiluted_2025-10-01_2025-12-31_Q3)",eps_pit_v4,2026-08-28T15:23:24.557254+00:00
2026-06-18,ROK,39.6396396396,SEC,2026-05-05,3.1,2.22,2026-03-31,2025-03-31,reported_quarter,GROWTH,resolved,,1024478.0,,,,,,,,,,,,,0001024478-26-000022_EarningsPerShareDiluted_2026-01-01_2026-03-31_Q2,eps_pit_v4,2026-08-28T15:23:40.373631+00:00
2026-06-18,RVMD,-102.6548672566,SEC,2026-05-06,-2.29,-1.13,2026-03-31,2025-03-31,reported_quarter,LOSS_WIDENING,resolved,,1628171.0,,,,,,,,,,,,,0001193125-26-208969_EarningsPerShareDiluted_2026-01-01_2026-03-31_Q1,eps_pit_v4,2026-08-28T15:23:32.399026+00:00
2026-06-18,SEI,197.9166666667,SEC,2019-07-26,0.47,-0.48,2018-12-31,2017-12-31,reported_quarter,TURNAROUND,resolved,,1697500.0,,,,,,,,,,,,,0001697500-19-000042_EarningsPerShareDiluted_2018-10-01_2018-12-31_FY,eps_pit_v4,2026-08-28T15:23:30.127916+00:00
2026-06-18,SHAZ,-6.7164179104,SEC,2026-05-15,-1.43,-1.34,2026-03-31,2025-03-31,reported_quarter,LOSS_WIDENING,resolved,,2068385.0,,,,,,,,,,,,,0001493152-26-023769_EarningsPerShareDiluted_2026-01-01_2026-03-31_Q1,eps_pit_v4,2026-08-28T15:23:19.340378+00:00
2026-06-18,SLAB,48.9361702128,SEC,2026-05-05,-0.48,-0.94,2026-04-04,2025-04-05,reported_quarter,LOSS_NARROWING,resolved,,1038074.0,,,,,,,,,,,,,0001038074-26-000020_EarningsPerShareDiluted_2026-01-04_2026-04-04_Q1,eps_pit_v4,2026-08-28T15:23:24.708154+00:00
2026-06-18,SN,2.4096385542,SEC,2026-05-06,0.85,0.83,2026-03-31,2025-03-31,reported_quarter,GROWTH,resolved,,1957132.0,,,,,,,,,,,,,0001957132-26-000035_EarningsPerShareDiluted_2026-01-01_2026-03-31_Q1,eps_pit_v4,2026-08-28T15:23:35.405435+00:00
2026-06-18,SPHR,98.2378854626,SEC,2026-05-05,-0.04,-2.27,2026-03-31,2025-03-31,reported_quarter,LOSS_NARROWING,resolved,,1795250.0,,,,,,,,,,,,,0001628280-26-030740_EarningsPerShareDiluted_2026-01-01_2026-03-31_Q1,eps_pit_v4,2026-08-28T15:23:19.873848+00:00
2026-06-18,SSRM,-285.7142857143,SEC,2026-05-05,-0.52,0.28,2026-03-31,2025-03-31,reported_quarter,PROFIT_TO_LOSS,resolved,,921638.0,,,,,,,,,,,,,0000921638-26-000062_EarningsPerShareDiluted_2026-01-01_2026-03-31_Q1,eps_pit_v4,2026-08-28T15:23:31.503411+00:00
2026-06-18,SWBI,94.7368421053,SEC,2026-06-17,0.37,0.1899999999999999,2026-04-30,2025-04-30,derived_from_fy,GROWTH,resolved,,1092796.0,,,,,,,,,,,,,"derived_from_fy(0001193125-26-274254_EarningsPerShareDiluted_2025-05-01_2026-04-30_FY,0000950170-25-113031_EarningsPerShareDiluted_2025-05-01_2025-07-31_Q1,0001193125-25-308093_EarningsPerShareDiluted_2025-08-01_2025-10-31_Q2,0001193125-26-093991_EarningsPerShareDiluted_2025-11-01_2026-01-31_Q3)",eps_pit_v4,2026-08-28T15:23:28.020746+00:00
2026-06-18,TER,314.7540983607,SEC,2026-05-01,2.53,0.61,2026-03-29,2025-03-30,reported_quarter,GROWTH,resolved,,97210.0,,,,,,,,,,,,,0001193125-26-201058_EarningsPerShareDiluted_2026-01-01_2026-03-29_Q1,eps_pit_v4,2026-08-28T15:23:19.015309+00:00
2026-06-18,TGTX,300.0,SEC,2026-05-06,0.12,0.03,2026-03-31,2025-03-31,reported_quarter,GROWTH,resolved,,1001316.0,,,,,,,,,,,,,0001437749-26-015246_EarningsPerShareDiluted_2026-01-01_2026-03-31_Q1,eps_pit_v4,2026-08-28T15:23:23.594766+00:00
2026-06-18,TH,-85.7142857143,SEC,2026-05-11,-0.13,-0.07,2026-03-31,2025-03-31,reported_quarter,LOSS_WIDENING,resolved,,1712189.0,,,,,,,,,,,,,0001104659-26-058542_EarningsPerShareDiluted_2026-01-01_2026-03-31_Q1,eps_pit_v4,2026-08-28T15:23:21.896830+00:00
2026-06-18,TRS,7033.3333333333,SEC,2026-04-30,21.4,0.3,2026-03-31,2025-03-31,reported_quarter,GROWTH,resolved,,842633.0,,,,,,,,,,,,,0000842633-26-000029_EarningsPerShareDiluted_2026-01-01_2026-03-31_Q1,eps_pit_v4,2026-08-28T15:23:30.298288+00:00
2026-06-18,TRV,357.6470588235,SEC,2026-04-16,7.78,1.7,2026-03-31,2025-03-31,reported_quarter,GROWTH,resolved,,86312.0,,,,,,,,,,,,,0000086312-26-000111_EarningsPerShareDiluted_2026-01-01_2026-03-31_Q1,eps_pit_v4,2026-08-28T15:23:39.124020+00:00
2026-06-18,TRVI,0.0,SEC,2026-05-05,-0.09,-0.09,2026-03-31,2025-03-31,reported_quarter,FLAT,resolved,,1563880.0,,,,,,,,,,,,,0001193125-26-206390_EarningsPerShareDiluted_2026-01-01_2026-03-31_Q1,eps_pit_v4,2026-08-28T15:23:27.038451+00:00
2026-06-18,TTMI,51.6129032258,SEC,2026-05-01,0.47,0.31,2026-03-30,2025-03-31,reported_quarter,GROWTH,resolved,,1116942.0,,,,,,,,,,,,,0001193125-26-201403_EarningsPerShareDiluted_2025-12-30_2026-03-30_Q1,eps_pit_v4,2026-08-28T15:23:21.634528+00:00
2026-06-18,TXN,31.25,SEC,2026-04-24,1.68,1.28,2026-03-31,2025-03-31,reported_quarter,GROWTH,resolved,,97476.0,,,,,,,,,,,,,0000097476-26-000101_EarningsPerShareDiluted_2026-01-01_2026-03-31_Q1,eps_pit_v4,2026-08-28T15:23:33.032323+00:00
2026-06-18,URGN,48.9130434783,SEC,2026-05-06,-0.47,-0.92,2026-03-31,2025-03-31,reported_quarter,LOSS_NARROWING,resolved,,1668243.0,,,,,,,,,,,,,0001437749-26-015019_EarningsPerShareBasic_2026-01-01_2026-03-31_Q1,eps_pit_v4,2026-08-28T15:23:23.875737+00:00
2026-06-18,VCYT,288.8888888889,SEC,2026-05-06,0.35,0.09,2026-03-31,2025-03-31,reported_quarter,GROWTH,resolved,,1384101.0,,,,,,,,,,,,,0001384101-26-000031_EarningsPerShareDiluted_2026-01-01_2026-03-31_Q1,eps_pit_v4,2026-08-28T15:23:25.242503+00:00
2026-06-18,VIK,54.1666666667,YahooHistoricalEvent,2026-05-14,-0.11,-0.24,2026-03-31,2025-03-31,reported_quarter,LOSS_NARROWING,resolved,,,,,,,,,,,,,,,yahoo_event_2026-03-31_2026-05-14T07:00:00-04:00,eps_pit_v4,2026-08-28T15:23:39.701588+00:00
2026-06-18,VSXY,2900.0,SEC,2026-06-05,0.56,-0.02,2026-05-02,2025-05-03,reported_quarter,TURNAROUND,resolved,,1856437.0,,,,,,,,,,,,,0001856437-26-000013_EarningsPerShareDiluted_2026-02-01_2026-05-02_Q1,eps_pit_v4,2026-08-28T15:23:27.776689+00:00
2026-06-18,WAB,12.7659574468,SEC,2026-04-22,2.12,1.88,2026-03-31,2025-03-31,reported_quarter,GROWTH,resolved,,943452.0,,,,,,,,,,,,,0001628280-26-026422_EarningsPerShareDiluted_2026-01-01_2026-03-31_Q1,eps_pit_v4,2026-08-28T15:23:32.206437+00:00
2026-06-18,WULF,-531.25,SEC,2026-05-08,-1.01,-0.16,2026-03-31,2025-03-31,reported_quarter,LOSS_WIDENING,resolved,,1083301.0,,,,,,,,,,,,,0001083301-26-000092_EarningsPerShareDiluted_2026-01-01_2026-03-31_Q1,eps_pit_v4,2026-08-28T15:23:27.507867+00:00
2026-06-18,WWD,23.0337078652,SEC,2026-04-30,2.19,1.78,2026-03-31,2025-03-31,reported_quarter,GROWTH,resolved,,108312.0,,,,,,,,,,,,,0001193125-26-195984_EarningsPerShareDiluted_2026-01-01_2026-03-31_Q2,eps_pit_v4,2026-08-28T15:23:36.921165+00:00
2026-06-18,WYFI,-720.0,SEC,2026-05-14,-0.31,0.05,2026-03-31,2025-03-31,reported_quarter,PROFIT_TO_LOSS,resolved,,2042022.0,,,,,,,,,,,,,0001213900-26-056212_EarningsPerShareDiluted_2026-01-01_2026-03-31_Q1,eps_pit_v4,2026-08-28T15:23:19.767175+00:00
2026-06-26,AAL,19.4444444444,SEC,2026-04-23,-0.58,-0.72,2026-03-31,2025-03-31,reported_quarter,LOSS_NARROWING,resolved,,6201.0,,,,,,,,,,,,,0000006201-26-000032_EarningsPerShareDiluted_2026-01-01_2026-03-31_Q1,eps_pit_v4,2026-08-28T15:23:44.245992+00:00
2026-06-26,ABCB,28.3464566929,SEC,2026-05-08,1.63,1.27,2026-03-31,2025-03-31,reported_quarter,GROWTH,resolved,,351569.0,,,,,,,,,,,,,0000351569-26-000086_EarningsPerShareDiluted_2026-01-01_2026-03-31_Q1,eps_pit_v4,2026-08-28T15:24:21.537551+00:00
2026-06-26,ACA,60.4166666667,SEC,2026-05-01,0.77,0.48,2026-03-31,2025-03-31,reported_quarter,GROWTH,resolved,,1739445.0,,,,,,,,,,,,,0001739445-26-000067_EarningsPerShareDiluted_2026-01-01_2026-03-31_Q1,eps_pit_v4,2026-08-28T15:23:55.860380+00:00
2026-06-26,ACU,-41.4634146341,SEC,2026-05-06,0.24,0.41,2026-03-31,2025-03-31,reported_quarter,DECLINE,resolved,,2098.0,,,,,,,,,,,,,0001193125-26-209010_EarningsPerShareDiluted_2026-01-01_2026-03-31_Q1,eps_pit_v4,2026-08-28T15:23:57.175023+00:00
2026-06-26,ADPT,35.0,SEC,2026-05-05,-0.13,-0.2,2026-03-31,2025-03-31,reported_quarter,LOSS_NARROWING,resolved,,1478320.0,,,,,,,,,,,,,0001193125-26-206546_EarningsPerShareDiluted_2026-01-01_2026-03-31_Q1,eps_pit_v4,2026-08-28T15:23:52.435725+00:00
2026-06-26,AEE,19.6261682243,SEC,2026-05-08,1.28,1.07,2026-03-31,2025-03-31,reported_quarter,GROWTH,resolved,,1002910.0,,,,,,,,,,,,,0001002910-26-000015_EarningsPerShareDiluted_2026-01-01_2026-03-31_Q1,eps_pit_v4,2026-08-28T15:24:15.366971+00:00
2026-06-26,AEP,6.6666666667,SEC,2026-05-05,1.6,1.5,2026-03-31,2025-03-31,reported_quarter,GROWTH,resolved,,4904.0,,,,,,,,,,,,,0000004904-26-000034_EarningsPerShareDiluted_2026-01-01_2026-03-31_Q1,eps_pit_v4,2026-08-28T15:24:19.894762+00:00
2026-06-26,AFL,3860.0,SEC,2026-05-06,1.98,0.05,2026-03-31,2025-03-31,reported_quarter,GROWTH,resolved,,4977.0,,,,,,,,,,,,,0001628280-26-030923_EarningsPerShareDiluted_2026-01-01_2026-03-31_Q1,eps_pit_v4,2026-08-28T15:24:20.359779+00:00
2026-06-26,AGX,102.5,SEC,2026-06-04,3.24,1.6,2026-04-30,2025-04-30,reported_quarter,GROWTH,resolved,,100591.0,,,,,,,,,,,,,0001104659-26-070536_EarningsPerShareDiluted_2026-02-01_2026-04-30_Q1,eps_pit_v4,2026-08-28T15:23:49.513974+00:00
2026-06-26,AKTS,97.9569892473,SEC,2026-05-11,-0.38,-18.6,2026-03-31,2025-03-31,reported_quarter,LOSS_NARROWING,resolved,,2035832.0,,,,,,,,,,,,,0001193125-26-216749_EarningsPerShareDiluted_2026-01-01_2026-03-31_Q1,eps_pit_v4,2026-08-28T15:23:48.350889+00:00
2026-06-26,ALL,338.3886255924,SEC,2026-04-29,9.25,2.11,2026-03-31,2025-03-31,reported_quarter,GROWTH,resolved,,899051.0,,,,,,,,,,,,,0000899051-26-000075_EarningsPerShareDiluted_2026-01-01_2026-03-31_Q1,eps_pit_v4,2026-08-28T15:24:09.389541+00:00
2026-06-26,AMAL,3.7037037037,SEC,2026-05-05,0.84,0.81,2026-03-31,2025-03-31,reported_quarter,GROWTH,resolved,,1823608.0,,,,,,,,,,,,,0001823608-26-000113_EarningsPerShareDiluted_2026-01-01_2026-03-31_Q1,eps_pit_v4,2026-08-28T15:23:50.094516+00:00
2026-06-26,AMN,5400.0,SEC,2026-05-08,1.59,-0.03,2026-03-31,2025-03-31,reported_quarter,TURNAROUND,resolved,,1142750.0,,,,,,,,,,,,,0001628280-26-032419_EarningsPerShareDiluted_2026-01-01_2026-03-31_Q1,eps_pit_v4,2026-08-28T15:23:53.071715+00:00
2026-06-26,AMTB,57.1428571429,SEC,2026-05-01,0.44,0.28,2026-03-31,2025-03-31,reported_quarter,GROWTH,resolved,,1734342.0,,,,,,,,,,,,,0001734342-26-000037_EarningsPerShareDiluted_2026-01-01_2026-03-31_Q1,eps_pit_v4,2026-08-28T15:23:56.802168+00:00
2026-06-26,APGE,-11.5789473684,SEC,2026-05-11,-1.06,-0.95,2026-03-31,2025-03-31,reported_quarter,LOSS_WIDENING,resolved,,1974640.0,,,,,,,,,,,,,0001193125-26-215698_EarningsPerShareDiluted_2026-01-01_2026-03-31_Q1,eps_pit_v4,2026-08-28T15:23:43.638850+00:00
2026-06-26,AROC,2.5,SEC,2026-05-06,0.41,0.4,2026-03-31,2025-03-31,reported_quarter,GROWTH,resolved,,1389050.0,,,,,,,,,,,,,0001389050-26-000019_EarningsPerShareDiluted_2026-01-01_2026-03-31_Q1,eps_pit_v4,2026-08-28T15:23:47.285090+00:00
2026-06-26,AROW,115.7894736842,SEC,2026-05-08,0.82,0.38,2026-03-31,2025-03-31,reported_quarter,GROWTH,resolved,,717538.0,,,,,,,,,,,,,0000717538-26-000060_EarningsPerShareDiluted_2026-01-01_2026-03-31_Q1,eps_pit_v4,2026-08-28T15:24:14.655000+00:00
2026-06-26,ASB,18.6440677966,SEC,2026-04-28,0.7,0.59,2026-03-31,2025-03-31,reported_quarter,GROWTH,resolved,,7789.0,,,,,,,,,,,,,0000007789-26-000141_EarningsPerShareDiluted_2026-01-01_2026-03-31_Q1,eps_pit_v4,2026-08-28T15:24:16.459081+00:00
2026-06-26,ASND,117.0886075949,YahooHistoricalEvent,2026-05-07,0.27,-1.58,2026-03-31,2025-03-31,reported_quarter,TURNAROUND,resolved,,,,,,,,,,,,,,,yahoo_event_2026-03-31_2026-05-07T07:00:00-04:00,eps_pit_v4,2026-08-28T15:23:46.680536+00:00
2026-06-26,ATLO,71.7948717949,SEC,2026-05-08,0.67,0.39,2026-03-31,2025-03-31,reported_quarter,GROWTH,resolved,,1132651.0,,,,,,,,,,,,,0001437749-26-015819_EarningsPerShareBasic_2026-01-01_2026-03-31_Q1,eps_pit_v4,2026-08-28T15:23:45.525402+00:00
2026-06-26,AUPH,56.25,SEC,2026-05-07,0.25,0.16,2026-03-31,2025-03-31,reported_quarter,GROWTH,resolved,,1600620.0,,,,,,,,,,,,,0001600620-26-000049_EarningsPerShareDiluted_2026-01-01_2026-03-31_Q1,eps_pit_v4,2026-08-28T15:24:00.167618+00:00
2026-06-26,AVBP,49.4736842105,SEC,2026-05-11,-0.96,-1.9,2026-03-31,2025-03-31,reported_quarter,LOSS_NARROWING,resolved,,1868279.0,,,,,,,,,,,,,0001104659-26-058650_EarningsPerShareDiluted_2026-01-01_2026-03-31_Q1,eps_pit_v4,2026-08-28T15:23:47.401313+00:00
2026-06-26,BATRA,4.5454545455,SEC,2026-05-11,-0.63,-0.66,2026-03-31,2025-03-31,reported_quarter,LOSS_NARROWING,resolved,,1958140.0,,,,,,,,,,,,,0001104659-26-058558_EarningsPerShareDiluted_2026-01-01_2026-03-31_Q1,eps_pit_v4,2026-08-28T15:23:59.108967+00:00
2026-06-26,BCAL,-19.2307692308,SEC,2026-05-08,0.42,0.52,2026-03-31,2025-03-31,reported_quarter,DECLINE,resolved,,1795815.0,,,,,,,,,,,,,0001795815-26-000015_EarningsPerShareDiluted_2026-01-01_2026-03-31_Q1,eps_pit_v4,2026-08-28T15:24:03.497903+00:00
2026-06-26,BCAX,-36.7647058824,SEC,2026-05-11,-0.93,-0.68,2026-03-31,2025-03-31,reported_quarter,LOSS_WIDENING,resolved,,2023658.0,,,,,,,,,,,,,0001628280-26-033429_EarningsPerShareDiluted_2026-01-01_2026-03-31_Q1,eps_pit_v4,2026-08-28T15:23:50.551334+00:00
2026-06-26,BCML,47.0588235294,SEC,2026-05-11,0.75,0.51,2026-03-31,2025-03-31,reported_quarter,GROWTH,resolved,,1730984.0,,,,,,,,,,,,,0001730984-26-000048_EarningsPerShareDiluted_2026-01-01_2026-03-31_Q1,eps_pit_v4,2026-08-28T15:24:08.336382+00:00
2026-06-26,BFS,-10.3448275862,SEC,2026-05-07,0.26,0.29,2026-03-31,2025-03-31,reported_quarter,DECLINE,resolved,,907254.0,,,,,,,,,,,,,0000907254-26-000032_EarningsPerShareDiluted_2026-01-01_2026-03-31_Q1,eps_pit_v4,2026-08-28T15:24:03.345720+00:00
2026-06-26,BFST,4.6153846154,SEC,2026-05-01,0.68,0.65,2026-03-31,2025-03-31,reported_quarter,GROWTH,resolved,,1624322.0,,,,,,,,,,,,,0001624322-26-000028_EarningsPerShareDiluted_2026-01-01_2026-03-31_Q1,eps_pit_v4,2026-08-28T15:23:52.281678+00:00
2026-06-26,BIOA,-44.4444444444,SEC,2026-05-08,-0.52,-0.36,2026-03-31,2025-03-31,reported_quarter,LOSS_WIDENING,resolved,,1709941.0,,,,,,,,,,,,,0001193125-26-213466_EarningsPerShareDiluted_2026-01-01_2026-03-31_Q1,eps_pit_v4,2026-08-28T15:23:49.109225+00:00
2026-06-26,BNL,166.6666666667,SEC,2026-04-30,0.24,0.09,2026-03-31,2025-03-31,reported_quarter,GROWTH,resolved,,1424182.0,,,,,,,,,,,,,0001424182-26-000037_EarningsPerShareDiluted_2026-01-01_2026-03-31_Q1,eps_pit_v4,2026-08-28T15:24:21.865546+00:00
2026-06-26,BRX,78.2608695652,SEC,2026-04-27,0.41,0.23,2026-03-31,2025-03-31,reported_quarter,GROWTH,resolved,,1581068.0,,,,,,,,,,,,,0001581068-26-000021_EarningsPerShareDiluted_2026-01-01_2026-03-31_Q1,eps_pit_v4,2026-08-28T15:24:05.142045+00:00
2026-06-26,BSVN,15.7407407407,SEC,2026-05-11,1.25,1.08,2026-03-31,2025-03-31,reported_quarter,GROWTH,resolved,,1746129.0,,,,,,,,,,,,,0001140361-26-020594_EarningsPerShareDiluted_2026-01-01_2026-03-31_Q1,eps_pit_v4,2026-08-28T15:23:59.325007+00:00
2026-06-26,BVFL,-38.0952380952,SEC,2026-05-11,0.13,0.21,2026-03-31,2025-03-31,reported_quarter,DECLINE,resolved,,1302387.0,,,,,,,,,,,,,0001193125-26-216089_EarningsPerShareDiluted_2026-01-01_2026-03-31_Q1,eps_pit_v4,2026-08-28T15:23:56.207683+00:00
2026-06-26,BWB,87.0967741935,SEC,2026-04-30,0.58,0.31,2026-03-31,2025-03-31,reported_quarter,GROWTH,resolved,,1341317.0,,,,,,,,,,,,,0001104659-26-052124_EarningsPerShareDiluted_2026-01-01_2026-03-31_Q1,eps_pit_v4,2026-08-28T15:23:44.737413+00:00
2026-06-26,BWFG,62.0689655172,SEC,2026-05-06,1.41,0.87,2026-03-31,2025-03-31,reported_quarter,GROWTH,resolved,,1505732.0,,,,,,,,,,,,,0001505732-26-000074_EarningsPerShareDiluted_2026-01-01_2026-03-31_Q1,eps_pit_v4,2026-08-28T15:23:53.850848+00:00
2026-06-26,CAC,200.0,SEC,2026-05-07,1.29,0.43,2026-03-31,2025-03-31,reported_quarter,GROWTH,resolved,,750686.0,,,,,,,,,,,,,0000750686-26-000026_EarningsPerShareDiluted_2026-01-01_2026-03-31_Q1,eps_pit_v4,2026-08-28T15:23:56.450888+00:00
2026-06-26,CAH,10.5882352941,SEC,2025-10-30,1.88,1.7,2025-09-30,2024-09-30,reported_quarter,GROWTH,resolved,,721371.0,,,,,,,,,,,,,0000721371-25-000130_EarningsPerShareDiluted_2025-07-01_2025-09-30_Q1,eps_pit_v4,2026-08-28T15:24:04.533207+00:00
2026-06-26,CBFV,108.5714285714,SEC,2026-05-12,0.73,0.35,2026-03-31,2025-03-31,reported_quarter,GROWTH,resolved,,1605301.0,,,,,,,,,,,,,0001605301-26-000023_EarningsPerShareDiluted_2026-01-01_2026-03-31_Q1,eps_pit_v4,2026-08-28T15:24:15.725548+00:00
2026-06-26,CBK,-2.7777777778,SEC,2026-05-13,0.7,0.72,2026-03-31,2025-03-31,reported_quarter,DECLINE,resolved,,1981546.0,,,,,,,,,,,,,0001213900-26-055885_EarningsPerShareDiluted_2026-01-01_2026-03-31_Q1,eps_pit_v4,2026-08-28T15:24:13.340563+00:00
2026-06-26,CBL,448.1481481481,SEC,2026-05-08,1.48,0.27,2026-03-31,2025-03-31,reported_quarter,GROWTH,resolved,,910612.0,,,,,,,,,,,,,0001193125-26-214023_EarningsPerShareDiluted_2026-01-01_2026-03-31_Q1,eps_pit_v4,2026-08-28T15:24:09.566869+00:00
2026-06-26,CBU,16.1290322581,SEC,2026-05-08,1.08,0.93,2026-03-31,2025-03-31,reported_quarter,GROWTH,resolved,,723188.0,,,,,,,,,,,,,0001104659-26-057940_EarningsPerShareDiluted_2026-01-01_2026-03-31_Q1,eps_pit_v4,2026-08-28T15:24:06.414325+00:00
2026-06-26,CCBG,-7.0707070707,SEC,2026-04-28,0.92,0.99,2026-03-31,2025-03-31,reported_quarter,DECLINE,resolved,,726601.0,,,,,,,,,,,,,0000726601-26-000011_EarningsPerShareDiluted_2026-01-01_2026-03-31_Q1,eps_pit_v4,2026-08-28T15:24:14.411790+00:00
2026-06-26,CFR,15.2173913043,SEC,2026-04-30,2.65,2.3,2026-03-31,2025-03-31,reported_quarter,GROWTH,resolved,,39263.0,,,,,,,,,,,,,0000039263-26-000035_EarningsPerShareDiluted_2026-01-01_2026-03-31_Q1,eps_pit_v4,2026-08-28T15:23:47.022065+00:00
2026-06-26,CGEM,24.1758241758,SEC,2024-11-07,-0.69,-0.91,2024-09-30,2023-09-30,reported_quarter,LOSS_NARROWING,resolved,,1789972.0,,,,,,,,,,,,,0000950170-24-122795_EarningsPerShareDiluted_2024-07-01_2024-09-30_Q3,eps_pit_v4,2026-08-28T15:23:48.231847+00:00
2026-06-26,CHCO,6.7961165049,SEC,2026-05-06,2.2,2.06,2026-03-31,2025-03-31,reported_quarter,GROWTH,resolved,,726854.0,,,,,,,,,,,,,0000726854-26-000122_EarningsPerShareDiluted_2026-01-01_2026-03-31_Q1,eps_pit_v4,2026-08-28T15:23:57.571770+00:00
2026-06-26,CHMG,51.5873015873,SEC,2026-05-07,1.91,1.26,2026-03-31,2025-03-31,reported_quarter,GROWTH,resolved,,763563.0,,,,,,,,,,,,,0001628280-26-031834_EarningsPerShareDiluted_2026-01-01_2026-03-31_Q1,eps_pit_v4,2026-08-28T15:24:03.978421+00:00
2026-06-26,CINF,407.0175438596,SEC,2026-04-27,1.75,-0.57,2026-03-31,2025-03-31,reported_quarter,TURNAROUND,resolved,,20286.0,,,,,,,,,,,,,0000020286-26-000026_EarningsPerShareDiluted_2026-01-01_2026-03-31_Q1,eps_pit_v4,2026-08-28T15:24:12.389386+00:00
2026-06-26,CLBK,75.0,YahooHistoricalEvent,2026-04-20,0.07,0.04,2026-03-31,2025-03-31,reported_quarter,GROWTH,resolved,,,,,,,,,,,,,,,yahoo_event_2026-03-31_2026-04-20T16:00:00-04:00,eps_pit_v4,2026-08-28T15:23:59.157661+00:00
2026-06-26,CNP,6.6666666667,SEC,2026-04-23,0.48,0.45,2026-03-31,2025-03-31,reported_quarter,GROWTH,resolved,,1130310.0,,,,,,,,,,,,,0001130310-26-000028_EarningsPerShareDiluted_2026-01-01_2026-03-31_Q1,eps_pit_v4,2026-08-28T15:24:19.082352+00:00
2026-06-26,CPBI,13.6363636364,SEC,2026-06-18,0.25,0.2199999999999999,2026-03-31,2025-03-31,derived_from_fy,GROWTH,resolved,,1979332.0,,,,,,,,,,,,,"derived_from_fy(0001193125-26-275962_EarningsPerShareDiluted_2025-04-01_2026-03-31_FY,0000950170-25-107380_EarningsPerShareDiluted_2025-04-01_2025-06-30_Q1,0001193125-25-280272_EarningsPerShareDiluted_2025-07-01_2025-09-30_Q2,0001193125-26-046679_EarningsPerShareDiluted_2025-10-01_2025-12-31_Q3)",eps_pit_v4,2026-08-28T15:24:22.138052+00:00
2026-06-26,CPF,20.0,SEC,2026-04-29,0.78,0.65,2026-03-31,2025-03-31,reported_quarter,GROWTH,resolved,,701347.0,,,,,,,,,,,,,0000701347-26-000028_EarningsPerShareDiluted_2026-01-01_2026-03-31_Q1,eps_pit_v4,2026-08-28T15:24:20.113637+00:00
2026-06-26,CSX,26.4705882353,SEC,2026-04-22,0.43,0.34,2026-03-31,2025-03-31,reported_quarter,GROWTH,resolved,,277948.0,,,,,,,,,,,,,0000277948-26-000014_EarningsPerShareDiluted_2026-01-01_2026-03-31_Q1,eps_pit_v4,2026-08-28T15:23:55.378066+00:00
2026-06-26,CTBI,22.9508196721,SEC,2026-05-08,1.5,1.22,2026-03-31,2025-03-31,reported_quarter,GROWTH,resolved,,350852.0,,,,,,,,,,,,,0001140361-26-019739_EarningsPerShareDiluted_2026-01-01_2026-03-31_Q1,eps_pit_v4,2026-08-28T15:23:55.590684+00:00
2026-06-26,CUBI,579.3103448276,SEC,2026-05-08,1.97,0.29,2026-03-31,2025-03-31,reported_quarter,GROWTH,resolved,,1488813.0,,,,,,,,,,,,,0001488813-26-000068_EarningsPerShareDiluted_2026-01-01_2026-03-31_Q1,eps_pit_v4,2026-08-28T15:24:08.910225+00:00
2026-06-26,CVS,63.1205673759,SEC,2026-05-06,2.3,1.41,2026-03-31,2025-03-31,reported_quarter,GROWTH,resolved,,64803.0,,,,,,,,,,,,,0000064803-26-000052_EarningsPerShareDiluted_2026-01-01_2026-03-31_Q1,eps_pit_v4,2026-08-28T15:24:00.873115+00:00
2026-06-26,CWBC,36.3636363636,SEC,2026-05-08,0.6,0.44,2026-03-31,2025-03-31,reported_quarter,GROWTH,resolved,,1127371.0,,,,,,,,,,,,,0001628280-26-032457_EarningsPerShareDiluted_2026-01-01_2026-03-31_Q1,eps_pit_v4,2026-08-28T15:24:06.629889+00:00
2026-06-26,CYTK,-22.7941176471,SEC,2026-05-05,-1.67,-1.36,2026-03-31,2025-03-31,reported_quarter,LOSS_WIDENING,resolved,,1061983.0,,,,,,,,,,,,,0001193125-26-206364_EarningsPerShareDiluted_2026-01-01_2026-03-31_Q1,eps_pit_v4,2026-08-28T15:24:12.995130+00:00
2026-06-26,CZFS,35.8490566038,SEC,2026-05-07,2.16,1.59,2026-03-31,2025-03-31,reported_quarter,GROWTH,resolved,,739421.0,,,,,,,,,,,,,0001140361-26-019398_EarningsPerShareDiluted_2026-01-01_2026-03-31_Q1,eps_pit_v4,2026-08-28T15:23:48.782731+00:00
2026-06-26,CZWI,21.875,SEC,2026-05-06,0.39,0.32,2026-03-31,2025-03-31,reported_quarter,GROWTH,resolved,,1367859.0,,,,,,,,,,,,,0001367859-26-000034_EarningsPerShareDiluted_2026-01-01_2026-03-31_Q1,eps_pit_v4,2026-08-28T15:23:53.483787+00:00
2026-06-26,DFTX,-102.8571428571,SEC,2026-05-07,-0.71,-0.35,2026-03-31,2025-03-31,reported_quarter,LOSS_WIDENING,resolved,,1813814.0,,,,,,,,,,,,,0001193125-26-211989_EarningsPerShareDiluted_2026-01-01_2026-03-31_Q1,eps_pit_v4,2026-08-28T15:23:46.383901+00:00
2026-06-26,DGII,3.5714285714,SEC,2026-05-06,0.29,0.28,2026-03-31,2025-03-31,reported_quarter,GROWTH,resolved,,854775.0,,,,,,,,,,,,,0000854775-26-000018_EarningsPerShareDiluted_2026-01-01_2026-03-31_Q2,eps_pit_v4,2026-08-28T15:23:43.354512+00:00
2026-06-26,DNTH,-3.6585365854,SEC,2026-05-05,-0.85,-0.82,2026-03-31,2025-03-31,reported_quarter,LOSS_WIDENING,resolved,,1690585.0,,,,,,,,,,,,,0001690585-26-000022_EarningsPerShareDiluted_2026-01-01_2026-03-31_Q1,eps_pit_v4,2026-08-28T15:23:42.643907+00:00
2026-06-26,DOC,366.6666666667,SEC,2026-05-06,0.28,0.06,2026-03-31,2025-03-31,reported_quarter,GROWTH,resolved,,765880.0,,,,,,,,,,,,,0001628280-26-031287_EarningsPerShareDiluted_2026-01-01_2026-03-31_Q1,eps_pit_v4,2026-08-28T15:23:58.626351+00:00
2026-06-26,DTM,19.8113207547,SEC,2026-04-30,1.27,1.06,2026-03-31,2025-03-31,reported_quarter,GROWTH,resolved,,1842022.0,,,,,,,,,,,,,0001842022-26-000006_EarningsPerShareDiluted_2026-01-01_2026-03-31_Q1,eps_pit_v4,2026-08-28T15:23:57.253634+00:00
2026-06-26,EBMT,24.3902439024,SEC,2026-05-07,0.51,0.41,2026-03-31,2025-03-31,reported_quarter,GROWTH,resolved,,1478454.0,,,,,,,,,,,,,0001437749-26-015453_EarningsPerShareDiluted_2026-01-01_2026-03-31_Q1,eps_pit_v4,2026-08-28T15:24:10.393769+00:00
2026-06-26,EFSC,-0.7633587786,SEC,2026-05-01,1.3,1.31,2026-03-31,2025-03-31,reported_quarter,DECLINE,resolved,,1025835.0,,,,,,,,,,,,,0001025835-26-000108_EarningsPerShareDiluted_2026-01-01_2026-03-31_Q1,eps_pit_v4,2026-08-28T15:24:03.116618+00:00
2026-06-26,EG,230.8163265306,SEC,2026-05-05,16.21,4.9,2026-03-31,2025-03-31,reported_quarter,GROWTH,resolved,,1095073.0,,,,,,,,,,,,,0001095073-26-000022_EarningsPerShareDiluted_2026-01-01_2026-03-31_Q1,eps_pit_v4,2026-08-28T15:24:16.752181+00:00
2026-06-26,EGBN,700.0,SEC,2026-05-07,0.48,0.06,2026-03-31,2025-03-31,reported_quarter,GROWTH,resolved,,1050441.0,,,,,,,,,,,,,0001050441-26-000066_EarningsPerShareDiluted_2026-01-01_2026-03-31_Q1,eps_pit_v4,2026-08-28T15:23:51.422807+00:00
2026-06-26,EGP,55.2631578947,SEC,2026-04-22,1.77,1.14,2026-03-31,2025-03-31,reported_quarter,GROWTH,resolved,,49600.0,,,,,,,,,,,,,0000049600-26-000029_EarningsPerShareDiluted_2026-01-01_2026-03-31_Q1,eps_pit_v4,2026-08-28T15:24:00.498137+00:00
2026-06-26,EIG,0.0,SEC,2026-05-01,0.52,0.52,2026-03-31,2025-03-31,reported_quarter,FLAT,resolved,,1379041.0,,,,,,,,,,,,,0001379041-26-000023_EarningsPerShareDiluted_2026-01-01_2026-03-31_Q1,eps_pit_v4,2026-08-28T15:24:12.874495+00:00
2026-06-26,ELMD,66.6666666667,SEC,2026-05-12,0.35,0.21,2026-03-31,2025-03-31,reported_quarter,GROWTH,resolved,,1488917.0,,,,,,,,,,,,,0001437749-26-016429_EarningsPerShareDiluted_2026-01-01_2026-03-31_Q3,eps_pit_v4,2026-08-28T15:23:56.584054+00:00
2026-06-26,ELVN,33.3333333333,SEC,2026-05-07,-0.38,-0.57,2026-03-31,2025-03-31,reported_quarter,LOSS_NARROWING,resolved,,1672619.0,,,,,,,,,,,,,0001193125-26-211982_EarningsPerShareDiluted_2026-01-01_2026-03-31_Q1,eps_pit_v4,2026-08-28T15:23:42.824975+00:00
2026-06-26,EQBK,-5.8823529412,SEC,2026-05-08,0.8,0.85,2026-03-31,2025-03-31,reported_quarter,DECLINE,resolved,,1227500.0,,,,,,,,,,,,,0001193125-26-214751_EarningsPerShareDiluted_2026-01-01_2026-03-31_Q1,eps_pit_v4,2026-08-28T15:23:54.814821+00:00
2026-06-26,ERAS,-445.4545454545,SEC,2026-05-11,-0.6,-0.11,2026-03-31,2025-03-31,reported_quarter,LOSS_WIDENING,resolved,,1761918.0,,,,,,,,,,,,,0001193125-26-216788_EarningsPerShareDiluted_2026-01-01_2026-03-31_Q1,eps_pit_v4,2026-08-28T15:23:43.194471+00:00
2026-06-26,ETON,183.3333333333,SEC,2026-05-14,0.05,-0.06,2026-03-31,2025-03-31,reported_quarter,TURNAROUND,resolved,,1710340.0,,,,,,,,,,,,,0001437749-26-017064_EarningsPerShareDiluted_2026-01-01_2026-03-31_Q1,eps_pit_v4,2026-08-28T15:23:45.021588+00:00
2026-06-26,EVRG,18.5185185185,SEC,2026-05-07,0.64,0.54,2026-03-31,2025-03-31,reported_quarter,GROWTH,resolved,,1711269.0,,,,,,,,,,,,,0001711269-26-000057_EarningsPerShareDiluted_2026-01-01_2026-03-31_Q1,eps_pit_v4,2026-08-28T15:24:20.972680+00:00
2026-06-26,FBIZ,9.0909090909,SEC,2026-04-24,1.44,1.32,2026-03-31,2025-03-31,reported_quarter,GROWTH,resolved,,1521951.0,,,,,,,,,,,,,0001193125-26-177139_EarningsPerShareDiluted_2026-01-01_2026-03-31_Q1,eps_pit_v4,2026-08-28T15:24:18.186211+00:00
2026-06-26,FBNC,28.4090909091,SEC,2026-05-07,1.13,0.88,2026-03-31,2025-03-31,reported_quarter,GROWTH,resolved,,811589.0,,,,,,,,,,,,,0000811589-26-000073_EarningsPerShareDiluted_2026-01-01_2026-03-31_Q1,eps_pit_v4,2026-08-28T15:24:07.602588+00:00
2026-06-26,FCBC,-1.5625,SEC,2026-05-08,0.63,0.64,2026-03-31,2025-03-31,reported_quarter,DECLINE,resolved,,859070.0,,,,,,,,,,,,,0001437749-26-015833_EarningsPerShareDiluted_2026-01-01_2026-03-31_Q1,eps_pit_v4,2026-08-28T15:24:04.212242+00:00
2026-06-26,FCCO,15.6862745098,SEC,2026-05-15,0.59,0.51,2026-03-31,2025-03-31,reported_quarter,GROWTH,resolved,,932781.0,,,,,,,,,,,,,0001552781-26-000341_EarningsPerShareDiluted_2026-01-01_2026-03-31_Q1,eps_pit_v4,2026-08-28T15:24:20.564489+00:00
2026-06-26,FNLC,26.9841269841,SEC,2026-05-08,0.8,0.63,2026-03-31,2025-03-31,reported_quarter,GROWTH,resolved,,765207.0,,,,,,,,,,,,,0000765207-26-000087_EarningsPerShareDiluted_2026-01-01_2026-03-31_Q1,eps_pit_v4,2026-08-28T15:23:51.824203+00:00
2026-06-26,FRAF,68.1818181818,SEC,2026-05-11,1.48,0.88,2026-03-31,2025-03-31,reported_quarter,GROWTH,resolved,,723646.0,,,,,,,,,,,,,0000723646-26-000055_EarningsPerShareDiluted_2026-01-01_2026-03-31_Q1,eps_pit_v4,2026-08-28T15:24:05.828128+00:00
2026-06-26,FRME,-52.1276595745,SEC,2026-05-01,0.45,0.94,2026-03-31,2025-03-31,reported_quarter,DECLINE,resolved,,712534.0,,,,,,,,,,,,,0000712534-26-000035_EarningsPerShareDiluted_2026-01-01_2026-03-31_Q1,eps_pit_v4,2026-08-28T15:23:58.344470+00:00
2026-06-26,FTNT,28.5714285714,SEC,2026-05-08,0.72,0.56,2026-03-31,2025-03-31,reported_quarter,GROWTH,resolved,,1262039.0,,,,,,,,,,,,,0001262039-26-000013_EarningsPerShareDiluted_2026-01-01_2026-03-31_Q1,eps_pit_v4,2026-08-28T15:23:50.727828+00:00
2026-06-26,FULT,4.0816326531,SEC,2026-05-08,0.51,0.49,2026-03-31,2025-03-31,reported_quarter,GROWTH,resolved,,700564.0,,,,,,,,,,,,,0000700564-26-000016_EarningsPerShareDiluted_2026-01-01_2026-03-31_Q1,eps_pit_v4,2026-08-28T15:24:18.654163+00:00
2026-06-26,FXNC,200.0,SEC,2026-05-13,0.54,0.18,2026-03-31,2025-03-31,reported_quarter,GROWTH,resolved,,719402.0,,,,,,,,,,,,,0001437749-26-016708_EarningsPerShareDiluted_2026-01-01_2026-03-31_Q1,eps_pit_v4,2026-08-28T15:23:52.632669+00:00
2026-06-26,GLW,138.8888888889,SEC,2026-05-01,0.43,0.18,2026-03-31,2025-03-31,reported_quarter,GROWTH,resolved,,24741.0,,,,,,,,,,,,,0000024741-26-000205_EarningsPerShareDiluted_2026-01-01_2026-03-31_Q1,eps_pit_v4,2026-08-28T15:23:44.941193+00:00
2026-06-26,HAFC,29.3103448276,SEC,2026-05-08,0.75,0.58,2026-03-31,2025-03-31,reported_quarter,GROWTH,resolved,,1109242.0,,,,,,,,,,,,,0001193125-26-214092_EarningsPerShareDiluted_2026-01-01_2026-03-31_Q1,eps_pit_v4,2026-08-28T15:24:13.628613+00:00
2026-06-26,HBCP,5.8394160584,SEC,2026-05-06,1.45,1.37,2026-03-31,2025-03-31,reported_quarter,GROWTH,resolved,,1436425.0,,,,,,,,,,,,,0001628280-26-031198_EarningsPerShareDiluted_2026-01-01_2026-03-31_Q1,eps_pit_v4,2026-08-28T15:24:21.165337+00:00
2026-06-26,HBNC,-5.5555555556,SEC,2026-05-08,0.51,0.54,2026-03-31,2025-03-31,reported_quarter,DECLINE,resolved,,706129.0,,,,,,,,,,,,,0000706129-26-000046_EarningsPerShareDiluted_2026-01-01_2026-03-31_Q1,eps_pit_v4,2026-08-28T15:24:10.597496+00:00
2026-06-26,HCSG,60.8695652174,SEC,2026-04-24,0.37,0.23,2026-03-31,2025-03-31,reported_quarter,GROWTH,resolved,,731012.0,,,,,,,,,,,,,0000731012-26-000031_EarningsPerShareDiluted_2026-01-01_2026-03-31_Q1,eps_pit_v4,2026-08-28T15:24:00.341640+00:00
2026-06-26,HFWA,20.0,SEC,2026-05-08,0.48,0.4,2026-03-31,2025-03-31,reported_quarter,GROWTH,resolved,,1046025.0,,,,,,,,,,,,,0001628280-26-032682_EarningsPerShareDiluted_2026-01-01_2026-03-31_Q1,eps_pit_v4,2026-08-28T15:24:09.130856+00:00
2026-06-26,HG,70.1298701299,SEC,2026-05-06,1.31,0.77,2026-03-31,2025-03-31,reported_quarter,GROWTH,resolved,,1593275.0,,,,,,,,,,,,,0001593275-26-000064_EarningsPerShareDiluted_2026-01-01_2026-03-31_Q1,eps_pit_v4,2026-08-28T15:23:55.922625+00:00
2026-06-26,HGV,564.7058823529,SEC,2026-04-30,0.79,-0.17,2026-03-31,2025-03-31,reported_quarter,TURNAROUND,resolved,,1674168.0,,,,,,,,,,,,,0001674168-26-000065_EarningsPerShareDiluted_2026-01-01_2026-03-31_Q1,eps_pit_v4,2026-08-28T15:23:54.228646+00:00
2026-06-26,HWBK,7.7922077922,SEC,2026-05-08,0.83,0.77,2026-03-31,2025-03-31,reported_quarter,GROWTH,resolved,,893847.0,,,,,,,,,,,,,0000893847-26-000063_EarningsPerShareDiluted_2026-01-01_2026-03-31_Q1,eps_pit_v4,2026-08-28T15:23:54.464407+00:00
2026-06-26,HZO,-185.7142857143,SEC,2026-04-23,-0.12,0.14,2026-03-31,2025-03-31,reported_quarter,PROFIT_TO_LOSS,resolved,,1057060.0,,,,,,,,,,,,,0001193125-26-173623_EarningsPerShareDiluted_2026-01-01_2026-03-31_Q2,eps_pit_v4,2026-08-28T15:24:02.518350+00:00
2026-06-26,IBOC,5.1282051282,SEC,2026-05-07,1.64,1.56,2026-03-31,2025-03-31,reported_quarter,GROWTH,resolved,,315709.0,,,,,,,,,,,,,0001104659-26-056997_EarningsPerShareDiluted_2026-01-01_2026-03-31_Q1,eps_pit_v4,2026-08-28T15:23:54.040256+00:00
2026-06-26,IDA,8.3333333333,SEC,2026-02-19,0.7800000000000002,0.7199999999999998,2025-12-31,2024-12-31,derived_from_fy,GROWTH,resolved,,1057877.0,,,,,,,,,,,,,"derived_from_fy(0001057877-26-000028_EarningsPerShareDiluted_2025-01-01_2025-12-31_FY,0001057877-25-000037_EarningsPerShareDiluted_2025-01-01_2025-03-31_Q1,0001057877-25-000067_EarningsPerShareDiluted_2025-04-01_2025-06-30_Q2,0001057877-25-000082_EarningsPerShareDiluted_2025-07-01_2025-09-30_Q3)",eps_pit_v4,2026-08-28T15:24:21.729474+00:00
2026-06-26,ILMN,6.0975609756,SEC,2026-05-04,0.87,0.82,2026-03-29,2025-03-30,reported_quarter,GROWTH,resolved,,1110803.0,,,,,,,,,,,,,0001110803-26-000092_EarningsPerShareDiluted_2025-12-29_2026-03-29_Q1,eps_pit_v4,2026-08-28T15:23:45.352551+00:00
2026-06-26,INTG,177.7777777778,SEC,2026-05-11,0.21,-0.27,2026-03-31,2025-03-31,reported_quarter,TURNAROUND,resolved,,69422.0,,,,,,,,,,,,,0001493152-26-022173_EarningsPerShareDiluted_2026-01-01_2026-03-31_Q3,eps_pit_v4,2026-08-28T15:23:46.256524+00:00
2026-06-26,IRM,860.0,SEC,2026-04-30,0.48,0.05,2026-03-31,2025-03-31,reported_quarter,GROWTH,resolved,,1020569.0,,,,,,,,,,,,,0001020569-26-000039_EarningsPerShareDiluted_2026-01-01_2026-03-31_Q1,eps_pit_v4,2026-08-28T15:23:56.132420+00:00
2026-06-26,JMSB,26.4705882353,SEC,2026-05-08,0.43,0.34,2026-03-31,2025-03-31,reported_quarter,GROWTH,resolved,,1710482.0,,,,,,,,,,,,,0001104659-26-057594_EarningsPerShareDiluted_2026-01-01_2026-03-31_Q1,eps_pit_v4,2026-08-28T15:24:13.933538+00:00
2026-06-26,KGS,-39.3939393939,SEC,2026-05-11,0.2,0.33,2026-03-31,2025-03-31,reported_quarter,DECLINE,resolved,,1767042.0,,,,,,,,,,,,,0001767042-26-000043_EarningsPerShareDiluted_2026-01-01_2026-03-31_Q1,eps_pit_v4,2026-08-28T15:23:46.051150+00:00
2026-06-26,KNSA,145.4545454545,SEC,2026-04-28,0.27,0.11,2026-03-31,2025-03-31,reported_quarter,GROWTH,resolved,,1730430.0,,,,,,,,,,,,,0001104659-26-050359_EarningsPerShareDiluted_2026-01-01_2026-03-31_Q1,eps_pit_v4,2026-08-28T15:24:04.611021+00:00
2026-06-26,KRT,6.25,SEC,2026-05-08,0.34,0.32,2026-03-31,2025-03-31,reported_quarter,GROWTH,resolved,,1758021.0,,,,,,,,,,,,,0001758021-26-000021_EarningsPerShareDiluted_2026-01-01_2026-03-31_Q1,eps_pit_v4,2026-08-28T15:23:49.981786+00:00
2026-06-26,KYMR,13.4146341463,SEC,2026-04-30,-0.71,-0.82,2026-03-31,2025-03-31,reported_quarter,LOSS_NARROWING,resolved,,1815442.0,,,,,,,,,,,,,0001193125-26-193967_EarningsPerShareDiluted_2026-01-01_2026-03-31_Q1,eps_pit_v4,2026-08-28T15:23:46.526650+00:00
2026-06-26,LAMR,-25.9259259259,SEC,2026-05-07,1.0,1.35,2026-03-31,2025-03-31,reported_quarter,DECLINE,resolved,,1090425.0,,,,,,,,,,,,,0001090425-26-000017_EarningsPerShareDiluted_2026-01-01_2026-03-31_Q1,eps_pit_v4,2026-08-28T15:24:18.818346+00:00
2026-06-26,LBRX,95.4699121028,SEC,2026-05-12,-0.67,-14.79,2026-03-31,2025-03-31,reported_quarter,LOSS_NARROWING,resolved,,1691082.0,,,,,,,,,,,,,0001193125-26-219607_EarningsPerShareDiluted_2026-01-01_2026-03-31_Q1,eps_pit_v4,2026-08-28T15:23:44.527880+00:00
2026-06-26,LCNB,-6.0606060606,SEC,2026-05-06,0.31,0.33,2026-03-31,2025-03-31,reported_quarter,DECLINE,resolved,,1074902.0,,,,,,,,,,,,,0001437749-26-015192_EarningsPerShareDiluted_2026-01-01_2026-03-31_Q1,eps_pit_v4,2026-08-28T15:24:00.007008+00:00
2026-06-26,LINC,133.3333333333,SEC,2026-05-11,0.14,0.06,2026-03-31,2025-03-31,reported_quarter,GROWTH,resolved,,1286613.0,,,,,,,,,,,,,0001140361-26-020546_EarningsPerShareDiluted_2026-01-01_2026-03-31_Q1,eps_pit_v4,2026-08-28T15:23:48.510616+00:00
2026-06-26,LLY,169.9346405229,SEC,2026-04-30,8.26,3.06,2026-03-31,2025-03-31,reported_quarter,GROWTH,resolved,,59478.0,,,,,,,,,,,,,0000059478-26-000045_EarningsPerShareDiluted_2026-01-01_2026-03-31_Q1,eps_pit_v4,2026-08-28T15:23:59.498470+00:00
2026-06-26,LNT,4.8192771084,SEC,2026-05-01,0.87,0.83,2026-03-31,2025-03-31,reported_quarter,GROWTH,resolved,,352541.0,,,,,,,,,,,,,0000352541-26-000033_EarningsPerShareDiluted_2026-01-01_2026-03-31_Q1,eps_pit_v4,2026-08-28T15:24:21.326858+00:00
2026-06-26,LQDT,4.5454545455,SEC,2026-05-07,0.23,0.22,2026-03-31,2025-03-31,reported_quarter,GROWTH,resolved,,1235468.0,,,,,,,,,,,,,0001193125-26-211031_EarningsPerShareDiluted_2026-01-01_2026-03-31_Q2,eps_pit_v4,2026-08-28T15:23:58.012241+00:00
2026-06-26,MAC,30.0,SEC,2026-05-07,-0.14,-0.2,2026-03-31,2025-03-31,reported_quarter,LOSS_NARROWING,resolved,,912242.0,,,,,,,,,,,,,0000912242-26-000024_EarningsPerShareDiluted_2026-01-01_2026-03-31_Q1,eps_pit_v4,2026-08-28T15:23:49.685999+00:00
2026-06-26,MAMA,66.6666666667,SEC,2026-06-08,0.05,0.03,2026-04-30,2025-04-30,reported_quarter,GROWTH,resolved,,1520358.0,,,,,,,,,,,,,0001628280-26-041533_EarningsPerShareDiluted_2026-02-01_2026-04-30_Q1,eps_pit_v4,2026-08-28T15:23:47.933105+00:00
2026-06-26,MANE,93.3299646286,SEC,2026-05-12,-1.32,-19.79,2026-03-31,2025-03-31,reported_quarter,LOSS_NARROWING,resolved,,1827635.0,,,,,,,,,,,,,0001827635-26-000019_EarningsPerShareDiluted_2026-01-01_2026-03-31_Q1,eps_pit_v4,2026-08-28T15:23:54.572764+00:00
2026-06-26,MBWM,9.0909090909,SEC,2026-05-01,1.32,1.21,2026-03-31,2025-03-31,reported_quarter,GROWTH,resolved,,1042729.0,,,,,,,,,,,,,0001437749-26-014320_EarningsPerShareDiluted_2026-01-01_2026-03-31_Q1,eps_pit_v4,2026-08-28T15:24:14.200989+00:00
2026-06-26,MBX,29.5774647887,SEC,2026-05-07,-0.5,-0.71,2026-03-31,2025-03-31,reported_quarter,LOSS_NARROWING,resolved,,1776111.0,,,,,,,,,,,,,0001193125-26-210593_EarningsPerShareDiluted_2026-01-01_2026-03-31_Q1,eps_pit_v4,2026-08-28T15:23:42.957249+00:00
2026-06-26,MCB,101.3793103448,SEC,2026-05-08,2.92,1.45,2026-03-31,2025-03-31,reported_quarter,GROWTH,resolved,,1476034.0,,,,,,,,,,,,,0001104659-26-057925_EarningsPerShareDiluted_2026-01-01_2026-03-31_Q1,eps_pit_v4,2026-08-28T15:24:04.809711+00:00
2026-06-26,MCBS,22.2222222222,SEC,2026-05-08,0.77,0.63,2026-03-31,2025-03-31,reported_quarter,GROWTH,resolved,,1747068.0,,,,,,,,,,,,,0001104659-26-057876_EarningsPerShareDiluted_2026-01-01_2026-03-31_Q1,eps_pit_v4,2026-08-28T15:23:58.870573+00:00
2026-06-26,MCY,275.5102040816,SEC,2026-05-05,3.44,-1.96,2026-03-31,2025-03-31,reported_quarter,TURNAROUND,resolved,,64996.0,,,,,,,,,,,,,0000064996-26-000014_EarningsPerShareDiluted_2026-01-01_2026-03-31_Q1,eps_pit_v4,2026-08-28T15:24:19.409643+00:00
2026-06-26,MIRM,-4376.6666666667,SEC,2026-05-06,-13.43,-0.3,2026-03-31,2025-03-31,reported_quarter,LOSS_WIDENING,resolved,,1759425.0,,,,,,,,,,,,,0001759425-26-000037_EarningsPerShareDiluted_2026-01-01_2026-03-31_Q1,eps_pit_v4,2026-08-28T15:23:50.506129+00:00
2026-06-26,MITK,0.0,SEC,2026-05-07,0.2,0.2,2026-03-31,2025-03-31,reported_quarter,FLAT,resolved,,807863.0,,,,,,,,,,,,,0000807863-26-000026_EarningsPerShareDiluted_2026-01-01_2026-03-31_Q2,eps_pit_v4,2026-08-28T15:23:45.683247+00:00
2026-06-26,MNSB,92.0,SEC,2026-05-08,0.48,0.25,2026-03-31,2025-03-31,reported_quarter,GROWTH,resolved,,1693577.0,,,,,,,,,,,,,0001437749-26-015780_EarningsPerShareDiluted_2026-01-01_2026-03-31_Q1,eps_pit_v4,2026-08-28T15:24:05.008431+00:00
2026-06-26,MO,106.3492063492,SEC,2026-04-30,1.3,0.63,2026-03-31,2025-03-31,reported_quarter,GROWTH,resolved,,764180.0,,,,,,,,,,,,,0000764180-26-000058_EarningsPerShareDiluted_2026-01-01_2026-03-31_Q1,eps_pit_v4,2026-08-28T15:24:10.998979+00:00
2026-06-26,MPC,820.8333333333,SEC,2026-05-05,1.73,-0.24,2026-03-31,2025-03-31,reported_quarter,TURNAROUND,resolved,,1510295.0,,,,,,,,,,,,,0001510295-26-000042_EarningsPerShareDiluted_2026-01-01_2026-03-31_Q1,eps_pit_v4,2026-08-28T15:23:49.305709+00:00
2026-06-26,MPLT,95.4312990113,SEC,2026-05-14,-1.34,-29.33,2026-03-31,2025-03-31,reported_quarter,LOSS_NARROWING,resolved,,1770069.0,,,,,,,,,,,,,0001193125-26-224129_EarningsPerShareDiluted_2026-01-01_2026-03-31_Q1,eps_pit_v4,2026-08-28T15:23:42.754363+00:00
2026-06-26,MSGE,-35.2941176471,SEC,2026-05-07,0.11,0.17,2026-03-31,2025-03-31,reported_quarter,DECLINE,resolved,,1952073.0,,,,,,,,,,,,,0001628280-26-032215_EarningsPerShareDiluted_2026-01-01_2026-03-31_Q3,eps_pit_v4,2026-08-28T15:24:04.274922+00:00
2026-06-26,MSGS,-40.6779661017,SEC,2026-05-08,-0.83,-0.59,2026-03-31,2025-03-31,reported_quarter,LOSS_WIDENING,resolved,,1636519.0,,,,,,,,,,,,,0001628280-26-032888_EarningsPerShareDiluted_2026-01-01_2026-03-31_Q3,eps_pit_v4,2026-08-28T15:23:52.912690+00:00
2026-06-26,MYFW,46.511627907,SEC,2026-05-01,0.63,0.43,2026-03-31,2025-03-31,reported_quarter,GROWTH,resolved,,1327607.0,,,,,,,,,,,,,0001628280-26-029340_EarningsPerShareDiluted_2026-01-01_2026-03-31_Q1,eps_pit_v4,2026-08-28T15:24:06.902381+00:00
2026-06-26,NESR,109.0909090909,SEC,2026-05-11,0.23,0.11,2026-03-31,2025-03-31,reported_quarter,GROWTH,resolved,,1698514.0,,,,,,,,,,,,,0001493152-26-022091_EarningsPerShareDiluted_2026-01-01_2026-03-31_Q1,eps_pit_v4,2026-08-28T15:23:51.566253+00:00
2026-06-26,NGS,39.4736842105,SEC,2026-05-11,0.53,0.38,2026-03-31,2025-03-31,reported_quarter,GROWTH,resolved,,1084991.0,,,,,,,,,,,,,0001084991-26-000043_EarningsPerShareDiluted_2026-01-01_2026-03-31_Q1,eps_pit_v4,2026-08-28T15:23:43.898352+00:00
2026-06-26,NGVT,196.4285714286,SEC,2026-05-07,1.66,0.56,2026-03-31,2025-03-31,reported_quarter,GROWTH,resolved,,1653477.0,,,,,,,,,,,,,0001653477-26-000035_EarningsPerShareDiluted_2026-01-01_2026-03-31_Q1,eps_pit_v4,2026-08-28T15:24:10.824975+00:00
2026-06-26,NHC,9.6618357488,SEC,2026-05-07,2.27,2.07,2026-03-31,2025-03-31,reported_quarter,GROWTH,resolved,,1047335.0,,,,,,,,,,,,,0001437749-26-015612_EarningsPerShareDiluted_2026-01-01_2026-03-31_Q1,eps_pit_v4,2026-08-28T15:24:02.706222+00:00
2026-06-26,NIC,-61.0576923077,SEC,2026-05-06,0.81,2.08,2026-03-31,2025-03-31,reported_quarter,DECLINE,resolved,,1174850.0,,,,,,,,,,,,,0001174850-26-000110_EarningsPerShareDiluted_2026-01-01_2026-03-31_Q1,eps_pit_v4,2026-08-28T15:24:10.130240+00:00
2026-06-26,NJR,6.9306930693,SEC,2026-05-05,2.16,2.02,2026-03-31,2025-03-31,reported_quarter,GROWTH,resolved,,356309.0,,,,,,,,,,,,,0000356309-26-000029_EarningsPerShareDiluted_2026-01-01_2026-03-31_Q2,eps_pit_v4,2026-08-28T15:24:15.173821+00:00
2026-06-26,NTCT,-10.7142857143,SEC,2026-05-14,0.25,0.2800000000000002,2026-03-31,2025-03-31,derived_from_fy,DECLINE,resolved,,1078075.0,,,,,,,,,,,,,"derived_from_fy(0001078075-26-000050_EarningsPerShareDiluted_2025-04-01_2026-03-31_FY,0001628280-25-038913_EarningsPerShareDiluted_2025-04-01_2025-06-30_Q1,0001078075-25-000012_EarningsPerShareDiluted_2025-07-01_2025-09-30_Q2,0001078075-26-000012_EarningsPerShareDiluted_2025-10-01_2025-12-31_Q3)",eps_pit_v4,2026-08-28T15:24:03.772805+00:00
2026-06-26,NTRA,-20.0,SEC,2026-05-08,-0.6,-0.5,2026-03-31,2025-03-31,reported_quarter,LOSS_WIDENING,resolved,,1604821.0,,,,,,,,,,,,,0001628280-26-032478_EarningsPerShareDiluted_2026-01-01_2026-03-31_Q1,eps_pit_v4,2026-08-28T15:23:54.941613+00:00
2026-06-26,NTST,200.0,SEC,2026-04-20,0.06,0.02,2026-03-31,2025-03-31,reported_quarter,GROWTH,resolved,,1798100.0,,,,,,,,,,,,,0001628280-26-026040_EarningsPerShareDiluted_2026-01-01_2026-03-31_Q1,eps_pit_v4,2026-08-28T15:24:17.703829+00:00
2026-06-26,NVCT,3.7037037037,SEC,2026-05-05,-0.26,-0.27,2026-03-31,2025-03-31,reported_quarter,LOSS_NARROWING,resolved,,1875558.0,,,,,,,,,,,,,0001104659-26-055318_EarningsPerShareDiluted_2026-01-01_2026-03-31_Q1,eps_pit_v4,2026-08-28T15:23:42.483865+00:00
2026-06-26,NWFL,-44.4444444444,SEC,2026-05-08,0.35,0.63,2026-03-31,2025-03-31,reported_quarter,DECLINE,resolved,,1013272.0,,,,,,,,,,,,,0001013272-26-000005_EarningsPerShareDiluted_2026-01-01_2026-03-31_Q1,eps_pit_v4,2026-08-28T15:23:51.112248+00:00
2026-06-26,OII,-26.5306122449,SEC,2026-04-23,0.36,0.49,2026-03-31,2025-03-31,reported_quarter,DECLINE,resolved,,73756.0,,,,,,,,,,,,,0000073756-26-000082_EarningsPerShareDiluted_2026-01-01_2026-03-31_Q1,eps_pit_v4,2026-08-28T15:23:47.554065+00:00
2026-06-26,OPLN,94.4444444444,SEC,2026-05-05,0.35,0.18,2026-03-31,2025-03-31,reported_quarter,GROWTH,resolved,,1395942.0,,,,,,,,,,,,,0001395942-26-000019_EarningsPerShareDiluted_2026-01-01_2026-03-31_Q1,eps_pit_v4,2026-08-28T15:23:56.975035+00:00
2026-06-26,ORRF,20.4301075269,SEC,2026-05-08,1.12,0.93,2026-03-31,2025-03-31,reported_quarter,GROWTH,resolved,,826154.0,,,,,,,,,,,,,0001628280-26-032835_EarningsPerShareDiluted_2026-01-01_2026-03-31_Q1,eps_pit_v4,2026-08-28T15:24:05.424964+00:00
2026-06-26,OSBC,11.6279069767,SEC,2026-05-07,0.48,0.43,2026-03-31,2025-03-31,reported_quarter,GROWTH,resolved,,357173.0,,,,,,,,,,,,,0000357173-26-000022_EarningsPerShareDiluted_2026-01-01_2026-03-31_Q1,eps_pit_v4,2026-08-28T15:24:20.777347+00:00
2026-06-26,OUT,178.5714285714,SEC,2026-05-08,0.11,-0.14,2026-03-31,2025-03-31,reported_quarter,TURNAROUND,resolved,,1579877.0,,,,,,,,,,,,,0001579877-26-000021_EarningsPerShareDiluted_2026-01-01_2026-03-31_Q1,eps_pit_v4,2026-08-28T15:23:48.160159+00:00
2026-06-26,PECO,14.2857142857,SEC,2026-04-24,0.24,0.21,2026-03-31,2025-03-31,reported_quarter,GROWTH,resolved,,1476204.0,,,,,,,,,,,,,0001476204-26-000024_EarningsPerShareDiluted_2026-01-01_2026-03-31_Q1,eps_pit_v4,2026-08-28T15:24:11.678065+00:00
2026-06-26,PFBC,13.4529147982,YahooHistoricalEvent,2026-04-22,2.53,2.23,2026-03-31,2025-03-31,reported_quarter,GROWTH,resolved,,,,,,,,,,,,,,,yahoo_event_2026-03-31_2026-04-22T08:00:00-04:00,eps_pit_v4,2026-08-28T15:24:02.376944+00:00
2026-06-26,PGC,86.0465116279,SEC,2026-05-08,0.8,0.43,2026-03-31,2025-03-31,reported_quarter,GROWTH,resolved,,1050743.0,,,,,,,,,,,,,0001193125-26-213949_EarningsPerShareDiluted_2026-01-01_2026-03-31_Q1,eps_pit_v4,2026-08-28T15:23:45.910831+00:00
2026-06-26,PHVS,-10.9375,YahooHistoricalEvent,2026-04-02,-0.71,-0.64,2026-03-31,2025-03-31,reported_quarter,LOSS_WIDENING,resolved,,,,,,,,,,,,,,,yahoo_event_2026-03-31_2026-04-02T06:00:00-04:00,eps_pit_v4,2026-08-28T15:23:58.407263+00:00
2026-06-26,PINE,175.0,SEC,2026-04-23,0.06,-0.08,2026-03-31,2025-03-31,reported_quarter,TURNAROUND,resolved,,1786117.0,,,,,,,,,,,,,0001104659-26-047718_EarningsPerShareDiluted_2026-01-01_2026-03-31_Q1,eps_pit_v4,2026-08-28T15:24:16.900101+00:00
2026-06-26,PKBK,52.3076923077,SEC,2026-05-06,0.99,0.65,2026-03-31,2025-03-31,reported_quarter,GROWTH,resolved,,1315399.0,,,,,,,,,,,,,0001437749-26-015152_EarningsPerShareDiluted_2026-01-01_2026-03-31_Q1,eps_pit_v4,2026-08-28T15:23:53.257128+00:00
2026-06-26,PLGO,329.2682926829,YahooHistoricalEvent,2026-05-13,0.94,-0.41,2026-03-31,2025-03-31,reported_quarter,TURNAROUND,resolved,,,,,,,,,,,,,,,yahoo_event_2026-03-31_2026-05-13T16:00:00-04:00,eps_pit_v4,2026-08-28T15:23:55.012384+00:00
2026-06-26,PLOW,2600.0,SEC,2026-05-05,0.27,0.01,2026-03-31,2025-03-31,reported_quarter,GROWTH,resolved,,1287213.0,,,,,,,,,,,,,0001437749-26-014867_EarningsPerShareBasic_2026-01-01_2026-03-31_Q1,eps_pit_v4,2026-08-28T15:24:00.652394+00:00
2026-06-26,PLPC,-8.1545064378,SEC,2026-04-30,2.14,2.33,2026-03-31,2025-03-31,reported_quarter,DECLINE,resolved,,80035.0,,,,,,,,,,,,,0000080035-26-000017_EarningsPerShareDiluted_2026-01-01_2026-03-31_Q1,eps_pit_v4,2026-08-28T15:23:55.763025+00:00
2026-06-26,PLSE,-8.0,SEC,2026-05-14,-0.27,-0.25,2026-03-31,2025-03-31,reported_quarter,LOSS_WIDENING,resolved,,1625101.0,,,,,,,,,,,,,0001437749-26-016897_EarningsPerShareBasic_2026-01-01_2026-03-31_Q1,eps_pit_v4,2026-08-28T15:23:44.418558+00:00
2026-06-26,PNW,775.0,SEC,2026-05-04,0.27,-0.04,2026-03-31,2025-03-31,reported_quarter,TURNAROUND,resolved,,764622.0,,,,,,,,,,,,,0000764622-26-000025_EarningsPerShareDiluted_2026-01-01_2026-03-31_Q1,eps_pit_v4,2026-08-28T15:24:11.267356+00:00
2026-06-26,PSTL,83.3333333333,SEC,2026-05-05,0.11,0.06,2026-03-31,2025-03-31,reported_quarter,GROWTH,resolved,,1759774.0,,,,,,,,,,,,,0001628280-26-030708_EarningsPerShareDiluted_2026-01-01_2026-03-31_Q1,eps_pit_v4,2026-08-28T15:24:04.360582+00:00
2026-06-26,PTRN,-5.8823529412,SEC,2026-05-07,0.16,0.17,2026-03-31,2025-03-31,reported_quarter,DECLINE,resolved,,1811935.0,,,,,,,,,,,,,0001811935-26-000039_EarningsPerShareDiluted_2026-01-01_2026-03-31_Q1,eps_pit_v4,2026-08-28T15:23:43.130229+00:00
2026-06-26,QCRH,30.9210526316,SEC,2026-05-08,1.99,1.52,2026-03-31,2025-03-31,reported_quarter,GROWTH,resolved,,906465.0,,,,,,,,,,,,,0001104659-26-057779_EarningsPerShareDiluted_2026-01-01_2026-03-31_Q1,eps_pit_v4,2026-08-28T15:23:52.064971+00:00
2026-06-26,RBB,407.6923076923,SEC,2026-05-08,0.66,0.13,2026-03-31,2025-03-31,reported_quarter,GROWTH,resolved,,1499422.0,,,,,,,,,,,,,0001437749-26-015865_EarningsPerShareDiluted_2026-01-01_2026-03-31_Q1,eps_pit_v4,2026-08-28T15:23:45.182337+00:00
2026-06-26,RCUS,10.5263157895,SEC,2026-05-05,-1.02,-1.14,2026-03-31,2025-03-31,reported_quarter,LOSS_NARROWING,resolved,,1724521.0,,,,,,,,,,,,,0001724521-26-000034_EarningsPerShareDiluted_2026-01-01_2026-03-31_Q1,eps_pit_v4,2026-08-28T15:23:43.506171+00:00
2026-06-26,RFIL,500.0,SEC,2026-06-15,0.08,-0.02,2026-04-30,2025-04-30,reported_quarter,TURNAROUND,resolved,,740664.0,,,,,,,,,,,,,0001437749-26-020659_EarningsPerShareDiluted_2026-02-01_2026-04-30_Q2,eps_pit_v4,2026-08-28T15:23:43.089675+00:00
2026-06-26,RIOT,-60.0,SEC,2026-04-30,-1.44,-0.9,2026-03-31,2025-03-31,reported_quarter,LOSS_WIDENING,resolved,,1167419.0,,,,,,,,,,,,,0001104659-26-053120_EarningsPerShareDiluted_2026-01-01_2026-03-31_Q1,eps_pit_v4,2026-08-28T15:23:43.761429+00:00
2026-06-26,RMBI,40.0,SEC,2026-05-12,0.28,0.2,2026-03-31,2025-03-31,reported_quarter,GROWTH,resolved,,1767837.0,,,,,,,,,,,,,0001628280-26-034155_EarningsPerShareDiluted_2026-01-01_2026-03-31_Q1,eps_pit_v4,2026-08-28T15:23:59.685888+00:00
2026-06-26,RPRX,21.8181818182,SEC,2026-05-06,0.67,0.55,2026-03-31,2025-03-31,reported_quarter,GROWTH,resolved,,1802768.0,,,,,,,,,,,,,0001802768-26-000009_EarningsPerShareDiluted_2026-01-01_2026-03-31_Q1,eps_pit_v4,2026-08-28T15:24:13.768420+00:00
2026-06-26,SBFG,109.0909090909,SEC,2026-05-07,0.69,0.33,2026-03-31,2025-03-31,reported_quarter,GROWTH,resolved,,767405.0,,,,,,,,,,,,,0001213900-26-053234_EarningsPerShareDiluted_2026-01-01_2026-03-31_Q1,eps_pit_v4,2026-08-28T15:23:50.358111+00:00
2026-06-26,SBSI,9.8591549296,SEC,2026-04-30,0.78,0.71,2026-03-31,2025-03-31,reported_quarter,GROWTH,resolved,,705432.0,,,,,,,,,,,,,0000705432-26-000079_EarningsPerShareDiluted_2026-01-01_2026-03-31_Q1,eps_pit_v4,2026-08-28T15:24:11.522240+00:00
2026-06-26,SENEA,208.5714285714,SEC,2026-02-05,6.48,2.1,2025-12-27,2024-12-28,reported_quarter,GROWTH,resolved,,88948.0,,,,,,,,,,,,,0001437749-26-003202_EarningsPerShareDiluted_2025-09-28_2025-12-27_Q3,eps_pit_v4,2026-08-28T15:24:05.614460+00:00
2026-06-26,SFNC,80.7692307692,SEC,2026-05-06,0.47,0.26,2026-03-31,2025-03-31,reported_quarter,GROWTH,resolved,,90498.0,,,,,,,,,,,,,0001628280-26-031205_EarningsPerShareDiluted_2026-01-01_2026-03-31_Q1,eps_pit_v4,2026-08-28T15:24:08.577124+00:00
2026-06-26,SI,99.2135046998,SEC,2026-05-13,-0.41,-52.13,2026-03-31,2025-03-31,reported_quarter,LOSS_NARROWING,resolved,,1699350.0,,,,,,,,,,,,,0001699350-26-000035_EarningsPerShareDiluted_2026-01-01_2026-03-31_Q1,eps_pit_v4,2026-08-28T15:23:53.526689+00:00
2026-06-26,SMBK,20.8955223881,SEC,2026-05-11,0.81,0.67,2026-03-31,2025-03-31,reported_quarter,GROWTH,resolved,,1038773.0,,,,,,,,,,,,,0001104659-26-058728_EarningsPerShareDiluted_2026-01-01_2026-03-31_Q1,eps_pit_v4,2026-08-28T15:24:17.098881+00:00
2026-06-26,SNDA,-210.3896103896,SEC,2026-05-11,-2.39,-0.77,2026-03-31,2025-03-31,reported_quarter,LOSS_WIDENING,resolved,,1043000.0,,,,,,,,,,,,,0001043000-26-000020_EarningsPerShareDiluted_2026-01-01_2026-03-31_Q1,eps_pit_v4,2026-08-28T15:23:52.774138+00:00
2026-06-26,SPG,16.5354330709,SEC,2026-05-11,1.48,1.27,2026-03-31,2025-03-31,reported_quarter,GROWTH,resolved,,1063761.0,,,,,,,,,,,,,0001104659-26-058640_EarningsPerShareDiluted_2026-01-01_2026-03-31_Q1,eps_pit_v4,2026-08-28T15:24:19.242725+00:00
2026-06-26,SRBK,100.0,SEC,2026-05-15,0.12,0.06,2026-03-31,2025-03-31,reported_quarter,GROWTH,resolved,,1951276.0,,,,,,,,,,,,,0001437749-26-017364_EarningsPerShareDiluted_2026-01-01_2026-03-31_Q3,eps_pit_v4,2026-08-28T15:24:13.693735+00:00
2026-06-26,SRRK,-23.8805970149,SEC,2026-05-07,-0.83,-0.67,2026-03-31,2025-03-31,reported_quarter,LOSS_WIDENING,resolved,,1727196.0,,,,,,,,,,,,,0001104659-26-056667_EarningsPerShareDiluted_2026-01-01_2026-03-31_Q1,eps_pit_v4,2026-08-28T15:23:53.672387+00:00
2026-06-26,SWX,20.8860759494,SEC,2026-05-05,1.91,1.58,2026-03-31,2025-03-31,reported_quarter,GROWTH,resolved,,1692115.0,,,,,,,,,,,,,0001692115-26-000088_EarningsPerShareDiluted_2026-01-01_2026-03-31_Q1,eps_pit_v4,2026-08-28T15:24:02.910039+00:00
2026-06-26,TCBK,30.0,SEC,2026-05-08,1.04,0.8,2026-03-31,2025-03-31,reported_quarter,GROWTH,resolved,,356171.0,,,,,,,,,,,,,0000356171-26-000042_EarningsPerShareDiluted_2026-01-01_2026-03-31_Q1,eps_pit_v4,2026-08-28T15:24:12.105804+00:00
2026-06-26,THG,48.5714285714,SEC,2026-04-30,5.2,3.5,2026-03-31,2025-03-31,reported_quarter,GROWTH,resolved,,944695.0,,,,,,,,,,,,,0001193125-26-197530_EarningsPerShareDiluted_2026-01-01_2026-03-31_Q1,eps_pit_v4,2026-08-28T15:24:13.291949+00:00
2026-06-26,TMP,32.8467153285,SEC,2026-05-05,1.82,1.37,2026-03-31,2025-03-31,reported_quarter,GROWTH,resolved,,1005817.0,,,,,,,,,,,,,0001005817-26-000049_EarningsPerShareDiluted_2026-01-01_2026-03-31_Q1,eps_pit_v4,2026-08-28T15:24:14.894147+00:00
2026-06-26,TRMK,7.9545454545,SEC,2026-05-06,0.95,0.88,2026-03-31,2025-03-31,reported_quarter,GROWTH,resolved,,36146.0,,,,,,,,,,,,,0001193125-26-209195_EarningsPerShareDiluted_2026-01-01_2026-03-31_Q1,eps_pit_v4,2026-08-28T15:24:17.611549+00:00
2026-06-26,TRV,357.6470588235,SEC,2026-04-16,7.78,1.7,2026-03-31,2025-03-31,reported_quarter,GROWTH,resolved,,86312.0,,,,,,,,,,,,,0000086312-26-000111_EarningsPerShareDiluted_2026-01-01_2026-03-31_Q1,eps_pit_v4,2026-08-28T15:24:16.181486+00:00
2026-06-26,TSBK,5.8823529412,SEC,2026-05-07,0.9,0.85,2026-03-31,2025-03-31,reported_quarter,GROWTH,resolved,,1046050.0,,,,,,,,,,,,,0000939057-26-000100_EarningsPerShareDiluted_2026-01-01_2026-03-31_Q2,eps_pit_v4,2026-08-28T15:24:06.134400+00:00
2026-06-26,UAL,84.4827586207,SEC,2026-04-22,2.14,1.16,2026-03-31,2025-03-31,reported_quarter,GROWTH,resolved,,100517.0,,,,,,,,,,,,,0000100517-26-000091_EarningsPerShareDiluted_2026-01-01_2026-03-31_Q1,eps_pit_v4,2026-08-28T15:23:47.722476+00:00
2026-06-26,UBSI,50.8474576271,SEC,2026-05-08,0.89,0.59,2026-03-31,2025-03-31,reported_quarter,GROWTH,resolved,,729986.0,,,,,,,,,,,,,0001193125-26-213783_EarningsPerShareDiluted_2026-01-01_2026-03-31_Q1,eps_pit_v4,2026-08-28T15:24:08.182162+00:00
2026-06-26,UDR,147.8260869565,SEC,2026-04-30,0.57,0.23,2026-03-31,2025-03-31,reported_quarter,GROWTH,resolved,,74208.0,,,,,,,,,,,,,0000074208-26-000049_EarningsPerShareDiluted_2026-01-01_2026-03-31_Q1,eps_pit_v4,2026-08-28T15:24:15.983500+00:00
2026-06-26,UE,157.1428571429,SEC,2026-04-29,0.18,0.07,2026-03-31,2025-03-31,reported_quarter,GROWTH,resolved,,1611547.0,,,,,,,,,,,,,0001611547-26-000039_EarningsPerShareDiluted_2026-01-01_2026-03-31_Q1,eps_pit_v4,2026-08-28T15:23:49.816713+00:00
2026-06-26,UFCS,71.6417910448,SEC,2026-05-06,1.15,0.67,2026-03-31,2025-03-31,reported_quarter,GROWTH,resolved,,101199.0,,,,,,,,,,,,,0000101199-26-000031_EarningsPerShareDiluted_2026-01-01_2026-03-31_Q1,eps_pit_v4,2026-08-28T15:24:11.856999+00:00
2026-06-26,UMBF,176.8595041322,SEC,2026-04-30,3.35,1.21,2026-03-31,2025-03-31,reported_quarter,GROWTH,resolved,,101382.0,,,,,,,,,,,,,0001193125-26-194310_EarningsPerShareDiluted_2026-01-01_2026-03-31_Q1,eps_pit_v4,2026-08-28T15:23:57.802146+00:00
2026-06-26,UNP,6.2962962963,SEC,2026-04-23,2.87,2.7,2026-03-31,2025-03-31,reported_quarter,GROWTH,resolved,,100885.0,,,,,,,,,,,,,0000100885-26-000155_EarningsPerShareDiluted_2026-01-01_2026-03-31_Q1,eps_pit_v4,2026-08-28T15:24:15.541425+00:00
2026-06-26,UNTY,23.8938053097,SEC,2026-05-07,1.4,1.13,2026-03-31,2025-03-31,reported_quarter,GROWTH,resolved,,920427.0,,,,,,,,,,,,,0000920427-26-000037_EarningsPerShareDiluted_2026-01-01_2026-03-31_Q1,eps_pit_v4,2026-08-28T15:24:09.872436+00:00
2026-06-26,USCB,34.2105263158,SEC,2026-05-08,0.51,0.38,2026-03-31,2025-03-31,reported_quarter,GROWTH,resolved,,1901637.0,,,,,,,,,,,,,0001562762-26-000062_EarningsPerShareDiluted_2026-01-01_2026-03-31_Q1,eps_pit_v4,2026-08-28T15:23:58.772561+00:00
2026-06-26,UTMD,-10.8695652174,SEC,2026-05-12,0.82,0.92,2026-03-31,2025-03-31,reported_quarter,DECLINE,resolved,,706698.0,,,,,,,,,,,,,0001096906-26-000767_EarningsPerShareDiluted_2026-01-01_2026-03-31_Q1,eps_pit_v4,2026-08-28T15:24:06.760958+00:00
2026-06-26,UVE,30.5555555556,SEC,2026-04-29,1.88,1.44,2026-03-31,2025-03-31,reported_quarter,GROWTH,resolved,,891166.0,,,,,,,,,,,,,0000891166-26-000046_EarningsPerShareDiluted_2026-01-01_2026-03-31_Q1,eps_pit_v4,2026-08-28T15:24:07.105101+00:00
2026-06-26,VABK,16.8674698795,SEC,2026-05-12,0.97,0.83,2026-03-31,2025-03-31,reported_quarter,GROWTH,resolved,,1572334.0,,,,,,,,,,,,,0001193125-26-219603_EarningsPerShareDiluted_2026-01-01_2026-03-31_Q1,eps_pit_v4,2026-08-28T15:24:18.417943+00:00
2026-06-26,VLO,322.1052631579,SEC,2026-04-30,4.22,-1.9,2026-03-31,2025-03-31,reported_quarter,TURNAROUND,resolved,,1035002.0,,,,,,,,,,,,,0001628280-26-028690_EarningsPerShareDiluted_2026-01-01_2026-03-31_Q1,eps_pit_v4,2026-08-28T15:23:48.973066+00:00
2026-06-26,VTR,10.0,SEC,2026-04-28,0.11,0.1,2026-03-31,2025-03-31,reported_quarter,GROWTH,resolved,,740260.0,,,,,,,,,,,,,0000740260-26-000018_EarningsPerShareDiluted_2026-01-01_2026-03-31_Q1,eps_pit_v4,2026-08-28T15:24:22.072356+00:00
2026-06-26,WELL,155.0,SEC,2026-04-29,1.02,0.4,2026-03-31,2025-03-31,reported_quarter,GROWTH,resolved,,766704.0,,,,,,,,,,,,,0000766704-26-000021_EarningsPerShareDiluted_2026-01-01_2026-03-31_Q1,eps_pit_v4,2026-08-28T15:24:07.839635+00:00
2026-06-26,WHG,80.0,SEC,2026-04-30,0.09,0.05,2026-03-31,2025-03-31,reported_quarter,GROWTH,resolved,,1165002.0,,,,,,,,,,,,,0001165002-26-000034_EarningsPerShareDiluted_2026-01-01_2026-03-31_Q1,eps_pit_v4,2026-08-28T15:23:55.226225+00:00
2026-06-26,WMB,25.0,SEC,2026-05-04,0.7,0.56,2026-03-31,2025-03-31,reported_quarter,GROWTH,resolved,,107263.0,,,,,,,,,,,,,0000107263-26-000017_EarningsPerShareDiluted_2026-01-01_2026-03-31_Q1,eps_pit_v4,2026-08-28T15:24:17.922372+00:00
2026-06-26,WSBC,686.6666666667,SEC,2026-04-30,0.88,-0.15,2026-03-31,2025-03-31,reported_quarter,TURNAROUND,resolved,,203596.0,,,,,,,,,,,,,0001193125-26-197299_EarningsPerShareDiluted_2026-01-01_2026-03-31_Q1,eps_pit_v4,2026-08-28T15:24:12.677489+00:00
2026-06-26,WSBF,100.0,SEC,2026-05-07,0.34,0.17,2026-03-31,2025-03-31,reported_quarter,GROWTH,resolved,,1569994.0,,,,,,,,,,,,,0001437749-26-015566_EarningsPerShareDiluted_2026-01-01_2026-03-31_Q1,eps_pit_v4,2026-08-28T15:23:50.908823+00:00
2026-06-26,WSFS,46.4285714286,SEC,2026-05-04,1.64,1.12,2026-03-31,2025-03-31,reported_quarter,GROWTH,resolved,,828944.0,,,,,,,,,,,,,0000828944-26-000015_EarningsPerShareDiluted_2026-01-01_2026-03-31_Q1,eps_pit_v4,2026-08-28T15:24:19.661189+00:00
2026-06-26,WTBA,32.6086956522,SEC,2026-04-23,0.61,0.46,2026-03-31,2025-03-31,reported_quarter,GROWTH,resolved,,1166928.0,,,,,,,,,,,,,0001166928-26-000023_EarningsPerShareDiluted_2026-01-01_2026-03-31_Q1,eps_pit_v4,2026-08-28T15:24:07.387759+00:00
2026-06-26,XENE,-40.9638554217,SEC,2026-05-07,-1.17,-0.83,2026-03-31,2025-03-31,reported_quarter,LOSS_WIDENING,resolved,,1582313.0,,,,,,,,,,,,,0001193125-26-212153_EarningsPerShareDiluted_2026-01-01_2026-03-31_Q1,eps_pit_v4,2026-08-28T15:23:59.053304+00:00
2026-06-26,ZION,38.0530973451,SEC,2026-05-07,1.56,1.13,2026-03-31,2025-03-31,reported_quarter,GROWTH,resolved,,109380.0,,,,,,,,,,,,,0000109380-26-000083_EarningsPerShareDiluted_2026-01-01_2026-03-31_Q1,eps_pit_v4,2026-08-28T15:24:17.378689+00:00
2026-07-02,AAPL,21.8181818182,SEC,2026-05-01,2.01,1.65,2026-03-28,2025-03-29,reported_quarter,GROWTH,resolved,,320193.0,,,,,,,,,,,,,0000320193-26-000013_EarningsPerShareDiluted_2025-12-28_2026-03-28_Q2,eps_pit_v4,2026-08-28T15:24:38.357997+00:00
2026-07-02,ABBV,-45.8333333333,SEC,2026-05-08,0.39,0.72,2026-03-31,2025-03-31,reported_quarter,DECLINE,resolved,,1551152.0,,,,,,,,,,,,,0001551152-26-000017_EarningsPerShareDiluted_2026-01-01_2026-03-31_Q1,eps_pit_v4,2026-08-28T15:24:34.976870+00:00
2026-07-02,ACHC,-44.4444444444,SEC,2026-04-30,0.05,0.09,2026-03-31,2025-03-31,reported_quarter,DECLINE,resolved,,1520697.0,,,,,,,,,,,,,0001193125-26-192508_EarningsPerShareDiluted_2026-01-01_2026-03-31_Q1,eps_pit_v4,2026-08-28T15:24:23.762330+00:00
2026-07-02,AFL,3860.0,SEC,2026-05-06,1.98,0.05,2026-03-31,2025-03-31,reported_quarter,GROWTH,resolved,,4977.0,,,,,,,,,,,,,0001628280-26-030923_EarningsPerShareDiluted_2026-01-01_2026-03-31_Q1,eps_pit_v4,2026-08-28T15:24:43.635141+00:00
2026-07-02,AHR,425.0,SEC,2026-05-08,0.13,-0.04,2026-03-31,2025-03-31,reported_quarter,TURNAROUND,resolved,,1632970.0,,,,,,,,,,,,,0001193125-26-214678_EarningsPerShareDiluted_2026-01-01_2026-03-31_Q1,eps_pit_v4,2026-08-28T15:24:36.016705+00:00
2026-07-02,ANAB,-43.75,SEC,2026-05-12,-1.84,-1.28,2026-03-31,2025-03-31,reported_quarter,LOSS_WIDENING,resolved,,1370053.0,,,,,,,,,,,,,0001193125-26-219515_EarningsPerShareDiluted_2026-01-01_2026-03-31_Q1,eps_pit_v4,2026-08-28T15:24:23.854419+00:00
2026-07-02,ARWR,-133.8181818182,SEC,2026-05-07,-0.93,2.75,2026-03-31,2025-03-31,reported_quarter,PROFIT_TO_LOSS,resolved,,879407.0,,,,,,,,,,,,,0000879407-26-000047_EarningsPerShareDiluted_2026-01-01_2026-03-31_Q2,eps_pit_v4,2026-08-28T15:24:32.968741+00:00
2026-07-02,ASIC,155.0,SEC,2026-05-07,0.51,0.2,2026-03-31,2025-03-31,reported_quarter,GROWTH,resolved,,2040491.0,,,,,,,,,,,,,0002040491-26-000024_EarningsPerShareDiluted_2026-01-01_2026-03-31_Q1,eps_pit_v4,2026-08-28T15:24:31.446548+00:00
2026-07-02,AWR,8.5714285714,SEC,2026-05-06,0.76,0.7,2026-03-31,2025-03-31,reported_quarter,GROWTH,resolved,,1056903.0,,,,,,,,,,,,,0001628280-26-031364_EarningsPerShareDiluted_2026-01-01_2026-03-31_Q1,eps_pit_v4,2026-08-28T15:24:35.400734+00:00
2026-07-02,AXGN,-375.0,SEC,2026-04-28,-0.38,-0.08,2026-03-31,2025-03-31,reported_quarter,LOSS_WIDENING,resolved,,805928.0,,,,,,,,,,,,,0000805928-26-000053_EarningsPerShareDiluted_2026-01-01_2026-03-31_Q1,eps_pit_v4,2026-08-28T15:24:29.635351+00:00
2026-07-02,AXS,45.5752212389,SEC,2026-04-29,3.29,2.26,2026-03-31,2025-03-31,reported_quarter,GROWTH,resolved,,1214816.0,,,,,,,,,,,,,0001214816-26-000162_EarningsPerShareDiluted_2026-01-01_2026-03-31_Q1,eps_pit_v4,2026-08-28T15:24:34.654073+00:00
2026-07-02,BFC,-2.1978021978,SEC,2026-05-11,1.78,1.82,2026-03-31,2025-03-31,reported_quarter,DECLINE,resolved,,1746109.0,,,,,,,,,,,,,0001104659-26-058557_EarningsPerShareDiluted_2026-01-01_2026-03-31_Q1,eps_pit_v4,2026-08-28T15:24:40.181294+00:00
2026-07-02,BLZE,41.1764705882,SEC,2026-05-04,-0.1,-0.17,2026-03-31,2025-03-31,reported_quarter,LOSS_NARROWING,resolved,,1462056.0,,,,,,,,,,,,,0001628280-26-029797_EarningsPerShareDiluted_2026-01-01_2026-03-31_Q1,eps_pit_v4,2026-08-28T15:24:23.595733+00:00
2026-07-02,BMRC,76.6666666667,SEC,2026-05-08,0.53,0.3,2026-03-31,2025-03-31,reported_quarter,GROWTH,resolved,,1403475.0,,,,,,,,,,,,,0001403475-26-000028_EarningsPerShareDiluted_2026-01-01_2026-03-31_Q1,eps_pit_v4,2026-08-28T15:24:35.800942+00:00
2026-07-02,BNY,41.7721518987,SEC,2026-05-01,2.24,1.58,2026-03-31,2025-03-31,reported_quarter,GROWTH,resolved,,1390777.0,,,,,,,,,,,,,0001390777-26-000060_EarningsPerShareDiluted_2026-01-01_2026-03-31_Q1,eps_pit_v4,2026-08-28T15:24:38.683983+00:00
2026-07-02,BSET,9.0909090909,SEC,2026-07-01,0.24,0.22,2026-05-30,2025-05-31,reported_quarter,GROWTH,resolved,,10329.0,,,,,,,,,,,,,0001437749-26-022289_EarningsPerShareDiluted_2026-03-01_2026-05-30_Q2,eps_pit_v4,2026-08-28T15:24:27.306523+00:00
2026-07-02,CB,78.7234042553,SEC,2026-04-28,5.88,3.29,2026-03-31,2025-03-31,reported_quarter,GROWTH,resolved,,896159.0,,,,,,,,,,,,,0000896159-26-000011_EarningsPerShareDiluted_2026-01-01_2026-03-31_Q1,eps_pit_v4,2026-08-28T15:24:43.011803+00:00
2026-07-02,CBNA,27.0588235294,SEC,2026-05-12,1.08,0.85,2026-03-31,2025-03-31,reported_quarter,GROWTH,resolved,,1392272.0,,,,,,,,,,,,,0001628280-26-034040_EarningsPerShareDiluted_2026-01-01_2026-03-31_Q1,eps_pit_v4,2026-08-28T15:24:34.372828+00:00
2026-07-02,CDP,9.6774193548,SEC,2026-05-06,0.34,0.31,2026-03-31,2025-03-31,reported_quarter,GROWTH,resolved,,860546.0,,,,,,,,,,,,,0000860546-26-000029_EarningsPerShareDiluted_2026-01-01_2026-03-31_Q1,eps_pit_v4,2026-08-28T15:24:31.047004+00:00
2026-07-02,CLDX,-45.6790123457,SEC,2026-05-07,-1.18,-0.81,2026-03-31,2025-03-31,reported_quarter,LOSS_WIDENING,resolved,,744218.0,,,,,,,,,,,,,0001104659-26-057113_EarningsPerShareDiluted_2026-01-01_2026-03-31_Q1,eps_pit_v4,2026-08-28T15:24:26.546213+00:00
2026-07-02,CNS,6.4935064935,SEC,2026-05-01,0.82,0.77,2026-03-31,2025-03-31,reported_quarter,GROWTH,resolved,,1284812.0,,,,,,,,,,,,,0001284812-26-000045_EarningsPerShareDiluted_2026-01-01_2026-03-31_Q1,eps_pit_v4,2026-08-28T15:24:41.949954+00:00
2026-07-02,CRL,-160.0,SEC,2026-05-07,-0.3,0.5,2026-03-28,2025-03-29,reported_quarter,PROFIT_TO_LOSS,resolved,,1100682.0,,,,,,,,,,,,,0001100682-26-000038_EarningsPerShareDiluted_2025-12-28_2026-03-28_Q1,eps_pit_v4,2026-08-28T15:24:28.851722+00:00
2026-07-02,CRWD,126.1904761905,SEC,2026-06-04,0.11,-0.42,2026-04-30,2025-04-30,reported_quarter,TURNAROUND,resolved,,1535527.0,,,,,,,,,,,,,0001535527-26-000025_EarningsPerShareDiluted_2026-02-01_2026-04-30_Q1,eps_pit_v4,2026-08-28T15:24:24.447367+00:00
2026-07-02,CSX,26.4705882353,SEC,2026-04-22,0.43,0.34,2026-03-31,2025-03-31,reported_quarter,GROWTH,resolved,,277948.0,,,,,,,,,,,,,0000277948-26-000014_EarningsPerShareDiluted_2026-01-01_2026-03-31_Q1,eps_pit_v4,2026-08-28T15:24:29.141169+00:00
2026-07-02,CW,29.1044776119,SEC,2026-05-07,3.46,2.68,2026-03-31,2025-03-31,reported_quarter,GROWTH,resolved,,26324.0,,,,,,,,,,,,,0001628280-26-031971_EarningsPerShareDiluted_2026-01-01_2026-03-31_Q1,eps_pit_v4,2026-08-28T15:24:26.429873+00:00
2026-07-02,DDOG,114.2857142857,SEC,2026-05-07,0.15,0.07,2026-03-31,2025-03-31,reported_quarter,GROWTH,resolved,,1561550.0,,,,,,,,,,,,,0001628280-26-032328_EarningsPerShareDiluted_2026-01-01_2026-03-31_Q1,eps_pit_v4,2026-08-28T15:24:25.495523+00:00
2026-07-02,DGX,15.4639175258,SEC,2026-04-22,2.24,1.94,2026-03-31,2025-03-31,reported_quarter,GROWTH,resolved,,1022079.0,,,,,,,,,,,,,0001022079-26-000043_EarningsPerShareDiluted_2026-01-01_2026-03-31_Q1,eps_pit_v4,2026-08-28T15:24:40.458544+00:00
2026-07-02,DINO,17900.0,SEC,2026-05-01,3.56,-0.02,2026-03-31,2025-03-31,reported_quarter,TURNAROUND,resolved,,1915657.0,,,,,,,,,,,,,0001915657-26-000040_EarningsPerShareDiluted_2026-01-01_2026-03-31_Q1,eps_pit_v4,2026-08-28T15:24:34.315980+00:00
2026-07-02,DK,-20.1438848921,SEC,2026-04-29,-3.34,-2.78,2026-03-31,2025-03-31,reported_quarter,LOSS_WIDENING,resolved,,1694426.0,,,,,,,,,,,,,0001628280-26-028274_EarningsPerShareDiluted_2026-01-01_2026-03-31_Q1,eps_pit_v4,2026-08-28T15:24:24.883167+00:00
2026-07-02,EBAY,6.6666666667,SEC,2026-04-29,1.12,1.05,2026-03-31,2025-03-31,reported_quarter,GROWTH,resolved,,1065088.0,,,,,,,,,,,,,0001065088-26-000093_EarningsPerShareDiluted_2026-01-01_2026-03-31_Q1,eps_pit_v4,2026-08-28T15:24:36.365777+00:00
2026-07-02,EG,230.8163265306,SEC,2026-05-05,16.21,4.9,2026-03-31,2025-03-31,reported_quarter,GROWTH,resolved,,1095073.0,,,,,,,,,,,,,0001095073-26-000022_EarningsPerShareDiluted_2026-01-01_2026-03-31_Q1,eps_pit_v4,2026-08-28T15:24:39.889748+00:00
2026-07-02,EXEL,43.6363636364,SEC,2026-05-05,0.79,0.55,2026-04-03,2025-04-04,reported_quarter,GROWTH,resolved,,939767.0,,,,,,,,,,,,,0000939767-26-000059_EarningsPerShareDiluted_2026-01-03_2026-04-03_Q1,eps_pit_v4,2026-08-28T15:24:32.651977+00:00
2026-07-02,EZPW,84.8484848485,SEC,2026-05-06,0.61,0.33,2026-03-31,2025-03-31,reported_quarter,GROWTH,resolved,,876523.0,,,,,,,,,,,,,0000876523-26-000045_EarningsPerShareDiluted_2026-01-01_2026-03-31_Q2,eps_pit_v4,2026-08-28T15:24:27.994443+00:00
2026-07-02,FCEL,18.9944134078,SEC,2026-06-08,-1.45,-1.79,2026-04-30,2025-04-30,reported_quarter,LOSS_NARROWING,resolved,,886128.0,,,,,,,,,,,,,0001104659-26-071183_EarningsPerShareDiluted_2026-02-01_2026-04-30_Q2,eps_pit_v4,2026-08-28T15:24:24.339764+00:00
2026-07-02,FFIV,4.0322580645,SEC,2026-05-05,2.58,2.48,2026-03-31,2025-03-31,reported_quarter,GROWTH,resolved,,1048695.0,,,,,,,,,,,,,0001048695-26-000051_EarningsPerShareDiluted_2026-01-01_2026-03-31_Q2,eps_pit_v4,2026-08-28T15:24:25.671357+00:00
2026-07-02,FLYW,433.3333333333,SEC,2026-05-06,0.1,-0.03,2026-03-31,2025-03-31,reported_quarter,TURNAROUND,resolved,,1580560.0,,,,,,,,,,,,,0001580560-26-000005_EarningsPerShareDiluted_2026-01-01_2026-03-31_Q1,eps_pit_v4,2026-08-28T15:24:25.962222+00:00
2026-07-02,FROG,56.25,SEC,2026-05-08,-0.07,-0.16,2026-03-31,2025-03-31,reported_quarter,LOSS_NARROWING,resolved,,1800667.0,,,,,,,,,,,,,0001193125-26-214647_EarningsPerShareDiluted_2026-01-01_2026-03-31_Q1,eps_pit_v4,2026-08-28T15:24:24.010348+00:00
2026-07-02,GAIN,26.6666666667,SEC,2025-05-13,0.1899999999999999,0.1499999999999999,2025-03-31,2024-03-31,derived_from_fy,GROWTH,resolved,,1321741.0,,,,,,,,,,,,,"derived_from_fy(0001321741-25-000010_EarningsPerShareDiluted_2024-04-01_2025-03-31_FY,0001321741-24-000013_EarningsPerShareDiluted_2024-04-01_2024-06-30_Q1,0001321741-24-000017_EarningsPerShareDiluted_2024-07-01_2024-09-30_Q2,0001321741-25-000005_EarningsPerShareDiluted_2024-10-01_2024-12-31_Q3)",eps_pit_v4,2026-08-28T15:24:43.396167+00:00
2026-07-02,GH,-10.3896103896,SEC,2026-05-07,-0.85,-0.77,2026-03-31,2025-03-31,reported_quarter,LOSS_WIDENING,resolved,,1576280.0,,,,,,,,,,,,,0001576280-26-000026_EarningsPerShareDiluted_2026-01-01_2026-03-31_Q1,eps_pit_v4,2026-08-28T15:24:24.116261+00:00
2026-07-02,HCSG,60.8695652174,SEC,2026-04-24,0.37,0.23,2026-03-31,2025-03-31,reported_quarter,GROWTH,resolved,,731012.0,,,,,,,,,,,,,0000731012-26-000031_EarningsPerShareDiluted_2026-01-01_2026-03-31_Q1,eps_pit_v4,2026-08-28T15:24:32.181439+00:00
2026-07-02,HFWA,20.0,SEC,2026-05-08,0.48,0.4,2026-03-31,2025-03-31,reported_quarter,GROWTH,resolved,,1046025.0,,,,,,,,,,,,,0001628280-26-032682_EarningsPerShareDiluted_2026-01-01_2026-03-31_Q1,eps_pit_v4,2026-08-28T15:24:41.036403+00:00
2026-07-02,IDA,8.3333333333,SEC,2026-02-19,0.7800000000000002,0.7199999999999998,2025-12-31,2024-12-31,derived_from_fy,GROWTH,resolved,,1057877.0,,,,,,,,,,,,,"derived_from_fy(0001057877-26-000028_EarningsPerShareDiluted_2025-01-01_2025-12-31_FY,0001057877-25-000037_EarningsPerShareDiluted_2025-01-01_2025-03-31_Q1,0001057877-25-000067_EarningsPerShareDiluted_2025-04-01_2025-06-30_Q2,0001057877-25-000082_EarningsPerShareDiluted_2025-07-01_2025-09-30_Q3)",eps_pit_v4,2026-08-28T15:24:41.223432+00:00
2026-07-02,INCY,83.75,SEC,2026-04-28,1.47,0.8,2026-03-31,2025-03-31,reported_quarter,GROWTH,resolved,,879169.0,,,,,,,,,,,,,0000879169-26-000026_EarningsPerShareDiluted_2026-01-01_2026-03-31_Q1,eps_pit_v4,2026-08-28T15:24:36.517121+00:00
2026-07-02,JAZZ,391.4473684211,SEC,2026-05-05,4.43,-1.52,2026-03-31,2025-03-31,reported_quarter,TURNAROUND,resolved,,1232524.0,,,,,,,,,,,,,0001232524-26-000025_EarningsPerShareDiluted_2026-01-01_2026-03-31_Q1,eps_pit_v4,2026-08-28T15:24:36.817495+00:00
2026-07-02,JMSB,26.4705882353,SEC,2026-05-08,0.43,0.34,2026-03-31,2025-03-31,reported_quarter,GROWTH,resolved,,1710482.0,,,,,,,,,,,,,0001104659-26-057594_EarningsPerShareDiluted_2026-01-01_2026-03-31_Q1,eps_pit_v4,2026-08-28T15:24:39.972657+00:00
2026-07-02,JNJ,-52.8634361233,SEC,2026-04-22,2.14,4.54,2026-03-29,2025-03-30,reported_quarter,DECLINE,resolved,,200406.0,,,,,,,,,,,,,0000200406-26-000087_EarningsPerShareDiluted_2025-12-29_2026-03-29_Q1,eps_pit_v4,2026-08-28T15:24:42.146127+00:00
2026-07-02,KFRC,2.2222222222,SEC,2026-04-29,0.46,0.45,2026-03-31,2025-03-31,reported_quarter,GROWTH,resolved,,930420.0,,,,,,,,,,,,,0000930420-26-000041_EarningsPerShareDiluted_2026-01-01_2026-03-31_Q1,eps_pit_v4,2026-08-28T15:24:29.514921+00:00
2026-07-02,KO,18.1818181818,SEC,2026-04-30,0.91,0.77,2026-04-03,2025-03-28,reported_quarter,GROWTH,resolved,,21344.0,,,,,,,,,,,,,0001628280-26-028802_EarningsPerShareDiluted_2026-01-01_2026-04-03_Q1,eps_pit_v4,2026-08-28T15:24:43.239925+00:00
2026-07-02,LAMR,-25.9259259259,SEC,2026-05-07,1.0,1.35,2026-03-31,2025-03-31,reported_quarter,DECLINE,resolved,,1090425.0,,,,,,,,,,,,,0001090425-26-000017_EarningsPerShareDiluted_2026-01-01_2026-03-31_Q1,eps_pit_v4,2026-08-28T15:24:42.704249+00:00
2026-07-02,LGND,69.6832579186,SEC,2026-05-08,-0.67,-2.21,2026-03-31,2025-03-31,reported_quarter,LOSS_NARROWING,resolved,,886163.0,,,,,,,,,,,,,0000886163-26-000034_EarningsPerShareDiluted_2026-01-01_2026-03-31_Q1,eps_pit_v4,2026-08-28T15:24:33.164370+00:00
2026-07-02,LIN,13.3903133903,SEC,2026-05-01,3.98,3.51,2026-03-31,2025-03-31,reported_quarter,GROWTH,resolved,,1707925.0,,,,,,,,,,,,,0001628280-26-029165_EarningsPerShareDiluted_2026-01-01_2026-03-31_Q1,eps_pit_v4,2026-08-28T15:24:36.938685+00:00
2026-07-02,LLYVA,-900.0,SEC,2026-05-07,-3.2,-0.32,2026-03-31,2025-03-31,reported_quarter,LOSS_WIDENING,resolved,,2078416.0,,,,,,,,,,,,,0001104659-26-057082_EarningsPerShareDiluted_2026-01-01_2026-03-31_Q1,eps_pit_v4,2026-08-28T15:24:30.298974+00:00
2026-07-02,LYV,-478.125,SEC,2026-05-05,-1.85,-0.32,2026-03-31,2025-03-31,reported_quarter,LOSS_WIDENING,resolved,,1335258.0,,,,,,,,,,,,,0001335258-26-000019_EarningsPerShareDiluted_2026-01-01_2026-03-31_Q1,eps_pit_v4,2026-08-28T15:24:31.908157+00:00
2026-07-02,MANU,200.0,YahooHistoricalEvent,2026-05-27,0.03,-0.03,2026-03-31,2025-03-31,reported_quarter,TURNAROUND,resolved,,,,,,,,,,,,,,,yahoo_event_2026-03-31_2026-05-27T07:00:00-04:00,eps_pit_v4,2026-08-28T15:24:33.500956+00:00
2026-07-02,MATX,-15.1376146789,SEC,2026-05-05,1.85,2.18,2026-03-31,2025-03-31,reported_quarter,DECLINE,resolved,,3453.0,,,,,,,,,,,,,0001104659-26-055178_EarningsPerShareDiluted_2026-01-01_2026-03-31_Q1,eps_pit_v4,2026-08-28T15:24:25.036926+00:00
2026-07-02,MBWM,9.0909090909,SEC,2026-05-01,1.32,1.21,2026-03-31,2025-03-31,reported_quarter,GROWTH,resolved,,1042729.0,,,,,,,,,,,,,0001437749-26-014320_EarningsPerShareDiluted_2026-01-01_2026-03-31_Q1,eps_pit_v4,2026-08-28T15:24:42.345316+00:00
2026-07-02,MD,50.0,SEC,2026-05-05,0.36,0.24,2026-03-31,2025-03-31,reported_quarter,GROWTH,resolved,,893949.0,,,,,,,,,,,,,0001193125-26-204993_EarningsPerShareDiluted_2026-01-01_2026-03-31_Q1,eps_pit_v4,2026-08-28T15:24:28.368717+00:00
2026-07-02,MIRM,-4376.6666666667,SEC,2026-05-06,-13.43,-0.3,2026-03-31,2025-03-31,reported_quarter,LOSS_WIDENING,resolved,,1759425.0,,,,,,,,,,,,,0001759425-26-000037_EarningsPerShareDiluted_2026-01-01_2026-03-31_Q1,eps_pit_v4,2026-08-28T15:24:31.992197+00:00
2026-07-02,MPB,-49.2957746479,SEC,2026-05-07,0.36,0.71,2026-03-31,2025-03-31,reported_quarter,DECLINE,resolved,,879635.0,,,,,,,,,,,,,0000879635-26-000035_EarningsPerShareDiluted_2026-01-01_2026-03-31_Q1,eps_pit_v4,2026-08-28T15:24:39.046230+00:00
2026-07-02,MPC,820.8333333333,SEC,2026-05-05,1.73,-0.24,2026-03-31,2025-03-31,reported_quarter,TURNAROUND,resolved,,1510295.0,,,,,,,,,,,,,0001510295-26-000042_EarningsPerShareDiluted_2026-01-01_2026-03-31_Q1,eps_pit_v4,2026-08-28T15:24:26.242766+00:00
2026-07-02,MPLT,95.4312990113,SEC,2026-05-14,-1.34,-29.33,2026-03-31,2025-03-31,reported_quarter,LOSS_NARROWING,resolved,,1770069.0,,,,,,,,,,,,,0001193125-26-224129_EarningsPerShareDiluted_2026-01-01_2026-03-31_Q1,eps_pit_v4,2026-08-28T15:24:24.650350+00:00
2026-07-02,MRCY,87.8787878788,SEC,2026-05-05,-0.04,-0.33,2026-03-27,2025-03-28,reported_quarter,LOSS_NARROWING,resolved,,1049521.0,,,,,,,,,,,,,0001049521-26-000024_EarningsPerShareDiluted_2025-12-27_2026-03-27_Q3,eps_pit_v4,2026-08-28T15:24:29.297743+00:00
2026-07-02,MUSA,176.8060836502,SEC,2026-05-07,7.28,2.63,2026-03-31,2025-03-31,reported_quarter,GROWTH,resolved,,1573516.0,,,,,,,,,,,,,0001573516-26-000135_EarningsPerShareDiluted_2026-01-01_2026-03-31_Q1,eps_pit_v4,2026-08-28T15:24:30.667153+00:00
2026-07-02,MVBF,44.4444444444,SEC,2026-05-06,0.39,0.27,2026-03-31,2025-03-31,reported_quarter,GROWTH,resolved,,1277902.0,,,,,,,,,,,,,0001277902-26-000065_EarningsPerShareDiluted_2026-01-01_2026-03-31_Q1,eps_pit_v4,2026-08-28T15:24:37.499887+00:00
2026-07-02,NBIX,2287.5,SEC,2026-05-05,1.91,0.08,2026-03-31,2025-03-31,reported_quarter,GROWTH,resolved,,914475.0,,,,,,,,,,,,,0000914475-26-000026_EarningsPerShareDiluted_2026-01-01_2026-03-31_Q1,eps_pit_v4,2026-08-28T15:24:26.926732+00:00
2026-07-02,NBTB,27.2727272727,SEC,2026-05-08,0.98,0.77,2026-03-31,2025-03-31,reported_quarter,GROWTH,resolved,,790359.0,,,,,,,,,,,,,0001140361-26-020019_EarningsPerShareDiluted_2026-01-01_2026-03-31_Q1,eps_pit_v4,2026-08-28T15:24:33.799353+00:00
2026-07-02,NIC,-61.0576923077,SEC,2026-05-06,0.81,2.08,2026-03-31,2025-03-31,reported_quarter,DECLINE,resolved,,1174850.0,,,,,,,,,,,,,0001174850-26-000110_EarningsPerShareDiluted_2026-01-01_2026-03-31_Q1,eps_pit_v4,2026-08-28T15:24:39.668118+00:00
2026-07-02,NREF,-40.0,SEC,2026-05-15,0.42,0.7,2026-03-31,2025-03-31,reported_quarter,DECLINE,resolved,,1786248.0,,,,,,,,,,,,,0001193125-26-226577_EarningsPerShareDiluted_2026-01-01_2026-03-31_Q1,eps_pit_v4,2026-08-28T15:24:29.920943+00:00
2026-07-02,NTRA,-20.0,SEC,2026-05-08,-0.6,-0.5,2026-03-31,2025-03-31,reported_quarter,LOSS_WIDENING,resolved,,1604821.0,,,,,,,,,,,,,0001628280-26-032478_EarningsPerShareDiluted_2026-01-01_2026-03-31_Q1,eps_pit_v4,2026-08-28T15:24:31.321944+00:00
2026-07-02,NTRS,42.6315789474,SEC,2026-04-30,2.71,1.9,2026-03-31,2025-03-31,reported_quarter,GROWTH,resolved,,73124.0,,,,,,,,,,,,,0000073124-26-000035_EarningsPerShareDiluted_2026-01-01_2026-03-31_Q1,eps_pit_v4,2026-08-28T15:24:40.819860+00:00
2026-07-02,NTST,200.0,SEC,2026-04-20,0.06,0.02,2026-03-31,2025-03-31,reported_quarter,GROWTH,resolved,,1798100.0,,,,,,,,,,,,,0001628280-26-026040_EarningsPerShareDiluted_2026-01-01_2026-03-31_Q1,eps_pit_v4,2026-08-28T15:24:40.550062+00:00
2026-07-02,NUTX,95.7957957958,SEC,2026-04-30,6.52,3.33,2026-03-31,2025-03-31,reported_quarter,GROWTH,resolved,,1479681.0,,,,,,,,,,,,,0001628280-26-028849_EarningsPerShareDiluted_2026-01-01_2026-03-31_Q1,eps_pit_v4,2026-08-28T15:24:25.161553+00:00
2026-07-02,NVRI,-18.1818181818,SEC,2026-06-08,-0.13,-0.11,2026-03-31,2025-03-31,reported_quarter,LOSS_WIDENING,resolved,,2104052.0,,,,,,,,,,,,,0002104052-26-000081_EarningsPerShareDiluted_2026-01-01_2026-03-31_Q1,eps_pit_v4,2026-08-28T15:24:34.060165+00:00
2026-07-02,NYAX,33.3333333333,YahooHistoricalEvent,2026-05-12,0.04,0.03,2026-03-31,2025-03-31,reported_quarter,GROWTH,resolved,,,,,,,,,,,,,,,yahoo_event_2026-03-31_2026-05-12T07:00:00-04:00,eps_pit_v4,2026-08-28T15:24:39.108809+00:00
2026-07-02,OFG,26.0,SEC,2026-05-08,1.26,1.0,2026-03-31,2025-03-31,reported_quarter,GROWTH,resolved,,1030469.0,,,,,,,,,,,,,0001030469-26-000027_EarningsPerShareDiluted_2026-01-01_2026-03-31_Q1,eps_pit_v4,2026-08-28T15:24:37.184298+00:00
2026-07-02,OOMA,1000.0,SEC,2026-06-05,0.09,-0.01,2026-04-30,2025-04-30,reported_quarter,TURNAROUND,resolved,,1327688.0,,,,,,,,,,,,,0001327688-26-000014_EarningsPerShareDiluted_2026-02-01_2026-04-30_Q1,eps_pit_v4,2026-08-28T15:24:28.548176+00:00
2026-07-02,OUST,33.3333333333,SEC,2026-05-05,-0.28,-0.42,2026-03-31,2025-03-31,reported_quarter,LOSS_NARROWING,resolved,,1816581.0,,,,,,,,,,,,,0001628280-26-030722_EarningsPerShareDiluted_2026-01-01_2026-03-31_Q1,eps_pit_v4,2026-08-28T15:24:23.435894+00:00
2026-07-02,PACS,194.1176470588,SEC,2026-05-11,0.5,0.17,2026-03-31,2025-03-31,reported_quarter,GROWTH,resolved,,2001184.0,,,,,,,,,,,,,0002001184-26-000023_EarningsPerShareDiluted_2026-01-01_2026-03-31_Q1,eps_pit_v4,2026-08-28T15:24:28.138869+00:00
2026-07-02,PKE,216.6666666667,SEC,2026-05-29,0.19,0.0599999999999999,2026-03-01,2025-03-02,derived_from_fy,GROWTH,resolved,,76267.0,,,,,,,,,,,,,"derived_from_fy(0001437749-26-018900_EarningsPerShareDiluted_2025-03-03_2026-03-01_FY,0001437749-25-022825_EarningsPerShareDiluted_2025-03-03_2025-06-01_Q1,0001437749-25-030897_EarningsPerShareDiluted_2025-06-02_2025-08-31_Q2,0001437749-26-001184_EarningsPerShareDiluted_2025-09-01_2025-11-30_Q3)",eps_pit_v4,2026-08-28T15:24:28.990501+00:00
2026-07-02,PNTG,9.0909090909,SEC,2026-05-06,0.24,0.22,2026-03-31,2025-03-31,reported_quarter,GROWTH,resolved,,1766400.0,,,,,,,,,,,,,0001766400-26-000054_EarningsPerShareDiluted_2026-01-01_2026-03-31_Q1,eps_pit_v4,2026-08-28T15:24:25.316669+00:00
2026-07-02,PRI,18.2178217822,SEC,2026-05-07,5.97,5.05,2026-03-31,2025-03-31,reported_quarter,GROWTH,resolved,,1475922.0,,,,,,,,,,,,,0001193125-26-211397_EarningsPerShareDiluted_2026-01-01_2026-03-31_Q1,eps_pit_v4,2026-08-28T15:24:41.716461+00:00
2026-07-02,SBFG,109.0909090909,SEC,2026-05-07,0.69,0.33,2026-03-31,2025-03-31,reported_quarter,GROWTH,resolved,,767405.0,,,,,,,,,,,,,0001213900-26-053234_EarningsPerShareDiluted_2026-01-01_2026-03-31_Q1,eps_pit_v4,2026-08-28T15:24:30.852523+00:00
2026-07-02,SENEA,208.5714285714,SEC,2026-02-05,6.48,2.1,2025-12-27,2024-12-28,reported_quarter,GROWTH,resolved,,88948.0,,,,,,,,,,,,,0001437749-26-003202_EarningsPerShareDiluted_2025-09-28_2025-12-27_Q3,eps_pit_v4,2026-08-28T15:24:34.817768+00:00
2026-07-02,SIF,286.9565217391,SEC,2026-05-08,0.43,-0.23,2026-03-31,2025-03-31,reported_quarter,TURNAROUND,resolved,,90168.0,,,,,,,,,,,,,0000090168-26-000018_EarningsPerShareDiluted_2026-01-01_2026-03-31_Q2,eps_pit_v4,2026-08-28T15:24:24.606228+00:00
2026-07-02,SIRI,22.0338983051,SEC,2026-04-30,0.72,0.59,2026-03-31,2025-03-31,reported_quarter,GROWTH,resolved,,908937.0,,,,,,,,,,,,,0000908937-26-000011_EarningsPerShareDiluted_2026-01-01_2026-03-31_Q1,eps_pit_v4,2026-08-28T15:24:35.162941+00:00
2026-07-02,SLDE,36.0,SEC,2026-04-30,1.02,0.75,2026-03-31,2025-03-31,reported_quarter,GROWTH,resolved,,1886428.0,,,,,,,,,,,,,0001193125-26-197194_EarningsPerShareDiluted_2026-01-01_2026-03-31_Q1,eps_pit_v4,2026-08-28T15:24:29.770539+00:00
2026-07-02,SNDA,-210.3896103896,SEC,2026-05-11,-2.39,-0.77,2026-03-31,2025-03-31,reported_quarter,LOSS_WIDENING,resolved,,1043000.0,,,,,,,,,,,,,0001043000-26-000020_EarningsPerShareDiluted_2026-01-01_2026-03-31_Q1,eps_pit_v4,2026-08-28T15:24:27.461441+00:00
2026-07-02,SPNT,67.3469387755,SEC,2026-05-07,0.82,0.49,2026-03-31,2025-03-31,reported_quarter,GROWTH,resolved,,1576018.0,,,,,,,,,,,,,0001576018-26-000065_EarningsPerShareDiluted_2026-01-01_2026-03-31_Q1,eps_pit_v4,2026-08-28T15:24:38.175703+00:00
2026-07-02,SRBK,100.0,SEC,2026-05-15,0.12,0.06,2026-03-31,2025-03-31,reported_quarter,GROWTH,resolved,,1951276.0,,,,,,,,,,,,,0001437749-26-017364_EarningsPerShareDiluted_2026-01-01_2026-03-31_Q3,eps_pit_v4,2026-08-28T15:24:38.751702+00:00
2026-07-02,TCBK,30.0,SEC,2026-05-08,1.04,0.8,2026-03-31,2025-03-31,reported_quarter,GROWTH,resolved,,356171.0,,,,,,,,,,,,,0000356171-26-000042_EarningsPerShareDiluted_2026-01-01_2026-03-31_Q1,eps_pit_v4,2026-08-28T15:24:39.452928+00:00
2026-07-02,TRIN,-16.2790697674,SEC,2026-05-06,0.36,0.43,2026-03-31,2025-03-31,reported_quarter,DECLINE,resolved,,1786108.0,,,,,,,,,,,,,0001193125-26-207620_EarningsPerShareDiluted_2026-01-01_2026-03-31_Q1,eps_pit_v4,2026-08-28T15:24:36.650659+00:00
2026-07-02,TROW,3.7209302326,SEC,2026-04-30,2.23,2.15,2026-03-31,2025-03-31,reported_quarter,GROWTH,resolved,,1113169.0,,,,,,,,,,,,,0001628280-26-028712_EarningsPerShareDiluted_2026-01-01_2026-03-31_Q1,eps_pit_v4,2026-08-28T15:24:36.172163+00:00
2026-07-02,UDR,147.8260869565,SEC,2026-04-30,0.57,0.23,2026-03-31,2025-03-31,reported_quarter,GROWTH,resolved,,74208.0,,,,,,,,,,,,,0000074208-26-000049_EarningsPerShareDiluted_2026-01-01_2026-03-31_Q1,eps_pit_v4,2026-08-28T15:24:42.538614+00:00
2026-07-02,UHT,5.8823529412,SEC,2026-05-07,0.36,0.34,2026-03-31,2025-03-31,reported_quarter,GROWTH,resolved,,798783.0,,,,,,,,,,,,,0001193125-26-211984_EarningsPerShareDiluted_2026-01-01_2026-03-31_Q1,eps_pit_v4,2026-08-28T15:24:31.659308+00:00
2026-07-02,UNP,6.2962962963,SEC,2026-04-23,2.87,2.7,2026-03-31,2025-03-31,reported_quarter,GROWTH,resolved,,100885.0,,,,,,,,,,,,,0000100885-26-000155_EarningsPerShareDiluted_2026-01-01_2026-03-31_Q1,eps_pit_v4,2026-08-28T15:24:37.673325+00:00
2026-07-02,USFD,6.1224489796,SEC,2026-05-07,0.52,0.49,2026-03-28,2025-03-29,reported_quarter,GROWTH,resolved,,1665918.0,,,,,,,,,,,,,0001665918-26-000032_EarningsPerShareDiluted_2025-12-28_2026-03-28_Q1,eps_pit_v4,2026-08-28T15:24:34.014304+00:00
2026-07-02,UTI,-95.2380952381,SEC,2026-05-07,0.01,0.21,2026-03-31,2025-03-31,reported_quarter,DECLINE,resolved,,1261654.0,,,,,,,,,,,,,0001261654-26-000012_EarningsPerShareDiluted_2026-01-01_2026-03-31_Q2,eps_pit_v4,2026-08-28T15:24:27.083468+00:00
2026-07-02,UVE,30.5555555556,SEC,2026-04-29,1.88,1.44,2026-03-31,2025-03-31,reported_quarter,GROWTH,resolved,,891166.0,,,,,,,,,,,,,0000891166-26-000046_EarningsPerShareDiluted_2026-01-01_2026-03-31_Q1,eps_pit_v4,2026-08-28T15:24:32.408921+00:00
2026-07-02,VLO,322.1052631579,SEC,2026-04-30,4.22,-1.9,2026-03-31,2025-03-31,reported_quarter,TURNAROUND,resolved,,1035002.0,,,,,,,,,,,,,0001628280-26-028690_EarningsPerShareDiluted_2026-01-01_2026-03-31_Q1,eps_pit_v4,2026-08-28T15:24:27.674924+00:00
2026-07-02,VOYA,23.2394366197,SEC,2026-05-07,1.75,1.42,2026-03-31,2025-03-31,reported_quarter,GROWTH,resolved,,1535929.0,,,,,,,,,,,,,0001535929-26-000083_EarningsPerShareDiluted_2026-01-01_2026-03-31_Q1,eps_pit_v4,2026-08-28T15:24:33.414857+00:00
2026-07-02,VRTX,61.4457831325,SEC,2026-05-05,4.02,2.49,2026-03-31,2025-03-31,reported_quarter,GROWTH,resolved,,875320.0,,,,,,,,,,,,,0000875320-26-000173_EarningsPerShareDiluted_2026-01-01_2026-03-31_Q1,eps_pit_v4,2026-08-28T15:24:30.186660+00:00
2026-07-02,VSEC,336.3636363636,SEC,2026-05-08,1.04,-0.44,2026-03-31,2025-03-31,reported_quarter,TURNAROUND,resolved,,102752.0,,,,,,,,,,,,,0000102752-26-000049_EarningsPerShareDiluted_2026-01-01_2026-03-31_Q1,eps_pit_v4,2026-08-28T15:24:30.516868+00:00
2026-07-02,VTR,10.0,SEC,2026-04-28,0.11,0.1,2026-03-31,2025-03-31,reported_quarter,GROWTH,resolved,,740260.0,,,,,,,,,,,,,0000740260-26-000018_EarningsPerShareDiluted_2026-01-01_2026-03-31_Q1,eps_pit_v4,2026-08-28T15:24:41.435454+00:00
2026-07-02,WELL,155.0,SEC,2026-04-29,1.02,0.4,2026-03-31,2025-03-31,reported_quarter,GROWTH,resolved,,766704.0,,,,,,,,,,,,,0000766704-26-000021_EarningsPerShareDiluted_2026-01-01_2026-03-31_Q1,eps_pit_v4,2026-08-28T15:24:37.910579+00:00
2026-07-02,WERN,56.25,SEC,2026-05-08,-0.07,-0.16,2026-03-31,2025-03-31,reported_quarter,LOSS_NARROWING,resolved,,793074.0,,,,,,,,,,,,,0000793074-26-000096_EarningsPerShareDiluted_2026-01-01_2026-03-31_Q1,eps_pit_v4,2026-08-28T15:24:32.818599+00:00
2026-07-02,WEYS,12.2807017544,SEC,2026-05-07,0.64,0.57,2026-03-31,2025-03-31,reported_quarter,GROWTH,resolved,,106532.0,,,,,,,,,,,,,0001104659-26-057266_EarningsPerShareDiluted_2026-01-01_2026-03-31_Q1,eps_pit_v4,2026-08-28T15:24:31.200029+00:00
2026-07-02,WFCF,100.0,SEC,2026-05-14,0.02,0.01,2026-03-31,2025-03-31,reported_quarter,GROWTH,resolved,,1360565.0,,,,,,,,,,,,,0001493152-26-022933_EarningsPerShareDiluted_2026-01-01_2026-03-31_Q1,eps_pit_v4,2026-08-28T15:24:25.808579+00:00
2026-07-02,WLY,103.2,SEC,2026-06-24,2.54,1.25,2026-04-30,2025-04-30,derived_from_fy,GROWTH,resolved,,107140.0,,,,,,,,,,,,,"derived_from_fy(0001628280-26-045111_EarningsPerShareDiluted_2025-05-01_2026-04-30_FY,0000107140-25-000155_EarningsPerShareDiluted_2025-05-01_2025-07-31_Q1,0000107140-25-000198_EarningsPerShareDiluted_2025-08-01_2025-10-31_Q2,0000107140-26-000012_EarningsPerShareDiluted_2025-11-01_2026-01-31_Q3)",eps_pit_v4,2026-08-28T15:24:26.792280+00:00
2026-07-02,XENE,-40.9638554217,SEC,2026-05-07,-1.17,-0.83,2026-03-31,2025-03-31,reported_quarter,LOSS_WIDENING,resolved,,1582313.0,,,,,,,,,,,,,0001193125-26-212153_EarningsPerShareDiluted_2026-01-01_2026-03-31_Q1,eps_pit_v4,2026-08-28T15:24:35.504925+00:00
2026-07-02,XZO,0.0,SEC,2026-05-07,0.22,0.22,2026-03-31,2025-03-31,reported_quarter,FLAT,resolved,,1873951.0,,,,,,,,,,,,,0001193125-26-211961_EarningsPerShareDiluted_2026-01-01_2026-03-31_Q1,eps_pit_v4,2026-08-28T15:24:27.794423+00:00
2026-07-10,AAMI,25.9259259259,SEC,2026-05-07,0.68,0.54,2026-03-31,2025-03-31,reported_quarter,GROWTH,resolved,,1748824.0,,,,,,,,,,,,,0001628280-26-031710_EarningsPerShareDiluted_2026-01-01_2026-03-31_Q1,eps_pit_v4,2026-08-28T15:24:50.485273+00:00
2026-07-10,AAPL,21.8181818182,SEC,2026-05-01,2.01,1.65,2026-03-28,2025-03-29,reported_quarter,GROWTH,resolved,,320193.0,,,,,,,,,,,,,0000320193-26-000013_EarningsPerShareDiluted_2025-12-28_2026-03-28_Q2,eps_pit_v4,2026-08-28T15:25:03.064628+00:00
2026-07-10,ADM,1.6393442623,SEC,2026-05-05,0.62,0.61,2026-03-31,2025-03-31,reported_quarter,GROWTH,resolved,,7084.0,,,,,,,,,,,,,0000007084-26-000023_EarningsPerShareDiluted_2026-01-01_2026-03-31_Q1,eps_pit_v4,2026-08-28T15:25:01.250649+00:00
2026-07-10,AMG,74.5454545455,SEC,2026-05-07,3.84,2.2,2026-03-31,2025-03-31,reported_quarter,GROWTH,resolved,,1004434.0,,,,,,,,,,,,,0001628280-26-032153_EarningsPerShareDiluted_2026-01-01_2026-03-31_Q1,eps_pit_v4,2026-08-28T15:25:02.631404+00:00
2026-07-10,ANET,25.0,SEC,2026-05-06,0.8,0.64,2026-03-31,2025-03-31,reported_quarter,GROWTH,resolved,,1596532.0,,,,,,,,,,,,,0001596532-26-000078_EarningsPerShareDiluted_2026-01-01_2026-03-31_Q1,eps_pit_v4,2026-08-28T15:24:57.868042+00:00
2026-07-10,BAND,38.4615384615,SEC,2026-04-30,-0.08,-0.13,2026-03-31,2025-03-31,reported_quarter,LOSS_NARROWING,resolved,,1514416.0,,,,,,,,,,,,,0001514416-26-000035_EarningsPerShareDiluted_2026-01-01_2026-03-31_Q1,eps_pit_v4,2026-08-28T15:24:44.949448+00:00
2026-07-10,BBIO,4.5454545455,SEC,2026-05-07,-0.84,-0.88,2026-03-31,2025-03-31,reported_quarter,LOSS_NARROWING,resolved,,1743881.0,,,,,,,,,,,,,0001743881-26-000019_EarningsPerShareDiluted_2026-01-01_2026-03-31_Q1,eps_pit_v4,2026-08-28T15:24:50.200117+00:00
2026-07-10,BSVN,15.7407407407,SEC,2026-05-11,1.25,1.08,2026-03-31,2025-03-31,reported_quarter,GROWTH,resolved,,1746129.0,,,,,,,,,,,,,0001140361-26-020594_EarningsPerShareDiluted_2026-01-01_2026-03-31_Q1,eps_pit_v4,2026-08-28T15:25:00.075354+00:00
2026-07-10,BZH,-107.1428571429,SEC,2026-04-30,-0.03,0.42,2026-03-31,2025-03-31,reported_quarter,PROFIT_TO_LOSS,resolved,,915840.0,,,,,,,,,,,,,0000915840-26-000041_EarningsPerShareDiluted_2026-01-01_2026-03-31_Q2,eps_pit_v4,2026-08-28T15:24:46.746761+00:00
2026-07-10,CLMT,-94.6524064171,SEC,2026-05-08,-3.64,-1.87,2026-03-31,2025-03-31,reported_quarter,LOSS_WIDENING,resolved,,2013745.0,,,,,,,,,,,,,0002013745-26-000016_EarningsPerShareDiluted_2026-01-01_2026-03-31_Q1,eps_pit_v4,2026-08-28T15:24:45.665236+00:00
2026-07-10,CNXN,33.3333333333,SEC,2026-04-29,0.68,0.51,2026-03-31,2025-03-31,reported_quarter,GROWTH,resolved,,1050377.0,,,,,,,,,,,,,0001104659-26-051493_EarningsPerShareDiluted_2026-01-01_2026-03-31_Q1,eps_pit_v4,2026-08-28T15:24:50.876638+00:00
2026-07-10,DELL,282.4817518248,SEC,2026-06-09,5.24,1.37,2026-05-01,2025-05-02,reported_quarter,GROWTH,resolved,,1571996.0,,,,,,,,,,,,,0001571996-26-000030_EarningsPerShareDiluted_2026-01-31_2026-05-01_Q1,eps_pit_v4,2026-08-28T15:24:44.826132+00:00
2026-07-10,DINO,17900.0,SEC,2026-05-01,3.56,-0.02,2026-03-31,2025-03-31,reported_quarter,TURNAROUND,resolved,,1915657.0,,,,,,,,,,,,,0001915657-26-000040_EarningsPerShareDiluted_2026-01-01_2026-03-31_Q1,eps_pit_v4,2026-08-28T15:24:58.608641+00:00
2026-07-10,DNTH,-3.6585365854,SEC,2026-05-05,-0.85,-0.82,2026-03-31,2025-03-31,reported_quarter,LOSS_WIDENING,resolved,,1690585.0,,,,,,,,,,,,,0001690585-26-000022_EarningsPerShareDiluted_2026-01-01_2026-03-31_Q1,eps_pit_v4,2026-08-28T15:24:45.521542+00:00
2026-07-10,EBAY,6.6666666667,SEC,2026-04-29,1.12,1.05,2026-03-31,2025-03-31,reported_quarter,GROWTH,resolved,,1065088.0,,,,,,,,,,,,,0001065088-26-000093_EarningsPerShareDiluted_2026-01-01_2026-03-31_Q1,eps_pit_v4,2026-08-28T15:25:01.561950+00:00
2026-07-10,ECPG,100.0,SEC,2026-05-06,3.86,1.93,2026-03-31,2025-03-31,reported_quarter,GROWTH,resolved,,1084961.0,,,,,,,,,,,,,0001084961-26-000039_EarningsPerShareDiluted_2026-01-01_2026-03-31_Q1,eps_pit_v4,2026-08-28T15:24:46.195482+00:00
2026-07-10,EWTX,-6.976744186,SEC,2026-05-07,-0.46,-0.43,2026-03-31,2025-03-31,reported_quarter,LOSS_WIDENING,resolved,,1710072.0,,,,,,,,,,,,,0001104659-26-056713_EarningsPerShareDiluted_2026-01-01_2026-03-31_Q1,eps_pit_v4,2026-08-28T15:24:46.900305+00:00
2026-07-10,EXPD,16.3265306122,SEC,2026-05-06,1.71,1.47,2026-03-31,2025-03-31,reported_quarter,GROWTH,resolved,,746515.0,,,,,,,,,,,,,0001193125-26-208834_EarningsPerShareDiluted_2026-01-01_2026-03-31_Q1,eps_pit_v4,2026-08-28T15:25:01.731255+00:00
2026-07-10,FHI,1.6,SEC,2026-05-01,1.27,1.25,2026-03-31,2025-03-31,reported_quarter,GROWTH,resolved,,1056288.0,,,,,,,,,,,,,0001056288-26-000018_EarningsPerShareDiluted_2026-01-01_2026-03-31_Q1,eps_pit_v4,2026-08-28T15:25:02.458854+00:00
2026-07-10,FR,200.0,SEC,2026-04-24,1.08,0.36,2026-03-31,2025-03-31,reported_quarter,GROWTH,resolved,,921825.0,,,,,,,,,,,,,0000921825-26-000054_EarningsPerShareDiluted_2026-01-01_2026-03-31_Q1,eps_pit_v4,2026-08-28T15:25:01.902723+00:00
2026-07-10,FTH,-2311.9266055046,SEC,2026-05-15,-131.45,-5.45,2026-03-31,2025-03-31,reported_quarter,LOSS_WIDENING,resolved,,1829802.0,,,,,,,,,,,,,0001193125-26-225333_EarningsPerShareDiluted_2026-01-01_2026-03-31_Q1,eps_pit_v4,2026-08-28T15:24:45.434580+00:00
2026-07-10,FTK,-29.4117647059,SEC,2026-05-07,0.12,0.17,2026-03-31,2025-03-31,reported_quarter,DECLINE,resolved,,928054.0,,,,,,,,,,,,,0000928054-26-000047_EarningsPerShareDiluted_2026-01-01_2026-03-31_Q1,eps_pit_v4,2026-08-28T15:24:58.255900+00:00
2026-07-10,GPRE,136.8421052632,SEC,2026-05-07,0.42,-1.14,2026-03-31,2025-03-31,reported_quarter,TURNAROUND,resolved,,1309402.0,,,,,,,,,,,,,0001309402-26-000060_EarningsPerShareDiluted_2026-01-01_2026-03-31_Q1,eps_pit_v4,2026-08-28T15:24:58.069065+00:00
2026-07-10,GWW,18.154158215,SEC,2026-05-07,11.65,9.86,2026-03-31,2025-03-31,reported_quarter,GROWTH,resolved,,277135.0,,,,,,,,,,,,,0000277135-26-000053_EarningsPerShareDiluted_2026-01-01_2026-03-31_Q1,eps_pit_v4,2026-08-28T15:24:59.768244+00:00
2026-07-10,HPE,153.6585365854,SEC,2026-06-02,0.44,-0.82,2026-04-30,2025-04-30,reported_quarter,TURNAROUND,resolved,,1645590.0,,,,,,,,,,,,,0001645590-26-000055_EarningsPerShareDiluted_2026-02-01_2026-04-30_Q2,eps_pit_v4,2026-08-28T15:24:46.444385+00:00
2026-07-10,ICHR,46.1538461538,SEC,2026-05-05,-0.07,-0.13,2026-03-27,2025-03-28,reported_quarter,LOSS_NARROWING,resolved,,1652535.0,,,,,,,,,,,,,0001652535-26-000031_EarningsPerShareDiluted_2025-12-27_2026-03-27_Q1,eps_pit_v4,2026-08-28T15:24:45.245227+00:00
2026-07-10,INSW,475.0,SEC,2026-05-07,5.75,1.0,2026-03-31,2025-03-31,reported_quarter,GROWTH,resolved,,1679049.0,,,,,,,,,,,,,0001104659-26-056721_EarningsPerShareDiluted_2026-01-01_2026-03-31_Q1,eps_pit_v4,2026-08-28T15:24:45.783460+00:00
2026-07-10,LASR,106.25,SEC,2026-05-08,0.01,-0.16,2026-03-31,2025-03-31,reported_quarter,TURNAROUND,resolved,,1124796.0,,,,,,,,,,,,,0001124796-26-000028_EarningsPerShareDiluted_2026-01-01_2026-03-31_Q1,eps_pit_v4,2026-08-28T15:24:45.055447+00:00
2026-07-10,LINC,133.3333333333,SEC,2026-05-11,0.14,0.06,2026-03-31,2025-03-31,reported_quarter,GROWTH,resolved,,1286613.0,,,,,,,,,,,,,0001140361-26-020546_EarningsPerShareDiluted_2026-01-01_2026-03-31_Q1,eps_pit_v4,2026-08-28T15:24:47.669165+00:00
2026-07-10,LOB,185.7142857143,SEC,2026-05-05,0.6,0.21,2026-03-31,2025-03-31,reported_quarter,GROWTH,resolved,,1462120.0,,,,,,,,,,,,,0001462120-26-000039_EarningsPerShareDiluted_2026-01-01_2026-03-31_Q1,eps_pit_v4,2026-08-28T15:24:59.389547+00:00
2026-07-10,MET,35.9375,SEC,2026-05-07,1.74,1.28,2026-03-31,2025-03-31,reported_quarter,GROWTH,resolved,,1099219.0,,,,,,,,,,,,,0001099219-26-000035_EarningsPerShareDiluted_2026-01-01_2026-03-31_Q1,eps_pit_v4,2026-08-28T15:25:00.696029+00:00
2026-07-10,MNPR,-21.0526315789,SEC,2026-05-14,-0.46,-0.38,2026-03-31,2025-03-31,reported_quarter,LOSS_WIDENING,resolved,,1645469.0,,,,,,,,,,,,,0001437749-26-016982_EarningsPerShareBasic_2026-01-01_2026-03-31_Q1,eps_pit_v4,2026-08-28T15:24:46.517245+00:00
2026-07-10,MOD,50.0,SEC,2026-05-27,1.38,0.92,2026-03-31,2025-03-31,derived_from_fy,GROWTH,resolved,,67347.0,,,,,,,,,,,,,"derived_from_fy(0001104659-26-066795_EarningsPerShareDiluted_2025-04-01_2026-03-31_FY,0001558370-25-009865_EarningsPerShareDiluted_2025-04-01_2025-06-30_Q1,0001104659-25-103646_EarningsPerShareDiluted_2025-07-01_2025-09-30_Q2,0001104659-26-010790_EarningsPerShareDiluted_2025-10-01_2025-12-31_Q3)",eps_pit_v4,2026-08-28T15:24:47.944104+00:00
2026-07-10,MPC,820.8333333333,SEC,2026-05-05,1.73,-0.24,2026-03-31,2025-03-31,reported_quarter,TURNAROUND,resolved,,1510295.0,,,,,,,,,,,,,0001510295-26-000042_EarningsPerShareDiluted_2026-01-01_2026-03-31_Q1,eps_pit_v4,2026-08-28T15:24:48.322262+00:00
2026-07-10,MRX,62.6373626374,YahooHistoricalEvent,2026-05-06,1.48,0.91,2026-03-31,2025-03-31,reported_quarter,GROWTH,resolved,,,,,,,,,,,,,,,yahoo_event_2026-03-31_2026-05-06T07:00:00-04:00,eps_pit_v4,2026-08-28T15:24:48.000310+00:00
2026-07-10,MS,31.9230769231,SEC,2026-05-05,3.43,2.6,2026-03-31,2025-03-31,reported_quarter,GROWTH,resolved,,895421.0,,,,,,,,,,,,,0000895421-26-000121_EarningsPerShareDiluted_2026-01-01_2026-03-31_Q1,eps_pit_v4,2026-08-28T15:25:02.209271+00:00
2026-07-10,MUSA,176.8060836502,SEC,2026-05-07,7.28,2.63,2026-03-31,2025-03-31,reported_quarter,GROWTH,resolved,,1573516.0,,,,,,,,,,,,,0001573516-26-000135_EarningsPerShareDiluted_2026-01-01_2026-03-31_Q1,eps_pit_v4,2026-08-28T15:24:48.980013+00:00
2026-07-10,NESR,109.0909090909,SEC,2026-05-11,0.23,0.11,2026-03-31,2025-03-31,reported_quarter,GROWTH,resolved,,1698514.0,,,,,,,,,,,,,0001493152-26-022091_EarningsPerShareDiluted_2026-01-01_2026-03-31_Q1,eps_pit_v4,2026-08-28T15:24:58.516094+00:00
2026-07-10,NET,36.3636363636,SEC,2026-05-08,-0.07,-0.11,2026-03-31,2025-03-31,reported_quarter,LOSS_NARROWING,resolved,,1477333.0,,,,,,,,,,,,,0001477333-26-000038_EarningsPerShareDiluted_2026-01-01_2026-03-31_Q1,eps_pit_v4,2026-08-28T15:24:48.425493+00:00
2026-07-10,NJR,6.9306930693,SEC,2026-05-05,2.16,2.02,2026-03-31,2025-03-31,reported_quarter,GROWTH,resolved,,356309.0,,,,,,,,,,,,,0000356309-26-000029_EarningsPerShareDiluted_2026-01-01_2026-03-31_Q2,eps_pit_v4,2026-08-28T15:25:02.879819+00:00
2026-07-10,NMM,112.0253164557,YahooHistoricalEvent,2026-05-21,3.35,1.58,2026-03-31,2025-03-31,reported_quarter,GROWTH,resolved,,,,,,,,,,,,,,,yahoo_event_2026-03-31_2026-05-21T07:00:00-04:00,eps_pit_v4,2026-08-28T15:24:48.674638+00:00
2026-07-10,NREF,-40.0,SEC,2026-05-15,0.42,0.7,2026-03-31,2025-03-31,reported_quarter,DECLINE,resolved,,1786248.0,,,,,,,,,,,,,0001193125-26-226577_EarningsPerShareDiluted_2026-01-01_2026-03-31_Q1,eps_pit_v4,2026-08-28T15:24:59.066543+00:00
2026-07-10,NSC,-26.586102719,SEC,2026-04-24,2.43,3.31,2026-03-31,2025-03-31,reported_quarter,DECLINE,resolved,,702165.0,,,,,,,,,,,,,0001628280-26-027051_EarningsPerShareDiluted_2026-01-01_2026-03-31_Q1,eps_pit_v4,2026-08-28T15:25:03.222800+00:00
2026-07-10,NTCT,-10.7142857143,SEC,2026-05-14,0.25,0.2800000000000002,2026-03-31,2025-03-31,derived_from_fy,DECLINE,resolved,,1078075.0,,,,,,,,,,,,,"derived_from_fy(0001078075-26-000050_EarningsPerShareDiluted_2025-04-01_2026-03-31_FY,0001628280-25-038913_EarningsPerShareDiluted_2025-04-01_2025-06-30_Q1,0001078075-25-000012_EarningsPerShareDiluted_2025-07-01_2025-09-30_Q2,0001078075-26-000012_EarningsPerShareDiluted_2025-10-01_2025-12-31_Q3)",eps_pit_v4,2026-08-28T15:24:58.989690+00:00
2026-07-10,OII,-26.5306122449,SEC,2026-04-23,0.36,0.49,2026-03-31,2025-03-31,reported_quarter,DECLINE,resolved,,73756.0,,,,,,,,,,,,,0000073756-26-000082_EarningsPerShareDiluted_2026-01-01_2026-03-31_Q1,eps_pit_v4,2026-08-28T15:24:47.505005+00:00
2026-07-10,ONTO,-48.4615384615,SEC,2026-05-05,0.67,1.3,2026-03-31,2025-03-29,reported_quarter,DECLINE,resolved,,704532.0,,,,,,,,,,,,,0001193125-26-206707_EarningsPerShareDiluted_2026-01-04_2026-03-31_Q1,eps_pit_v4,2026-08-28T15:24:45.949411+00:00
2026-07-10,PAG,-7.7720207254,SEC,2026-04-30,3.56,3.86,2026-03-31,2025-03-31,reported_quarter,DECLINE,resolved,,1019849.0,,,,,,,,,,,,,0001628280-26-028868_EarningsPerShareDiluted_2026-01-01_2026-03-31_Q1,eps_pit_v4,2026-08-28T15:24:57.582682+00:00
2026-07-10,PAGP,27.2727272727,SEC,2015-08-07,0.14,0.11,2015-06-30,2014-06-30,reported_quarter,GROWTH,resolved,,1581990.0,,,,,,,,,,,,,0001558370-15-001527_EarningsPerShareDiluted_2015-04-01_2015-06-30_Q2,eps_pit_v4,2026-08-28T15:24:59.971457+00:00
2026-07-10,PBF,146.7422096317,SEC,2026-04-30,1.65,-3.53,2026-03-31,2025-03-31,reported_quarter,TURNAROUND,resolved,,1534504.0,,,,,,,,,,,,,0001534504-26-000018_EarningsPerShareDiluted_2026-01-01_2026-03-31_Q1,eps_pit_v4,2026-08-28T15:24:49.564818+00:00
2026-07-10,PBI,105.2631578947,SEC,2026-05-06,0.39,0.19,2026-03-31,2025-03-31,reported_quarter,GROWTH,resolved,,78814.0,,,,,,,,,,,,,0001628280-26-031003_EarningsPerShareDiluted_2026-01-01_2026-03-31_Q1,eps_pit_v4,2026-08-28T15:24:49.407514+00:00
2026-07-10,PENG,6900.0,SEC,2026-07-07,0.68,-0.01,2026-05-29,2025-05-30,reported_quarter,TURNAROUND,resolved,,1616533.0,,,,,,,,,,,,,0001616533-26-000043_EarningsPerShareDiluted_2026-02-28_2026-05-29_Q3,eps_pit_v4,2026-08-28T15:24:44.559327+00:00
2026-07-10,PFG,819.0476190476,SEC,2026-04-29,1.93,0.21,2026-03-31,2025-03-31,reported_quarter,GROWTH,resolved,,1126328.0,,,,,,,,,,,,,0001104659-26-051384_EarningsPerShareDiluted_2026-01-01_2026-03-31_Q1,eps_pit_v4,2026-08-28T15:25:00.308102+00:00
2026-07-10,PHVS,-10.9375,YahooHistoricalEvent,2026-04-02,-0.71,-0.64,2026-03-31,2025-03-31,reported_quarter,LOSS_WIDENING,resolved,,,,,,,,,,,,,,,yahoo_event_2026-03-31_2026-04-02T06:00:00-04:00,eps_pit_v4,2026-08-28T15:24:59.453775+00:00
2026-07-10,PNTG,9.0909090909,SEC,2026-05-06,0.24,0.22,2026-03-31,2025-03-31,reported_quarter,GROWTH,resolved,,1766400.0,,,,,,,,,,,,,0001766400-26-000054_EarningsPerShareDiluted_2026-01-01_2026-03-31_Q1,eps_pit_v4,2026-08-28T15:24:47.759298+00:00
2026-07-10,PSX,-56.7796610169,SEC,2026-04-29,0.51,1.18,2026-03-31,2025-03-31,reported_quarter,DECLINE,resolved,,1534701.0,,,,,,,,,,,,,0001534701-26-000022_EarningsPerShareDiluted_2026-01-01_2026-03-31_Q1,eps_pit_v4,2026-08-28T15:25:00.963808+00:00
2026-07-10,RAPP,38.2352941176,SEC,2026-05-07,-0.42,-0.68,2026-03-31,2025-03-31,reported_quarter,LOSS_NARROWING,resolved,,2012593.0,,,,,,,,,,,,,0001193125-26-210355_EarningsPerShareDiluted_2026-01-01_2026-03-31_Q1,eps_pit_v4,2026-08-28T15:24:58.799837+00:00
2026-07-10,RGA,16.6276346604,SEC,2026-05-08,4.98,4.27,2026-03-31,2025-03-31,reported_quarter,GROWTH,resolved,,898174.0,,,,,,,,,,,,,0000898174-26-000025_EarningsPerShareDiluted_2026-01-01_2026-03-31_Q1,eps_pit_v4,2026-08-28T15:24:49.895306+00:00
2026-07-10,SAH,-12.2549019608,SEC,2026-04-30,1.79,2.04,2026-03-31,2025-03-31,reported_quarter,DECLINE,resolved,,1043509.0,,,,,,,,,,,,,0001628280-26-028847_EarningsPerShareDiluted_2026-01-01_2026-03-31_Q1,eps_pit_v4,2026-08-28T15:24:47.135672+00:00
2026-07-10,SBLK,900.0,YahooHistoricalEvent,2026-05-20,0.56,-0.07,2026-03-31,2025-03-31,reported_quarter,TURNAROUND,resolved,,,,,,,,,,,,,,,yahoo_event_2026-03-31_2026-05-20T16:00:00-04:00,eps_pit_v4,2026-08-28T15:24:49.084021+00:00
2026-07-10,SGHC,-7.1428571429,YahooHistoricalEvent,2026-04-17,0.13,0.14,2026-03-31,2025-03-31,reported_quarter,DECLINE,resolved,,,,,,,,,,,,,,,yahoo_event_2026-03-31_2026-04-17T08:00:00-04:00,eps_pit_v4,2026-08-28T15:24:50.020520+00:00
2026-07-10,SION,3.2258064516,SEC,2026-05-12,-0.6,-0.62,2026-03-31,2025-03-31,reported_quarter,LOSS_NARROWING,resolved,,2036042.0,,,,,,,,,,,,,0001628280-26-033876_EarningsPerShareDiluted_2026-01-01_2026-03-31_Q1,eps_pit_v4,2026-08-28T15:24:50.318059+00:00
2026-07-10,SLAB,48.9361702128,SEC,2026-05-05,-0.48,-0.94,2026-04-04,2025-04-05,reported_quarter,LOSS_NARROWING,resolved,,1038074.0,,,,,,,,,,,,,0001038074-26-000020_EarningsPerShareDiluted_2026-01-04_2026-04-04_Q1,eps_pit_v4,2026-08-28T15:24:48.575750+00:00
2026-07-10,SRRK,-23.8805970149,SEC,2026-05-07,-0.83,-0.67,2026-03-31,2025-03-31,reported_quarter,LOSS_WIDENING,resolved,,1727196.0,,,,,,,,,,,,,0001104659-26-056667_EarningsPerShareDiluted_2026-01-01_2026-03-31_Q1,eps_pit_v4,2026-08-28T15:24:59.147604+00:00
2026-07-10,TRNO,40.4255319149,SEC,2026-05-06,0.66,0.47,2026-03-31,2025-03-31,reported_quarter,GROWTH,resolved,,1476150.0,,,,,,,,,,,,,0001476150-26-000019_EarningsPerShareDiluted_2026-01-01_2026-03-31_Q1,eps_pit_v4,2026-08-28T15:24:57.716518+00:00
2026-07-10,TWLO,375.0,SEC,2026-05-01,0.57,0.12,2026-03-31,2025-03-31,reported_quarter,GROWTH,resolved,,1447669.0,,,,,,,,,,,,,0001447669-26-000049_EarningsPerShareDiluted_2026-01-01_2026-03-31_Q1,eps_pit_v4,2026-08-28T15:24:48.125545+00:00
2026-07-10,VCTR,38.5416666667,SEC,2026-05-07,1.33,0.96,2026-03-31,2025-03-31,reported_quarter,GROWTH,resolved,,1570827.0,,,,,,,,,,,,,0001193125-26-210575_EarningsPerShareDiluted_2026-01-01_2026-03-31_Q1,eps_pit_v4,2026-08-28T15:25:01.365506+00:00
2026-07-10,VIRT,84.2592592593,SEC,2026-05-01,1.99,1.08,2026-03-31,2025-03-31,reported_quarter,GROWTH,resolved,,1592386.0,,,,,,,,,,,,,0001592386-26-000016_EarningsPerShareDiluted_2026-01-01_2026-03-31_Q1,eps_pit_v4,2026-08-28T15:24:48.827884+00:00
2026-07-10,WCC,48.0952380952,SEC,2026-04-30,3.11,2.1,2026-03-31,2025-03-31,reported_quarter,GROWTH,resolved,,929008.0,,,,,,,,,,,,,0000929008-26-000014_EarningsPerShareDiluted_2026-01-01_2026-03-31_Q1,eps_pit_v4,2026-08-28T15:24:50.674215+00:00
2026-07-10,WT,-200.0,SEC,2026-05-06,-0.17,0.17,2026-03-31,2025-03-31,reported_quarter,PROFIT_TO_LOSS,resolved,,880631.0,,,,,,,,,,,,,0001214659-26-005680_EarningsPerShareDiluted_2026-01-01_2026-03-31_Q1,eps_pit_v4,2026-08-28T15:24:58.436099+00:00
2026-07-10,WYFI,-720.0,SEC,2026-05-14,-0.31,0.05,2026-03-31,2025-03-31,reported_quarter,PROFIT_TO_LOSS,resolved,,2042022.0,,,,,,,,,,,,,0001213900-26-056212_EarningsPerShareDiluted_2026-01-01_2026-03-31_Q1,eps_pit_v4,2026-08-28T15:24:45.295059+00:00
2026-07-17,ABCB,28.3464566929,SEC,2026-05-08,1.63,1.27,2026-03-31,2025-03-31,reported_quarter,GROWTH,resolved,,351569.0,,,,,,,,,,,,,0000351569-26-000086_EarningsPerShareDiluted_2026-01-01_2026-03-31_Q1,eps_pit_v4,2026-08-28T15:25:35.791825+00:00
2026-07-17,ACHC,-44.4444444444,SEC,2026-04-30,0.05,0.09,2026-03-31,2025-03-31,reported_quarter,DECLINE,resolved,,1520697.0,,,,,,,,,,,,,0001193125-26-192508_EarningsPerShareDiluted_2026-01-01_2026-03-31_Q1,eps_pit_v4,2026-08-28T15:25:06.599191+00:00
2026-07-17,ACT,9.2592592593,SEC,2026-05-06,1.18,1.08,2026-03-31,2025-03-31,reported_quarter,GROWTH,resolved,,1823529.0,,,,,,,,,,,,,0001823529-26-000109_EarningsPerShareDiluted_2026-01-01_2026-03-31_Q1,eps_pit_v4,2026-08-28T15:25:32.586076+00:00
2026-07-17,ADM,1.6393442623,SEC,2026-05-05,0.62,0.61,2026-03-31,2025-03-31,reported_quarter,GROWTH,resolved,,7084.0,,,,,,,,,,,,,0000007084-26-000023_EarningsPerShareDiluted_2026-01-01_2026-03-31_Q1,eps_pit_v4,2026-08-28T15:25:25.661404+00:00
2026-07-17,AFL,3860.0,SEC,2026-05-06,1.98,0.05,2026-03-31,2025-03-31,reported_quarter,GROWTH,resolved,,4977.0,,,,,,,,,,,,,0001628280-26-030923_EarningsPerShareDiluted_2026-01-01_2026-03-31_Q1,eps_pit_v4,2026-08-28T15:25:36.212930+00:00
2026-07-17,AHR,425.0,SEC,2026-05-08,0.13,-0.04,2026-03-31,2025-03-31,reported_quarter,TURNAROUND,resolved,,1632970.0,,,,,,,,,,,,,0001193125-26-214678_EarningsPerShareDiluted_2026-01-01_2026-03-31_Q1,eps_pit_v4,2026-08-28T15:25:24.740725+00:00
2026-07-17,AIT,3.1128404669,SEC,2026-04-28,2.65,2.57,2026-03-31,2025-03-31,reported_quarter,GROWTH,resolved,,109563.0,,,,,,,,,,,,,0000109563-26-000021_EarningsPerShareDiluted_2026-01-01_2026-03-31_Q3,eps_pit_v4,2026-08-28T15:25:27.719590+00:00
2026-07-17,AKR,2100.0,SEC,2026-04-29,0.22,0.01,2026-03-31,2025-03-31,reported_quarter,GROWTH,resolved,,899629.0,,,,,,,,,,,,,0001193125-26-191611_EarningsPerShareDiluted_2026-01-01_2026-03-31_Q1,eps_pit_v4,2026-08-28T15:25:37.277975+00:00
2026-07-17,ALRS,71.1538461538,SEC,2026-05-01,0.89,0.52,2026-03-31,2025-03-31,reported_quarter,GROWTH,resolved,,903419.0,,,,,,,,,,,,,0001437749-26-014481_EarningsPerShareDiluted_2026-01-01_2026-03-31_Q1,eps_pit_v4,2026-08-28T15:25:21.763539+00:00
2026-07-17,ALX,-62.0833333333,SEC,2026-05-04,0.91,2.4,2026-03-31,2025-03-31,reported_quarter,DECLINE,resolved,,3499.0,,,,,,,,,,,,,0000003499-26-000020_EarningsPerShareDiluted_2026-01-01_2026-03-31_Q1,eps_pit_v4,2026-08-28T15:25:23.009870+00:00
2026-07-17,AMAL,3.7037037037,SEC,2026-05-05,0.84,0.81,2026-03-31,2025-03-31,reported_quarter,GROWTH,resolved,,1823608.0,,,,,,,,,,,,,0001823608-26-000113_EarningsPerShareDiluted_2026-01-01_2026-03-31_Q1,eps_pit_v4,2026-08-28T15:25:08.140080+00:00
2026-07-17,ARCB,-138.4615384615,SEC,2026-05-01,-0.05,0.13,2026-03-31,2025-03-31,reported_quarter,PROFIT_TO_LOSS,resolved,,894405.0,,,,,,,,,,,,,0001104659-26-053753_EarningsPerShareDiluted_2026-01-01_2026-03-31_Q1,eps_pit_v4,2026-08-28T15:25:10.705800+00:00
2026-07-17,ASB,18.6440677966,SEC,2026-04-28,0.7,0.59,2026-03-31,2025-03-31,reported_quarter,GROWTH,resolved,,7789.0,,,,,,,,,,,,,0000007789-26-000141_EarningsPerShareDiluted_2026-01-01_2026-03-31_Q1,eps_pit_v4,2026-08-28T15:25:32.432179+00:00
2026-07-17,ASH,-47.6923076923,SEC,2026-04-29,0.34,0.65,2026-03-31,2025-03-31,reported_quarter,DECLINE,resolved,,1674862.0,,,,,,,,,,,,,0001193125-26-191380_EarningsPerShareDiluted_2026-01-01_2026-03-31_Q2,eps_pit_v4,2026-08-28T15:25:21.623010+00:00
2026-07-17,ATLO,71.7948717949,SEC,2026-05-08,0.67,0.39,2026-03-31,2025-03-31,reported_quarter,GROWTH,resolved,,1132651.0,,,,,,,,,,,,,0001437749-26-015819_EarningsPerShareBasic_2026-01-01_2026-03-31_Q1,eps_pit_v4,2026-08-28T15:25:08.634307+00:00
2026-07-17,BATRA,4.5454545455,SEC,2026-05-11,-0.63,-0.66,2026-03-31,2025-03-31,reported_quarter,LOSS_NARROWING,resolved,,1958140.0,,,,,,,,,,,,,0001104659-26-058558_EarningsPerShareDiluted_2026-01-01_2026-03-31_Q1,eps_pit_v4,2026-08-28T15:25:16.931455+00:00
2026-07-17,BIIB,31.0975609756,SEC,2026-04-29,2.15,1.64,2026-03-31,2025-03-31,reported_quarter,GROWTH,resolved,,875045.0,,,,,,,,,,,,,0000875045-26-000045_EarningsPerShareDiluted_2026-01-01_2026-03-31_Q1,eps_pit_v4,2026-08-28T15:25:24.376936+00:00
2026-07-17,BOH,34.0206185567,SEC,2026-04-27,1.3,0.97,2026-03-31,2025-03-31,reported_quarter,GROWTH,resolved,,46195.0,,,,,,,,,,,,,0000046195-26-000036_EarningsPerShareDiluted_2026-01-01_2026-03-31_Q1,eps_pit_v4,2026-08-28T15:25:15.505318+00:00
2026-07-17,BOTJ,221.0526315789,SEC,2026-05-12,0.61,0.19,2026-03-31,2025-03-31,reported_quarter,GROWTH,resolved,,1275101.0,,,,,,,,,,,,,0001275101-26-000019_EarningsPerShareDiluted_2026-01-01_2026-03-31_Q1,eps_pit_v4,2026-08-28T15:25:06.777191+00:00
2026-07-17,BRX,78.2608695652,SEC,2026-04-27,0.41,0.23,2026-03-31,2025-03-31,reported_quarter,GROWTH,resolved,,1581068.0,,,,,,,,,,,,,0001581068-26-000021_EarningsPerShareDiluted_2026-01-01_2026-03-31_Q1,eps_pit_v4,2026-08-28T15:25:20.346737+00:00
2026-07-17,BSRR,47.6923076923,SEC,2026-05-01,0.96,0.65,2026-03-31,2025-03-31,reported_quarter,GROWTH,resolved,,1130144.0,,,,,,,,,,,,,0001104659-26-053684_EarningsPerShareDiluted_2026-01-01_2026-03-31_Q1,eps_pit_v4,2026-08-28T15:25:28.372866+00:00
2026-07-17,BUSE,218.1818181818,SEC,2026-05-07,0.52,-0.44,2026-03-31,2025-03-31,reported_quarter,TURNAROUND,resolved,,314489.0,,,,,,,,,,,,,0000314489-26-000033_EarningsPerShareDiluted_2026-01-01_2026-03-31_Q1,eps_pit_v4,2026-08-28T15:25:35.459852+00:00
2026-07-17,BWFG,62.0689655172,SEC,2026-05-06,1.41,0.87,2026-03-31,2025-03-31,reported_quarter,GROWTH,resolved,,1505732.0,,,,,,,,,,,,,0001505732-26-000074_EarningsPerShareDiluted_2026-01-01_2026-03-31_Q1,eps_pit_v4,2026-08-28T15:25:11.024506+00:00
2026-07-17,BY,29.6875,SEC,2026-05-01,0.83,0.64,2026-03-31,2025-03-31,reported_quarter,GROWTH,resolved,,1702750.0,,,,,,,,,,,,,0001193125-26-201603_EarningsPerShareDiluted_2026-01-01_2026-03-31_Q1,eps_pit_v4,2026-08-28T15:25:35.966068+00:00
2026-07-17,CALY,2250.0,SEC,2026-05-08,0.47,0.02,2026-03-31,2025-03-31,reported_quarter,GROWTH,resolved,,837465.0,,,,,,,,,,,,,0000837465-26-000017_EarningsPerShareDiluted_2026-01-01_2026-03-31_Q1,eps_pit_v4,2026-08-28T15:25:17.305402+00:00
2026-07-17,CBL,448.1481481481,SEC,2026-05-08,1.48,0.27,2026-03-31,2025-03-31,reported_quarter,GROWTH,resolved,,910612.0,,,,,,,,,,,,,0001193125-26-214023_EarningsPerShareDiluted_2026-01-01_2026-03-31_Q1,eps_pit_v4,2026-08-28T15:25:27.546166+00:00
2026-07-17,CCK,-5.4545454545,SEC,2026-05-01,1.56,1.65,2026-03-31,2025-03-31,reported_quarter,DECLINE,resolved,,1219601.0,,,,,,,,,,,,,0001628280-26-029288_EarningsPerShareDiluted_2026-01-01_2026-03-31_Q1,eps_pit_v4,2026-08-28T15:25:23.679685+00:00
2026-07-17,CDNA,126.3157894737,SEC,2026-04-28,0.05,-0.19,2026-03-31,2025-03-31,reported_quarter,TURNAROUND,resolved,,1217234.0,,,,,,,,,,,,,0001217234-26-000033_EarningsPerShareDiluted_2026-01-01_2026-03-31_Q1,eps_pit_v4,2026-08-28T15:25:03.998523+00:00
2026-07-17,CFR,15.2173913043,SEC,2026-04-30,2.65,2.3,2026-03-31,2025-03-31,reported_quarter,GROWTH,resolved,,39263.0,,,,,,,,,,,,,0000039263-26-000035_EarningsPerShareDiluted_2026-01-01_2026-03-31_Q1,eps_pit_v4,2026-08-28T15:25:13.438622+00:00
2026-07-17,CHCO,6.7961165049,SEC,2026-05-06,2.2,2.06,2026-03-31,2025-03-31,reported_quarter,GROWTH,resolved,,726854.0,,,,,,,,,,,,,0000726854-26-000122_EarningsPerShareDiluted_2026-01-01_2026-03-31_Q1,eps_pit_v4,2026-08-28T15:25:26.921245+00:00
2026-07-17,CHMG,51.5873015873,SEC,2026-05-07,1.91,1.26,2026-03-31,2025-03-31,reported_quarter,GROWTH,resolved,,763563.0,,,,,,,,,,,,,0001628280-26-031834_EarningsPerShareDiluted_2026-01-01_2026-03-31_Q1,eps_pit_v4,2026-08-28T15:25:16.461365+00:00
2026-07-17,CHRN,-10.8695652174,SEC,2026-04-28,-2.04,-1.84,2026-03-31,2025-03-31,reported_quarter,LOSS_WIDENING,resolved,,1549084.0,,,,,,,,,,,,,0001437749-26-013682_EarningsPerShareDiluted_2026-01-01_2026-03-31_Q1,eps_pit_v4,2026-08-28T15:25:05.143163+00:00
2026-07-17,CHRW,9.9099099099,SEC,2026-05-01,1.22,1.11,2026-03-31,2025-03-31,reported_quarter,GROWTH,resolved,,1043277.0,,,,,,,,,,,,,0001043277-26-000016_EarningsPerShareDiluted_2026-01-01_2026-03-31_Q1,eps_pit_v4,2026-08-28T15:25:14.978949+00:00
2026-07-17,CLBK,75.0,YahooHistoricalEvent,2026-04-20,0.07,0.04,2026-03-31,2025-03-31,reported_quarter,GROWTH,resolved,,,,,,,,,,,,,,,yahoo_event_2026-03-31_2026-04-20T16:00:00-04:00,eps_pit_v4,2026-08-28T15:25:08.195005+00:00
2026-07-17,CNO,85.7142857143,SEC,2026-05-07,0.39,0.21,2026-03-31,2025-03-31,reported_quarter,GROWTH,resolved,,1224608.0,,,,,,,,,,,,,0001224608-26-000041_EarningsPerShareDiluted_2026-01-01_2026-03-31_Q1,eps_pit_v4,2026-08-28T15:25:23.421038+00:00
2026-07-17,CNS,6.4935064935,SEC,2026-05-01,0.82,0.77,2026-03-31,2025-03-31,reported_quarter,GROWTH,resolved,,1284812.0,,,,,,,,,,,,,0001284812-26-000045_EarningsPerShareDiluted_2026-01-01_2026-03-31_Q1,eps_pit_v4,2026-08-28T15:25:23.830260+00:00
2026-07-17,CNXN,33.3333333333,SEC,2026-04-29,0.68,0.51,2026-03-31,2025-03-31,reported_quarter,GROWTH,resolved,,1050377.0,,,,,,,,,,,,,0001104659-26-051493_EarningsPerShareDiluted_2026-01-01_2026-03-31_Q1,eps_pit_v4,2026-08-28T15:25:19.058427+00:00
2026-07-17,COAG,-48.2076637824,SEC,2026-05-21,-23.98,-16.18,2026-03-31,2025-03-31,reported_quarter,LOSS_WIDENING,resolved,,2114044.0,,,,,,,,,,,,,0001193125-26-234386_EarningsPerShareDiluted_2026-01-01_2026-03-31_Q1,eps_pit_v4,2026-08-28T15:25:04.806282+00:00
2026-07-17,CRNX,-18.2692307692,SEC,2026-05-07,-1.23,-1.04,2026-03-31,2025-03-31,reported_quarter,LOSS_WIDENING,resolved,,1658247.0,,,,,,,,,,,,,0001658247-26-000040_EarningsPerShareDiluted_2026-01-01_2026-03-31_Q1,eps_pit_v4,2026-08-28T15:25:04.177911+00:00
2026-07-17,CTBI,22.9508196721,SEC,2026-05-08,1.5,1.22,2026-03-31,2025-03-31,reported_quarter,GROWTH,resolved,,350852.0,,,,,,,,,,,,,0001140361-26-019739_EarningsPerShareDiluted_2026-01-01_2026-03-31_Q1,eps_pit_v4,2026-08-28T15:25:29.310516+00:00
2026-07-17,CTO,1200.0,SEC,2026-04-28,0.13,0.01,2026-03-31,2025-03-31,reported_quarter,GROWTH,resolved,,23795.0,,,,,,,,,,,,,0001104659-26-050378_EarningsPerShareDiluted_2026-01-01_2026-03-31_Q1,eps_pit_v4,2026-08-28T15:25:18.701705+00:00
2026-07-17,CTRE,2.8571428571,SEC,2026-05-07,0.36,0.35,2026-03-31,2025-03-31,reported_quarter,GROWTH,resolved,,1590717.0,,,,,,,,,,,,,0001628280-26-032118_EarningsPerShareDiluted_2026-01-01_2026-03-31_Q1,eps_pit_v4,2026-08-28T15:25:27.919988+00:00
2026-07-17,CTRN,727.2727272727,SEC,2026-06-10,0.91,0.11,2026-05-02,2025-05-03,reported_quarter,GROWTH,resolved,,1318484.0,,,,,,,,,,,,,0001104659-26-072225_EarningsPerShareDiluted_2026-02-01_2026-05-02_Q1,eps_pit_v4,2026-08-28T15:25:15.108129+00:00
2026-07-17,CUBE,-7.6923076923,SEC,2026-05-01,0.36,0.39,2026-03-31,2025-03-31,reported_quarter,DECLINE,resolved,,1298675.0,,,,,,,,,,,,,0001298675-26-000018_EarningsPerShareDiluted_2026-01-01_2026-03-31_Q1,eps_pit_v4,2026-08-28T15:25:25.192260+00:00
2026-07-17,CURB,-70.0,SEC,2026-04-29,0.03,0.1,2026-03-31,2025-03-31,reported_quarter,DECLINE,resolved,,2027317.0,,,,,,,,,,,,,0001193125-26-188934_EarningsPerShareDiluted_2026-01-01_2026-03-31_Q1,eps_pit_v4,2026-08-28T15:25:29.914004+00:00
2026-07-17,CVEO,52.7777777778,SEC,2026-05-01,-0.34,-0.72,2026-03-31,2025-03-31,reported_quarter,LOSS_NARROWING,resolved,,1590584.0,,,,,,,,,,,,,0001590584-26-000052_EarningsPerShareDiluted_2026-01-01_2026-03-31_Q1,eps_pit_v4,2026-08-28T15:25:07.921687+00:00
2026-07-17,CVLG,-29.1666666667,SEC,2026-05-07,0.17,0.24,2026-03-31,2025-03-31,reported_quarter,DECLINE,resolved,,928658.0,,,,,,,,,,,,,0001437749-26-015445_EarningsPerShareDiluted_2026-01-01_2026-03-31_Q1,eps_pit_v4,2026-08-28T15:25:05.766266+00:00
2026-07-17,CVS,63.1205673759,SEC,2026-05-06,2.3,1.41,2026-03-31,2025-03-31,reported_quarter,GROWTH,resolved,,64803.0,,,,,,,,,,,,,0000064803-26-000052_EarningsPerShareDiluted_2026-01-01_2026-03-31_Q1,eps_pit_v4,2026-08-28T15:25:15.945438+00:00
2026-07-17,CZFS,35.8490566038,SEC,2026-05-07,2.16,1.59,2026-03-31,2025-03-31,reported_quarter,GROWTH,resolved,,739421.0,,,,,,,,,,,,,0001140361-26-019398_EarningsPerShareDiluted_2026-01-01_2026-03-31_Q1,eps_pit_v4,2026-08-28T15:25:11.627555+00:00
2026-07-17,DINO,17900.0,SEC,2026-05-01,3.56,-0.02,2026-03-31,2025-03-31,reported_quarter,TURNAROUND,resolved,,1915657.0,,,,,,,,,,,,,0001915657-26-000040_EarningsPerShareDiluted_2026-01-01_2026-03-31_Q1,eps_pit_v4,2026-08-28T15:25:14.574458+00:00
2026-07-17,DNTH,-3.6585365854,SEC,2026-05-05,-0.85,-0.82,2026-03-31,2025-03-31,reported_quarter,LOSS_WIDENING,resolved,,1690585.0,,,,,,,,,,,,,0001690585-26-000022_EarningsPerShareDiluted_2026-01-01_2026-03-31_Q1,eps_pit_v4,2026-08-28T15:25:05.010892+00:00
2026-07-17,EGP,55.2631578947,SEC,2026-04-22,1.77,1.14,2026-03-31,2025-03-31,reported_quarter,GROWTH,resolved,,49600.0,,,,,,,,,,,,,0000049600-26-000029_EarningsPerShareDiluted_2026-01-01_2026-03-31_Q1,eps_pit_v4,2026-08-28T15:25:13.906505+00:00
2026-07-17,EIX,-63.1720430108,SEC,2026-04-28,1.37,3.72,2026-03-31,2025-03-31,reported_quarter,DECLINE,resolved,,827052.0,,,,,,,,,,,,,0000827052-26-000042_EarningsPerShareDiluted_2026-01-01_2026-03-31_Q1,eps_pit_v4,2026-08-28T15:25:28.876391+00:00
2026-07-17,EPR,-5.1282051282,SEC,2026-05-07,0.74,0.78,2026-03-31,2025-03-31,reported_quarter,DECLINE,resolved,,1045450.0,,,,,,,,,,,,,0001045450-26-000024_EarningsPerShareDiluted_2026-01-01_2026-03-31_Q1,eps_pit_v4,2026-08-28T15:25:20.794451+00:00
2026-07-17,EQBK,-5.8823529412,SEC,2026-05-08,0.8,0.85,2026-03-31,2025-03-31,reported_quarter,DECLINE,resolved,,1227500.0,,,,,,,,,,,,,0001193125-26-214751_EarningsPerShareDiluted_2026-01-01_2026-03-31_Q1,eps_pit_v4,2026-08-28T15:25:10.298409+00:00
2026-07-17,ESQ,5.2631578947,SEC,2026-05-11,1.4,1.33,2026-03-31,2025-03-31,reported_quarter,GROWTH,resolved,,1531031.0,,,,,,,,,,,,,0001104659-26-058451_EarningsPerShareDiluted_2026-01-01_2026-03-31_Q1,eps_pit_v4,2026-08-28T15:25:17.495835+00:00
2026-07-17,EWBC,23.5576923077,SEC,2026-05-08,2.57,2.08,2026-03-31,2025-03-31,reported_quarter,GROWTH,resolved,,1069157.0,,,,,,,,,,,,,0001069157-26-000020_EarningsPerShareDiluted_2026-01-01_2026-03-31_Q1,eps_pit_v4,2026-08-28T15:25:33.746636+00:00
2026-07-17,FA,104.1666666667,SEC,2026-05-07,0.01,-0.24,2026-03-31,2025-03-31,reported_quarter,TURNAROUND,resolved,,1210677.0,,,,,,,,,,,,,0001193125-26-211985_EarningsPerShareDiluted_2026-01-01_2026-03-31_Q1,eps_pit_v4,2026-08-28T15:25:05.596701+00:00
2026-07-17,FAF,70.4225352113,SEC,2026-04-24,1.21,0.71,2026-03-31,2025-03-31,reported_quarter,GROWTH,resolved,,1472787.0,,,,,,,,,,,,,0001193125-26-174195_EarningsPerShareDiluted_2026-01-01_2026-03-31_Q1,eps_pit_v4,2026-08-28T15:25:29.092888+00:00
2026-07-17,FBIZ,9.0909090909,SEC,2026-04-24,1.44,1.32,2026-03-31,2025-03-31,reported_quarter,GROWTH,resolved,,1521951.0,,,,,,,,,,,,,0001193125-26-177139_EarningsPerShareDiluted_2026-01-01_2026-03-31_Q1,eps_pit_v4,2026-08-28T15:25:32.038115+00:00
2026-07-17,FBP,21.2765957447,SEC,2026-05-08,0.57,0.47,2026-03-31,2025-03-31,reported_quarter,GROWTH,resolved,,1057706.0,,,,,,,,,,,,,0001057706-26-000012_EarningsPerShareDiluted_2026-01-01_2026-03-31_Q1,eps_pit_v4,2026-08-28T15:25:26.421064+00:00
2026-07-17,FBRX,9.4890510949,SEC,2026-05-11,-1.24,-1.37,2026-03-31,2025-03-31,reported_quarter,LOSS_NARROWING,resolved,,1419041.0,,,,,,,,,,,,,0001193125-26-215862_EarningsPerShareDiluted_2026-01-01_2026-03-31_Q1,eps_pit_v4,2026-08-28T15:25:04.328653+00:00
2026-07-17,FCF,15.625,SEC,2026-05-11,0.37,0.32,2026-03-31,2025-03-31,reported_quarter,GROWTH,resolved,,712537.0,,,,,,,,,,,,,0000712537-26-000022_EarningsPerShareDiluted_2026-01-01_2026-03-31_Q1,eps_pit_v4,2026-08-28T15:25:33.503224+00:00
2026-07-17,FEIM,-251.5151515152,SEC,2026-07-17,-0.5,0.33,2026-04-30,2025-04-30,derived_from_fy,PROFIT_TO_LOSS,resolved,,39020.0,,,,,,,,,,,,,"derived_from_fy(0001185185-26-002997_EarningsPerShareDiluted_2025-05-01_2026-04-30_FY,0001185185-25-001203_EarningsPerShareDiluted_2025-05-01_2025-07-31_Q1,0001185185-25-002057_EarningsPerShareDiluted_2025-08-01_2025-10-31_Q2,0001185185-26-000893_EarningsPerShareDiluted_2025-11-01_2026-01-31_Q3)",eps_pit_v4,2026-08-28T15:25:06.330827+00:00
2026-07-17,FLYW,433.3333333333,SEC,2026-05-06,0.1,-0.03,2026-03-31,2025-03-31,reported_quarter,TURNAROUND,resolved,,1580560.0,,,,,,,,,,,,,0001580560-26-000005_EarningsPerShareDiluted_2026-01-01_2026-03-31_Q1,eps_pit_v4,2026-08-28T15:25:14.193020+00:00
2026-07-17,FMBH,13.9784946237,SEC,2026-05-08,1.06,0.93,2026-03-31,2025-03-31,reported_quarter,GROWTH,resolved,,700565.0,,,,,,,,,,,,,0001193125-26-213797_EarningsPerShareDiluted_2026-01-01_2026-03-31_Q1,eps_pit_v4,2026-08-28T15:25:34.568869+00:00
2026-07-17,FR,200.0,SEC,2026-04-24,1.08,0.36,2026-03-31,2025-03-31,reported_quarter,GROWTH,resolved,,921825.0,,,,,,,,,,,,,0000921825-26-000054_EarningsPerShareDiluted_2026-01-01_2026-03-31_Q1,eps_pit_v4,2026-08-28T15:25:35.226997+00:00
2026-07-17,FRME,-52.1276595745,SEC,2026-05-01,0.45,0.94,2026-03-31,2025-03-31,reported_quarter,DECLINE,resolved,,712534.0,,,,,,,,,,,,,0000712534-26-000035_EarningsPerShareDiluted_2026-01-01_2026-03-31_Q1,eps_pit_v4,2026-08-28T15:25:26.682244+00:00
2026-07-17,FRT,151.3888888889,SEC,2026-05-01,1.81,0.72,2026-03-31,2025-03-31,reported_quarter,GROWTH,resolved,,34903.0,,,,,,,,,,,,,0000034903-26-000026_EarningsPerShareDiluted_2026-01-01_2026-03-31_Q1,eps_pit_v4,2026-08-28T15:25:15.736229+00:00
2026-07-17,FULT,4.0816326531,SEC,2026-05-08,0.51,0.49,2026-03-31,2025-03-31,reported_quarter,GROWTH,resolved,,700564.0,,,,,,,,,,,,,0000700564-26-000016_EarningsPerShareDiluted_2026-01-01_2026-03-31_Q1,eps_pit_v4,2026-08-28T15:25:30.153239+00:00
2026-07-17,FVCB,25.0,SEC,2026-05-07,0.35,0.28,2026-03-31,2025-03-31,reported_quarter,GROWTH,resolved,,1675644.0,,,,,,,,,,,,,0001675644-26-000059_EarningsPerShareDiluted_2026-01-01_2026-03-31_Q1,eps_pit_v4,2026-08-28T15:25:35.577846+00:00
2026-07-17,GABC,193.3333333333,SEC,2026-05-06,0.88,0.3,2026-03-31,2025-03-31,reported_quarter,GROWTH,resolved,,714395.0,,,,,,,,,,,,,0000714395-26-000027_EarningsPerShareDiluted_2026-01-01_2026-03-31_Q1,eps_pit_v4,2026-08-28T15:25:18.925340+00:00
2026-07-17,GHRS,-63.1578947368,YahooHistoricalEvent,2026-05-14,-0.31,-0.19,2026-03-31,2025-03-31,reported_quarter,LOSS_WIDENING,resolved,,,,,,,,,,,,,,,yahoo_event_2026-03-31_2026-05-14T07:00:00-04:00,eps_pit_v4,2026-08-28T15:25:05.277634+00:00
2026-07-17,GL,12.6245847176,SEC,2026-05-07,3.39,3.01,2026-03-31,2025-03-31,reported_quarter,GROWTH,resolved,,320335.0,,,,,,,,,,,,,0000320335-26-000169_EarningsPerShareDiluted_2026-01-01_2026-03-31_Q1,eps_pit_v4,2026-08-28T15:25:24.964718+00:00
2026-07-17,GPRE,136.8421052632,SEC,2026-05-07,0.42,-1.14,2026-03-31,2025-03-31,reported_quarter,TURNAROUND,resolved,,1309402.0,,,,,,,,,,,,,0001309402-26-000060_EarningsPerShareDiluted_2026-01-01_2026-03-31_Q1,eps_pit_v4,2026-08-28T15:25:09.224182+00:00
2026-07-17,GTY,72.0,SEC,2026-04-23,0.43,0.25,2026-03-31,2025-03-31,reported_quarter,GROWTH,resolved,,1052752.0,,,,,,,,,,,,,0001193125-26-173827_EarningsPerShareDiluted_2026-01-01_2026-03-31_Q1,eps_pit_v4,2026-08-28T15:25:36.985358+00:00
2026-07-17,HBNC,-5.5555555556,SEC,2026-05-08,0.51,0.54,2026-03-31,2025-03-31,reported_quarter,DECLINE,resolved,,706129.0,,,,,,,,,,,,,0000706129-26-000046_EarningsPerShareDiluted_2026-01-01_2026-03-31_Q1,eps_pit_v4,2026-08-28T15:25:29.859227+00:00
2026-07-17,HFWA,20.0,SEC,2026-05-08,0.48,0.4,2026-03-31,2025-03-31,reported_quarter,GROWTH,resolved,,1046025.0,,,,,,,,,,,,,0001628280-26-032682_EarningsPerShareDiluted_2026-01-01_2026-03-31_Q1,eps_pit_v4,2026-08-28T15:25:33.974208+00:00
2026-07-17,HIW,-68.1318681319,SEC,2026-04-28,0.29,0.91,2026-03-31,2025-03-31,reported_quarter,DECLINE,resolved,,921082.0,,,,,,,,,,,,,0000921082-26-000035_EarningsPerShareDiluted_2026-01-01_2026-03-31_Q1,eps_pit_v4,2026-08-28T15:25:13.160824+00:00
2026-07-17,HR,100.0,SEC,2026-05-01,0.0,-0.13,2026-03-31,2025-03-31,reported_quarter,LOSS_NARROWING,resolved,,1360604.0,,,,,,,,,,,,,0001360604-26-000042_EarningsPerShareDiluted_2026-01-01_2026-03-31_Q1,eps_pit_v4,2026-08-28T15:25:31.622296+00:00
2026-07-17,HST,105.7142857143,SEC,2026-05-08,0.72,0.35,2026-03-31,2025-03-31,reported_quarter,GROWTH,resolved,,1070750.0,,,,,,,,,,,,,0001070750-26-000080_EarningsPerShareDiluted_2026-01-01_2026-03-31_Q1,eps_pit_v4,2026-08-28T15:25:07.309966+00:00
2026-07-17,HTO,0.0,SEC,2026-04-29,0.49,0.49,2026-03-31,2025-03-31,reported_quarter,FLAT,resolved,,766829.0,,,,,,,,,,,,,0001628280-26-028427_EarningsPerShareDiluted_2026-01-01_2026-03-31_Q1,eps_pit_v4,2026-08-28T15:25:11.414430+00:00
2026-07-17,HXL,-126.7441860465,SEC,2021-02-09,-0.23,0.86,2020-12-31,2019-12-31,reported_quarter,PROFIT_TO_LOSS,resolved,,717605.0,,,,,,,,,,,,,0001564590-21-004881_EarningsPerShareDiluted_2020-10-01_2020-12-31_FY,eps_pit_v4,2026-08-28T15:25:28.521407+00:00
2026-07-17,IOR,4.1666666667,SEC,2026-05-07,0.25,0.24,2026-03-31,2025-03-31,reported_quarter,GROWTH,resolved,,949961.0,,,,,,,,,,,,,0001999371-26-010171_EarningsPerShareDiluted_2026-01-01_2026-03-31_Q1,eps_pit_v4,2026-08-28T15:25:17.103409+00:00
2026-07-17,IRM,860.0,SEC,2026-04-30,0.48,0.05,2026-03-31,2025-03-31,reported_quarter,GROWTH,resolved,,1020569.0,,,,,,,,,,,,,0001020569-26-000039_EarningsPerShareDiluted_2026-01-01_2026-03-31_Q1,eps_pit_v4,2026-08-28T15:25:09.960385+00:00
2026-07-17,ITIC,91.6167664671,SEC,2026-05-11,3.2,1.67,2026-03-31,2025-03-31,reported_quarter,GROWTH,resolved,,720858.0,,,,,,,,,,,,,0000720858-26-000017_EarningsPerShareDiluted_2026-01-01_2026-03-31_Q1,eps_pit_v4,2026-08-28T15:25:20.203166+00:00
2026-07-17,IVT,-22.2222222222,SEC,2026-04-28,0.07,0.09,2026-03-31,2025-03-31,reported_quarter,DECLINE,resolved,,1307748.0,,,,,,,,,,,,,0001307748-26-000112_EarningsPerShareDiluted_2026-01-01_2026-03-31_Q1,eps_pit_v4,2026-08-28T15:25:22.817787+00:00
2026-07-17,JMSB,26.4705882353,SEC,2026-05-08,0.43,0.34,2026-03-31,2025-03-31,reported_quarter,GROWTH,resolved,,1710482.0,,,,,,,,,,,,,0001104659-26-057594_EarningsPerShareDiluted_2026-01-01_2026-03-31_Q1,eps_pit_v4,2026-08-28T15:25:37.077742+00:00
2026-07-17,JXN,-1200.0,SEC,2026-05-05,-6.24,-0.48,2026-03-31,2025-03-31,reported_quarter,LOSS_WIDENING,resolved,,1822993.0,,,,,,,,,,,,,0001822993-26-000072_EarningsPerShareDiluted_2026-01-01_2026-03-31_Q1,eps_pit_v4,2026-08-28T15:25:23.212855+00:00
2026-07-17,KARO,11.4619883041,YahooHistoricalEvent,2026-07-15,9.53,8.55,2026-05-31,2025-05-31,reported_quarter,GROWTH,resolved,,,,,,,,,,,,,,,yahoo_event_2026-05-31_2026-07-15T16:00:00-04:00,eps_pit_v4,2026-08-28T15:25:09.498938+00:00
2026-07-17,KELYA,-206.25,SEC,2026-05-07,-0.17,0.16,2026-03-29,2025-03-30,reported_quarter,PROFIT_TO_LOSS,resolved,,55135.0,,,,,,,,,,,,,0000055135-26-000115_EarningsPerShareDiluted_2025-12-29_2026-03-29_Q1,eps_pit_v4,2026-08-28T15:25:08.852090+00:00
2026-07-17,KFY,15.1260504202,SEC,2026-06-26,1.3699999999999997,1.1899999999999995,2026-04-30,2025-04-30,derived_from_fy,GROWTH,resolved,,56679.0,,,,,,,,,,,,,"derived_from_fy(0000056679-26-000021_EarningsPerShareDiluted_2025-05-01_2026-04-30_FY,0000056679-25-000012_EarningsPerShareDiluted_2025-05-01_2025-07-31_Q1,0001628280-25-056040_EarningsPerShareDiluted_2025-08-01_2025-10-31_Q2,0000056679-26-000009_EarningsPerShareDiluted_2025-11-01_2026-01-31_Q3)",eps_pit_v4,2026-08-28T15:25:17.769749+00:00
2026-07-17,KIM,104.5454545455,SEC,2021-02-23,0.45,0.22,2020-12-31,2019-12-31,reported_quarter,GROWTH,resolved,,879101.0,,,,,,,,,,,,,0001437749-21-003766_EarningsPerShareDiluted_2020-10-01_2020-12-31_FY,eps_pit_v4,2026-08-28T15:25:21.475821+00:00
2026-07-17,KRG,-45.4545454545,SEC,2026-04-29,0.06,0.11,2026-03-31,2025-03-31,reported_quarter,DECLINE,resolved,,1286043.0,,,,,,,,,,,,,0001286043-26-000037_EarningsPerShareDiluted_2026-01-01_2026-03-31_Q1,eps_pit_v4,2026-08-28T15:25:12.905682+00:00
2026-07-17,LAMR,-25.9259259259,SEC,2026-05-07,1.0,1.35,2026-03-31,2025-03-31,reported_quarter,DECLINE,resolved,,1090425.0,,,,,,,,,,,,,0001090425-26-000017_EarningsPerShareDiluted_2026-01-01_2026-03-31_Q1,eps_pit_v4,2026-08-28T15:25:34.320868+00:00
2026-07-17,LCNB,-6.0606060606,SEC,2026-05-06,0.31,0.33,2026-03-31,2025-03-31,reported_quarter,DECLINE,resolved,,1074902.0,,,,,,,,,,,,,0001437749-26-015192_EarningsPerShareDiluted_2026-01-01_2026-03-31_Q1,eps_pit_v4,2026-08-28T15:25:30.947469+00:00
2026-07-17,LOB,185.7142857143,SEC,2026-05-05,0.6,0.21,2026-03-31,2025-03-31,reported_quarter,GROWTH,resolved,,1462120.0,,,,,,,,,,,,,0001462120-26-000039_EarningsPerShareDiluted_2026-01-01_2026-03-31_Q1,eps_pit_v4,2026-08-28T15:25:20.531113+00:00
2026-07-17,LQDT,4.5454545455,SEC,2026-05-07,0.23,0.22,2026-03-31,2025-03-31,reported_quarter,GROWTH,resolved,,1235468.0,,,,,,,,,,,,,0001193125-26-211031_EarningsPerShareDiluted_2026-01-01_2026-03-31_Q2,eps_pit_v4,2026-08-28T15:25:15.258664+00:00
2026-07-17,LTC,6.6666666667,SEC,2026-05-06,0.48,0.45,2026-03-31,2025-03-31,reported_quarter,GROWTH,resolved,,887905.0,,,,,,,,,,,,,0001104659-26-056329_EarningsPerShareDiluted_2026-01-01_2026-03-31_Q1,eps_pit_v4,2026-08-28T15:25:24.606897+00:00
2026-07-17,MATX,-15.1376146789,SEC,2026-05-05,1.85,2.18,2026-03-31,2025-03-31,reported_quarter,DECLINE,resolved,,3453.0,,,,,,,,,,,,,0001104659-26-055178_EarningsPerShareDiluted_2026-01-01_2026-03-31_Q1,eps_pit_v4,2026-08-28T15:25:06.121471+00:00
2026-07-17,MO,106.3492063492,SEC,2026-04-30,1.3,0.63,2026-03-31,2025-03-31,reported_quarter,GROWTH,resolved,,764180.0,,,,,,,,,,,,,0000764180-26-000058_EarningsPerShareDiluted_2026-01-01_2026-03-31_Q1,eps_pit_v4,2026-08-28T15:25:26.159411+00:00
2026-07-17,MPC,820.8333333333,SEC,2026-05-05,1.73,-0.24,2026-03-31,2025-03-31,reported_quarter,TURNAROUND,resolved,,1510295.0,,,,,,,,,,,,,0001510295-26-000042_EarningsPerShareDiluted_2026-01-01_2026-03-31_Q1,eps_pit_v4,2026-08-28T15:25:05.962942+00:00
2026-07-17,MSBI,111.2462006079,SEC,2026-04-30,0.74,-6.58,2026-03-31,2025-03-31,reported_quarter,TURNAROUND,resolved,,1466026.0,,,,,,,,,,,,,0001466026-26-000049_EarningsPerShareDiluted_2026-01-01_2026-03-31_Q1,eps_pit_v4,2026-08-28T15:25:07.151787+00:00
2026-07-17,MSGS,-40.6779661017,SEC,2026-05-08,-0.83,-0.59,2026-03-31,2025-03-31,reported_quarter,LOSS_WIDENING,resolved,,1636519.0,,,,,,,,,,,,,0001628280-26-032888_EarningsPerShareDiluted_2026-01-01_2026-03-31_Q3,eps_pit_v4,2026-08-28T15:25:10.841253+00:00
2026-07-17,MTB,24.3975903614,SEC,2026-05-05,4.13,3.32,2026-03-31,2025-03-31,reported_quarter,GROWTH,resolved,,36270.0,,,,,,,,,,,,,0000036270-26-000034_EarningsPerShareDiluted_2026-01-01_2026-03-31_Q1,eps_pit_v4,2026-08-28T15:25:18.418384+00:00
2026-07-17,NBTB,27.2727272727,SEC,2026-05-08,0.98,0.77,2026-03-31,2025-03-31,reported_quarter,GROWTH,resolved,,790359.0,,,,,,,,,,,,,0001140361-26-020019_EarningsPerShareDiluted_2026-01-01_2026-03-31_Q1,eps_pit_v4,2026-08-28T15:25:10.532527+00:00
2026-07-17,NET,36.3636363636,SEC,2026-05-08,-0.07,-0.11,2026-03-31,2025-03-31,reported_quarter,LOSS_NARROWING,resolved,,1477333.0,,,,,,,,,,,,,0001477333-26-000038_EarningsPerShareDiluted_2026-01-01_2026-03-31_Q1,eps_pit_v4,2026-08-28T15:25:08.022924+00:00
2026-07-17,NHC,9.6618357488,SEC,2026-05-07,2.27,2.07,2026-03-31,2025-03-31,reported_quarter,GROWTH,resolved,,1047335.0,,,,,,,,,,,,,0001437749-26-015612_EarningsPerShareDiluted_2026-01-01_2026-03-31_Q1,eps_pit_v4,2026-08-28T15:25:06.972218+00:00
2026-07-17,NWBI,0.0,SEC,2026-05-07,0.34,0.34,2026-03-31,2025-03-31,reported_quarter,FLAT,resolved,,1471265.0,,,,,,,,,,,,,0001471265-26-000017_EarningsPerShareDiluted_2026-01-01_2026-03-31_Q1,eps_pit_v4,2026-08-28T15:25:13.737421+00:00
2026-07-17,OBK,25.3521126761,SEC,2026-05-06,0.89,0.71,2026-03-31,2025-03-31,reported_quarter,GROWTH,resolved,,1516912.0,,,,,,,,,,,,,0001516912-26-000032_EarningsPerShareDiluted_2026-01-01_2026-03-31_Q1,eps_pit_v4,2026-08-28T15:25:31.784226+00:00
2026-07-17,OHI,42.4242424242,SEC,2026-04-29,0.47,0.33,2026-03-31,2025-03-31,reported_quarter,GROWTH,resolved,,888491.0,,,,,,,,,,,,,0000888491-26-000018_EarningsPerShareDiluted_2026-01-01_2026-03-31_Q1,eps_pit_v4,2026-08-28T15:25:34.834451+00:00
2026-07-17,ONB,34.0909090909,SEC,2026-04-29,0.59,0.44,2026-03-31,2025-03-31,reported_quarter,GROWTH,resolved,,707179.0,,,,,,,,,,,,,0000707179-26-000038_EarningsPerShareDiluted_2026-01-01_2026-03-31_Q1,eps_pit_v4,2026-08-28T15:25:18.143705+00:00
2026-07-17,ORKA,93.3908045977,SEC,2025-08-11,-0.46,-6.96,2025-06-30,2024-06-30,reported_quarter,LOSS_NARROWING,resolved,,907654.0,,,,,,,,,,,,,0001213900-25-074281_EarningsPerShareDiluted_2025-04-01_2025-06-30_Q2,eps_pit_v4,2026-08-28T15:25:04.924050+00:00
2026-07-17,OSBC,11.6279069767,SEC,2026-05-07,0.48,0.43,2026-03-31,2025-03-31,reported_quarter,GROWTH,resolved,,357173.0,,,,,,,,,,,,,0000357173-26-000022_EarningsPerShareDiluted_2026-01-01_2026-03-31_Q1,eps_pit_v4,2026-08-28T15:25:36.429816+00:00
2026-07-17,OZK,-2.0408163265,YahooHistoricalEvent,2026-04-21,1.44,1.47,2026-03-31,2025-03-31,reported_quarter,DECLINE,resolved,,,,,,,,,,,,,,,yahoo_event_2026-03-31_2026-04-21T16:00:00-04:00,eps_pit_v4,2026-08-28T15:25:12.733435+00:00
2026-07-17,PAG,-7.7720207254,SEC,2026-04-30,3.56,3.86,2026-03-31,2025-03-31,reported_quarter,DECLINE,resolved,,1019849.0,,,,,,,,,,,,,0001628280-26-028868_EarningsPerShareDiluted_2026-01-01_2026-03-31_Q1,eps_pit_v4,2026-08-28T15:25:16.869355+00:00
2026-07-17,PARR,292.9824561404,SEC,2026-05-06,1.1,-0.57,2026-03-31,2025-03-31,reported_quarter,TURNAROUND,resolved,,821483.0,,,,,,,,,,,,,0000821483-26-000010_EarningsPerShareDiluted_2026-01-01_2026-03-31_Q1,eps_pit_v4,2026-08-28T15:25:08.454446+00:00
2026-07-17,PEBO,19.1176470588,SEC,2026-04-30,0.81,0.68,2026-03-31,2025-03-31,reported_quarter,GROWTH,resolved,,318300.0,,,,,,,,,,,,,0000318300-26-000157_EarningsPerShareDiluted_2026-01-01_2026-03-31_Q1,eps_pit_v4,2026-08-28T15:25:24.079542+00:00
2026-07-17,PECO,14.2857142857,SEC,2026-04-24,0.24,0.21,2026-03-31,2025-03-31,reported_quarter,GROWTH,resolved,,1476204.0,,,,,,,,,,,,,0001476204-26-000024_EarningsPerShareDiluted_2026-01-01_2026-03-31_Q1,eps_pit_v4,2026-08-28T15:25:25.823096+00:00
2026-07-17,PFG,819.0476190476,SEC,2026-04-29,1.93,0.21,2026-03-31,2025-03-31,reported_quarter,GROWTH,resolved,,1126328.0,,,,,,,,,,,,,0001104659-26-051384_EarningsPerShareDiluted_2026-01-01_2026-03-31_Q1,eps_pit_v4,2026-08-28T15:25:31.181741+00:00
2026-07-17,PFIS,-1.3422818792,SEC,2026-05-08,1.47,1.49,2026-03-31,2025-03-31,reported_quarter,DECLINE,resolved,,1056943.0,,,,,,,,,,,,,0001104659-26-057903_EarningsPerShareDiluted_2026-01-01_2026-03-31_Q1,eps_pit_v4,2026-08-28T15:25:19.292934+00:00
2026-07-17,PINE,175.0,SEC,2026-04-23,0.06,-0.08,2026-03-31,2025-03-31,reported_quarter,TURNAROUND,resolved,,1786117.0,,,,,,,,,,,,,0001104659-26-047718_EarningsPerShareDiluted_2026-01-01_2026-03-31_Q1,eps_pit_v4,2026-08-28T15:25:36.765046+00:00
2026-07-17,PKOH,-5.0,SEC,2026-05-07,0.57,0.6,2026-03-31,2025-03-31,reported_quarter,DECLINE,resolved,,76282.0,,,,,,,,,,,,,0000076282-26-000013_EarningsPerShareDiluted_2026-01-01_2026-03-31_Q1,eps_pit_v4,2026-08-28T15:25:10.115442+00:00
2026-07-17,PLBC,15.0,SEC,2026-05-06,1.38,1.2,2026-03-31,2025-03-31,reported_quarter,GROWTH,resolved,,1168455.0,,,,,,,,,,,,,0001437749-26-015036_EarningsPerShareDiluted_2026-01-01_2026-03-31_Q1,eps_pit_v4,2026-08-28T15:25:32.774402+00:00
2026-07-17,PLD,66.6666666667,SEC,2026-04-30,1.05,0.63,2026-03-31,2025-03-31,reported_quarter,GROWTH,resolved,,1045609.0,,,,,,,,,,,,,0001193125-26-197850_EarningsPerShareDiluted_2026-01-01_2026-03-31_Q1,eps_pit_v4,2026-08-28T15:25:09.742972+00:00
2026-07-17,PLSE,-8.0,SEC,2026-05-14,-0.27,-0.25,2026-03-31,2025-03-31,reported_quarter,LOSS_WIDENING,resolved,,1625101.0,,,,,,,,,,,,,0001437749-26-016897_EarningsPerShareBasic_2026-01-01_2026-03-31_Q1,eps_pit_v4,2026-08-28T15:25:11.129816+00:00
2026-07-17,PM,-9.3023255814,SEC,2026-04-24,1.56,1.72,2026-03-31,2025-03-31,reported_quarter,DECLINE,resolved,,1413329.0,,,,,,,,,,,,,0001628280-26-027019_EarningsPerShareDiluted_2026-01-01_2026-03-31_Q1,eps_pit_v4,2026-08-28T15:25:22.489445+00:00
2026-07-17,PSX,-56.7796610169,SEC,2026-04-29,0.51,1.18,2026-03-31,2025-03-31,reported_quarter,DECLINE,resolved,,1534701.0,,,,,,,,,,,,,0001534701-26-000022_EarningsPerShareDiluted_2026-01-01_2026-03-31_Q1,eps_pit_v4,2026-08-28T15:25:20.972093+00:00
2026-07-17,QCRH,30.9210526316,SEC,2026-05-08,1.99,1.52,2026-03-31,2025-03-31,reported_quarter,GROWTH,resolved,,906465.0,,,,,,,,,,,,,0001104659-26-057779_EarningsPerShareDiluted_2026-01-01_2026-03-31_Q1,eps_pit_v4,2026-08-28T15:25:25.441628+00:00
2026-07-17,RDN,-9.1836734694,SEC,2026-05-08,0.89,0.98,2026-03-31,2025-03-31,reported_quarter,DECLINE,resolved,,890926.0,,,,,,,,,,,,,0001193125-26-215018_EarningsPerShareDiluted_2026-01-01_2026-03-31_Q1,eps_pit_v4,2026-08-28T15:25:19.935166+00:00
2026-07-17,REG,-8.0,SEC,2019-02-21,0.46,0.5,2018-12-31,2017-12-31,reported_quarter,DECLINE,resolved,,910606.0,,,,,,,,,,,,,0000910606-19-000006_EarningsPerShareDiluted_2018-10-01_2018-12-31_FY,eps_pit_v4,2026-08-28T15:25:29.512008+00:00
2026-07-17,RGCO,13.5135135135,SEC,2026-05-07,0.84,0.74,2026-03-31,2025-03-31,reported_quarter,GROWTH,resolved,,1069533.0,,,,,,,,,,,,,0001437749-26-015653_EarningsPerShareDiluted_2026-01-01_2026-03-31_Q2,eps_pit_v4,2026-08-28T15:25:25.979200+00:00
2026-07-17,RHI,-17.6470588235,SEC,2026-05-01,0.14,0.17,2026-03-31,2025-03-31,reported_quarter,DECLINE,resolved,,315213.0,,,,,,,,,,,,,0000315213-26-000026_EarningsPerShareDiluted_2026-01-01_2026-03-31_Q1,eps_pit_v4,2026-08-28T15:25:04.554271+00:00
2026-07-17,RLYB,13.6094674556,SEC,2026-05-13,-1.46,-1.69,2026-03-31,2025-03-31,reported_quarter,LOSS_NARROWING,resolved,,1739410.0,,,,,,,,,,,,,0001628280-26-034580_EarningsPerShareDiluted_2026-01-01_2026-03-31_Q1,eps_pit_v4,2026-08-28T15:25:04.695305+00:00
2026-07-17,RNR,100.9174311927,SEC,2026-04-29,6.57,3.27,2026-03-31,2025-03-31,reported_quarter,GROWTH,resolved,,913144.0,,,,,,,,,,,,,0000913144-26-000065_EarningsPerShareDiluted_2026-01-01_2026-03-31_Q1,eps_pit_v4,2026-08-28T15:25:22.287740+00:00
2026-07-17,RUSHA,5.4794520548,SEC,2026-05-08,0.77,0.73,2026-03-31,2025-03-31,reported_quarter,GROWTH,resolved,,1012019.0,,,,,,,,,,,,,0001437749-26-015906_EarningsPerShareDiluted_2026-01-01_2026-03-31_Q1,eps_pit_v4,2026-08-28T15:25:21.988504+00:00
2026-07-17,RXO,-16.6666666667,SEC,2026-05-07,-0.21,-0.18,2026-03-31,2025-03-31,reported_quarter,LOSS_WIDENING,resolved,,1929561.0,,,,,,,,,,,,,0001929561-26-000026_EarningsPerShareDiluted_2026-01-01_2026-03-31_Q1,eps_pit_v4,2026-08-28T15:25:06.191064+00:00
2026-07-17,SAH,-12.2549019608,SEC,2026-04-30,1.79,2.04,2026-03-31,2025-03-31,reported_quarter,DECLINE,resolved,,1043509.0,,,,,,,,,,,,,0001628280-26-028847_EarningsPerShareDiluted_2026-01-01_2026-03-31_Q1,eps_pit_v4,2026-08-28T15:25:07.776342+00:00
2026-07-17,SEIC,19.6581196581,SEC,2026-04-27,1.4,1.17,2026-03-31,2025-03-31,reported_quarter,GROWTH,resolved,,350894.0,,,,,,,,,,,,,0000350894-26-000030_EarningsPerShareDiluted_2026-01-01_2026-03-31_Q1,eps_pit_v4,2026-08-28T15:25:21.252717+00:00
2026-07-17,SION,3.2258064516,SEC,2026-05-12,-0.6,-0.62,2026-03-31,2025-03-31,reported_quarter,LOSS_NARROWING,resolved,,2036042.0,,,,,,,,,,,,,0001628280-26-033876_EarningsPerShareDiluted_2026-01-01_2026-03-31_Q1,eps_pit_v4,2026-08-28T15:25:11.180724+00:00
2026-07-17,SKT,41.1764705882,SEC,2026-05-04,0.24,0.17,2026-03-31,2025-03-31,reported_quarter,GROWTH,resolved,,899715.0,,,,,,,,,,,,,0001628280-26-029536_EarningsPerShareDiluted_2026-01-01_2026-03-31_Q1,eps_pit_v4,2026-08-28T15:25:36.677489+00:00
2026-07-17,SMBC,15.1079136691,SEC,2026-05-08,1.6,1.39,2026-03-31,2025-03-31,reported_quarter,GROWTH,resolved,,916907.0,,,,,,,,,,,,,0001104659-26-058037_EarningsPerShareDiluted_2026-01-01_2026-03-31_Q3,eps_pit_v4,2026-08-28T15:25:14.103468+00:00
2026-07-17,SMBK,20.8955223881,SEC,2026-05-11,0.81,0.67,2026-03-31,2025-03-31,reported_quarter,GROWTH,resolved,,1038773.0,,,,,,,,,,,,,0001104659-26-058728_EarningsPerShareDiluted_2026-01-01_2026-03-31_Q1,eps_pit_v4,2026-08-28T15:25:33.237683+00:00
2026-07-17,SNDR,-20.0,SEC,2026-05-01,0.12,0.15,2026-03-31,2025-03-31,reported_quarter,DECLINE,resolved,,1692063.0,,,,,,,,,,,,,0001692063-26-000025_EarningsPerShareDiluted_2026-01-01_2026-03-31_Q1,eps_pit_v4,2026-08-28T15:25:09.352642+00:00
2026-07-17,SNEX,120.2127659574,SEC,2026-05-06,2.07,0.94,2026-03-31,2025-03-31,reported_quarter,GROWTH,resolved,,913760.0,,,,,,,,,,,,,0000913760-26-000031_EarningsPerShareDiluted_2026-01-01_2026-03-31_Q2,eps_pit_v4,2026-08-28T15:25:07.610445+00:00
2026-07-17,SPFI,18.0555555556,SEC,2026-05-05,0.85,0.72,2026-03-31,2025-03-31,reported_quarter,GROWTH,resolved,,1163668.0,,,,,,,,,,,,,0001140361-26-019131_EarningsPerShareDiluted_2026-01-01_2026-03-31_Q1,eps_pit_v4,2026-08-28T15:25:27.364440+00:00
2026-07-17,SPG,16.5354330709,SEC,2026-05-11,1.48,1.27,2026-03-31,2025-03-31,reported_quarter,GROWTH,resolved,,1063761.0,,,,,,,,,,,,,0001104659-26-058640_EarningsPerShareDiluted_2026-01-01_2026-03-31_Q1,eps_pit_v4,2026-08-28T15:25:36.595681+00:00
2026-07-17,SRBK,100.0,SEC,2026-05-15,0.12,0.06,2026-03-31,2025-03-31,reported_quarter,GROWTH,resolved,,1951276.0,,,,,,,,,,,,,0001437749-26-017364_EarningsPerShareDiluted_2026-01-01_2026-03-31_Q3,eps_pit_v4,2026-08-28T15:25:28.592119+00:00
2026-07-17,TCBK,30.0,SEC,2026-05-08,1.04,0.8,2026-03-31,2025-03-31,reported_quarter,GROWTH,resolved,,356171.0,,,,,,,,,,,,,0000356171-26-000042_EarningsPerShareDiluted_2026-01-01_2026-03-31_Q1,eps_pit_v4,2026-08-28T15:25:27.172501+00:00
2026-07-17,TRGP,142.8571428571,SEC,2026-05-07,2.21,0.91,2026-03-31,2025-03-31,reported_quarter,GROWTH,resolved,,1389170.0,,,,,,,,,,,,,0001193125-26-211698_EarningsPerShareDiluted_2026-01-01_2026-03-31_Q1,eps_pit_v4,2026-08-28T15:25:09.042192+00:00
2026-07-17,TRMK,7.9545454545,SEC,2026-05-06,0.95,0.88,2026-03-31,2025-03-31,reported_quarter,GROWTH,resolved,,36146.0,,,,,,,,,,,,,0001193125-26-209195_EarningsPerShareDiluted_2026-01-01_2026-03-31_Q1,eps_pit_v4,2026-08-28T15:25:14.809982+00:00
2026-07-17,TRVI,0.0,SEC,2026-05-05,-0.09,-0.09,2026-03-31,2025-03-31,reported_quarter,FLAT,resolved,,1563880.0,,,,,,,,,,,,,0001193125-26-206390_EarningsPerShareDiluted_2026-01-01_2026-03-31_Q1,eps_pit_v4,2026-08-28T15:25:07.391569+00:00
2026-07-17,UBSI,50.8474576271,SEC,2026-05-08,0.89,0.59,2026-03-31,2025-03-31,reported_quarter,GROWTH,resolved,,729986.0,,,,,,,,,,,,,0001193125-26-213783_EarningsPerShareDiluted_2026-01-01_2026-03-31_Q1,eps_pit_v4,2026-08-28T15:25:31.454468+00:00
2026-07-17,UE,157.1428571429,SEC,2026-04-29,0.18,0.07,2026-03-31,2025-03-31,reported_quarter,GROWTH,resolved,,1611547.0,,,,,,,,,,,,,0001611547-26-000039_EarningsPerShareDiluted_2026-01-01_2026-03-31_Q1,eps_pit_v4,2026-08-28T15:25:16.242514+00:00
2026-07-17,UMBF,176.8595041322,SEC,2026-04-30,3.35,1.21,2026-03-31,2025-03-31,reported_quarter,GROWTH,resolved,,101382.0,,,,,,,,,,,,,0001193125-26-194310_EarningsPerShareDiluted_2026-01-01_2026-03-31_Q1,eps_pit_v4,2026-08-28T15:25:30.482817+00:00
2026-07-17,UNF,-48.8262910798,SEC,2026-07-08,1.09,2.13,2026-05-30,2025-05-31,reported_quarter,DECLINE,resolved,,717954.0,,,,,,,,,,,,,0001628280-26-047621_EarningsPerShareDiluted_2026-03-01_2026-05-30_Q3,eps_pit_v4,2026-08-28T15:25:35.056809+00:00
2026-07-17,UNTY,23.8938053097,SEC,2026-05-07,1.4,1.13,2026-03-31,2025-03-31,reported_quarter,GROWTH,resolved,,920427.0,,,,,,,,,,,,,0000920427-26-000037_EarningsPerShareDiluted_2026-01-01_2026-03-31_Q1,eps_pit_v4,2026-08-28T15:25:28.157573+00:00
2026-07-17,VTRS,105.8823529412,SEC,2026-05-07,0.15,-2.55,2026-03-31,2025-03-31,reported_quarter,TURNAROUND,resolved,,1792044.0,,,,,,,,,,,,,0001792044-26-000029_EarningsPerShareDiluted_2026-01-01_2026-03-31_Q1,eps_pit_v4,2026-08-28T15:25:32.143040+00:00
2026-07-17,WABC,-2.5862068966,SEC,2026-05-08,1.13,1.16,2026-03-31,2025-03-31,reported_quarter,DECLINE,resolved,,311094.0,,,,,,,,,,,,,0001171843-26-003210_EarningsPerShareDiluted_2026-01-01_2026-03-31_Q1,eps_pit_v4,2026-08-28T15:25:16.693101+00:00
2026-07-17,WERN,56.25,SEC,2026-05-08,-0.07,-0.16,2026-03-31,2025-03-31,reported_quarter,LOSS_NARROWING,resolved,,793074.0,,,,,,,,,,,,,0000793074-26-000096_EarningsPerShareDiluted_2026-01-01_2026-03-31_Q1,eps_pit_v4,2026-08-28T15:25:14.359912+00:00
2026-07-17,WSFS,46.4285714286,SEC,2026-05-04,1.64,1.12,2026-03-31,2025-03-31,reported_quarter,GROWTH,resolved,,828944.0,,,,,,,,,,,,,0000828944-26-000015_EarningsPerShareDiluted_2026-01-01_2026-03-31_Q1,eps_pit_v4,2026-08-28T15:25:33.031808+00:00
2026-07-17,WT,-200.0,SEC,2026-05-06,-0.17,0.17,2026-03-31,2025-03-31,reported_quarter,PROFIT_TO_LOSS,resolved,,880631.0,,,,,,,,,,,,,0001214659-26-005680_EarningsPerShareDiluted_2026-01-01_2026-03-31_Q1,eps_pit_v4,2026-08-28T15:25:16.102613+00:00
2026-07-17,WTFC,19.7026022305,SEC,2026-05-06,3.22,2.69,2026-03-31,2025-03-31,reported_quarter,GROWTH,resolved,,1015328.0,,,,,,,,,,,,,0001015328-26-000014_EarningsPerShareDiluted_2026-01-01_2026-03-31_Q1,eps_pit_v4,2026-08-28T15:25:19.684591+00:00
2026-07-17,XHR,40.0,SEC,2026-05-01,0.21,0.15,2026-03-31,2025-03-31,reported_quarter,GROWTH,resolved,,1616000.0,,,,,,,,,,,,,0001628280-26-029383_EarningsPerShareDiluted_2026-01-01_2026-03-31_Q1,eps_pit_v4,2026-08-28T15:25:29.644669+00:00
2026-07-17,XMTR,11.6279069767,SEC,2023-05-10,-0.38,-0.43,2023-03-31,2022-03-31,reported_quarter,LOSS_NARROWING,resolved,,1657573.0,,,,,,,,,,,,,0000950170-23-020561_EarningsPerShareDiluted_2023-01-01_2023-03-31_Q1,eps_pit_v4,2026-08-28T15:25:05.444808+00:00
2026-07-24,ACNB,4500.0,SEC,2026-05-07,1.32,-0.03,2026-03-31,2025-03-31,reported_quarter,TURNAROUND,resolved,,715579.0,,,,,,,,,,,,,0001628280-26-031924_EarningsPerShareDiluted_2026-01-01_2026-03-31_Q1,eps_pit_v4,2026-08-28T15:25:53.608609+00:00
2026-07-24,ACU,-41.4634146341,SEC,2026-05-06,0.24,0.41,2026-03-31,2025-03-31,reported_quarter,DECLINE,resolved,,2098.0,,,,,,,,,,,,,0001193125-26-209010_EarningsPerShareDiluted_2026-01-01_2026-03-31_Q1,eps_pit_v4,2026-08-28T15:25:39.019761+00:00
2026-07-24,AIT,3.1128404669,SEC,2026-04-28,2.65,2.57,2026-03-31,2025-03-31,reported_quarter,GROWTH,resolved,,109563.0,,,,,,,,,,,,,0000109563-26-000021_EarningsPerShareDiluted_2026-01-01_2026-03-31_Q3,eps_pit_v4,2026-08-28T15:25:56.507151+00:00
2026-07-24,ALL,338.3886255924,SEC,2026-04-29,9.25,2.11,2026-03-31,2025-03-31,reported_quarter,GROWTH,resolved,,899051.0,,,,,,,,,,,,,0000899051-26-000075_EarningsPerShareDiluted_2026-01-01_2026-03-31_Q1,eps_pit_v4,2026-08-28T15:25:50.172507+00:00
2026-07-24,ALOT,260.0,SEC,2026-06-08,0.08,-0.05,2026-04-30,2025-04-30,reported_quarter,TURNAROUND,resolved,,8146.0,,,,,,,,,,,,,0001193125-26-261335_EarningsPerShareDiluted_2026-02-01_2026-04-30_Q1,eps_pit_v4,2026-08-28T15:25:38.879719+00:00
2026-07-24,AMRX,375.0,SEC,2026-05-07,0.19,0.04,2026-03-31,2025-03-31,reported_quarter,GROWTH,resolved,,1723128.0,,,,,,,,,,,,,0001723128-26-000020_EarningsPerShareDiluted_2026-01-01_2026-03-31_Q1,eps_pit_v4,2026-08-28T15:25:45.198426+00:00
2026-07-24,ARWR,-133.8181818182,SEC,2026-05-07,-0.93,2.75,2026-03-31,2025-03-31,reported_quarter,PROFIT_TO_LOSS,resolved,,879407.0,,,,,,,,,,,,,0000879407-26-000047_EarningsPerShareDiluted_2026-01-01_2026-03-31_Q2,eps_pit_v4,2026-08-28T15:25:45.077225+00:00
2026-07-24,ATI,26.8656716418,SEC,2026-04-30,0.85,0.67,2026-03-29,2025-03-30,reported_quarter,GROWTH,resolved,,1018963.0,,,,,,,,,,,,,0001628280-26-028684_EarningsPerShareDiluted_2025-12-29_2026-03-29_Q1,eps_pit_v4,2026-08-28T15:25:43.204565+00:00
2026-07-24,AVT,12.8712871287,SEC,2026-05-01,1.14,1.01,2026-03-28,2025-03-29,reported_quarter,GROWTH,resolved,,8858.0,,,,,,,,,,,,,0000008858-26-000042_EarningsPerShareDiluted_2025-12-28_2026-03-28_Q3,eps_pit_v4,2026-08-28T15:25:42.232305+00:00
2026-07-24,BHB,22.7272727273,SEC,2026-05-05,0.81,0.66,2026-03-31,2025-03-31,reported_quarter,GROWTH,resolved,,743367.0,,,,,,,,,,,,,0001104659-26-055671_EarningsPerShareDiluted_2026-01-01_2026-03-31_Q1,eps_pit_v4,2026-08-28T15:25:49.178492+00:00
2026-07-24,BIP,-600.0,YahooHistoricalEvent,2026-04-29,-0.2,0.04,2026-03-31,2025-03-31,reported_quarter,PROFIT_TO_LOSS,resolved,,,,,,,,,,,,,,,yahoo_event_2026-03-31_2026-04-29T06:00:00-04:00,eps_pit_v4,2026-08-28T15:25:50.318971+00:00
2026-07-24,BLFS,300.0,SEC,2026-05-07,0.02,-0.01,2026-03-31,2025-03-31,reported_quarter,TURNAROUND,resolved,,834365.0,,,,,,,,,,,,,0001628280-26-032148_EarningsPerShareBasic_2026-01-01_2026-03-31_Q1,eps_pit_v4,2026-08-28T15:25:42.065021+00:00
2026-07-24,BPRN,18.1818181818,SEC,2026-05-08,0.91,0.77,2026-03-31,2025-03-31,reported_quarter,GROWTH,resolved,,1913971.0,,,,,,,,,,,,,0001193125-26-214214_EarningsPerShareDiluted_2026-01-01_2026-03-31_Q1,eps_pit_v4,2026-08-28T15:25:47.337146+00:00
2026-07-24,CARE,894.8717948718,SEC,2026-05-07,3.88,0.39,2026-03-31,2025-03-31,reported_quarter,GROWTH,resolved,,1829576.0,,,,,,,,,,,,,0001829576-26-000048_EarningsPerShareDiluted_2026-01-01_2026-03-31_Q1,eps_pit_v4,2026-08-28T15:25:52.284603+00:00
2026-07-24,CB,78.7234042553,SEC,2026-04-28,5.88,3.29,2026-03-31,2025-03-31,reported_quarter,GROWTH,resolved,,896159.0,,,,,,,,,,,,,0000896159-26-000011_EarningsPerShareDiluted_2026-01-01_2026-03-31_Q1,eps_pit_v4,2026-08-28T15:25:59.211401+00:00
2026-07-24,CBAN,2.6315789474,SEC,2026-05-08,0.39,0.38,2026-03-31,2025-03-31,reported_quarter,GROWTH,resolved,,711669.0,,,,,,,,,,,,,0001104659-26-057671_EarningsPerShareDiluted_2026-01-01_2026-03-31_Q1,eps_pit_v4,2026-08-28T15:25:57.918223+00:00
2026-07-24,CCBG,-7.0707070707,SEC,2026-04-28,0.92,0.99,2026-03-31,2025-03-31,reported_quarter,DECLINE,resolved,,726601.0,,,,,,,,,,,,,0000726601-26-000011_EarningsPerShareDiluted_2026-01-01_2026-03-31_Q1,eps_pit_v4,2026-08-28T15:25:55.433456+00:00
2026-07-24,CCNE,76.0,SEC,2026-05-06,0.88,0.5,2026-03-31,2025-03-31,reported_quarter,GROWTH,resolved,,736772.0,,,,,,,,,,,,,0000736772-26-000053_EarningsPerShareDiluted_2026-01-01_2026-03-31_Q1,eps_pit_v4,2026-08-28T15:25:52.525197+00:00
2026-07-24,CDP,9.6774193548,SEC,2026-05-06,0.34,0.31,2026-03-31,2025-03-31,reported_quarter,GROWTH,resolved,,860546.0,,,,,,,,,,,,,0000860546-26-000029_EarningsPerShareDiluted_2026-01-01_2026-03-31_Q1,eps_pit_v4,2026-08-28T15:25:45.610386+00:00
2026-07-24,CHMG,51.5873015873,SEC,2026-05-07,1.91,1.26,2026-03-31,2025-03-31,reported_quarter,GROWTH,resolved,,763563.0,,,,,,,,,,,,,0001628280-26-031834_EarningsPerShareDiluted_2026-01-01_2026-03-31_Q1,eps_pit_v4,2026-08-28T15:25:45.414447+00:00
2026-07-24,CR,-37.7049180328,SEC,2026-04-30,1.14,1.83,2026-03-31,2025-03-31,reported_quarter,DECLINE,resolved,,1944013.0,,,,,,,,,,,,,0001944013-26-000161_EarningsPerShareDiluted_2026-01-01_2026-03-31_Q1,eps_pit_v4,2026-08-28T15:25:46.659822+00:00
2026-07-24,CRS,47.3404255319,SEC,2026-04-29,2.77,1.88,2026-03-31,2025-03-31,reported_quarter,GROWTH,resolved,,17843.0,,,,,,,,,,,,,0000017843-26-000014_EarningsPerShareDiluted_2026-01-01_2026-03-31_Q3,eps_pit_v4,2026-08-28T15:25:44.920143+00:00
2026-07-24,CTRE,2.8571428571,SEC,2026-05-07,0.36,0.35,2026-03-31,2025-03-31,reported_quarter,GROWTH,resolved,,1590717.0,,,,,,,,,,,,,0001628280-26-032118_EarningsPerShareDiluted_2026-01-01_2026-03-31_Q1,eps_pit_v4,2026-08-28T15:25:56.635545+00:00
2026-07-24,CZFS,35.8490566038,SEC,2026-05-07,2.16,1.59,2026-03-31,2025-03-31,reported_quarter,GROWTH,resolved,,739421.0,,,,,,,,,,,,,0001140361-26-019398_EarningsPerShareDiluted_2026-01-01_2026-03-31_Q1,eps_pit_v4,2026-08-28T15:25:41.610223+00:00
2026-07-24,CZNC,-95.1219512195,SEC,2026-05-08,0.02,0.41,2026-03-31,2025-03-31,reported_quarter,DECLINE,resolved,,810958.0,,,,,,,,,,,,,0001104659-26-057705_EarningsPerShareDiluted_2026-01-01_2026-03-31_Q1,eps_pit_v4,2026-08-28T15:25:55.212746+00:00
2026-07-24,DAC,11.2582781457,YahooHistoricalEvent,2026-05-11,6.72,6.04,2026-03-31,2025-03-31,reported_quarter,GROWTH,resolved,,,,,,,,,,,,,,,yahoo_event_2026-03-31_2026-05-11T17:00:00-04:00,eps_pit_v4,2026-08-28T15:25:56.174963+00:00
2026-07-24,DBD,163.6363636364,SEC,2026-04-30,0.14,-0.22,2026-03-31,2025-03-31,reported_quarter,TURNAROUND,resolved,,28823.0,,,,,,,,,,,,,0000028823-26-000021_EarningsPerShareDiluted_2026-01-01_2026-03-31_Q1,eps_pit_v4,2026-08-28T15:25:49.907925+00:00
2026-07-24,DELL,282.4817518248,SEC,2026-06-09,5.24,1.37,2026-05-01,2025-05-02,reported_quarter,GROWTH,resolved,,1571996.0,,,,,,,,,,,,,0001571996-26-000030_EarningsPerShareDiluted_2026-01-31_2026-05-01_Q1,eps_pit_v4,2026-08-28T15:25:38.591650+00:00
2026-07-24,DGX,14.979757085,SEC,2026-07-23,2.84,2.47,2026-06-30,2025-06-30,reported_quarter,GROWTH,resolved,,1022079.0,,,,,,,,,,,,,0001022079-26-000070_EarningsPerShareDiluted_2026-04-01_2026-06-30_Q2,eps_pit_v4,2026-08-28T15:25:52.170835+00:00
2026-07-24,EPR,-5.1282051282,SEC,2026-05-07,0.74,0.78,2026-03-31,2025-03-31,reported_quarter,DECLINE,resolved,,1045450.0,,,,,,,,,,,,,0001045450-26-000024_EarningsPerShareDiluted_2026-01-01_2026-03-31_Q1,eps_pit_v4,2026-08-28T15:25:53.381082+00:00
2026-07-24,FBLA,-75.0,SEC,2026-05-14,0.01,0.04,2026-03-31,2025-03-31,reported_quarter,DECLINE,resolved,,2013639.0,,,,,,,,,,,,,0001193125-26-223273_EarningsPerShareDiluted_2026-01-01_2026-03-31_Q1,eps_pit_v4,2026-08-28T15:25:47.256434+00:00
2026-07-24,FCBC,-1.5625,SEC,2026-05-08,0.63,0.64,2026-03-31,2025-03-31,reported_quarter,DECLINE,resolved,,859070.0,,,,,,,,,,,,,0001437749-26-015833_EarningsPerShareDiluted_2026-01-01_2026-03-31_Q1,eps_pit_v4,2026-08-28T15:25:46.189138+00:00
2026-07-24,FEIM,-251.5151515152,SEC,2026-07-17,-0.5,0.33,2026-04-30,2025-04-30,derived_from_fy,PROFIT_TO_LOSS,resolved,,39020.0,,,,,,,,,,,,,"derived_from_fy(0001185185-26-002997_EarningsPerShareDiluted_2025-05-01_2026-04-30_FY,0001185185-25-001203_EarningsPerShareDiluted_2025-05-01_2025-07-31_Q1,0001185185-25-002057_EarningsPerShareDiluted_2025-08-01_2025-10-31_Q2,0001185185-26-000893_EarningsPerShareDiluted_2025-11-01_2026-01-31_Q3)",eps_pit_v4,2026-08-28T15:25:39.333641+00:00
2026-07-24,FISI,28.3950617284,SEC,2026-05-04,1.04,0.81,2026-03-31,2025-03-31,reported_quarter,GROWTH,resolved,,862831.0,,,,,,,,,,,,,0001193125-26-203962_EarningsPerShareDiluted_2026-01-01_2026-03-31_Q1,eps_pit_v4,2026-08-28T15:25:54.709091+00:00
2026-07-24,FLXS,260.5633802817,SEC,2026-04-22,1.14,-0.71,2026-03-31,2025-03-31,reported_quarter,TURNAROUND,resolved,,37472.0,,,,,,,,,,,,,0001193125-26-170444_EarningsPerShareDiluted_2026-01-01_2026-03-31_Q3,eps_pit_v4,2026-08-28T15:25:39.591853+00:00
2026-07-24,FXNC,200.0,SEC,2026-05-13,0.54,0.18,2026-03-31,2025-03-31,reported_quarter,GROWTH,resolved,,719402.0,,,,,,,,,,,,,0001437749-26-016708_EarningsPerShareDiluted_2026-01-01_2026-03-31_Q1,eps_pit_v4,2026-08-28T15:25:46.867810+00:00
2026-07-24,HALO,31.1827956989,SEC,2026-05-11,1.22,0.93,2026-03-31,2025-03-31,reported_quarter,GROWTH,resolved,,1159036.0,,,,,,,,,,,,,0001159036-26-000068_EarningsPerShareDiluted_2026-01-01_2026-03-31_Q1,eps_pit_v4,2026-08-28T15:25:48.951811+00:00
2026-07-24,HBCP,5.8394160584,SEC,2026-05-06,1.45,1.37,2026-03-31,2025-03-31,reported_quarter,GROWTH,resolved,,1436425.0,,,,,,,,,,,,,0001628280-26-031198_EarningsPerShareDiluted_2026-01-01_2026-03-31_Q1,eps_pit_v4,2026-08-28T15:25:56.836165+00:00
2026-07-24,HG,70.1298701299,SEC,2026-05-06,1.31,0.77,2026-03-31,2025-03-31,reported_quarter,GROWTH,resolved,,1593275.0,,,,,,,,,,,,,0001593275-26-000064_EarningsPerShareDiluted_2026-01-01_2026-03-31_Q1,eps_pit_v4,2026-08-28T15:25:44.532409+00:00
2026-07-24,HST,105.7142857143,SEC,2026-05-08,0.72,0.35,2026-03-31,2025-03-31,reported_quarter,GROWTH,resolved,,1070750.0,,,,,,,,,,,,,0001070750-26-000080_EarningsPerShareDiluted_2026-01-01_2026-03-31_Q1,eps_pit_v4,2026-08-28T15:25:40.461952+00:00
2026-07-24,HWM,71.4285714286,SEC,2026-05-07,1.44,0.84,2026-03-31,2025-03-31,reported_quarter,GROWTH,resolved,,4281.0,,,,,,,,,,,,,0000004281-26-000019_EarningsPerShareDiluted_2026-01-01_2026-03-31_Q1,eps_pit_v4,2026-08-28T15:25:55.664361+00:00
2026-07-24,IBCP,9.4594594595,SEC,2026-05-06,0.81,0.74,2026-03-31,2025-03-31,reported_quarter,GROWTH,resolved,,39311.0,,,,,,,,,,,,,0000039311-26-000048_EarningsPerShareDiluted_2026-01-01_2026-03-31_Q1,eps_pit_v4,2026-08-28T15:25:44.461283+00:00
2026-07-24,IMAX,35.0,SEC,2026-07-23,0.27,0.2,2026-06-30,2025-06-30,reported_quarter,GROWTH,resolved,,921582.0,,,,,,,,,,,,,0001628280-26-049300_EarningsPerShareDiluted_2026-04-01_2026-06-30_Q2,eps_pit_v4,2026-08-28T15:25:46.556253+00:00
2026-07-24,INSW,475.0,SEC,2026-05-07,5.75,1.0,2026-03-31,2025-03-31,reported_quarter,GROWTH,resolved,,1679049.0,,,,,,,,,,,,,0001104659-26-056721_EarningsPerShareDiluted_2026-01-01_2026-03-31_Q1,eps_pit_v4,2026-08-28T15:25:38.714827+00:00
2026-07-24,IOR,4.1666666667,SEC,2026-05-07,0.25,0.24,2026-03-31,2025-03-31,reported_quarter,GROWTH,resolved,,949961.0,,,,,,,,,,,,,0001999371-26-010171_EarningsPerShareDiluted_2026-01-01_2026-03-31_Q1,eps_pit_v4,2026-08-28T15:25:54.238556+00:00
2026-07-24,IRM,860.0,SEC,2026-04-30,0.48,0.05,2026-03-31,2025-03-31,reported_quarter,GROWTH,resolved,,1020569.0,,,,,,,,,,,,,0001020569-26-000039_EarningsPerShareDiluted_2026-01-01_2026-03-31_Q1,eps_pit_v4,2026-08-28T15:25:44.159829+00:00
2026-07-24,JAZZ,391.4473684211,SEC,2026-05-05,4.43,-1.52,2026-03-31,2025-03-31,reported_quarter,TURNAROUND,resolved,,1232524.0,,,,,,,,,,,,,0001232524-26-000025_EarningsPerShareDiluted_2026-01-01_2026-03-31_Q1,eps_pit_v4,2026-08-28T15:25:54.144114+00:00
2026-07-24,JNJ,-0.8733624454,SEC,2026-07-23,2.27,2.29,2026-06-28,2025-06-29,reported_quarter,DECLINE,resolved,,200406.0,,,,,,,,,,,,,0000200406-26-000153_EarningsPerShareDiluted_2026-03-30_2026-06-28_Q2,eps_pit_v4,2026-08-28T15:25:58.666659+00:00
2026-07-24,JPM,17.1597633136,SEC,2026-05-01,5.94,5.07,2026-03-31,2025-03-31,reported_quarter,GROWTH,resolved,,19617.0,,,,,,,,,,,,,0001628280-26-029344_EarningsPerShareDiluted_2026-01-01_2026-03-31_Q1,eps_pit_v4,2026-08-28T15:25:50.914807+00:00
2026-07-24,LARK,7.7922077922,SEC,2026-05-06,0.83,0.77,2026-03-31,2025-03-31,reported_quarter,GROWTH,resolved,,1141688.0,,,,,,,,,,,,,0001493152-26-021454_EarningsPerShareDiluted_2026-01-01_2026-03-31_Q1,eps_pit_v4,2026-08-28T15:25:52.966788+00:00
2026-07-24,LBRX,95.4699121028,SEC,2026-05-12,-0.67,-14.79,2026-03-31,2025-03-31,reported_quarter,LOSS_NARROWING,resolved,,1691082.0,,,,,,,,,,,,,0001193125-26-219607_EarningsPerShareDiluted_2026-01-01_2026-03-31_Q1,eps_pit_v4,2026-08-28T15:25:39.195568+00:00
2026-07-24,LH,32.9365079365,SEC,2026-05-04,3.35,2.52,2026-03-31,2025-03-31,reported_quarter,GROWTH,resolved,,920148.0,,,,,,,,,,,,,0000920148-26-000139_EarningsPerShareDiluted_2026-01-01_2026-03-31_Q1,eps_pit_v4,2026-08-28T15:25:53.180394+00:00
2026-07-24,LPG,900.0,SEC,2026-05-27,1.9,0.19,2026-03-31,2025-03-31,reported_quarter,GROWTH,resolved,,1596993.0,,,,,,,,,,,,,0001596993-26-000025_EarningsPerShareDiluted_2026-01-01_2026-03-31_FY,eps_pit_v4,2026-08-28T15:25:39.445002+00:00
2026-07-24,LQDA,215.5555555556,SEC,2026-05-11,0.52,-0.45,2026-03-31,2025-03-31,reported_quarter,TURNAROUND,resolved,,1819576.0,,,,,,,,,,,,,0001104659-26-058252_EarningsPerShareDiluted_2026-01-01_2026-03-31_Q1,eps_pit_v4,2026-08-28T15:25:39.674853+00:00
2026-07-24,MMM,32.8358208955,SEC,2026-07-21,1.78,1.34,2026-06-30,2025-06-30,reported_quarter,GROWTH,resolved,,66740.0,,,,,,,,,,,,,0000066740-26-000246_EarningsPerShareDiluted_2026-04-01_2026-06-30_Q2,eps_pit_v4,2026-08-28T15:25:50.573731+00:00
2026-07-24,MOG-A,49.1228070175,SEC,2026-04-24,2.55,1.71,2026-03-28,2025-03-29,reported_quarter,GROWTH,resolved,,67887.0,,,,,,,,,,,,,0001628280-26-027064_EarningsPerShareDiluted_2026-01-04_2026-03-28_Q2,eps_pit_v4,2026-08-28T15:25:53.969761+00:00
2026-07-24,MRK,-185.5721393035,SEC,2026-05-04,-1.72,2.01,2026-03-31,2025-03-31,reported_quarter,PROFIT_TO_LOSS,resolved,,310158.0,,,,,,,,,,,,,0001628280-26-029802_EarningsPerShareDiluted_2026-01-01_2026-03-31_Q1,eps_pit_v4,2026-08-28T15:25:58.962377+00:00
2026-07-24,MSBI,111.2462006079,SEC,2026-04-30,0.74,-6.58,2026-03-31,2025-03-31,reported_quarter,TURNAROUND,resolved,,1466026.0,,,,,,,,,,,,,0001466026-26-000049_EarningsPerShareDiluted_2026-01-01_2026-03-31_Q1,eps_pit_v4,2026-08-28T15:25:39.857400+00:00
2026-07-24,NMM,112.0253164557,YahooHistoricalEvent,2026-05-21,3.35,1.58,2026-03-31,2025-03-31,reported_quarter,GROWTH,resolved,,,,,,,,,,,,,,,yahoo_event_2026-03-31_2026-05-21T07:00:00-04:00,eps_pit_v4,2026-08-28T15:25:39.960174+00:00
2026-07-24,NVEC,78.3783783784,SEC,2026-07-22,1.32,0.74,2026-06-30,2025-06-30,reported_quarter,GROWTH,resolved,,724910.0,,,,,,,,,,,,,0001376474-26-000514_EarningsPerShareDiluted_2026-04-01_2026-06-30_Q1,eps_pit_v4,2026-08-28T15:25:39.145531+00:00
2026-07-24,NWFL,-44.4444444444,SEC,2026-05-08,0.35,0.63,2026-03-31,2025-03-31,reported_quarter,DECLINE,resolved,,1013272.0,,,,,,,,,,,,,0001013272-26-000005_EarningsPerShareDiluted_2026-01-01_2026-03-31_Q1,eps_pit_v4,2026-08-28T15:25:42.730963+00:00
2026-07-24,OFG,26.0,SEC,2026-05-08,1.26,1.0,2026-03-31,2025-03-31,reported_quarter,GROWTH,resolved,,1030469.0,,,,,,,,,,,,,0001030469-26-000027_EarningsPerShareDiluted_2026-01-01_2026-03-31_Q1,eps_pit_v4,2026-08-28T15:25:49.653264+00:00
2026-07-24,OGE,-22.5806451613,SEC,2026-04-29,0.24,0.31,2026-03-31,2025-03-31,reported_quarter,DECLINE,resolved,,1021635.0,,,,,,,,,,,,,0001021635-26-000012_EarningsPerShareDiluted_2026-01-01_2026-03-31_Q1,eps_pit_v4,2026-08-28T15:25:58.344650+00:00
2026-07-24,OHI,42.4242424242,SEC,2026-04-29,0.47,0.33,2026-03-31,2025-03-31,reported_quarter,GROWTH,resolved,,888491.0,,,,,,,,,,,,,0000888491-26-000018_EarningsPerShareDiluted_2026-01-01_2026-03-31_Q1,eps_pit_v4,2026-08-28T15:25:57.361914+00:00
2026-07-24,ORRF,20.4301075269,SEC,2026-05-08,1.12,0.93,2026-03-31,2025-03-31,reported_quarter,GROWTH,resolved,,826154.0,,,,,,,,,,,,,0001628280-26-032835_EarningsPerShareDiluted_2026-01-01_2026-03-31_Q1,eps_pit_v4,2026-08-28T15:25:57.178880+00:00
2026-07-24,OVV,37.2881355932,SEC,2026-07-23,1.62,1.18,2026-06-30,2025-06-30,reported_quarter,GROWTH,resolved,,1792580.0,,,,,,,,,,,,,0001193125-26-314501_EarningsPerShareDiluted_2026-04-01_2026-06-30_Q2,eps_pit_v4,2026-08-28T15:25:51.401701+00:00
2026-07-24,PAGP,27.2727272727,SEC,2015-08-07,0.14,0.11,2015-06-30,2014-06-30,reported_quarter,GROWTH,resolved,,1581990.0,,,,,,,,,,,,,0001558370-15-001527_EarningsPerShareDiluted_2015-04-01_2015-06-30_Q2,eps_pit_v4,2026-08-28T15:25:44.655187+00:00
2026-07-24,PBFS,-4.347826087,SEC,2026-05-11,0.22,0.23,2026-03-31,2025-03-31,reported_quarter,DECLINE,resolved,,1769663.0,,,,,,,,,,,,,0001104659-26-058663_EarningsPerShareDiluted_2026-01-01_2026-03-31_Q1,eps_pit_v4,2026-08-28T15:25:57.710319+00:00
2026-07-24,PCAR,19.7916666667,SEC,2026-04-29,1.15,0.96,2026-03-31,2025-03-31,reported_quarter,GROWTH,resolved,,75362.0,,,,,,,,,,,,,0001193125-26-191499_EarningsPerShareDiluted_2026-01-01_2026-03-31_Q1,eps_pit_v4,2026-08-28T15:25:51.967315+00:00
2026-07-24,PKG,-15.4867256637,SEC,2026-05-08,1.91,2.26,2026-03-31,2025-03-31,reported_quarter,DECLINE,resolved,,75677.0,,,,,,,,,,,,,0001193125-26-213675_EarningsPerShareDiluted_2026-01-01_2026-03-31_Q1,eps_pit_v4,2026-08-28T15:25:42.992407+00:00
2026-07-24,PLSE,-8.0,SEC,2026-05-14,-0.27,-0.25,2026-03-31,2025-03-31,reported_quarter,LOSS_WIDENING,resolved,,1625101.0,,,,,,,,,,,,,0001437749-26-016897_EarningsPerShareBasic_2026-01-01_2026-03-31_Q1,eps_pit_v4,2026-08-28T15:25:40.305709+00:00
2026-07-24,QCRH,30.9210526316,SEC,2026-05-08,1.99,1.52,2026-03-31,2025-03-31,reported_quarter,GROWTH,resolved,,906465.0,,,,,,,,,,,,,0001104659-26-057779_EarningsPerShareDiluted_2026-01-01_2026-03-31_Q1,eps_pit_v4,2026-08-28T15:25:47.117360+00:00
2026-07-24,RBCAA,20.3125,SEC,2016-05-10,0.77,0.64,2016-03-31,2015-03-31,reported_quarter,GROWTH,resolved,,921557.0,,,,,,,,,,,,,0000921557-16-000006_EarningsPerShareDiluted_2016-01-01_2016-03-31_Q1,eps_pit_v4,2026-08-28T15:25:41.085705+00:00
2026-07-24,RHP,3.0,SEC,2026-05-01,1.03,1.0,2026-03-31,2025-03-31,reported_quarter,GROWTH,resolved,,1040829.0,,,,,,,,,,,,,0001104659-26-053780_EarningsPerShareDiluted_2026-01-01_2026-03-31_Q1,eps_pit_v4,2026-08-28T15:25:40.874513+00:00
2026-07-24,RNR,100.9174311927,SEC,2026-04-29,6.57,3.27,2026-03-31,2025-03-31,reported_quarter,GROWTH,resolved,,913144.0,,,,,,,,,,,,,0000913144-26-000065_EarningsPerShareDiluted_2026-01-01_2026-03-31_Q1,eps_pit_v4,2026-08-28T15:25:49.394348+00:00
2026-07-24,ROST,37.4149659864,SEC,2026-06-02,2.02,1.47,2026-05-02,2025-05-03,reported_quarter,GROWTH,resolved,,745732.0,,,,,,,,,,,,,0000745732-26-000032_EarningsPerShareDiluted_2026-02-01_2026-05-02_Q1,eps_pit_v4,2026-08-28T15:25:46.348273+00:00
2026-07-24,RS,36.3636363636,SEC,2026-04-29,5.1,3.74,2026-03-31,2025-03-31,reported_quarter,GROWTH,resolved,,861884.0,,,,,,,,,,,,,0001104659-26-051524_EarningsPerShareDiluted_2026-01-01_2026-03-31_Q1,eps_pit_v4,2026-08-28T15:25:53.772933+00:00
2026-07-24,SAFT,-166.8918918919,SEC,2026-05-08,-0.99,1.48,2026-03-31,2025-03-31,reported_quarter,PROFIT_TO_LOSS,resolved,,1172052.0,,,,,,,,,,,,,0001172052-26-000015_EarningsPerShareDiluted_2026-01-01_2026-03-31_Q1,eps_pit_v4,2026-08-28T15:25:43.563193+00:00
2026-07-24,SBLK,900.0,YahooHistoricalEvent,2026-05-20,0.56,-0.07,2026-03-31,2025-03-31,reported_quarter,TURNAROUND,resolved,,,,,,,,,,,,,,,yahoo_event_2026-03-31_2026-05-20T16:00:00-04:00,eps_pit_v4,2026-08-28T15:25:41.193822+00:00
2026-07-24,SBRA,-5.8823529412,SEC,2026-04-29,0.16,0.17,2026-03-31,2025-03-31,reported_quarter,DECLINE,resolved,,1492298.0,,,,,,,,,,,,,0001492298-26-000012_EarningsPerShareDiluted_2026-01-01_2026-03-31_Q1,eps_pit_v4,2026-08-28T15:25:56.336273+00:00
2026-07-24,SFNC,80.7692307692,SEC,2026-05-06,0.47,0.26,2026-03-31,2025-03-31,reported_quarter,GROWTH,resolved,,90498.0,,,,,,,,,,,,,0001628280-26-031205_EarningsPerShareDiluted_2026-01-01_2026-03-31_Q1,eps_pit_v4,2026-08-28T15:25:52.765627+00:00
2026-07-24,SHBI,24.3902439024,SEC,2026-05-04,0.51,0.41,2026-03-31,2025-03-31,reported_quarter,GROWTH,resolved,,1035092.0,,,,,,,,,,,,,0001035092-26-000030_EarningsPerShareDiluted_2026-01-01_2026-03-31_Q1,eps_pit_v4,2026-08-28T15:25:56.014822+00:00
2026-07-24,SMBK,20.8955223881,SEC,2026-05-11,0.81,0.67,2026-03-31,2025-03-31,reported_quarter,GROWTH,resolved,,1038773.0,,,,,,,,,,,,,0001104659-26-058728_EarningsPerShareDiluted_2026-01-01_2026-03-31_Q1,eps_pit_v4,2026-08-28T15:25:54.903705+00:00
2026-07-24,SON,23.6363636364,SEC,2026-04-28,0.68,0.55,2026-03-29,2025-03-30,reported_quarter,GROWTH,resolved,,91767.0,,,,,,,,,,,,,0000091767-26-000022_EarningsPerShareDiluted_2026-01-01_2026-03-29_Q1,eps_pit_v4,2026-08-28T15:25:51.208973+00:00
2026-07-24,SPG,16.5354330709,SEC,2026-05-11,1.48,1.27,2026-03-31,2025-03-31,reported_quarter,GROWTH,resolved,,1063761.0,,,,,,,,,,,,,0001104659-26-058640_EarningsPerShareDiluted_2026-01-01_2026-03-31_Q1,eps_pit_v4,2026-08-28T15:25:58.082828+00:00
2026-07-24,STBA,8.0459770115,SEC,2026-05-08,0.94,0.87,2026-03-31,2025-03-31,reported_quarter,GROWTH,resolved,,719220.0,,,,,,,,,,,,,0000719220-26-000050_EarningsPerShareDiluted_2026-01-01_2026-03-31_Q1,eps_pit_v4,2026-08-28T15:25:43.798831+00:00
2026-07-24,SXT,28.3950617284,SEC,2026-05-05,1.04,0.81,2026-03-31,2025-03-31,reported_quarter,GROWTH,resolved,,310142.0,,,,,,,,,,,,,0001140361-26-019060_EarningsPerShareDiluted_2026-01-01_2026-03-31_Q1,eps_pit_v4,2026-08-28T15:25:41.841306+00:00
2026-07-24,THG,48.5714285714,SEC,2026-04-30,5.2,3.5,2026-03-31,2025-03-31,reported_quarter,GROWTH,resolved,,944695.0,,,,,,,,,,,,,0001193125-26-197530_EarningsPerShareDiluted_2026-01-01_2026-03-31_Q1,eps_pit_v4,2026-08-28T15:25:57.586963+00:00
2026-07-24,THRM,600.0,SEC,2026-07-23,0.14,0.02,2026-06-30,2025-06-30,reported_quarter,GROWTH,resolved,,903129.0,,,,,,,,,,,,,0001193125-26-314184_EarningsPerShareDiluted_2026-04-01_2026-06-30_Q2,eps_pit_v4,2026-08-28T15:25:40.209607+00:00
2026-07-24,TMP,32.8467153285,SEC,2026-05-05,1.82,1.37,2026-03-31,2025-03-31,reported_quarter,GROWTH,resolved,,1005817.0,,,,,,,,,,,,,0001005817-26-000049_EarningsPerShareDiluted_2026-01-01_2026-03-31_Q1,eps_pit_v4,2026-08-28T15:25:51.720553+00:00
2026-07-24,TRST,21.3333333333,SEC,2026-05-08,0.91,0.75,2026-03-31,2025-03-31,reported_quarter,GROWTH,resolved,,357301.0,,,,,,,,,,,,,0001140361-26-020000_EarningsPerShareDiluted_2026-01-01_2026-03-31_Q1,eps_pit_v4,2026-08-28T15:25:42.518327+00:00
2026-07-24,URI,6.5739570164,SEC,2026-04-22,8.43,7.91,2026-03-31,2025-03-31,reported_quarter,GROWTH,resolved,,1067701.0,,,,,,,,,,,,,0001067701-26-000016_EarningsPerShareDiluted_2026-01-01_2026-03-31_Q1,eps_pit_v4,2026-08-28T15:25:45.829541+00:00
2026-07-24,USCB,34.2105263158,SEC,2026-05-08,0.51,0.38,2026-03-31,2025-03-31,reported_quarter,GROWTH,resolved,,1901637.0,,,,,,,,,,,,,0001562762-26-000062_EarningsPerShareDiluted_2026-01-01_2026-03-31_Q1,eps_pit_v4,2026-08-28T15:25:43.290873+00:00
2026-07-24,VIK,54.1666666667,YahooHistoricalEvent,2026-05-14,-0.11,-0.24,2026-03-31,2025-03-31,reported_quarter,LOSS_NARROWING,resolved,,,,,,,,,,,,,,,yahoo_event_2026-03-31_2026-05-14T07:00:00-04:00,eps_pit_v4,2026-08-28T15:25:51.469134+00:00
2026-07-24,VVX,140.0,SEC,2026-05-04,0.6,0.25,2026-04-03,2025-03-28,reported_quarter,GROWTH,resolved,,1601548.0,,,,,,,,,,,,,0001601548-26-000025_EarningsPerShareDiluted_2026-01-01_2026-04-03_Q1,eps_pit_v4,2026-08-28T15:25:48.728988+00:00
2026-07-24,WAB,18.8775510204,SEC,2026-07-22,2.33,1.96,2026-06-30,2025-06-30,reported_quarter,GROWTH,resolved,,943452.0,,,,,,,,,,,,,0001628280-26-049139_EarningsPerShareDiluted_2026-04-01_2026-06-30_Q2,eps_pit_v4,2026-08-28T15:25:41.395733+00:00
2026-07-24,WRLD,-5.9418457649,SEC,2026-06-04,7.44,7.91,2026-03-31,2025-03-31,reported_quarter,DECLINE,resolved,,108385.0,,,,,,,,,,,,,0000108385-26-000014_EarningsPerShareDiluted_2026-01-01_2026-03-31_FY,eps_pit_v4,2026-08-28T15:25:40.703114+00:00
2026-07-31,AAMI,25.9259259259,SEC,2026-05-07,0.68,0.54,2026-03-31,2025-03-31,reported_quarter,GROWTH,resolved,,1748824.0,,,,,,,,,,,,,0001628280-26-031710_EarningsPerShareDiluted_2026-01-01_2026-03-31_Q1,eps_pit_v4,2026-08-28T15:26:09.450949+00:00
2026-07-31,ACT,9.2592592593,SEC,2026-05-06,1.18,1.08,2026-03-31,2025-03-31,reported_quarter,GROWTH,resolved,,1823529.0,,,,,,,,,,,,,0001823529-26-000109_EarningsPerShareDiluted_2026-01-01_2026-03-31_Q1,eps_pit_v4,2026-08-28T15:26:16.965447+00:00
2026-07-31,ACU,-41.4634146341,SEC,2026-05-06,0.24,0.41,2026-03-31,2025-03-31,reported_quarter,DECLINE,resolved,,2098.0,,,,,,,,,,,,,0001193125-26-209010_EarningsPerShareDiluted_2026-01-01_2026-03-31_Q1,eps_pit_v4,2026-08-28T15:26:01.769129+00:00
2026-07-31,AMLX,11.9047619048,SEC,2026-05-07,-0.37,-0.42,2026-03-31,2025-03-31,reported_quarter,LOSS_NARROWING,resolved,,1658551.0,,,,,,,,,,,,,0001193125-26-210292_EarningsPerShareDiluted_2026-01-01_2026-03-31_Q1,eps_pit_v4,2026-08-28T15:26:02.250879+00:00
2026-07-31,AMTB,-3.6363636364,SEC,2026-07-31,0.53,0.55,2026-06-30,2025-06-30,reported_quarter,DECLINE,resolved,,1734342.0,,,,,,,,,,,,,0001734342-26-000079_EarningsPerShareDiluted_2026-04-01_2026-06-30_Q2,eps_pit_v4,2026-08-28T15:26:04.457231+00:00
2026-07-31,ASH,102.1591610117,SEC,2026-07-29,0.35,-16.21,2026-06-30,2025-06-30,reported_quarter,TURNAROUND,resolved,,1674862.0,,,,,,,,,,,,,0001193125-26-324226_EarningsPerShareDiluted_2026-04-01_2026-06-30_Q3,eps_pit_v4,2026-08-28T15:26:07.927270+00:00
2026-07-31,ATLC,49.6644295302,SEC,2026-05-07,2.23,1.49,2026-03-31,2025-03-31,reported_quarter,GROWTH,resolved,,1464343.0,,,,,,,,,,,,,0001437749-26-015592_EarningsPerShareDiluted_2026-01-01_2026-03-31_Q1,eps_pit_v4,2026-08-28T15:26:03.108197+00:00
2026-07-31,BFC,-2.1978021978,SEC,2026-05-11,1.78,1.82,2026-03-31,2025-03-31,reported_quarter,DECLINE,resolved,,1746109.0,,,,,,,,,,,,,0001104659-26-058557_EarningsPerShareDiluted_2026-01-01_2026-03-31_Q1,eps_pit_v4,2026-08-28T15:26:18.363309+00:00
2026-07-31,BFH,20.7482993197,SEC,2026-07-28,3.55,2.94,2026-06-30,2025-06-30,reported_quarter,GROWTH,resolved,,1101215.0,,,,,,,,,,,,,0001101215-26-000074_EarningsPerShareDiluted_2026-04-01_2026-06-30_Q2,eps_pit_v4,2026-08-28T15:26:12.384608+00:00
2026-07-31,BHB,22.7272727273,SEC,2026-05-05,0.81,0.66,2026-03-31,2025-03-31,reported_quarter,GROWTH,resolved,,743367.0,,,,,,,,,,,,,0001104659-26-055671_EarningsPerShareDiluted_2026-01-01_2026-03-31_Q1,eps_pit_v4,2026-08-28T15:26:12.034439+00:00
2026-07-31,BPOP,47.65625,SEC,2026-05-08,3.78,2.56,2026-03-31,2025-03-31,reported_quarter,GROWTH,resolved,,763901.0,,,,,,,,,,,,,0001193125-26-214600_EarningsPerShareDiluted_2026-01-01_2026-03-31_Q1,eps_pit_v4,2026-08-28T15:26:13.280875+00:00
2026-07-31,BPRN,18.1818181818,SEC,2026-05-08,0.91,0.77,2026-03-31,2025-03-31,reported_quarter,GROWTH,resolved,,1913971.0,,,,,,,,,,,,,0001193125-26-214214_EarningsPerShareDiluted_2026-01-01_2026-03-31_Q1,eps_pit_v4,2026-08-28T15:26:08.596470+00:00
2026-07-31,BWFG,62.0689655172,SEC,2026-05-06,1.41,0.87,2026-03-31,2025-03-31,reported_quarter,GROWTH,resolved,,1505732.0,,,,,,,,,,,,,0001505732-26-000074_EarningsPerShareDiluted_2026-01-01_2026-03-31_Q1,eps_pit_v4,2026-08-28T15:26:06.981230+00:00
2026-07-31,CAC,200.0,SEC,2026-05-07,1.29,0.43,2026-03-31,2025-03-31,reported_quarter,GROWTH,resolved,,750686.0,,,,,,,,,,,,,0000750686-26-000026_EarningsPerShareDiluted_2026-01-01_2026-03-31_Q1,eps_pit_v4,2026-08-28T15:26:15.893735+00:00
2026-07-31,CASY,66.1596958175,SEC,2026-06-22,4.370000000000001,2.630000000000001,2026-04-30,2025-04-30,derived_from_fy,GROWTH,resolved,,726958.0,,,,,,,,,,,,,"derived_from_fy(0000726958-26-000046_EarningsPerShareDiluted_2025-05-01_2026-04-30_FY,0000726958-25-000101_EarningsPerShareDiluted_2025-05-01_2025-07-31_Q1,0000726958-25-000114_EarningsPerShareDiluted_2025-08-01_2025-10-31_Q2,0000726958-26-000010_EarningsPerShareDiluted_2025-11-01_2026-01-31_Q3)",eps_pit_v4,2026-08-28T15:26:15.584879+00:00
2026-07-31,CBNA,27.0588235294,SEC,2026-05-12,1.08,0.85,2026-03-31,2025-03-31,reported_quarter,GROWTH,resolved,,1392272.0,,,,,,,,,,,,,0001628280-26-034040_EarningsPerShareDiluted_2026-01-01_2026-03-31_Q1,eps_pit_v4,2026-08-28T15:26:11.259190+00:00
2026-07-31,CBNK,-10.9756097561,SEC,2026-05-08,0.73,0.82,2026-03-31,2025-03-31,reported_quarter,DECLINE,resolved,,1419536.0,,,,,,,,,,,,,0001419536-26-000100_EarningsPerShareDiluted_2026-01-01_2026-03-31_Q1,eps_pit_v4,2026-08-28T15:26:16.500569+00:00
2026-07-31,CCNE,76.0,SEC,2026-05-06,0.88,0.5,2026-03-31,2025-03-31,reported_quarter,GROWTH,resolved,,736772.0,,,,,,,,,,,,,0000736772-26-000053_EarningsPerShareDiluted_2026-01-01_2026-03-31_Q1,eps_pit_v4,2026-08-28T15:26:14.197018+00:00
2026-07-31,CHEF,60.0,SEC,2026-04-29,0.4,0.25,2026-03-27,2025-03-28,reported_quarter,GROWTH,resolved,,1517175.0,,,,,,,,,,,,,0001517175-26-000023_EarningsPerShareDiluted_2025-12-27_2026-03-27_Q1,eps_pit_v4,2026-08-28T15:26:04.839982+00:00
2026-07-31,CIVB,9.0909090909,SEC,2026-05-08,0.72,0.66,2026-03-31,2025-03-31,reported_quarter,GROWTH,resolved,,944745.0,,,,,,,,,,,,,0001193125-26-214922_EarningsPerShareDiluted_2026-01-01_2026-03-31_Q1,eps_pit_v4,2026-08-28T15:26:10.769988+00:00
2026-07-31,CLDX,-45.6790123457,SEC,2026-05-07,-1.18,-0.81,2026-03-31,2025-03-31,reported_quarter,LOSS_WIDENING,resolved,,744218.0,,,,,,,,,,,,,0001104659-26-057113_EarningsPerShareDiluted_2026-01-01_2026-03-31_Q1,eps_pit_v4,2026-08-28T15:26:09.172285+00:00
2026-07-31,CNK,81.25,SEC,2026-05-01,-0.06,-0.32,2026-03-31,2025-03-31,reported_quarter,LOSS_NARROWING,resolved,,1385280.0,,,,,,,,,,,,,0001193125-26-199037_EarningsPerShareDiluted_2026-01-01_2026-03-31_Q1,eps_pit_v4,2026-08-28T15:26:03.847044+00:00
2026-07-31,CTRN,727.2727272727,SEC,2026-06-10,0.91,0.11,2026-05-02,2025-05-03,reported_quarter,GROWTH,resolved,,1318484.0,,,,,,,,,,,,,0001104659-26-072225_EarningsPerShareDiluted_2026-02-01_2026-05-02_Q1,eps_pit_v4,2026-08-28T15:26:03.609680+00:00
2026-07-31,CZFS,35.8490566038,SEC,2026-05-07,2.16,1.59,2026-03-31,2025-03-31,reported_quarter,GROWTH,resolved,,739421.0,,,,,,,,,,,,,0001140361-26-019398_EarningsPerShareDiluted_2026-01-01_2026-03-31_Q1,eps_pit_v4,2026-08-28T15:26:05.055053+00:00
2026-07-31,CZNC,-95.1219512195,SEC,2026-05-08,0.02,0.41,2026-03-31,2025-03-31,reported_quarter,DECLINE,resolved,,810958.0,,,,,,,,,,,,,0001104659-26-057705_EarningsPerShareDiluted_2026-01-01_2026-03-31_Q1,eps_pit_v4,2026-08-28T15:26:17.202798+00:00
2026-07-31,DAC,11.2582781457,YahooHistoricalEvent,2026-05-11,6.72,6.04,2026-03-31,2025-03-31,reported_quarter,GROWTH,resolved,,,,,,,,,,,,,,,yahoo_event_2026-03-31_2026-05-11T17:00:00-04:00,eps_pit_v4,2026-08-28T15:26:18.559078+00:00
2026-07-31,DCOM,17.1875,SEC,2026-07-31,0.75,0.64,2026-06-30,2025-06-30,reported_quarter,GROWTH,resolved,,846617.0,,,,,,,,,,,,,0000846617-26-000043_EarningsPerShareDiluted_2026-04-01_2026-06-30_Q2,eps_pit_v4,2026-08-28T15:26:05.630825+00:00
2026-07-31,EAT,12.109375,SEC,2026-04-29,2.87,2.56,2026-03-25,2025-03-26,reported_quarter,GROWTH,resolved,,703351.0,,,,,,,,,,,,,0000703351-26-000015_EarningsPerShareDiluted_2025-12-25_2026-03-25_Q3,eps_pit_v4,2026-08-28T15:26:00.699549+00:00
2026-07-31,ECBK,137.5,SEC,2026-05-08,0.38,0.16,2026-03-31,2025-03-31,reported_quarter,GROWTH,resolved,,1914605.0,,,,,,,,,,,,,0001437749-26-015758_EarningsPerShareDiluted_2026-01-01_2026-03-31_Q1,eps_pit_v4,2026-08-28T15:26:18.457657+00:00
2026-07-31,ECPG,100.0,SEC,2026-05-06,3.86,1.93,2026-03-31,2025-03-31,reported_quarter,GROWTH,resolved,,1084961.0,,,,,,,,,,,,,0001084961-26-000039_EarningsPerShareDiluted_2026-01-01_2026-03-31_Q1,eps_pit_v4,2026-08-28T15:26:00.883349+00:00
2026-07-31,ENVA,39.8601398601,SEC,2026-07-23,4.0,2.86,2026-06-30,2025-06-30,reported_quarter,GROWTH,resolved,,1529864.0,,,,,,,,,,,,,0001193125-26-314590_EarningsPerShareDiluted_2026-04-01_2026-06-30_Q2,eps_pit_v4,2026-08-28T15:26:07.328608+00:00
2026-07-31,ESQ,5.2631578947,SEC,2026-05-11,1.4,1.33,2026-03-31,2025-03-31,reported_quarter,GROWTH,resolved,,1531031.0,,,,,,,,,,,,,0001104659-26-058451_EarningsPerShareDiluted_2026-01-01_2026-03-31_Q1,eps_pit_v4,2026-08-28T15:26:15.216839+00:00
2026-07-31,ETON,183.3333333333,SEC,2026-05-14,0.05,-0.06,2026-03-31,2025-03-31,reported_quarter,TURNAROUND,resolved,,1710340.0,,,,,,,,,,,,,0001437749-26-017064_EarningsPerShareDiluted_2026-01-01_2026-03-31_Q1,eps_pit_v4,2026-08-28T15:26:00.995504+00:00
2026-07-31,FCCO,15.6862745098,SEC,2026-05-15,0.59,0.51,2026-03-31,2025-03-31,reported_quarter,GROWTH,resolved,,932781.0,,,,,,,,,,,,,0001552781-26-000341_EarningsPerShareDiluted_2026-01-01_2026-03-31_Q1,eps_pit_v4,2026-08-28T15:26:19.409689+00:00
2026-07-31,FISI,28.3950617284,SEC,2026-05-04,1.04,0.81,2026-03-31,2025-03-31,reported_quarter,GROWTH,resolved,,862831.0,,,,,,,,,,,,,0001193125-26-203962_EarningsPerShareDiluted_2026-01-01_2026-03-31_Q1,eps_pit_v4,2026-08-28T15:26:14.874882+00:00
2026-07-31,FRBA,2.380952381,YahooHistoricalEvent,2026-07-23,0.43,0.42,2026-06-30,2025-06-30,reported_quarter,GROWTH,resolved,,,,,,,,,,,,,,,yahoo_event_2026-06-30_2026-07-23T16:00:00-04:00,eps_pit_v4,2026-08-28T15:26:14.928960+00:00
2026-07-31,FSEA,14.2857142857,SEC,2026-05-15,-0.12,-0.14,2026-03-31,2025-03-31,reported_quarter,LOSS_NARROWING,resolved,,1943802.0,,,,,,,,,,,,,0001193125-26-225434_EarningsPerShareDiluted_2026-01-01_2026-03-31_Q1,eps_pit_v4,2026-08-28T15:26:13.375626+00:00
2026-07-31,FXNC,200.0,SEC,2026-05-13,0.54,0.18,2026-03-31,2025-03-31,reported_quarter,GROWTH,resolved,,719402.0,,,,,,,,,,,,,0001437749-26-016708_EarningsPerShareDiluted_2026-01-01_2026-03-31_Q1,eps_pit_v4,2026-08-28T15:26:07.194184+00:00
2026-07-31,GABC,193.3333333333,SEC,2026-05-06,0.88,0.3,2026-03-31,2025-03-31,reported_quarter,GROWTH,resolved,,714395.0,,,,,,,,,,,,,0000714395-26-000027_EarningsPerShareDiluted_2026-01-01_2026-03-31_Q1,eps_pit_v4,2026-08-28T15:26:08.834270+00:00
2026-07-31,GH,-12.5,SEC,2026-07-30,-0.9,-0.8,2026-06-30,2025-06-30,reported_quarter,LOSS_WIDENING,resolved,,1576280.0,,,,,,,,,,,,,0001576280-26-000037_EarningsPerShareDiluted_2026-04-01_2026-06-30_Q2,eps_pit_v4,2026-08-28T15:26:02.932208+00:00
2026-07-31,GIII,782.3529411765,SEC,2026-06-08,1.5,0.17,2026-04-30,2025-04-30,reported_quarter,GROWTH,resolved,,821002.0,,,,,,,,,,,,,0001104659-26-071371_EarningsPerShareDiluted_2026-02-01_2026-04-30_Q1,eps_pit_v4,2026-08-28T15:26:05.862512+00:00
2026-07-31,GKOS,8.8235294118,SEC,2026-07-29,-0.31,-0.34,2026-06-30,2025-06-30,reported_quarter,LOSS_NARROWING,resolved,,1192448.0,,,,,,,,,,,,,0001193125-26-324201_EarningsPerShareDiluted_2026-04-01_2026-06-30_Q2,eps_pit_v4,2026-08-28T15:26:02.175105+00:00
2026-07-31,GRMN,21.511627907,SEC,2026-04-29,2.09,1.72,2026-03-28,2025-03-29,reported_quarter,GROWTH,resolved,,1121788.0,,,,,,,,,,,,,0001193125-26-188908_EarningsPerShareDiluted_2025-12-28_2026-03-28_Q1,eps_pit_v4,2026-08-28T15:26:09.360977+00:00
2026-07-31,GSAT,0.0,SEC,2026-05-07,-0.16,-0.16,2026-03-31,2025-03-31,reported_quarter,FLAT,resolved,,1366868.0,,,,,,,,,,,,,0001366868-26-000029_EarningsPerShareDiluted_2026-01-01_2026-03-31_Q1,eps_pit_v4,2026-08-28T15:26:06.544304+00:00
2026-07-31,HBNC,-5.5555555556,SEC,2026-05-08,0.51,0.54,2026-03-31,2025-03-31,reported_quarter,DECLINE,resolved,,706129.0,,,,,,,,,,,,,0000706129-26-000046_EarningsPerShareDiluted_2026-01-01_2026-03-31_Q1,eps_pit_v4,2026-08-28T15:26:16.718215+00:00
2026-07-31,HCSG,172.7272727273,SEC,2026-07-24,0.32,-0.44,2026-06-30,2025-06-30,reported_quarter,TURNAROUND,resolved,,731012.0,,,,,,,,,,,,,0000731012-26-000046_EarningsPerShareDiluted_2026-04-01_2026-06-30_Q2,eps_pit_v4,2026-08-28T15:26:17.691258+00:00
2026-07-31,HTB,17.8571428571,SEC,2026-05-06,0.99,0.84,2026-03-31,2025-03-31,reported_quarter,GROWTH,resolved,,1538263.0,,,,,,,,,,,,,0001538263-26-000046_EarningsPerShareDiluted_2026-01-01_2026-03-31_Q1,eps_pit_v4,2026-08-28T15:26:18.779305+00:00
2026-07-31,IBCP,9.4594594595,SEC,2026-05-06,0.81,0.74,2026-03-31,2025-03-31,reported_quarter,GROWTH,resolved,,39311.0,,,,,,,,,,,,,0000039311-26-000048_EarningsPerShareDiluted_2026-01-01_2026-03-31_Q1,eps_pit_v4,2026-08-28T15:26:11.190711+00:00
2026-07-31,IMAX,35.0,SEC,2026-07-23,0.27,0.2,2026-06-30,2025-06-30,reported_quarter,GROWTH,resolved,,921582.0,,,,,,,,,,,,,0001628280-26-049300_EarningsPerShareDiluted_2026-04-01_2026-06-30_Q2,eps_pit_v4,2026-08-28T15:26:09.046627+00:00
2026-07-31,KNSA,145.4545454545,SEC,2026-04-28,0.27,0.11,2026-03-31,2025-03-31,reported_quarter,GROWTH,resolved,,1730430.0,,,,,,,,,,,,,0001104659-26-050359_EarningsPerShareDiluted_2026-01-01_2026-03-31_Q1,eps_pit_v4,2026-08-28T15:26:11.347471+00:00
2026-07-31,KO,18.1818181818,SEC,2026-04-30,0.91,0.77,2026-04-03,2025-03-28,reported_quarter,GROWTH,resolved,,21344.0,,,,,,,,,,,,,0001628280-26-028802_EarningsPerShareDiluted_2026-01-01_2026-04-03_Q1,eps_pit_v4,2026-08-28T15:26:19.653921+00:00
2026-07-31,LH,32.9365079365,SEC,2026-05-04,3.35,2.52,2026-03-31,2025-03-31,reported_quarter,GROWTH,resolved,,920148.0,,,,,,,,,,,,,0000920148-26-000139_EarningsPerShareDiluted_2026-01-01_2026-03-31_Q1,eps_pit_v4,2026-08-28T15:26:14.636418+00:00
2026-07-31,LPG,900.0,SEC,2026-05-27,1.9,0.19,2026-03-31,2025-03-31,reported_quarter,GROWTH,resolved,,1596993.0,,,,,,,,,,,,,0001596993-26-000025_EarningsPerShareDiluted_2026-01-01_2026-03-31_FY,eps_pit_v4,2026-08-28T15:26:01.417106+00:00
2026-07-31,LTH,40.625,SEC,2026-07-30,0.45,0.32,2026-06-30,2025-06-30,reported_quarter,GROWTH,resolved,,1869198.0,,,,,,,,,,,,,0001869198-26-000042_EarningsPerShareDiluted_2026-04-01_2026-06-30_Q2,eps_pit_v4,2026-08-28T15:26:02.700406+00:00
2026-07-31,MANU,200.0,YahooHistoricalEvent,2026-05-27,0.03,-0.03,2026-03-31,2025-03-31,reported_quarter,TURNAROUND,resolved,,,,,,,,,,,,,,,yahoo_event_2026-03-31_2026-05-27T07:00:00-04:00,eps_pit_v4,2026-08-28T15:26:11.635069+00:00
2026-07-31,MBIN,34.4086021505,SEC,2026-05-07,1.25,0.93,2026-03-31,2025-03-31,reported_quarter,GROWTH,resolved,,1629019.0,,,,,,,,,,,,,0001104659-26-057107_EarningsPerShareDiluted_2026-01-01_2026-03-31_Q1,eps_pit_v4,2026-08-28T15:26:01.974357+00:00
2026-07-31,MBWM,7.9136690647,SEC,2026-07-31,1.5,1.39,2026-06-30,2025-06-30,reported_quarter,GROWTH,resolved,,1042729.0,,,,,,,,,,,,,0001437749-26-025168_EarningsPerShareDiluted_2026-04-01_2026-06-30_Q2,eps_pit_v4,2026-08-28T15:26:19.200135+00:00
2026-07-31,MCHB,-9.0909090909,SEC,2026-05-08,0.2,0.22,2026-03-31,2025-03-31,reported_quarter,DECLINE,resolved,,1518715.0,,,,,,,,,,,,,0001518715-26-000046_EarningsPerShareDiluted_2026-01-01_2026-03-31_Q1,eps_pit_v4,2026-08-28T15:26:04.141048+00:00
2026-07-31,MCS,400.0,SEC,2014-04-08,0.15,-0.05,2014-02-27,2013-02-28,reported_quarter,TURNAROUND,resolved,,62234.0,,,,,,,,,,,,,0001144204-14-021372_EarningsPerShareDiluted_2013-11-29_2014-02-27_Q3,eps_pit_v4,2026-08-28T15:26:00.440294+00:00
2026-07-31,MMM,32.8358208955,SEC,2026-07-21,1.78,1.34,2026-06-30,2025-06-30,reported_quarter,GROWTH,resolved,,66740.0,,,,,,,,,,,,,0000066740-26-000246_EarningsPerShareDiluted_2026-04-01_2026-06-30_Q2,eps_pit_v4,2026-08-28T15:26:17.448645+00:00
2026-07-31,MPB,-49.2957746479,SEC,2026-05-07,0.36,0.71,2026-03-31,2025-03-31,reported_quarter,DECLINE,resolved,,879635.0,,,,,,,,,,,,,0000879635-26-000035_EarningsPerShareDiluted_2026-01-01_2026-03-31_Q1,eps_pit_v4,2026-08-28T15:26:15.440947+00:00
2026-07-31,MSBI,86.3636363636,SEC,2026-07-30,0.82,0.44,2026-06-30,2025-06-30,reported_quarter,GROWTH,resolved,,1466026.0,,,,,,,,,,,,,0001466026-26-000078_EarningsPerShareDiluted_2026-04-01_2026-06-30_Q2,eps_pit_v4,2026-08-28T15:26:01.273036+00:00
2026-07-31,MTX,-509.7222222222,SEC,2026-07-31,-5.9,1.44,2026-07-05,2025-06-29,reported_quarter,PROFIT_TO_LOSS,resolved,,891014.0,,,,,,,,,,,,,0000891014-26-000167_EarningsPerShareDiluted_2026-04-06_2026-07-05_Q2,eps_pit_v4,2026-08-28T15:26:16.073648+00:00
2026-07-31,MVBF,44.4444444444,SEC,2026-05-06,0.39,0.27,2026-03-31,2025-03-31,reported_quarter,GROWTH,resolved,,1277902.0,,,,,,,,,,,,,0001277902-26-000065_EarningsPerShareDiluted_2026-01-01_2026-03-31_Q1,eps_pit_v4,2026-08-28T15:26:13.778316+00:00
2026-07-31,MYE,103.8461538462,SEC,2026-07-30,0.53,0.26,2026-06-30,2025-06-30,reported_quarter,GROWTH,resolved,,69488.0,,,,,,,,,,,,,0001193125-26-324876_EarningsPerShareDiluted_2026-04-01_2026-06-30_Q2,eps_pit_v4,2026-08-28T15:26:11.805991+00:00
2026-07-31,NBBK,9.0909090909,SEC,2026-05-08,0.36,0.33,2026-03-31,2025-03-31,reported_quarter,GROWTH,resolved,,1979330.0,,,,,,,,,,,,,0001104659-26-057822_EarningsPerShareDiluted_2026-01-01_2026-03-31_Q1,eps_pit_v4,2026-08-28T15:26:13.538929+00:00
2026-07-31,NET,36.3636363636,SEC,2026-05-08,-0.07,-0.11,2026-03-31,2025-03-31,reported_quarter,LOSS_NARROWING,resolved,,1477333.0,,,,,,,,,,,,,0001477333-26-000038_EarningsPerShareDiluted_2026-01-01_2026-03-31_Q1,eps_pit_v4,2026-08-28T15:26:05.397388+00:00
2026-07-31,NEU,22.8040540541,SEC,2026-07-30,14.54,11.84,2026-06-30,2025-06-30,reported_quarter,GROWTH,resolved,,1282637.0,,,,,,,,,,,,,0001282637-26-000016_EarningsPerShareDiluted_2026-04-01_2026-06-30_Q2,eps_pit_v4,2026-08-28T15:26:06.788767+00:00
2026-07-31,NMIH,14.0495867769,SEC,2026-07-31,1.38,1.21,2026-06-30,2025-06-30,reported_quarter,GROWTH,resolved,,1547903.0,,,,,,,,,,,,,0001547903-26-000038_EarningsPerShareDiluted_2026-04-01_2026-06-30_Q2,eps_pit_v4,2026-08-28T15:26:09.676782+00:00
2026-07-31,NTAP,23.1707317073,SEC,2026-06-05,2.0199999999999996,1.6400000000000006,2026-04-24,2025-04-25,derived_from_fy,GROWTH,resolved,,1002047.0,,,,,,,,,,,,,"derived_from_fy(0001193125-26-259683_EarningsPerShareDiluted_2025-04-26_2026-04-24_FY,0001193125-25-189700_EarningsPerShareDiluted_2025-04-26_2025-07-25_Q1,0001193125-25-297237_EarningsPerShareDiluted_2025-07-26_2025-10-24_Q2,0001193125-26-076622_EarningsPerShareDiluted_2025-10-25_2026-01-23_Q3)",eps_pit_v4,2026-08-28T15:26:07.535060+00:00
2026-07-31,NUE,382.0895522388,SEC,2026-05-13,3.23,0.67,2026-04-04,2025-04-05,reported_quarter,GROWTH,resolved,,73309.0,,,,,,,,,,,,,0001193125-26-220778_EarningsPerShareDiluted_2026-01-01_2026-04-04_Q1,eps_pit_v4,2026-08-28T15:26:01.614245+00:00
2026-07-31,NWFL,-44.4444444444,SEC,2026-05-08,0.35,0.63,2026-03-31,2025-03-31,reported_quarter,DECLINE,resolved,,1013272.0,,,,,,,,,,,,,0001013272-26-000005_EarningsPerShareDiluted_2026-01-01_2026-03-31_Q1,eps_pit_v4,2026-08-28T15:26:06.080162+00:00
2026-07-31,OBK,25.3521126761,SEC,2026-05-06,0.89,0.71,2026-03-31,2025-03-31,reported_quarter,GROWTH,resolved,,1516912.0,,,,,,,,,,,,,0001516912-26-000032_EarningsPerShareDiluted_2026-01-01_2026-03-31_Q1,eps_pit_v4,2026-08-28T15:26:16.876561+00:00
2026-07-31,ODC,-17.5675675676,SEC,2020-06-08,0.61,0.74,2020-04-30,2019-04-30,reported_quarter,DECLINE,resolved,,74046.0,,,,,,,,,,,,,0000074046-20-000029_EarningsPerShareDiluted_2020-02-01_2020-04-30_Q3,eps_pit_v4,2026-08-28T15:26:04.685864+00:00
2026-07-31,OSBC,11.6279069767,SEC,2026-05-07,0.48,0.43,2026-03-31,2025-03-31,reported_quarter,GROWTH,resolved,,357173.0,,,,,,,,,,,,,0000357173-26-000022_EarningsPerShareDiluted_2026-01-01_2026-03-31_Q1,eps_pit_v4,2026-08-28T15:26:17.910373+00:00
2026-07-31,PFGC,-27.027027027,SEC,2026-05-06,0.27,0.37,2026-03-28,2025-03-29,reported_quarter,DECLINE,resolved,,1618673.0,,,,,,,,,,,,,0001193125-26-209011_EarningsPerShareDiluted_2025-12-28_2026-03-28_Q3,eps_pit_v4,2026-08-28T15:26:12.685414+00:00
2026-07-31,PKOH,-5.0,SEC,2026-05-07,0.57,0.6,2026-03-31,2025-03-31,reported_quarter,DECLINE,resolved,,76282.0,,,,,,,,,,,,,0000076282-26-000013_EarningsPerShareDiluted_2026-01-01_2026-03-31_Q1,eps_pit_v4,2026-08-28T15:26:02.411407+00:00
2026-07-31,PLSE,-8.0,SEC,2026-05-14,-0.27,-0.25,2026-03-31,2025-03-31,reported_quarter,LOSS_WIDENING,resolved,,1625101.0,,,,,,,,,,,,,0001437749-26-016897_EarningsPerShareBasic_2026-01-01_2026-03-31_Q1,eps_pit_v4,2026-08-28T15:26:01.092772+00:00
2026-07-31,PRK,-8.0769230769,SEC,2026-05-11,2.39,2.6,2026-03-31,2025-03-31,reported_quarter,DECLINE,resolved,,805676.0,,,,,,,,,,,,,0000805676-26-000039_EarningsPerShareDiluted_2026-01-01_2026-03-31_Q1,eps_pit_v4,2026-08-28T15:26:03.478804+00:00
2026-07-31,PROV,-25.0,SEC,2026-05-07,0.21,0.28,2026-03-31,2025-03-31,reported_quarter,DECLINE,resolved,,1010470.0,,,,,,,,,,,,,0001010470-26-000007_EarningsPerShareDiluted_2026-01-01_2026-03-31_Q3,eps_pit_v4,2026-08-28T15:26:12.956741+00:00
2026-07-31,PSMT,12.2807017544,SEC,2026-07-08,1.28,1.14,2026-05-31,2025-05-31,reported_quarter,GROWTH,resolved,,1041803.0,,,,,,,,,,,,,0001041803-26-000028_EarningsPerShareDiluted_2026-03-01_2026-05-31_Q3,eps_pit_v4,2026-08-28T15:26:11.529923+00:00
2026-07-31,QCRH,30.9210526316,SEC,2026-05-08,1.99,1.52,2026-03-31,2025-03-31,reported_quarter,GROWTH,resolved,,906465.0,,,,,,,,,,,,,0001104659-26-057779_EarningsPerShareDiluted_2026-01-01_2026-03-31_Q1,eps_pit_v4,2026-08-28T15:26:10.024594+00:00
2026-07-31,RAPP,38.2352941176,SEC,2026-05-07,-0.42,-0.68,2026-03-31,2025-03-31,reported_quarter,LOSS_NARROWING,resolved,,2012593.0,,,,,,,,,,,,,0001193125-26-210355_EarningsPerShareDiluted_2026-01-01_2026-03-31_Q1,eps_pit_v4,2026-08-28T15:26:12.182297+00:00
2026-07-31,RCKY,-74.2424242424,SEC,2026-05-05,0.17,0.66,2026-03-31,2025-03-31,reported_quarter,DECLINE,resolved,,895456.0,,,,,,,,,,,,,0001437749-26-014746_EarningsPerShareDiluted_2026-01-01_2026-03-31_Q1,eps_pit_v4,2026-08-28T15:26:05.291261+00:00
2026-07-31,RDVT,25.0,SEC,2026-05-06,0.3,0.24,2026-03-31,2025-03-31,reported_quarter,GROWTH,resolved,,1720116.0,,,,,,,,,,,,,0001193125-26-209274_EarningsPerShareDiluted_2026-01-01_2026-03-31_Q1,eps_pit_v4,2026-08-28T15:26:04.309755+00:00
2026-07-31,RNG,221.4285714286,SEC,2026-07-23,0.45,0.14,2026-06-30,2025-06-30,reported_quarter,GROWTH,resolved,,1384905.0,,,,,,,,,,,,,0001384905-26-000046_EarningsPerShareDiluted_2026-04-01_2026-06-30_Q2,eps_pit_v4,2026-08-28T15:26:00.252925+00:00
2026-07-31,ROST,37.4149659864,SEC,2026-06-02,2.02,1.47,2026-05-02,2025-05-03,reported_quarter,GROWTH,resolved,,745732.0,,,,,,,,,,,,,0000745732-26-000032_EarningsPerShareDiluted_2026-02-01_2026-05-02_Q1,eps_pit_v4,2026-08-28T15:26:08.094151+00:00
2026-07-31,SBLK,900.0,YahooHistoricalEvent,2026-05-20,0.56,-0.07,2026-03-31,2025-03-31,reported_quarter,TURNAROUND,resolved,,,,,,,,,,,,,,,yahoo_event_2026-03-31_2026-05-20T16:00:00-04:00,eps_pit_v4,2026-08-28T15:26:02.814138+00:00
2026-07-31,SHBI,24.3902439024,SEC,2026-05-04,0.51,0.41,2026-03-31,2025-03-31,reported_quarter,GROWTH,resolved,,1035092.0,,,,,,,,,,,,,0001035092-26-000030_EarningsPerShareDiluted_2026-01-01_2026-03-31_Q1,eps_pit_v4,2026-08-28T15:26:14.424888+00:00
2026-07-31,SHIP,633.3333333333,YahooHistoricalEvent,2026-07-30,1.32,0.18,2026-06-30,2025-06-30,reported_quarter,GROWTH,resolved,,,,,,,,,,,,,,,yahoo_event_2026-06-30_2026-07-30T08:00:00-04:00,eps_pit_v4,2026-08-28T15:26:09.773899+00:00
2026-07-31,SHOO,167.8571428571,SEC,2026-07-31,0.38,-0.56,2026-06-30,2025-06-30,reported_quarter,TURNAROUND,resolved,,913241.0,,,,,,,,,,,,,0001628280-26-051368_EarningsPerShareDiluted_2026-04-01_2026-06-30_Q2,eps_pit_v4,2026-08-28T15:26:06.379495+00:00
2026-07-31,SION,3.2258064516,SEC,2026-05-12,-0.6,-0.62,2026-03-31,2025-03-31,reported_quarter,LOSS_NARROWING,resolved,,2036042.0,,,,,,,,,,,,,0001628280-26-033876_EarningsPerShareDiluted_2026-01-01_2026-03-31_Q1,eps_pit_v4,2026-08-28T15:26:15.641161+00:00
2026-07-31,SNOW,33.3333333333,SEC,2026-05-29,-0.86,-1.29,2026-04-30,2025-04-30,reported_quarter,LOSS_NARROWING,resolved,,1640147.0,,,,,,,,,,,,,0001640147-26-000030_EarningsPerShareDiluted_2026-02-01_2026-04-30_Q1,eps_pit_v4,2026-08-28T15:26:02.605088+00:00
2026-07-31,SNX,87.7828054299,SEC,2026-07-02,4.15,2.21,2026-05-31,2025-05-31,reported_quarter,GROWTH,resolved,,1177394.0,,,,,,,,,,,,,0001628280-26-046858_EarningsPerShareDiluted_2026-03-01_2026-05-31_Q2,eps_pit_v4,2026-08-28T15:26:13.958834+00:00
2026-07-31,SYBT,9.7345132743,SEC,2026-05-05,1.24,1.13,2026-03-31,2025-03-31,reported_quarter,GROWTH,resolved,,835324.0,,,,,,,,,,,,,0001437749-26-014783_EarningsPerShareDiluted_2026-01-01_2026-03-31_Q1,eps_pit_v4,2026-08-28T15:26:08.514438+00:00
2026-07-31,THFF,7.7419354839,SEC,2026-05-06,1.67,1.55,2026-03-31,2025-03-31,reported_quarter,GROWTH,resolved,,714562.0,,,,,,,,,,,,,0000714562-26-000038_EarningsPerShareDiluted_2026-01-01_2026-03-31_Q1,eps_pit_v4,2026-08-28T15:26:18.176031+00:00
2026-07-31,THG,25.1162790698,SEC,2026-07-29,5.38,4.3,2026-06-30,2025-06-30,reported_quarter,GROWTH,resolved,,944695.0,,,,,,,,,,,,,0000944695-26-000014_EarningsPerShareDiluted_2026-04-01_2026-06-30_Q2,eps_pit_v4,2026-08-28T15:26:16.293193+00:00
2026-07-31,TOWN,8.8235294118,YahooHistoricalEvent,2026-04-22,0.74,0.68,2026-03-31,2025-03-31,reported_quarter,GROWTH,resolved,,,,,,,,,,,,,,,yahoo_event_2026-03-31_2026-04-22T16:00:00-04:00,eps_pit_v4,2026-08-28T15:26:17.505324+00:00
2026-07-31,TRMK,7.9545454545,SEC,2026-05-06,0.95,0.88,2026-03-31,2025-03-31,reported_quarter,GROWTH,resolved,,36146.0,,,,,,,,,,,,,0001193125-26-209195_EarningsPerShareDiluted_2026-01-01_2026-03-31_Q1,eps_pit_v4,2026-08-28T15:26:07.774532+00:00
2026-07-31,TXRH,10.0,SEC,2026-05-08,1.87,1.7,2026-03-31,2025-04-01,reported_quarter,GROWTH,resolved,,1289460.0,,,,,,,,,,,,,0001104659-26-057604_EarningsPerShareDiluted_2025-12-31_2026-03-31_Q1,eps_pit_v4,2026-08-28T15:26:10.276270+00:00
2026-07-31,USCB,34.2105263158,SEC,2026-05-08,0.51,0.38,2026-03-31,2025-03-31,reported_quarter,GROWTH,resolved,,1901637.0,,,,,,,,,,,,,0001562762-26-000062_EarningsPerShareDiluted_2026-01-01_2026-03-31_Q1,eps_pit_v4,2026-08-28T15:26:08.181842+00:00
2026-07-31,UVE,68.5950413223,SEC,2026-07-30,2.04,1.21,2026-06-30,2025-06-30,reported_quarter,GROWTH,resolved,,891166.0,,,,,,,,,,,,,0000891166-26-000088_EarningsPerShareDiluted_2026-04-01_2026-06-30_Q2,eps_pit_v4,2026-08-28T15:26:10.486243+00:00
2026-07-31,VSXY,2900.0,SEC,2026-06-05,0.56,-0.02,2026-05-02,2025-05-03,reported_quarter,TURNAROUND,resolved,,1856437.0,,,,,,,,,,,,,0001856437-26-000013_EarningsPerShareDiluted_2026-02-01_2026-05-02_Q1,eps_pit_v4,2026-08-28T15:26:04.546633+00:00
2026-07-31,VTRS,105.8823529412,SEC,2026-05-07,0.15,-2.55,2026-03-31,2025-03-31,reported_quarter,TURNAROUND,resolved,,1792044.0,,,,,,,,,,,,,0001792044-26-000029_EarningsPerShareDiluted_2026-01-01_2026-03-31_Q1,eps_pit_v4,2026-08-28T15:26:15.034903+00:00
2026-07-31,WCC,10.4438642298,SEC,2026-07-30,4.23,3.83,2026-06-30,2025-06-30,reported_quarter,GROWTH,resolved,,929008.0,,,,,,,,,,,,,0000929008-26-000024_EarningsPerShareDiluted_2026-04-01_2026-06-30_Q2,eps_pit_v4,2026-08-28T15:26:10.955419+00:00
2026-07-31,WTBA,36.170212766,SEC,2026-07-23,0.64,0.47,2026-06-30,2025-06-30,reported_quarter,GROWTH,resolved,,1166928.0,,,,,,,,,,,,,0001166928-26-000034_EarningsPerShareDiluted_2026-04-01_2026-06-30_Q2,eps_pit_v4,2026-08-28T15:26:18.994024+00:00
2026-08-07,ABNB,33.0097087379,YahooHistoricalEvent,2026-08-06,1.37,1.03,2026-06-30,2025-06-30,reported_quarter,GROWTH,resolved,,,,,,,,,,,,,,,yahoo_event_2026-06-30_2026-08-06T16:00:00-04:00,eps_pit_v4,2026-08-28T15:26:23.532263+00:00
2026-08-07,ACT,12.6126126126,SEC,2026-08-06,1.25,1.11,2026-06-30,2025-06-30,reported_quarter,GROWTH,resolved,,1823529.0,,,,,,,,,,,,,0001823529-26-000188_EarningsPerShareDiluted_2026-04-01_2026-06-30_Q2,eps_pit_v4,2026-08-28T15:26:44.290037+00:00
2026-08-07,ADPT,-47.0588235294,SEC,2026-08-04,-0.25,-0.17,2026-06-30,2025-06-30,reported_quarter,LOSS_WIDENING,resolved,,1478320.0,,,,,,,,,,,,,0001193125-26-332940_EarningsPerShareDiluted_2026-04-01_2026-06-30_Q2,eps_pit_v4,2026-08-28T15:26:24.838536+00:00
2026-08-07,AIR,34.0206185567,SEC,2026-07-22,1.3000000000000005,0.97,2026-05-31,2025-05-31,derived_from_fy,GROWTH,resolved,,1750.0,,,,,,,,,,,,,"derived_from_fy(0001104659-26-085459_EarningsPerShareDiluted_2025-06-01_2026-05-31_FY,0001104659-25-092589_EarningsPerShareDiluted_2025-06-01_2025-08-31_Q1,0001104659-26-001420_EarningsPerShareDiluted_2025-09-01_2025-11-30_Q2,0001104659-26-033973_EarningsPerShareDiluted_2025-12-01_2026-02-28_Q3)",eps_pit_v4,2026-08-28T15:26:45.422282+00:00
2026-08-07,AIRT,1227.8431372549,SEC,2026-06-29,28.76,-2.55,2026-03-31,2025-03-31,derived_from_fy,TURNAROUND,resolved,,353184.0,,,,,,,,,,,,,"derived_from_fy(0000353184-26-000054_EarningsPerShareDiluted_2025-04-01_2026-03-31_FY,0000353184-25-000073_EarningsPerShareDiluted_2025-04-01_2025-06-30_Q1,0000353184-25-000126_EarningsPerShareDiluted_2025-07-01_2025-09-30_Q2,0000353184-26-000016_EarningsPerShareDiluted_2025-10-01_2025-12-31_Q3)",eps_pit_v4,2026-08-28T15:26:23.355445+00:00
2026-08-07,AIT,3.1128404669,SEC,2026-04-28,2.65,2.57,2026-03-31,2025-03-31,reported_quarter,GROWTH,resolved,,109563.0,,,,,,,,,,,,,0000109563-26-000021_EarningsPerShareDiluted_2026-01-01_2026-03-31_Q3,eps_pit_v4,2026-08-28T15:26:45.873206+00:00
2026-08-07,AIZ,30.4824561404,SEC,2026-08-06,5.95,4.56,2026-06-30,2025-06-30,reported_quarter,GROWTH,resolved,,1267238.0,,,,,,,,,,,,,0001267238-26-000041_EarningsPerShareDiluted_2026-04-01_2026-06-30_Q2,eps_pit_v4,2026-08-28T15:26:41.799160+00:00
2026-08-07,ALH,180.0,SEC,2026-05-12,0.28,0.1,2026-03-31,2025-03-31,reported_quarter,GROWTH,resolved,,1317685.0,,,,,,,,,,,,,0001317685-26-000015_EarningsPerShareDiluted_2026-01-01_2026-03-31_Q1,eps_pit_v4,2026-08-28T15:26:38.722804+00:00
2026-08-07,ALNT,79.4117647059,SEC,2026-08-05,0.61,0.34,2026-06-30,2025-06-30,reported_quarter,GROWTH,resolved,,46129.0,,,,,,,,,,,,,0001104659-26-091098_EarningsPerShareDiluted_2026-04-01_2026-06-30_Q2,eps_pit_v4,2026-08-28T15:26:34.787823+00:00
2026-08-07,ALX,2441.1764705882,SEC,2026-08-03,30.24,1.19,2026-06-30,2025-06-30,reported_quarter,GROWTH,resolved,,3499.0,,,,,,,,,,,,,0000003499-26-000038_EarningsPerShareDiluted_2026-04-01_2026-06-30_Q2,eps_pit_v4,2026-08-28T15:26:42.354404+00:00
2026-08-07,AME,14.1935483871,SEC,2026-08-04,1.77,1.55,2026-06-30,2025-06-30,reported_quarter,GROWTH,resolved,,1037868.0,,,,,,,,,,,,,0001037868-26-000175_EarningsPerShareDiluted_2026-04-01_2026-06-30_Q2,eps_pit_v4,2026-08-28T15:26:48.966071+00:00
2026-08-07,AMGN,64.9056603774,SEC,2026-08-05,4.37,2.65,2026-06-30,2025-06-30,reported_quarter,GROWTH,resolved,,318154.0,,,,,,,,,,,,,0000318154-26-000126_EarningsPerShareDiluted_2026-04-01_2026-06-30_Q2,eps_pit_v4,2026-08-28T15:26:39.913421+00:00
2026-08-07,AMKR,266.6666666667,SEC,2026-04-28,0.33,0.09,2026-03-31,2025-03-31,reported_quarter,GROWTH,resolved,,1047127.0,,,,,,,,,,,,,0001047127-26-000020_EarningsPerShareDiluted_2026-01-01_2026-03-31_Q1,eps_pit_v4,2026-08-28T15:26:39.649191+00:00
2026-08-07,AMN,117.5496688742,SEC,2026-08-07,0.53,-3.02,2026-06-30,2025-06-30,reported_quarter,TURNAROUND,resolved,,1142750.0,,,,,,,,,,,,,0001628280-26-054507_EarningsPerShareDiluted_2026-04-01_2026-06-30_Q2,eps_pit_v4,2026-08-28T15:26:27.251579+00:00
2026-08-07,ANET,35.7142857143,SEC,2026-08-05,0.95,0.7,2026-06-30,2025-06-30,reported_quarter,GROWTH,resolved,,1596532.0,,,,,,,,,,,,,0001596532-26-000175_EarningsPerShareDiluted_2026-04-01_2026-06-30_Q2,eps_pit_v4,2026-08-28T15:26:40.229880+00:00
2026-08-07,ASH,102.1591610117,SEC,2026-07-29,0.35,-16.21,2026-06-30,2025-06-30,reported_quarter,TURNAROUND,resolved,,1674862.0,,,,,,,,,,,,,0001193125-26-324226_EarningsPerShareDiluted_2026-04-01_2026-06-30_Q3,eps_pit_v4,2026-08-28T15:26:40.066549+00:00
2026-08-07,ATEX,90.1960784314,SEC,2026-06-25,0.9700000000000002,0.5099999999999999,2026-03-31,2025-03-31,derived_from_fy,GROWTH,resolved,,1304492.0,,,,,,,,,,,,,"derived_from_fy(0001304492-26-000027_EarningsPerShareDiluted_2025-04-01_2026-03-31_FY,0001304492-25-000096_EarningsPerShareDiluted_2025-04-01_2025-06-30_Q1,0001304492-25-000109_EarningsPerShareDiluted_2025-07-01_2025-09-30_Q2,0001304492-26-000010_EarningsPerShareDiluted_2025-10-01_2025-12-31_Q3)",eps_pit_v4,2026-08-28T15:26:21.771664+00:00
2026-08-07,ATI,55.7142857143,SEC,2026-08-06,1.09,0.7,2026-06-28,2025-06-29,reported_quarter,GROWTH,resolved,,1018963.0,,,,,,,,,,,,,0001628280-26-054233_EarningsPerShareDiluted_2026-03-30_2026-06-28_Q2,eps_pit_v4,2026-08-28T15:26:28.949006+00:00
2026-08-07,ATLO,31.3725490196,SEC,2026-08-07,0.67,0.51,2026-06-30,2025-06-30,reported_quarter,GROWTH,resolved,,1132651.0,,,,,,,,,,,,,0001437749-26-026572_EarningsPerShareBasic_2026-04-01_2026-06-30_Q2,eps_pit_v4,2026-08-28T15:26:28.735109+00:00
2026-08-07,ATRO,157.6923076923,SEC,2026-05-13,0.67,0.26,2026-04-04,2025-03-29,reported_quarter,GROWTH,resolved,,8063.0,,,,,,,,,,,,,0000008063-26-000025_EarningsPerShareDiluted_2026-01-01_2026-04-04_Q1,eps_pit_v4,2026-08-28T15:26:40.392744+00:00
2026-08-07,AVT,12.8712871287,SEC,2026-05-01,1.14,1.01,2026-03-28,2025-03-29,reported_quarter,GROWTH,resolved,,8858.0,,,,,,,,,,,,,0000008858-26-000042_EarningsPerShareDiluted_2025-12-28_2026-03-28_Q3,eps_pit_v4,2026-08-28T15:26:25.489261+00:00
2026-08-07,AXGN,-400.0,SEC,2026-07-29,-0.03,0.01,2026-06-30,2025-06-30,reported_quarter,PROFIT_TO_LOSS,resolved,,805928.0,,,,,,,,,,,,,0000805928-26-000094_EarningsPerShareDiluted_2026-04-01_2026-06-30_Q2,eps_pit_v4,2026-08-28T15:26:38.590748+00:00
2026-08-07,BAC,34.4444444444,SEC,2026-07-31,1.21,0.9,2026-06-30,2025-06-30,reported_quarter,GROWTH,resolved,,70858.0,,,,,,,,,,,,,0000070858-26-000394_EarningsPerShareDiluted_2026-04-01_2026-06-30_Q2,eps_pit_v4,2026-08-28T15:26:43.022436+00:00
2026-08-07,BDL,6.8965517241,SEC,2026-05-12,1.55,1.45,2026-03-28,2025-03-29,reported_quarter,GROWTH,resolved,,12040.0,,,,,,,,,,,,,0001174947-26-000581_EarningsPerShareDiluted_2025-12-28_2026-03-28_Q2,eps_pit_v4,2026-08-28T15:26:33.493147+00:00
2026-08-07,BLZE,38.4615384615,SEC,2026-08-03,-0.08,-0.13,2026-06-30,2025-06-30,reported_quarter,LOSS_NARROWING,resolved,,1462056.0,,,,,,,,,,,,,0001628280-26-051818_EarningsPerShareDiluted_2026-04-01_2026-06-30_Q2,eps_pit_v4,2026-08-28T15:26:21.178089+00:00
2026-08-07,BOKF,33.3333333333,SEC,2026-08-04,2.92,2.19,2026-06-30,2025-06-30,reported_quarter,GROWTH,resolved,,0000875357,,,,,,,,,,,,,0000875357-26-000048_EarningsPerShareDiluted_2026-04-01_2026-06-30_Q2,eps_pit_v4,2026-08-28T15:26:49.834190+00:00
2026-08-07,BSET,9.0909090909,SEC,2026-07-01,0.24,0.22,2026-05-30,2025-05-31,reported_quarter,GROWTH,resolved,,10329.0,,,,,,,,,,,,,0001437749-26-022289_EarningsPerShareDiluted_2026-03-01_2026-05-30_Q2,eps_pit_v4,2026-08-28T15:26:30.780986+00:00
2026-08-07,BVS,327.2727272727,SEC,2026-08-05,0.47,0.11,2026-06-27,2025-06-28,reported_quarter,GROWTH,resolved,,1665988.0,,,,,,,,,,,,,0001665988-26-000042_EarningsPerShareDiluted_2026-03-29_2026-06-27_Q2,eps_pit_v4,2026-08-28T15:26:24.396892+00:00
2026-08-07,CATY,24.5454545455,SEC,2026-08-07,1.37,1.1,2026-06-30,2025-06-30,reported_quarter,GROWTH,resolved,,861842.0,,,,,,,,,,,,,0001437749-26-026554_EarningsPerShareDiluted_2026-04-01_2026-06-30_Q2,eps_pit_v4,2026-08-28T15:26:47.191422+00:00
2026-08-07,CBAN,10.8695652174,SEC,2026-08-05,0.51,0.46,2026-06-30,2025-06-30,reported_quarter,GROWTH,resolved,,711669.0,,,,,,,,,,,,,0001104659-26-091111_EarningsPerShareDiluted_2026-04-01_2026-06-30_Q2,eps_pit_v4,2026-08-28T15:26:49.558710+00:00
2026-08-07,CFFI,25.3012048193,SEC,2026-05-11,2.08,1.66,2026-03-31,2025-03-31,reported_quarter,GROWTH,resolved,,913341.0,,,,,,,,,,,,,0000913341-26-000028_EarningsPerShareDiluted_2026-01-01_2026-03-31_Q1,eps_pit_v4,2026-08-28T15:26:27.004088+00:00
2026-08-07,CFG,41.3043478261,SEC,2026-08-03,1.3,0.92,2026-06-30,2025-06-30,reported_quarter,GROWTH,resolved,,759944.0,,,,,,,,,,,,,0000759944-26-000148_EarningsPerShareDiluted_2026-04-01_2026-06-30_Q2,eps_pit_v4,2026-08-28T15:26:45.020847+00:00
2026-08-07,CGEM,24.1758241758,SEC,2024-11-07,-0.69,-0.91,2024-09-30,2023-09-30,reported_quarter,LOSS_NARROWING,resolved,,1789972.0,,,,,,,,,,,,,0000950170-24-122795_EarningsPerShareDiluted_2024-07-01_2024-09-30_Q3,eps_pit_v4,2026-08-28T15:26:33.995302+00:00
2026-08-07,CIX,34.0909090909,SEC,2026-08-04,0.59,0.44,2026-06-30,2025-06-30,reported_quarter,GROWTH,resolved,,1049606.0,,,,,,,,,,,,,0001104659-26-090386_EarningsPerShareDiluted_2026-04-01_2026-06-30_Q2,eps_pit_v4,2026-08-28T15:26:30.968697+00:00
2026-08-07,CLDX,-10.5882352941,SEC,2026-08-06,-0.94,-0.85,2026-06-30,2025-06-30,reported_quarter,LOSS_WIDENING,resolved,,744218.0,,,,,,,,,,,,,0001104659-26-091984_EarningsPerShareDiluted_2026-04-01_2026-06-30_Q2,eps_pit_v4,2026-08-28T15:26:35.176537+00:00
2026-08-07,CON,45.7142857143,SEC,2026-08-06,0.51,0.35,2026-06-30,2025-06-30,reported_quarter,GROWTH,resolved,,2014596.0,,,,,,,,,,,,,0002014596-26-000056_EarningsPerShareDiluted_2026-04-01_2026-06-30_Q2,eps_pit_v4,2026-08-28T15:26:29.498211+00:00
2026-08-07,COSO,3.5087719298,SEC,2026-08-07,0.59,0.57,2026-06-30,2025-06-30,reported_quarter,GROWTH,resolved,,1297107.0,,,,,,,,,,,,,0001297107-26-000014_EarningsPerShareDiluted_2026-04-01_2026-06-30_Q2,eps_pit_v4,2026-08-28T15:26:49.114441+00:00
2026-08-07,CPAY,49.1176470588,SEC,2026-05-08,5.07,3.4,2026-03-31,2025-03-31,reported_quarter,GROWTH,resolved,,1175454.0,,,,,,,,,,,,,0001175454-26-000032_EarningsPerShareDiluted_2026-01-01_2026-03-31_Q1,eps_pit_v4,2026-08-28T15:26:32.807152+00:00
2026-08-07,CPBI,13.6363636364,SEC,2026-06-18,0.25,0.2199999999999999,2026-03-31,2025-03-31,derived_from_fy,GROWTH,resolved,,1979332.0,,,,,,,,,,,,,"derived_from_fy(0001193125-26-275962_EarningsPerShareDiluted_2025-04-01_2026-03-31_FY,0000950170-25-107380_EarningsPerShareDiluted_2025-04-01_2025-06-30_Q1,0001193125-25-280272_EarningsPerShareDiluted_2025-07-01_2025-09-30_Q2,0001193125-26-046679_EarningsPerShareDiluted_2025-10-01_2025-12-31_Q3)",eps_pit_v4,2026-08-28T15:26:49.048227+00:00
2026-08-07,CRL,-102.8301886792,SEC,2026-08-05,-0.03,1.06,2026-06-27,2025-06-28,reported_quarter,PROFIT_TO_LOSS,resolved,,1100682.0,,,,,,,,,,,,,0001100682-26-000118_EarningsPerShareDiluted_2026-03-29_2026-06-27_Q2,eps_pit_v4,2026-08-28T15:26:25.714008+00:00
2026-08-07,CRNX,7.3170731707,SEC,2026-08-03,-1.14,-1.23,2026-06-30,2025-06-30,reported_quarter,LOSS_NARROWING,resolved,,1658247.0,,,,,,,,,,,,,0001658247-26-000053_EarningsPerShareDiluted_2026-04-01_2026-06-30_Q2,eps_pit_v4,2026-08-28T15:26:24.230425+00:00
2026-08-07,CSWC,-18.75,SEC,2026-08-03,0.39,0.48,2026-06-30,2025-06-30,reported_quarter,DECLINE,resolved,,17313.0,,,,,,,,,,,,,0000017313-26-000095_EarningsPerShareDiluted_2026-04-01_2026-06-30_Q1,eps_pit_v4,2026-08-28T15:26:44.197991+00:00
2026-08-07,CUBI,18.4971098266,SEC,2026-08-07,2.05,1.73,2026-06-30,2025-06-30,reported_quarter,GROWTH,resolved,,1488813.0,,,,,,,,,,,,,0001488813-26-000095_EarningsPerShareDiluted_2026-04-01_2026-06-30_Q2,eps_pit_v4,2026-08-28T15:26:41.385787+00:00
2026-08-07,DAL,-25.3822629969,SEC,2026-07-10,2.44,3.27,2026-06-30,2025-06-30,reported_quarter,DECLINE,resolved,,27904.0,,,,,,,,,,,,,0000027904-26-000031_EarningsPerShareDiluted_2026-04-01_2026-06-30_Q2,eps_pit_v4,2026-08-28T15:26:38.285173+00:00
2026-08-07,DBX,-6.6666666667,SEC,2026-08-07,0.42,0.45,2026-06-30,2025-06-30,reported_quarter,DECLINE,resolved,,1467623.0,,,,,,,,,,,,,0001467623-26-000049_EarningsPerShareDiluted_2026-04-01_2026-06-30_Q2,eps_pit_v4,2026-08-28T15:26:27.913928+00:00
2026-08-07,DCO,55.9523809524,SEC,2026-08-06,1.31,0.84,2026-07-04,2025-06-28,reported_quarter,GROWTH,resolved,,30305.0,,,,,,,,,,,,,0001628280-26-053776_EarningsPerShareDiluted_2026-04-05_2026-07-04_Q2,eps_pit_v4,2026-08-28T15:26:36.353513+00:00
2026-08-07,DELL,282.4817518248,SEC,2026-06-09,5.24,1.37,2026-05-01,2025-05-02,reported_quarter,GROWTH,resolved,,1571996.0,,,,,,,,,,,,,0001571996-26-000030_EarningsPerShareDiluted_2026-01-31_2026-05-01_Q1,eps_pit_v4,2026-08-28T15:26:20.902549+00:00
2026-08-07,DGII,48.1481481481,SEC,2026-08-05,0.4,0.27,2026-06-30,2025-06-30,reported_quarter,GROWTH,resolved,,854775.0,,,,,,,,,,,,,0000854775-26-000026_EarningsPerShareDiluted_2026-04-01_2026-06-30_Q3,eps_pit_v4,2026-08-28T15:26:21.441513+00:00
2026-08-07,DGX,14.979757085,SEC,2026-07-23,2.84,2.47,2026-06-30,2025-06-30,reported_quarter,GROWTH,resolved,,1022079.0,,,,,,,,,,,,,0001022079-26-000070_EarningsPerShareDiluted_2026-04-01_2026-06-30_Q2,eps_pit_v4,2026-08-28T15:26:46.084969+00:00
2026-08-07,DIOD,1.0101010101,SEC,2026-08-05,1.0,0.99,2026-06-30,2025-06-30,reported_quarter,GROWTH,resolved,,29002.0,,,,,,,,,,,,,0001193125-26-335450_EarningsPerShareDiluted_2026-04-01_2026-06-30_Q2,eps_pit_v4,2026-08-28T15:26:29.922431+00:00
2026-08-07,DXPE,23.0769230769,SEC,2026-08-06,1.76,1.43,2026-06-30,2025-06-30,reported_quarter,GROWTH,resolved,,1020710.0,,,,,,,,,,,,,0001628280-26-054179_EarningsPerShareDiluted_2026-04-01_2026-06-30_Q2,eps_pit_v4,2026-08-28T15:26:25.142458+00:00
2026-08-07,EDRY,321.8181818182,YahooHistoricalEvent,2026-08-06,2.44,-1.1,2026-06-30,2025-06-30,reported_quarter,TURNAROUND,resolved,,,,,,,,,,,,,,,yahoo_event_2026-06-30_2026-08-06T04:00:00-04:00,eps_pit_v4,2026-08-28T15:26:33.569514+00:00
2026-08-07,ELMD,66.6666666667,SEC,2026-05-12,0.35,0.21,2026-03-31,2025-03-31,reported_quarter,GROWTH,resolved,,1488917.0,,,,,,,,,,,,,0001437749-26-016429_EarningsPerShareDiluted_2026-01-01_2026-03-31_Q3,eps_pit_v4,2026-08-28T15:26:37.110754+00:00
2026-08-07,ESCA,423.0769230769,SEC,2026-07-30,0.68,0.13,2026-06-30,2025-06-30,reported_quarter,GROWTH,resolved,,33488.0,,,,,,,,,,,,,0001437749-26-024943_EarningsPerShareDiluted_2026-04-01_2026-06-30_Q2,eps_pit_v4,2026-08-28T15:26:37.430148+00:00
2026-08-07,ESNT,7.7720207254,SEC,2026-08-07,2.08,1.93,2026-06-30,2025-06-30,reported_quarter,GROWTH,resolved,,1448893.0,,,,,,,,,,,,,0001448893-26-000024_EarningsPerShareDiluted_2026-04-01_2026-06-30_Q2,eps_pit_v4,2026-08-28T15:26:45.251644+00:00
2026-08-07,ETN,-15.9362549801,SEC,2026-07-31,2.11,2.51,2026-06-30,2025-06-30,reported_quarter,DECLINE,resolved,,1551182.0,,,,,,,,,,,,,0001551182-26-000030_EarningsPerShareDiluted_2026-04-01_2026-06-30_Q2,eps_pit_v4,2026-08-28T15:26:43.376319+00:00
2026-08-07,EXPD,51.4925373134,SEC,2026-08-05,2.03,1.34,2026-06-30,2025-06-30,reported_quarter,GROWTH,resolved,,746515.0,,,,,,,,,,,,,0001193125-26-334457_EarningsPerShareDiluted_2026-04-01_2026-06-30_Q2,eps_pit_v4,2026-08-28T15:26:44.460949+00:00
2026-08-07,EXPE,188.7096774194,SEC,2026-08-06,7.16,2.48,2026-06-30,2025-06-30,reported_quarter,GROWTH,resolved,,1324424.0,,,,,,,,,,,,,0001324424-26-000053_EarningsPerShareDiluted_2026-04-01_2026-06-30_Q2,eps_pit_v4,2026-08-28T15:26:28.548028+00:00
2026-08-07,FA,,SEC,2026-08-06,0.1,0.0,2026-06-30,2025-06-30,reported_zero_base,ZERO_BASE,expected_unavailable,PRIOR_YEAR_EPS_ZERO,1210677.0,0.1,0.0,2026-06-30,2025-06-30,2026-08-06,0001193125-26-338063_EarningsPerShareDiluted_2026-04-01_2026-06-30_Q2,0.35,0.27,2026-06-30,2025-06-30,2026-08-06,yahoo_event_2026-06-30_2026-08-06T06:00:00-04:00,0001193125-26-338063_EarningsPerShareDiluted_2026-04-01_2026-06-30_Q2,eps_pit_v4,2026-08-28T15:26:21.266293+00:00
2026-08-07,FAST,13.7931034483,SEC,2026-07-16,0.33,0.29,2026-06-30,2025-06-30,reported_quarter,GROWTH,resolved,,815556.0,,,,,,,,,,,,,0000815556-26-000041_EarningsPerShareDiluted_2026-04-01_2026-06-30_Q2,eps_pit_v4,2026-08-28T15:26:37.660491+00:00
2026-08-07,FBLA,-75.0,SEC,2026-05-14,0.01,0.04,2026-03-31,2025-03-31,reported_quarter,DECLINE,resolved,,2013639.0,,,,,,,,,,,,,0001193125-26-223273_EarningsPerShareDiluted_2026-01-01_2026-03-31_Q1,eps_pit_v4,2026-08-28T15:26:39.723626+00:00
2026-08-07,FBNC,31.1827956989,SEC,2026-08-06,1.22,0.93,2026-06-30,2025-06-30,reported_quarter,GROWTH,resolved,,811589.0,,,,,,,,,,,,,0000811589-26-000153_EarningsPerShareDiluted_2026-04-01_2026-06-30_Q2,eps_pit_v4,2026-08-28T15:26:49.346052+00:00
2026-08-07,FET,333.3333333333,SEC,2026-05-01,0.39,0.09,2026-03-31,2025-03-31,reported_quarter,GROWTH,resolved,,1401257.0,,,,,,,,,,,,,0001401257-26-000034_EarningsPerShareDiluted_2026-01-01_2026-03-31_Q1,eps_pit_v4,2026-08-28T15:26:32.547995+00:00
2026-08-07,FHI,18.9655172414,SEC,2026-07-31,1.38,1.16,2026-06-30,2025-06-30,reported_quarter,GROWTH,resolved,,1056288.0,,,,,,,,,,,,,0001056288-26-000026_EarningsPerShareDiluted_2026-04-01_2026-06-30_Q2,eps_pit_v4,2026-08-28T15:26:46.948614+00:00
2026-08-07,FLXS,260.5633802817,SEC,2026-04-22,1.14,-0.71,2026-03-31,2025-03-31,reported_quarter,TURNAROUND,resolved,,37472.0,,,,,,,,,,,,,0001193125-26-170444_EarningsPerShareDiluted_2026-01-01_2026-03-31_Q3,eps_pit_v4,2026-08-28T15:26:23.761808+00:00
2026-08-07,FNLC,18.0555555556,SEC,2026-08-07,0.85,0.72,2026-06-30,2025-06-30,reported_quarter,GROWTH,resolved,,765207.0,,,,,,,,,,,,,0000765207-26-000106_EarningsPerShareDiluted_2026-04-01_2026-06-30_Q2,eps_pit_v4,2026-08-28T15:26:36.813509+00:00
2026-08-07,FRD,152.1126760563,SEC,2026-08-06,1.79,0.71,2026-06-30,2025-06-30,reported_quarter,GROWTH,resolved,,39092.0,,,,,,,,,,,,,0001437749-26-026305_EarningsPerShareDiluted_2026-04-01_2026-06-30_Q1,eps_pit_v4,2026-08-28T15:26:26.551378+00:00
2026-08-07,FROG,84.2105263158,SEC,2026-08-07,-0.03,-0.19,2026-06-30,2025-06-30,reported_quarter,LOSS_NARROWING,resolved,,1800667.0,,,,,,,,,,,,,0001193125-26-340294_EarningsPerShareDiluted_2026-04-01_2026-06-30_Q2,eps_pit_v4,2026-08-28T15:26:22.011432+00:00
2026-08-07,FRST,280.0,SEC,2026-08-07,0.38,0.1,2026-06-30,2025-06-30,reported_quarter,GROWTH,resolved,,1325670.0,,,,,,,,,,,,,0001104659-26-092672_EarningsPerShareDiluted_2026-04-01_2026-06-30_Q2,eps_pit_v4,2026-08-28T15:26:48.440698+00:00
2026-08-07,FTDR,18.9189189189,SEC,2026-08-06,1.76,1.48,2026-06-30,2025-06-30,reported_quarter,GROWTH,resolved,,1727263.0,,,,,,,,,,,,,0001727263-26-000014_EarningsPerShareDiluted_2026-04-01_2026-06-30_Q2,eps_pit_v4,2026-08-28T15:26:31.634467+00:00
2026-08-07,FTK,420.0,SEC,2026-08-06,0.26,0.05,2026-06-30,2025-06-30,reported_quarter,GROWTH,resolved,,928054.0,,,,,,,,,,,,,0000928054-26-000080_EarningsPerShareDiluted_2026-04-01_2026-06-30_Q2,eps_pit_v4,2026-08-28T15:26:28.366619+00:00
2026-08-07,GD,10.1754385965,SEC,2019-10-23,3.14,2.85,2019-09-29,2018-09-30,reported_quarter,GROWTH,resolved,,40533.0,,,,,,,,,,,,,0000040533-19-000056_EarningsPerShareDiluted_2019-07-01_2019-09-29_Q3,eps_pit_v4,2026-08-28T15:26:48.707279+00:00
2026-08-07,GE,19.5767195767,SEC,2026-07-16,2.26,1.89,2026-06-30,2025-06-30,reported_quarter,GROWTH,resolved,,40545.0,,,,,,,,,,,,,0000040545-26-000049_EarningsPerShareDiluted_2026-04-01_2026-06-30_Q2,eps_pit_v4,2026-08-28T15:26:46.607929+00:00
2026-08-07,GFF,143.0188679245,SEC,2026-08-05,1.14,-2.65,2026-06-30,2025-06-30,reported_quarter,TURNAROUND,resolved,,50725.0,,,,,,,,,,,,,0001628280-26-053536_EarningsPerShareDiluted_2026-04-01_2026-06-30_Q3,eps_pit_v4,2026-08-28T15:26:27.544862+00:00
2026-08-07,GRMN,21.511627907,SEC,2026-04-29,2.09,1.72,2026-03-28,2025-03-29,reported_quarter,GROWTH,resolved,,1121788.0,,,,,,,,,,,,,0001193125-26-188908_EarningsPerShareDiluted_2025-12-28_2026-03-28_Q1,eps_pit_v4,2026-08-28T15:26:40.839286+00:00
2026-08-07,HBB,654.5454545455,SEC,2026-08-05,2.49,0.33,2026-06-30,2025-06-30,reported_quarter,GROWTH,resolved,,1709164.0,,,,,,,,,,,,,0001709164-26-000160_EarningsPerShareDiluted_2026-04-01_2026-06-30_Q2,eps_pit_v4,2026-08-28T15:26:23.028204+00:00
2026-08-07,HBCP,2.0689655172,SEC,2026-08-03,1.48,1.45,2026-06-30,2025-06-30,reported_quarter,GROWTH,resolved,,1436425.0,,,,,,,,,,,,,0001628280-26-051688_EarningsPerShareDiluted_2026-04-01_2026-06-30_Q2,eps_pit_v4,2026-08-28T15:26:48.016495+00:00
2026-08-07,HEI,48.2142857143,SEC,2026-05-29,1.66,1.12,2026-04-30,2025-04-30,reported_quarter,GROWTH,resolved,,46619.0,,,,,,,,,,,,,0000046619-26-000016_EarningsPerShareDiluted_2026-02-01_2026-04-30_Q2,eps_pit_v4,2026-08-28T15:26:36.019109+00:00
2026-08-07,HNGE,103.9694656489,SEC,2026-08-06,0.52,-13.1,2026-06-30,2025-06-30,reported_quarter,TURNAROUND,resolved,,1673743.0,,,,,,,,,,,,,0001628280-26-054327_EarningsPerShareDiluted_2026-04-01_2026-06-30_Q2,eps_pit_v4,2026-08-28T15:26:22.711635+00:00
2026-08-07,HNVR,66.6666666667,SEC,2026-08-07,0.55,0.33,2026-06-30,2025-06-30,reported_quarter,GROWTH,resolved,,1828588.0,,,,,,,,,,,,,0001104659-26-092675_EarningsPerShareDiluted_2026-04-01_2026-06-30_Q2,eps_pit_v4,2026-08-28T15:26:31.527012+00:00
2026-08-07,HPE,153.6585365854,SEC,2026-06-02,0.44,-0.82,2026-04-30,2025-04-30,reported_quarter,TURNAROUND,resolved,,1645590.0,,,,,,,,,,,,,0001645590-26-000055_EarningsPerShareDiluted_2026-02-01_2026-04-30_Q2,eps_pit_v4,2026-08-28T15:26:22.463881+00:00
2026-08-07,HVT,-20.5128205128,SEC,2019-11-01,0.31,0.39,2019-09-30,2018-09-30,reported_quarter,DECLINE,resolved,,216085.0,,,,,,,,,,,,,0000216085-19-000026_EarningsPerShareDiluted_2019-07-01_2019-09-30_Q3,eps_pit_v4,2026-08-28T15:26:30.352092+00:00
2026-08-07,HWBK,20.4545454545,SEC,2026-08-06,1.06,0.88,2026-06-30,2025-06-30,reported_quarter,GROWTH,resolved,,893847.0,,,,,,,,,,,,,0000893847-26-000088_EarningsPerShareDiluted_2026-04-01_2026-06-30_Q2,eps_pit_v4,2026-08-28T15:26:35.424759+00:00
2026-08-07,IBTA,-162.5,SEC,2026-08-04,-0.05,0.08,2026-06-30,2025-06-30,reported_quarter,PROFIT_TO_LOSS,resolved,,1538379.0,,,,,,,,,,,,,0001628280-26-052575_EarningsPerShareDiluted_2026-04-01_2026-06-30_Q2,eps_pit_v4,2026-08-28T15:26:22.158105+00:00
2026-08-07,INCY,83.75,SEC,2026-04-28,1.47,0.8,2026-03-31,2025-03-31,reported_quarter,GROWTH,resolved,,879169.0,,,,,,,,,,,,,0000879169-26-000026_EarningsPerShareDiluted_2026-01-01_2026-03-31_Q1,eps_pit_v4,2026-08-28T15:26:46.770617+00:00
2026-08-07,IOSP,32.9787234043,SEC,2026-08-05,1.25,0.94,2026-06-30,2025-06-30,reported_quarter,GROWTH,resolved,,1054905.0,,,,,,,,,,,,,0001193125-26-334178_EarningsPerShareDiluted_2026-04-01_2026-06-30_Q2,eps_pit_v4,2026-08-28T15:26:34.454700+00:00
2026-08-07,IVZ,2633.3333333333,SEC,2026-08-04,0.76,-0.03,2026-06-30,2025-06-30,reported_quarter,TURNAROUND,resolved,,914208.0,,,,,,,,,,,,,0000914208-26-000235_EarningsPerShareDiluted_2026-04-01_2026-06-30_Q2,eps_pit_v4,2026-08-28T15:26:42.632686+00:00
2026-08-07,JCI,38.8888888889,SEC,2026-05-06,1.0,0.72,2026-03-31,2025-03-31,reported_quarter,GROWTH,resolved,,833444.0,,,,,,,,,,,,,0000833444-26-000050_EarningsPerShareDiluted_2026-01-01_2026-03-31_Q2,eps_pit_v4,2026-08-28T15:26:46.322189+00:00
2026-08-07,JHX,20.0,SEC,2026-08-06,0.18,0.15,2026-06-30,2025-06-30,reported_quarter,GROWTH,resolved,,1159152.0,,,,,,,,,,,,,0001159152-26-000051_EarningsPerShareDiluted_2026-04-01_2026-06-30_Q1,eps_pit_v4,2026-08-28T15:26:27.707454+00:00
2026-08-07,JXN,291.452991453,SEC,2026-08-03,9.16,2.34,2026-06-30,2025-06-30,reported_quarter,GROWTH,resolved,,1822993.0,,,,,,,,,,,,,0001822993-26-000124_EarningsPerShareDiluted_2026-04-01_2026-06-30_Q2,eps_pit_v4,2026-08-28T15:26:38.850633+00:00
2026-08-07,KALU,305.6737588652,SEC,2026-07-23,5.72,1.41,2026-06-30,2025-06-30,reported_quarter,GROWTH,resolved,,811596.0,,,,,,,,,,,,,0001193125-26-314580_EarningsPerShareDiluted_2026-04-01_2026-06-30_Q2,eps_pit_v4,2026-08-28T15:26:29.724775+00:00
2026-08-07,KEYS,35.5704697987,SEC,2026-06-04,2.02,1.49,2026-04-30,2025-04-30,reported_quarter,GROWTH,resolved,,1601046.0,,,,,,,,,,,,,0001601046-26-000024_EarningsPerShareDiluted_2026-02-01_2026-04-30_Q2,eps_pit_v4,2026-08-28T15:26:25.319808+00:00
2026-08-07,LIN,11.2600536193,SEC,2026-07-31,4.15,3.73,2026-06-30,2025-06-30,reported_quarter,GROWTH,resolved,,1707925.0,,,,,,,,,,,,,0001628280-26-051289_EarningsPerShareDiluted_2026-04-01_2026-06-30_Q2,eps_pit_v4,2026-08-28T15:26:42.010505+00:00
2026-08-07,LIND,88.8888888889,SEC,2026-08-03,-0.02,-0.18,2026-06-30,2025-06-30,reported_quarter,LOSS_NARROWING,resolved,,1512499.0,,,,,,,,,,,,,0001437749-26-025462_EarningsPerShareDiluted_2026-04-01_2026-06-30_Q2,eps_pit_v4,2026-08-28T15:26:21.578101+00:00
2026-08-07,LQDT,39.1304347826,SEC,2026-08-06,0.32,0.23,2026-06-30,2025-06-30,reported_quarter,GROWTH,resolved,,1235468.0,,,,,,,,,,,,,0001193125-26-337292_EarningsPerShareDiluted_2026-04-01_2026-06-30_Q3,eps_pit_v4,2026-08-28T15:26:30.508679+00:00
2026-08-07,LYV,156.0975609756,SEC,2026-07-30,1.05,0.41,2026-06-30,2025-06-30,reported_quarter,GROWTH,resolved,,1335258.0,,,,,,,,,,,,,0001335258-26-000035_EarningsPerShareDiluted_2026-04-01_2026-06-30_Q2,eps_pit_v4,2026-08-28T15:26:35.615219+00:00
2026-08-07,MBWM,7.9136690647,SEC,2026-07-31,1.5,1.39,2026-06-30,2025-06-30,reported_quarter,GROWTH,resolved,,1042729.0,,,,,,,,,,,,,0001437749-26-025168_EarningsPerShareDiluted_2026-04-01_2026-06-30_Q2,eps_pit_v4,2026-08-28T15:26:48.228926+00:00
2026-08-07,MD,6.5217391304,SEC,2026-08-04,0.49,0.46,2026-06-30,2025-06-30,reported_quarter,GROWTH,resolved,,893949.0,,,,,,,,,,,,,0001193125-26-331513_EarningsPerShareDiluted_2026-04-01_2026-06-30_Q2,eps_pit_v4,2026-08-28T15:26:36.987863+00:00
2026-08-07,MET,5.8252427184,SEC,2026-08-06,1.09,1.03,2026-06-30,2025-06-30,reported_quarter,GROWTH,resolved,,1099219.0,,,,,,,,,,,,,0001099219-26-000050_EarningsPerShareDiluted_2026-04-01_2026-06-30_Q2,eps_pit_v4,2026-08-28T15:26:39.449686+00:00
2026-08-07,MNPR,-21.0526315789,SEC,2026-05-14,-0.46,-0.38,2026-03-31,2025-03-31,reported_quarter,LOSS_WIDENING,resolved,,1645469.0,,,,,,,,,,,,,0001437749-26-016982_EarningsPerShareBasic_2026-01-01_2026-03-31_Q1,eps_pit_v4,2026-08-28T15:26:23.612618+00:00
2026-08-07,MPTI,19.6428571429,SEC,2026-05-13,0.67,0.56,2026-03-31,2025-03-31,reported_quarter,GROWTH,resolved,,1902314.0,,,,,,,,,,,,,0001437749-26-016784_EarningsPerShareDiluted_2026-01-01_2026-03-31_Q1,eps_pit_v4,2026-08-28T15:26:27.077910+00:00
2026-08-07,MTRN,52.0661157025,SEC,2026-08-05,1.84,1.21,2026-07-03,2025-06-27,reported_quarter,GROWTH,resolved,,1104657.0,,,,,,,,,,,,,0001104657-26-000044_EarningsPerShareDiluted_2026-04-04_2026-07-03_Q2,eps_pit_v4,2026-08-28T15:26:28.167446+00:00
2026-08-07,MTUS,133.3333333333,SEC,2026-08-04,0.21,0.09,2026-06-30,2025-06-30,reported_quarter,GROWTH,resolved,,1598428.0,,,,,,,,,,,,,0001193125-26-332244_EarningsPerShareDiluted_2026-04-01_2026-06-30_Q2,eps_pit_v4,2026-08-28T15:26:32.285762+00:00
2026-08-07,NAVN,93.984962406,SEC,2026-06-11,-0.08,-1.33,2026-04-30,2025-04-30,reported_quarter,LOSS_NARROWING,resolved,,1639723.0,,,,,,,,,,,,,0001628280-26-042552_EarningsPerShareDiluted_2026-02-01_2026-04-30_Q1,eps_pit_v4,2026-08-28T15:26:24.537498+00:00
2026-08-07,NDSN,6.0913705584,SEC,2026-05-21,2.09,1.97,2026-04-30,2025-04-30,reported_quarter,GROWTH,resolved,,72331.0,,,,,,,,,,,,,0000072331-26-000024_EarningsPerShareDiluted_2026-02-01_2026-04-30_Q2,eps_pit_v4,2026-08-28T15:26:44.716470+00:00
2026-08-07,NEO,,SEC,2016-11-07,-0.07,0.0,2016-09-30,2015-09-30,reported_zero_base,ZERO_BASE,expected_unavailable,PRIOR_YEAR_EPS_ZERO,1077183.0,-0.07,0.0,2016-09-30,2015-09-30,2016-11-07,0001564590-16-027730_EarningsPerShareDiluted_2016-07-01_2016-09-30_Q3,0.05,0.03,2026-06-30,2025-06-30,2026-07-28,yahoo_event_2026-06-30_2026-07-28T16:00:00-04:00,0001564590-16-027730_EarningsPerShareDiluted_2016-07-01_2016-09-30_Q3,eps_pit_v4,2026-08-28T15:26:29.431396+00:00
2026-08-07,NET,-220.0,SEC,2026-08-06,-0.48,-0.15,2026-06-30,2025-06-30,reported_quarter,LOSS_WIDENING,resolved,,1477333.0,,,,,,,,,,,,,0001477333-26-000054_EarningsPerShareDiluted_2026-04-01_2026-06-30_Q2,eps_pit_v4,2026-08-28T15:26:30.617716+00:00
2026-08-07,NEU,22.8040540541,SEC,2026-07-30,14.54,11.84,2026-06-30,2025-06-30,reported_quarter,GROWTH,resolved,,1282637.0,,,,,,,,,,,,,0001282637-26-000016_EarningsPerShareDiluted_2026-04-01_2026-06-30_Q2,eps_pit_v4,2026-08-28T15:26:34.636672+00:00
2026-08-07,NKSH,52.9411764706,SEC,2026-05-13,0.78,0.51,2026-03-31,2025-03-31,reported_quarter,GROWTH,resolved,,796534.0,,,,,,,,,,,,,0001193125-26-220869_EarningsPerShareDiluted_2026-01-01_2026-03-31_Q1,eps_pit_v4,2026-08-28T15:26:44.003999+00:00
2026-08-07,NLY,3433.3333333333,SEC,2026-07-29,1.06,0.03,2026-06-30,2025-06-30,reported_quarter,GROWTH,resolved,,1043219.0,,,,,,,,,,,,,0001043219-26-000058_EarningsPerShareDiluted_2026-04-01_2026-06-30_Q2,eps_pit_v4,2026-08-28T15:26:45.696185+00:00
2026-08-07,NREF,-40.0,SEC,2026-05-15,0.42,0.7,2026-03-31,2025-03-31,reported_quarter,DECLINE,resolved,,1786248.0,,,,,,,,,,,,,0001193125-26-226577_EarningsPerShareDiluted_2026-01-01_2026-03-31_Q1,eps_pit_v4,2026-08-28T15:26:35.051193+00:00
2026-08-07,NTB,25.3968253968,YahooHistoricalEvent,2026-07-27,1.58,1.26,2026-06-30,2025-06-30,reported_quarter,GROWTH,resolved,,,,,,,,,,,,,,,yahoo_event_2026-06-30_2026-07-27T16:00:00-04:00,eps_pit_v4,2026-08-28T15:26:44.101377+00:00
2026-08-07,NTRA,36.4864864865,SEC,2026-08-07,-0.47,-0.74,2026-06-30,2025-06-30,reported_quarter,LOSS_NARROWING,resolved,,1604821.0,,,,,,,,,,,,,0001628280-26-054525_EarningsPerShareDiluted_2026-04-01_2026-06-30_Q2,eps_pit_v4,2026-08-28T15:26:33.362674+00:00
2026-08-07,NUE,382.0895522388,SEC,2026-05-13,3.23,0.67,2026-04-04,2025-04-05,reported_quarter,GROWTH,resolved,,73309.0,,,,,,,,,,,,,0001193125-26-220778_EarningsPerShareDiluted_2026-01-01_2026-04-04_Q1,eps_pit_v4,2026-08-28T15:26:24.131669+00:00
2026-08-07,NVEC,78.3783783784,SEC,2026-07-22,1.32,0.74,2026-06-30,2025-06-30,reported_quarter,GROWTH,resolved,,724910.0,,,,,,,,,,,,,0001376474-26-000514_EarningsPerShareDiluted_2026-04-01_2026-06-30_Q1,eps_pit_v4,2026-08-28T15:26:24.974044+00:00
2026-08-07,NVT,97.0149253731,SEC,2026-07-31,1.32,0.67,2026-06-30,2025-06-30,reported_quarter,GROWTH,resolved,,1720635.0,,,,,,,,,,,,,0001628280-26-051428_EarningsPerShareDiluted_2026-04-01_2026-06-30_Q2,eps_pit_v4,2026-08-28T15:26:36.482605+00:00
2026-08-07,PANW,-159.4594594595,SEC,2026-06-03,-0.22,0.37,2026-04-30,2025-04-30,reported_quarter,PROFIT_TO_LOSS,resolved,,1327567.0,,,,,,,,,,,,,0001327567-26-000015_EarningsPerShareDiluted_2026-02-01_2026-04-30_Q3,eps_pit_v4,2026-08-28T15:26:24.741924+00:00
2026-08-07,PH,-4.2062415197,SEC,2026-05-01,7.06,7.37,2026-03-31,2025-03-31,reported_quarter,DECLINE,resolved,,76334.0,,,,,,,,,,,,,0000076334-26-000073_EarningsPerShareDiluted_2026-01-01_2026-03-31_Q3,eps_pit_v4,2026-08-28T15:26:37.940010+00:00
2026-08-07,PKG,-19.4756554307,SEC,2026-08-07,2.15,2.67,2026-06-30,2025-06-30,reported_quarter,DECLINE,resolved,,75677.0,,,,,,,,,,,,,0001193125-26-339405_EarningsPerShareDiluted_2026-04-01_2026-06-30_Q2,eps_pit_v4,2026-08-28T15:26:32.991326+00:00
2026-08-07,PLPC,75.390625,SEC,2026-07-30,4.49,2.56,2026-06-30,2025-06-30,reported_quarter,GROWTH,resolved,,80035.0,,,,,,,,,,,,,0000080035-26-000030_EarningsPerShareDiluted_2026-04-01_2026-06-30_Q2,eps_pit_v4,2026-08-28T15:26:31.155601+00:00
2026-08-07,PRAX,13.2930513595,SEC,2026-08-06,-2.87,-3.31,2026-06-30,2025-06-30,reported_quarter,LOSS_NARROWING,resolved,,1689548.0,,,,,,,,,,,,,0001689548-26-000083_EarningsPerShareDiluted_2026-04-01_2026-06-30_Q2,eps_pit_v4,2026-08-28T15:26:20.984298+00:00
2026-08-07,PRLB,105.5555555556,SEC,2026-07-31,0.37,0.18,2026-06-30,2025-06-30,reported_quarter,GROWTH,resolved,,1443669.0,,,,,,,,,,,,,0001443669-26-000035_EarningsPerShareDiluted_2026-04-01_2026-06-30_Q2,eps_pit_v4,2026-08-28T15:26:33.229616+00:00
2026-08-07,PTGX,516.3636363636,SEC,2026-08-05,2.29,-0.55,2026-06-30,2025-06-30,reported_quarter,TURNAROUND,resolved,,1377121.0,,,,,,,,,,,,,0001104659-26-091123_EarningsPerShareDiluted_2026-04-01_2026-06-30_Q2,eps_pit_v4,2026-08-28T15:26:38.110243+00:00
2026-08-07,RAPP,-58.6666666667,SEC,2026-08-05,-1.19,-0.75,2026-06-30,2025-06-30,reported_quarter,LOSS_WIDENING,resolved,,2012593.0,,,,,,,,,,,,,0001193125-26-333862_EarningsPerShareDiluted_2026-04-01_2026-06-30_Q2,eps_pit_v4,2026-08-28T15:26:38.002031+00:00
2026-08-07,RGA,159.6296296296,SEC,2026-08-07,7.01,2.7,2026-06-30,2025-06-30,reported_quarter,GROWTH,resolved,,898174.0,,,,,,,,,,,,,0000898174-26-000034_EarningsPerShareDiluted_2026-04-01_2026-06-30_Q2,eps_pit_v4,2026-08-28T15:26:33.918552+00:00
2026-08-07,RHI,-36.5853658537,SEC,2026-08-04,0.26,0.41,2026-06-30,2025-06-30,reported_quarter,DECLINE,resolved,,315213.0,,,,,,,,,,,,,0000315213-26-000046_EarningsPerShareDiluted_2026-04-01_2026-06-30_Q2,eps_pit_v4,2026-08-28T15:26:31.784236+00:00
2026-08-07,ROIV,21.2121212121,SEC,2026-08-06,-0.26,-0.33,2026-06-30,2025-06-30,reported_quarter,LOSS_NARROWING,resolved,,1635088.0,,,,,,,,,,,,,0001635088-26-000090_EarningsPerShareDiluted_2026-04-01_2026-06-30_Q1,eps_pit_v4,2026-08-28T15:26:23.110000+00:00
2026-08-07,ROKU,1442.8571428571,SEC,2026-08-06,1.08,0.07,2026-06-30,2025-06-30,reported_quarter,GROWTH,resolved,,1428439.0,,,,,,,,,,,,,0001628280-26-054335_EarningsPerShareDiluted_2026-04-01_2026-06-30_Q2,eps_pit_v4,2026-08-28T15:26:31.905487+00:00
2026-08-07,RS,36.3636363636,SEC,2026-04-29,5.1,3.74,2026-03-31,2025-03-31,reported_quarter,GROWTH,resolved,,861884.0,,,,,,,,,,,,,0001104659-26-051524_EarningsPerShareDiluted_2026-01-01_2026-03-31_Q1,eps_pit_v4,2026-08-28T15:26:43.548027+00:00
2026-08-07,RVMD,-133.5877862595,SEC,2026-08-05,-3.06,-1.31,2026-06-30,2025-06-30,reported_quarter,LOSS_WIDENING,resolved,,1628171.0,,,,,,,,,,,,,0001193125-26-335104_EarningsPerShareDiluted_2026-04-01_2026-06-30_Q2,eps_pit_v4,2026-08-28T15:26:33.663185+00:00
2026-08-07,SAFT,21.0256410256,SEC,2026-08-07,2.36,1.95,2026-06-30,2025-06-30,reported_quarter,GROWTH,resolved,,1172052.0,,,,,,,,,,,,,0001172052-26-000023_EarningsPerShareDiluted_2026-04-01_2026-06-30_Q2,eps_pit_v4,2026-08-28T15:26:39.045541+00:00
2026-08-07,SENEA,33.1775700935,SEC,2026-08-06,2.85,2.14,2026-06-27,2025-06-28,reported_quarter,GROWTH,resolved,,88948.0,,,,,,,,,,,,,0001437749-26-026264_EarningsPerShareDiluted_2026-04-01_2026-06-27_Q1,eps_pit_v4,2026-08-28T15:26:41.562294+00:00
2026-08-07,SEPN,61.2244897959,SEC,2026-05-11,-0.19,-0.49,2026-03-31,2025-03-31,reported_quarter,LOSS_NARROWING,resolved,,1984086.0,,,,,,,,,,,,,0001193125-26-216759_EarningsPerShareDiluted_2026-01-01_2026-03-31_Q1,eps_pit_v4,2026-08-28T15:26:35.829294+00:00
2026-08-07,SHOO,167.8571428571,SEC,2026-07-31,0.38,-0.56,2026-06-30,2025-06-30,reported_quarter,TURNAROUND,resolved,,913241.0,,,,,,,,,,,,,0001628280-26-051368_EarningsPerShareDiluted_2026-04-01_2026-06-30_Q2,eps_pit_v4,2026-08-28T15:26:30.142252+00:00
2026-08-07,SIF,286.9565217391,SEC,2026-05-08,0.43,-0.23,2026-03-31,2025-03-31,reported_quarter,TURNAROUND,resolved,,90168.0,,,,,,,,,,,,,0000090168-26-000018_EarningsPerShareDiluted_2026-01-01_2026-03-31_Q2,eps_pit_v4,2026-08-28T15:26:23.931531+00:00
2026-08-07,SION,-60.9756097561,SEC,2026-08-06,-0.66,-0.41,2026-06-30,2025-06-30,reported_quarter,LOSS_WIDENING,resolved,,2036042.0,,,,,,,,,,,,,0001628280-26-053839_EarningsPerShareDiluted_2026-04-01_2026-06-30_Q2,eps_pit_v4,2026-08-28T15:26:36.545486+00:00
2026-08-07,SNA,5.0847457627,SEC,2026-07-23,4.96,4.72,2026-07-04,2025-06-28,reported_quarter,GROWTH,resolved,,91440.0,,,,,,,,,,,,,0000091440-26-000144_EarningsPerShareDiluted_2026-04-05_2026-07-04_Q2,eps_pit_v4,2026-08-28T15:26:47.646330+00:00
2026-08-07,SNOW,33.3333333333,SEC,2026-05-29,-0.86,-1.29,2026-04-30,2025-04-30,reported_quarter,LOSS_NARROWING,resolved,,1640147.0,,,,,,,,,,,,,0001640147-26-000030_EarningsPerShareDiluted_2026-02-01_2026-04-30_Q1,eps_pit_v4,2026-08-28T15:26:22.817252+00:00
2026-08-07,SWK,247.7611940299,SEC,2026-07-29,2.33,0.67,2026-07-04,2025-06-28,reported_quarter,GROWTH,resolved,,93556.0,,,,,,,,,,,,,0000093556-26-000031_EarningsPerShareDiluted_2026-04-05_2026-07-04_Q2,eps_pit_v4,2026-08-28T15:26:26.348097+00:00
2026-08-07,SXI,206.6298342541,SEC,2026-05-06,5.55,1.81,2026-03-31,2025-03-31,reported_quarter,GROWTH,resolved,,310354.0,,,,,,,,,,,,,0001437749-26-014992_EarningsPerShareDiluted_2026-01-01_2026-03-31_Q3,eps_pit_v4,2026-08-28T15:26:43.736208+00:00
2026-08-07,SXT,36.3636363636,SEC,2026-08-04,1.2,0.88,2026-06-30,2025-06-30,reported_quarter,GROWTH,resolved,,310142.0,,,,,,,,,,,,,0001140361-26-031094_EarningsPerShareDiluted_2026-04-01_2026-06-30_Q2,eps_pit_v4,2026-08-28T15:26:35.766735+00:00
2026-08-07,TILE,81.8181818182,SEC,2026-05-12,0.4,0.22,2026-04-05,2025-03-30,reported_quarter,GROWTH,resolved,,715787.0,,,,,,,,,,,,,0000715787-26-000012_EarningsPerShareDiluted_2025-12-29_2026-04-05_Q1,eps_pit_v4,2026-08-28T15:26:29.197703+00:00
2026-08-07,TPC,223.6842105263,SEC,2026-08-05,1.23,0.38,2026-06-30,2025-06-30,reported_quarter,GROWTH,resolved,,77543.0,,,,,,,,,,,,,0000077543-26-000186_EarningsPerShareDiluted_2026-04-01_2026-06-30_Q2,eps_pit_v4,2026-08-28T15:26:34.964371+00:00
2026-08-07,TRIN,-22.2222222222,SEC,2026-08-05,0.49,0.63,2026-06-30,2025-06-30,reported_quarter,DECLINE,resolved,,1786108.0,,,,,,,,,,,,,0001193125-26-333907_EarningsPerShareDiluted_2026-04-01_2026-06-30_Q2,eps_pit_v4,2026-08-28T15:26:41.879098+00:00
2026-08-07,TVTX,-164.2857142857,SEC,2026-08-04,-0.37,-0.14,2026-06-30,2025-06-30,reported_quarter,LOSS_WIDENING,resolved,,1438533.0,,,,,,,,,,,,,0001438533-26-000063_EarningsPerShareDiluted_2026-04-01_2026-06-30_Q2,eps_pit_v4,2026-08-28T15:26:22.650726+00:00
2026-08-07,TWIN,309.0909090909,SEC,2026-05-06,0.23,-0.11,2026-03-27,2025-03-28,reported_quarter,TURNAROUND,resolved,,100378.0,,,,,,,,,,,,,0001437749-26-015032_EarningsPerShareDiluted_2025-12-27_2026-03-27_Q3,eps_pit_v4,2026-08-28T15:26:38.455424+00:00
2026-08-07,TWLO,4671.4285714286,SEC,2026-08-07,6.68,0.14,2026-06-30,2025-06-30,reported_quarter,GROWTH,resolved,,1447669.0,,,,,,,,,,,,,0001447669-26-000092_EarningsPerShareDiluted_2026-04-01_2026-06-30_Q2,eps_pit_v4,2026-08-28T15:26:21.910032+00:00
2026-08-07,TWST,-269.696969697,SEC,2026-08-03,-0.56,0.33,2026-06-30,2025-06-30,reported_quarter,PROFIT_TO_LOSS,resolved,,1581280.0,,,,,,,,,,,,,0001581280-26-000047_EarningsPerShareDiluted_2026-04-01_2026-06-30_Q3,eps_pit_v4,2026-08-28T15:26:21.091672+00:00
2026-08-07,UFCS,48.275862069,SEC,2026-08-04,1.29,0.87,2026-06-30,2025-06-30,reported_quarter,GROWTH,resolved,,101199.0,,,,,,,,,,,,,0000101199-26-000052_EarningsPerShareDiluted_2026-04-01_2026-06-30_Q2,eps_pit_v4,2026-08-28T15:26:43.215337+00:00
2026-08-07,UNM,-16.1458333333,SEC,2026-07-29,1.61,1.92,2026-06-30,2025-06-30,reported_quarter,DECLINE,resolved,,5513.0,,,,,,,,,,,,,0000005513-26-000075_EarningsPerShareDiluted_2026-04-01_2026-06-30_Q2,eps_pit_v4,2026-08-28T15:26:40.633097+00:00
2026-08-07,URI,6.5739570164,SEC,2026-04-22,8.43,7.91,2026-03-31,2025-03-31,reported_quarter,GROWTH,resolved,,1067701.0,,,,,,,,,,,,,0001067701-26-000016_EarningsPerShareDiluted_2026-01-01_2026-03-31_Q1,eps_pit_v4,2026-08-28T15:26:37.266531+00:00
2026-08-07,UVE,68.5950413223,SEC,2026-07-30,2.04,1.21,2026-06-30,2025-06-30,reported_quarter,GROWTH,resolved,,891166.0,,,,,,,,,,,,,0000891166-26-000088_EarningsPerShareDiluted_2026-04-01_2026-06-30_Q2,eps_pit_v4,2026-08-28T15:26:41.053009+00:00
2026-08-07,VABK,16.8674698795,SEC,2026-05-12,0.97,0.83,2026-03-31,2025-03-31,reported_quarter,GROWTH,resolved,,1572334.0,,,,,,,,,,,,,0001193125-26-219603_EarningsPerShareDiluted_2026-01-01_2026-03-31_Q1,eps_pit_v4,2026-08-28T15:26:47.806445+00:00
2026-08-07,VAC,19.7740112994,SEC,2026-08-06,2.12,1.77,2026-06-30,2025-06-30,reported_quarter,GROWTH,resolved,,1524358.0,,,,,,,,,,,,,0001524358-26-000037_EarningsPerShareDiluted_2026-04-01_2026-06-30_Q2,eps_pit_v4,2026-08-28T15:26:20.726549+00:00
2026-08-07,VIK,54.1666666667,YahooHistoricalEvent,2026-05-14,-0.11,-0.24,2026-03-31,2025-03-31,reported_quarter,LOSS_NARROWING,resolved,,,,,,,,,,,,,,,yahoo_event_2026-03-31_2026-05-14T07:00:00-04:00,eps_pit_v4,2026-08-28T15:26:41.121049+00:00
2026-08-07,WBS,2.6315789474,SEC,2026-07-27,1.56,1.52,2026-06-30,2025-06-30,reported_quarter,GROWTH,resolved,,801337.0,,,,,,,,,,,,,0000801337-26-000023_EarningsPerShareDiluted_2026-04-01_2026-06-30_Q2,eps_pit_v4,2026-08-28T15:26:26.032498+00:00
2026-08-07,WCC,10.4438642298,SEC,2026-07-30,4.23,3.83,2026-06-30,2025-06-30,reported_quarter,GROWTH,resolved,,929008.0,,,,,,,,,,,,,0000929008-26-000024_EarningsPerShareDiluted_2026-04-01_2026-06-30_Q2,eps_pit_v4,2026-08-28T15:26:42.224000+00:00
2026-08-07,WEYS,479.1666666667,SEC,2026-08-07,1.39,0.24,2026-06-30,2025-06-30,reported_quarter,GROWTH,resolved,,106532.0,,,,,,,,,,,,,0001104659-26-092615_EarningsPerShareDiluted_2026-04-01_2026-06-30_Q2,eps_pit_v4,2026-08-28T15:26:26.711465+00:00
2026-08-07,WRLD,343.3333333333,SEC,2026-08-06,1.33,0.3,2026-06-30,2025-06-30,reported_quarter,GROWTH,resolved,,108385.0,,,,,,,,,,,,,0000108385-26-000034_EarningsPerShareDiluted_2026-04-01_2026-06-30_Q1,eps_pit_v4,2026-08-28T15:26:31.333236+00:00
2026-08-07,WSBF,13.9534883721,SEC,2026-08-06,0.49,0.43,2026-06-30,2025-06-30,reported_quarter,GROWTH,resolved,,1569994.0,,,,,,,,,,,,,0001437749-26-026246_EarningsPerShareDiluted_2026-04-01_2026-06-30_Q2,eps_pit_v4,2026-08-28T15:26:34.189153+00:00
2026-08-07,WSM,4.3243243243,SEC,2026-05-22,1.93,1.85,2026-05-03,2025-05-04,reported_quarter,GROWTH,resolved,,719955.0,,,,,,,,,,,,,0000719955-26-000131_EarningsPerShareDiluted_2026-02-02_2026-05-03_Q1,eps_pit_v4,2026-08-28T15:26:32.068436+00:00
2026-08-07,WT,64.7058823529,SEC,2026-08-05,0.28,0.17,2026-06-30,2025-06-30,reported_quarter,GROWTH,resolved,,880631.0,,,,,,,,,,,,,0001214659-26-009661_EarningsPerShareDiluted_2026-04-01_2026-06-30_Q2,eps_pit_v4,2026-08-28T15:26:36.181774+00:00
2026-08-07,WTS,17.2757475083,SEC,2026-08-06,3.53,3.01,2026-06-28,2025-06-29,reported_quarter,GROWTH,resolved,,795403.0,,,,,,,,,,,,,0001104659-26-091726_EarningsPerShareDiluted_2026-03-30_2026-06-28_Q2,eps_pit_v4,2026-08-28T15:26:47.363951+00:00
2026-08-07,WTTR,60.0,YahooHistoricalEvent,2026-08-04,0.24,0.15,2026-06-30,2025-06-30,reported_quarter,GROWTH,resolved,,,,,,,,,,,,,,,yahoo_event_2026-06-30_2026-08-04T16:00:00-04:00,eps_pit_v4,2026-08-28T15:26:22.289081+00:00
