ticker,code,close,SMA10|1W,SMA40|1W,sector,industry,eps_yoy_growth,price_52_week_high
NASDAQ:NVDA,NVDA,229.28,224.061,202.37825000000004,Electronic Technology,Semiconductors,128.2079851439183,243.37
NASDAQ:AAPL,AAPL,336.64,324.8080000000001,291.7417500000001,Electronic Technology,Telecommunications Equipment,29.131849205842947,345.34
NASDAQ:GOOGL,GOOGL,351.66,345.7189999999998,340.8045000000001,Technology Services,Internet Software/Services,294.01687216093444,408.61
NASDAQ:GOOG,GOOG,347.86,342.60999999999984,339.01850000000013,Technology Services,Internet Software/Services,294.01687216093444,404.47
NASDAQ:MSFT,MSFT,535.07,505.0039999999999,432.7159999999996,Technology Services,Packaged Software,31.652054794520552,553.72
NASDAQ:AMZN,AMZN,262.43,259.4809999999999,242.99775000000005,Retail Trade,Internet Retail,241.8287822000119,287.2
NYSE:TSM,TSM,453.31,435.6380000000001,395.2122499999999,Electronic Technology,Semiconductors,73.31188417454254,487.47
NASDAQ:META,META,718.67,643.883,626.2791250000002,Technology Services,Internet Software/Services,-13.437981779957955,779.8192
NASDAQ:MU,MU,1029.0,994.2689999999997,720.56325,Electronic Technology,Semiconductors,1061.373754504982,1255.0
NYSE:LLY,LLY,1179.27,1171.9449999999993,1077.8302500000002,Health Technology,Pharmaceuticals: Major,26.18654035667737,1292.65
NYSE:BRK.A,BRK.A,774295.0,761368.1690000002,740186.4952500003,Finance,Property/Casualty Insurance,107.75105381474835,806102.81
NYSE:BRK.B,BRK.B,515.62,507.6569999999998,493.3429999999993,Finance,Property/Casualty Insurance,107.75214077678368,537.74
NASDAQ:AMD,AMD,608.1,536.274,395.4515,Electronic Technology,Semiconductors,158.803738317757,658.52
NYSE:JPM,JPM,332.99,350.253,321.7917500000001,Finance,Major Banks,47.084097158570124,366.5
NYSE:V,V,385.45,370.6589999999998,337.53575,Finance,Finance/Rental/Leasing,10.412522052475511,386.84
NASDAQ:ASML,ASML,1780.34,1752.9679999999996,1584.539249999999,Electronic Technology,Semiconductors,31.86558343432529,1999.96
NYSE:XOM,XOM,168.94,161.74999999999994,151.36499999999995,Energy Minerals,Integrated Oil,112.81188845401175,176.41
NYSE:JNJ,JNJ,261.44,265.736,244.68675000000016,Health Technology,Pharmaceuticals: Major,-0.9174712744112853,281.07
NASDAQ:INTC,INTC,104.7,103.80599999999995,85.27075000000002,Electronic Technology,Semiconductors,-223.64126366222487,142.35
NYSE:MA,MA,589.14,573.086,530.2155,Finance,Finance/Rental/Leasing,22.053297310573495,601.23
NASDAQ:PLTR,PLTR,209.05,181.89500000000004,150.99575000000002,Technology Services,Packaged Software,224.23529411764704,209.58
NYSE:ABBV,ABBV,276.47,259.711,233.11150000000015,Health Technology,Pharmaceuticals: Major,288.0343511450382,277.6
NASDAQ:CSCO,CSCO,118.39,112.22100000000003,99.87924999999998,Electronic Technology,Telecommunications Equipment,36.96266968325791,130.3656
NYSE:CVX,CVX,211.98,204.89799999999983,189.842,Energy Minerals,Integrated Oil,323.27562326869804,217.78
NASDAQ:AMAT,AMAT,507.03,488.81499999999994,442.3817499999999,Producer Manufacturing,Industrial Machinery,43.02136867730592,739.67
NASDAQ:LRCX,LRCX,318.84,313.51300000000003,283.81225000000006,Producer Manufacturing,Industrial Machinery,34.60282108389012,438.5
NYSE:KO,KO,88.05,88.1639999999999,81.05624999999998,Consumer Non-Durables,Beverages: Non-Alcoholic,16.194790486976217,92.49
NYSE:DELL,DELL,586.06,521.3860000000001,317.05824999999993,Electronic Technology,Computer Processing Hardware,273.5855728429986,595.51
NYSE:MRK,MRK,145.6,144.513,125.27799999999999,Health Technology,Pharmaceuticals: Major,-130.68233424159857,156.9199
NASDAQ:PANW,PANW,418.78,370.18399999999997,259.3226249999999,Technology Services,Packaged Software,-196.42458100558662,432.325
NYSE:UNH,UNH,379.3,387.27899999999966,359.19625,Health Services,Managed Health Care,61.71952229554623,461.62
NYSE:PM,PM,201.19,190.14200000000005,179.95724999999985,Consumer Non-Durables,Tobacco,-7.407217024776401,207.76
NASDAQ:ARM,ARM,266.28,272.096,226.61500000000007,Electronic Technology,Semiconductors,105.15970515970517,452.7
NYSE:SHEL,SHEL,100.18,93.9660000000001,86.35824999999997,Energy Minerals,Integrated Oil,216.76824246417397,101.17
NASDAQ:CRWD,CRWD,275.04,229.642,158.96621875000002,Technology Services,Packaged Software,,286.9899
NYSE:ANET,ANET,216.74,199.492,162.23325000000006,Electronic Technology,Computer Peripherals,35.9553775743707,217.4099
NYSE:GEV,GEV,1004.73,971.2960000000005,937.0752499999996,Producer Manufacturing,Electrical Products,32.85184986307254,1195.94
NYSE:RY,RY,191.91,204.64499999999987,187.584,Finance,Major Banks,11.236562430126146,218.565
NASDAQ:TXN,TXN,283.74,273.805,255.277875,Electronic Technology,Semiconductors,51.5400410677618,334.03
NASDAQ:KLAC,KLAC,195.57,189.497,182.42390000000003,Electronic Technology,Semiconductors,14.389759435003304,307.3743
NYSE:MUFG,MUFG,22.38,23.028000000000002,19.986750000000022,Finance,Major Banks,36.898232784887256,24.26
NYSE:TMO,TMO,658.02,629.661,541.8772500000001,Health Technology,Medical Specialties,9.383327878816209,694.325
NYSE:SAP,SAP,214.78,211.92999999999992,190.53774999999996,Technology Services,Packaged Software,33.404475882675776,281.365
NASDAQ:MRVL,MRVL,275.28,240.78050000000007,175.897625,Electronic Technology,Semiconductors,49.41912421805183,329.88
NASDAQ:SNDK,SNDK,1581.82,1617.9160000000002,1233.0369999999998,Electronic Technology,Computer Peripherals,,2354.3899
NASDAQ:AMGN,AMGN,414.87,413.06550000000016,368.77487499999995,Health Technology,Biotechnology,64.93388741972046,447.03
NASDAQ:SHOP,SHOP,170.85,147.49099999999999,127.59575,Commercial Services,Miscellaneous Commercial Services,60.21256212134816,182.19
NYSE:C,C,129.64,133.96099999999998,126.40524999999998,Finance,Major Banks,61.04832523651241,147.96
NYSE:BHP,BHP,86.74,89.09899999999998,80.47275,Non-Energy Minerals,Steel,,98.71
NYSE:APH,APH,87.24,82.80600000000003,74.95150000000001,Electronic Technology,Electronic Components,59.990673816740504,89.93
NASDAQ:ADI,ADI,406.19,384.7879999999999,367.06925000000024,Electronic Technology,Semiconductors,162.61136124149823,445.91
NYSE:TD,TD,115.1,120.26300000000003,109.11500000000001,Finance,Major Banks,43.03406761698595,125.465
NYSE:TTE,TTE,86.11,88.31500000000003,84.08475000000003,Energy Minerals,Integrated Oil,88.52428500075408,94.17
NYSE:CRM,CRM,229.13,229.68299999999985,197.18024999999994,Technology Services,Packaged Software,118.95488146826409,269.11
NASDAQ:GILD,GILD,151.17,145.50349999999992,137.91287499999996,Health Technology,Biotechnology,-640.6646177487514,157.29
NASDAQ:QCOM,QCOM,175.5,174.93600000000004,170.03449999999992,Electronic Technology,Semiconductors,-22.79660318245528,259.92
NYSE:DIS,DIS,108.05,105.85599999999991,103.43825000000007,Consumer Services,Movies/Entertainment,-48.08246432491767,117.0888
NASDAQ:STX,STX,783.0,855.302,679.445,Electronic Technology,Computer Peripherals,149.16685280321644,1145.0
NYSE:SCCO,SCCO,209.21,201.372954652,184.53523958550002,Non-Energy Minerals,Other Metals/Minerals,73.45533769063181,220.78
NYSE:BLK,BLK,1082.39,1113.1200000000003,1059.7042499999998,Finance,Investment Managers,14.024521824423738,1219.9399
NYSE:DE,DE,620.93,655.913,597.1144999999996,Producer Manufacturing,Trucks/Construction/Farm Machinery,7.257606063796179,721.22
NYSE:ETN,ETN,429.65,428.89000000000016,395.4750000000001,Producer Manufacturing,Electrical Products,-15.9870859739328,478.0
NYSE:UNP,UNP,278.34,288.607,267.72899999999987,Transportation,Railroads,6.379201014584657,315.99
NYSE:WELL,WELL,225.47,233.494,216.46824999999998,Finance,Real Estate Investment Trusts,12.01117318435755,255.2
NYSE:PFE,PFE,28.28,27.815999999999974,26.554500000000008,Health Technology,Pharmaceuticals: Major,-108.60363924050634,29.21
NYSE:COP,COP,134.1,130.12000000000003,118.60049999999998,Energy Minerals,Oil & Gas Production,106.83974358974359,141.62
NYSE:SMFG,SMFG,25.13,26.1,23.271,Finance,Major Banks,22.50247279920871,27.615
NYSE:DHR,DHR,219.81,212.0099999999997,199.80124999999967,Health Technology,Medical Specialties,59.30292821974604,242.8
NYSE:BUD,BUD,77.33,78.76099999999998,77.31099999999996,Consumer Non-Durables,Beverages: Alcoholic,,86.6
NYSE:PBR.A,PBR.A,22.47,18.289000000000005,16.728999999999996,Energy Minerals,Integrated Oil,120.70713992051527,22.78
NYSE:PBR,PBR,25.3,20.296,18.45824999999998,Energy Minerals,Integrated Oil,120.70713992051527,25.6
NASDAQ:IBKR,IBKR,87.87,90.96900000000008,82.441375,Finance,Investment Banks/Brokers,36.618052818289335,98.75
NYSE:UBS,UBS,48.13,52.17399999999998,47.01450000000001,Finance,Investment Managers,13.266725901465225,55.985
NYSE:NOW,NOW,140.86,134.21899999999997,113.50675000000004,Technology Services,Packaged Software,-21.69067681435172,192.96598
NASDAQ:FTNT,FTNT,194.75,167.05199999999994,123.48199999999997,Technology Services,Information Technology Services,43.855337078651694,194.95
NYSE:BBVA,BBVA,26.12,28.44799999999999,24.662750000000006,Finance,Major Banks,11.580260110457855,29.64
NYSE:SONY,SONY,24.12,23.99299999999999,22.183250000000008,Electronic Technology,Computer Processing Hardware,33.911439114391136,30.34
NYSE:GLW,GLW,156.68,157.89299999999994,154.64524999999998,Electronic Technology,Electronic Components,17.834747325710072,271.78
NYSE:CB,CB,341.2,340.08,331.48875000000004,Finance,Property/Casualty Insurance,-0.7442885717007118,365.91
NYSE:SNOW,SNOW,368.89,336.466,232.70424999999994,Technology Services,Packaged Software,38.2564679415073,384.56
NASDAQ:VRTX,VRTX,510.08,520.246,475.24237500000027,Health Technology,Pharmaceuticals: Major,8.02085422097453,560.25
NYSE:NET,NET,360.93,317.7099999999999,239.1180000000001,Technology Services,Information Technology Services,-230.3719008264463,370.35
NYSE:MPC,MPC,455.03,386.3769999999999,274.07200000000006,Energy Minerals,Oil Refining/Marketing,347.24075197089144,469.9999
NYSE:PGR,PGR,217.43,214.61400000000003,208.27874999999972,Finance,Multi-Line Insurance,4.926409330741456,241.01
NYSE:VLO,VLO,433.75,374.28499999999997,272.3569999999999,Energy Minerals,Oil Refining/Marketing,452.97984224364586,449.77
NYSE:NEM,NEM,117.84,122.34400000000001,112.32025000000002,Non-Energy Minerals,Precious Metals,11.346714146973127,135.29
NYSE:PH,PH,962.56,989.6279999999997,949.2957499999999,Producer Manufacturing,Industrial Machinery,19.31236897274632,1099.94
NYSE:MO,MO,71.68,68.402,68.308,Consumer Non-Durables,Tobacco,-2.5213068181818086,77.06
NYSE:BP,BP,46.25,44.07500000000001,42.18400000000002,Energy Minerals,Integrated Oil,140.42621374779682,48.27
NYSE:MDT,MDT,88.48,90.377,87.98150000000005,Health Technology,Medical Specialties,41.5717821782178,106.33
NYSE:BMO,BMO,162.59,173.901,158.35199999999992,Finance,Major Banks,-25.194323253558228,187.22
NYSE:PSX,PSX,278.18,251.05999999999995,190.72125,Energy Minerals,Oil Refining/Marketing,344.95669181335563,286.574
NYSE:MCK,MCK,938.84,886.2779999999997,851.58375,Distribution Services,Medical Distributors,-17.544421322234673,999.0
NYSE:SPOT,SPOT,529.14,517.186,495.2742499999998,Technology Services,Internet Software/Services,,700.12
NYSE:BNS,BNS,88.45,91.48100000000004,81.36475,Finance,Major Banks,21.620140528804278,95.74
NASDAQ:ADP,ADP,270.88,272.18999999999994,237.62024999999988,Technology Services,Packaged Software,9.617192746809955,288.0
NYSE:PWR,PWR,705.94,654.3009999999998,620.8720000000001,Industrial Services,Engineering & Construction,94.93745885450956,788.75
NYSE:FCX,FCX,73.69,72.25999999999999,64.42100000000002,Non-Energy Minerals,Other Metals/Minerals,27.43029389600602,80.24
NASDAQ:DDOG,DDOG,293.26,246.46600000000004,191.03300000000002,Technology Services,Packaged Software,1551.3513513513512,294.0
NYSE:TT,TT,476.98,457.9760000000001,452.25975000000005,Producer Manufacturing,Industrial Machinery,7.055554126032473,505.87
NYSE:EQNR,EQNR,43.01,42.26799999999999,36.408999999999985,Energy Minerals,Integrated Oil,294.0334128878282,45.84
NYSE:CNQ,CNQ,49.65,48.95399999999999,44.86749999999999,Energy Minerals,Integrated Oil,76.34927952570469,52.31
NYSE:ASX,ASX,46.43,40.801999999999985,32.2445,Electronic Technology,Semiconductors,163.44765342960287,47.93
NASDAQ:EQIX,EQIX,1026.06,1040.9419999999996,1006.2275000000005,Finance,Real Estate Investment Trusts,28.73814345092189,1128.68
NASDAQ:LITE,LITE,1103.355,944.7639999999996,781.1557500000001,Producer Manufacturing,Electrical Products,-2957.508860759494,1143.0
NASDAQ:ABNB,ABNB,165.87,174.298,145.04400000000007,Consumer Services,Hotels/Resorts/Cruise lines,33.06074766355142,193.452878
NYSE:CM,CM,109.2,115.40900000000003,107.74075,Finance,Regional Banks,13.705708957250696,124.86
NASDAQ:HOOD,HOOD,109.02,109.69000000000003,93.08675000000002,Finance,Investment Banks/Brokers,44.86575600565238,150.47
NYSE:HPE,HPE,73.46,59.827,38.9835,Electronic Technology,Computer Processing Hardware,410.2256361017762,73.56
NYSE:BNY,BNY,142.71,156.13899999999992,138.02075000000002,Finance,Investment Banks/Brokers,26.823334541125316,165.84
NASDAQ:MELI,MELI,1889.85,1855.6390000000004,1817.1850000000002,Retail Trade,Internet Retail,-10.898498463566655,2428.0
NYSE:JCI,JCI,157.44,148.65999999999997,139.44300000000004,Producer Manufacturing,Industrial Machinery,15.079662605435807,160.4099
NYSE:ING,ING,33.37,35.70100000000001,30.983499999999992,Finance,Major Banks,25.214217708663924,37.52
NYSE:EMR,EMR,161.83,157.04699999999997,145.8397499999999,Electronic Technology,Electronic Equipment/Instruments,23.311168931290354,166.35
NASDAQ:MRNA,MRNA,225.0,146.30599999999998,75.48574999999998,Health Technology,Biotechnology,7.595353430842307,225.0
NYSE:ELV,ELV,412.7,402.18799999999976,369.2401249999995,Health Services,Managed Health Care,-13.02077935537361,436.24
NYSE:WMB,WMB,72.67,72.13400000000001,72.03025000000002,Industrial Services,Oil & Gas Pipelines,51.36771300448431,80.075
NYSE:ICE,ICE,156.19,156.3390000000001,154.52325,Finance,Investment Banks/Brokers,14.364864864864874,176.05
NASDAQ:CSX,CSX,47.26,49.022999999999996,44.96825,Transportation,Railroads,21.77637511271416,53.6
NYSE:RACE,RACE,389.91,410.4180000000003,367.5784999999999,Consumer Durables,Motor Vehicles,6.8250945207149885,437.15
NASDAQ:MNST,MNST,43.64,44.82700000000004,42.837500000000006,Consumer Non-Durables,Beverages: Non-Alcoholic,19.04186795491144,50.17
NASDAQ:DASH,DASH,196.5,207.914,183.5097499999999,Transportation,Air Freight/Couriers,-29.98000307644978,285.5
NYSE:SU,SU,72.23,67.53199999999997,61.808749999999975,Energy Minerals,Integrated Oil,227.99537835998015,72.46
NYSE:BE,BE,280.5,251.4099999999999,215.8812499999999,Electronic Technology,Electronic Production Equipment,,351.28
NYSE:E,E,56.0,54.78599999999999,50.91849999999998,Energy Minerals,Oil Refining/Marketing,547.5422233425762,58.0
NASDAQ:CTAS,CTAS,202.41,200.54900000000004,188.50199999999995,Commercial Services,Miscellaneous Commercial Services,13.788778325946991,219.165
NYSE:ECL,ECL,281.83,278.9600000000001,274.6145,Process Industries,Chemicals: Specialty,3.201393804105187,309.27
NYSE:EOG,EOG,148.16,144.04200000000003,134.17749999999995,Energy Minerals,Integrated Oil,109.03223187464481,154.16
NASDAQ:MDLZ,MDLZ,60.41,61.64499999999998,60.09024999999999,Consumer Non-Durables,Food: Specialty/Candy,143.72847011144884,66.65
NYSE:TRV,TRV,368.75,369.9489999999998,324.08550000000025,Finance,Property/Casualty Insurance,57.155321526427784,398.695
NASDAQ:REGN,REGN,746.54,787.9909999999996,732.9089999999997,Health Technology,Pharmaceuticals: Major,-4.519275792102391,859.34
NASDAQ:NTES,NTES,124.24,121.62199999999996,121.50999999999995,Technology Services,Packaged Software,-13.993727695468797,153.54
NYSE:MSI,MSI,444.18,464.1880000000004,434.7454999999997,Electronic Technology,Telecommunications Equipment,9.614688559112903,494.85
NYSE:GM,GM,82.73,84.77600000000001,80.40674999999996,Consumer Durables,Motor Vehicles,-25.987754461248635,91.85
NYSE:NSC,NSC,317.79,328.02899999999977,313.30450000000013,Transportation,Railroads,-4.432514887500367,358.595
NYSE:CNI,CNI,117.78,123.23400000000001,114.57900000000002,Transportation,Railroads,5.595590767768772,131.55
NASDAQ:ROST,ROST,222.41,234.3289999999998,221.12824999999998,Retail Trade,Apparel/Footwear Retail,70.39002557544755,257.0
NYSE:MFC,MFC,42.43,43.54800000000001,39.57749999999997,Finance,Life/Health Insurance,17.16971204091142,45.33
AMEX:ET,ET,20.41,20.894000000000002,19.537749999999996,Industrial Services,Oil & Gas Pipelines,85.28015194681862,21.84
NYSE:TGT,TGT,153.64,157.83499999999987,132.11700000000002,Retail Trade,Specialty Stores,100.31186044245202,170.75
NASDAQ:MPWR,MPWR,1386.29,1324.5660000000003,1312.0667499999995,Electronic Technology,Semiconductors,85.77678190354247,1714.0899
NYSE:NWG,NWG,17.13,18.508000000000003,17.034499999999994,Finance,Major Banks,32.49007936507937,19.42
NYSE:RSG,RSG,216.88,217.41099999999992,215.48050000000012,Industrial Services,Environmental Services,4.831633525155261,233.42
NYSE:URI,URI,1056.37,1064.279,964.2665,Finance,Finance/Rental/Leasing,25.540357105565413,1179.18
NYSE:KEYS,KEYS,382.75,346.52799999999996,311.1474999999999,Electronic Technology,Electronic Equipment/Instruments,107.86231884057969,389.93
NYSE:WPM,WPM,138.65,145.748,134.06725,Non-Energy Minerals,Precious Metals,77.96715127691762,165.76
NASDAQ:TER,TER,402.68,388.7129999999998,346.61925,Electronic Technology,Electronic Production Equipment,385.3085410706989,487.91
NYSE:MET,MET,98.33,96.85400000000004,84.42700000000005,Finance,Multi-Line Insurance,5.386326274054742,100.93
NYSE:COR,COR,323.85,317.5470000000002,316.7990000000001,Distribution Services,Medical Distributors,11.80914512922465,377.54
NYSE:TRGP,TRGP,286.7,283.835,254.12525,Utilities,Gas Distributors,22.863002746202252,307.94
NYSE:COHR,COHR,312.62,312.376,296.8875,Electronic Technology,Semiconductors,,440.0
NYSE:GWW,GWW,1289.79,1290.298999999999,1224.4175,Distribution Services,Wholesale Distributors,20.512334344563314,1419.91
NYSE:FIX,FIX,1715.69,1669.809,1598.82225,Industrial Services,Engineering & Construction,91.92100263528837,2073.9883
NASDAQ:NBIS,NBIS,221.07,226.96499999999997,174.59224999999998,Technology Services,Packaged Software,-127.73874683440896,299.86
NYSE:OXY,OXY,60.11,59.00599999999997,55.136750000000006,Energy Minerals,Integrated Oil,967.5183894696092,67.45
NYSE:RELX,RELX,36.13,34.818999999999996,34.45099999999998,Commercial Services,Miscellaneous Commercial Services,,47.22
NYSE:AJG,AJG,232.7,246.30999999999995,231.3492500000002,Finance,Insurance Brokers/Services,-10.848519362186794,304.57
AMEX:IMO,IMO,123.01,128.686,121.89675000000004,Energy Minerals,Integrated Oil,132.77180092253036,139.44
NASDAQ:ALAB,ALAB,342.21,319.225,250.74099999999993,Electronic Technology,Semiconductors,190.33379694019465,499.4762
NYSE:TAK,TAK,18.73,18.236000000000008,17.36325000000001,Health Technology,Pharmaceuticals: Major,-18.21877309682188,19.1
NASDAQ:FAST,FAST,50.75,50.37600000000001,46.79599999999998,Distribution Services,Wholesale Distributors,15.877437325905284,52.915
NYSE:ALL,ALL,229.43,248.6699999999999,226.06924999999995,Finance,Multi-Line Insurance,61.186279057780524,277.22
NYSE:UMC,UMC,22.96,21.756,16.565,Electronic Technology,Semiconductors,363.3913043478261,28.96
NYSE:CVE,CVE,31.39,31.659,26.725499999999993,Energy Minerals,Integrated Oil,215.03050147005163,34.16
NASDAQ:NTRA,NTRA,400.71,354.044,254.26925,Health Technology,Biotechnology,36.846372111876775,437.4083
NYSE:LNG,LNG,278.18,274.297,251.64725000000004,Industrial Services,Oil & Gas Pipelines,100.21327791753252,300.89
NYSE:AME,AME,248.58,245.27300000000008,232.36674999999977,Producer Manufacturing,Electrical Products,14.33923265727942,261.16
NYSE:NUE,NUE,250.33,254.252,218.8105,Non-Energy Minerals,Steel,93.93752885059239,280.11
NYSE:OKE,OKE,89.8,92.13199999999999,87.96950000000001,Energy Minerals,Integrated Oil,14.152352501867066,99.845
NYSE:CAH,CAH,237.57,232.88500000000005,219.5305,Distribution Services,Medical Distributors,70.07431211086563,258.3021
NYSE:DAL,DAL,82.17,83.407,76.45399999999998,Transportation,Airlines,-46.92389347856187,95.68
NASDAQ:FANG,FANG,192.13,195.90199999999984,186.87837499999998,Energy Minerals,Oil & Gas Production,179.68053804119376,216.9
NYSE:DVN,DVN,48.26,47.513999999999974,45.28099999999999,Energy Minerals,Integrated Oil,43.827378846834094,52.71
NASDAQ:NDAQ,NDAQ,93.65,94.82799999999988,90.22075000000004,Finance,Investment Banks/Brokers,14.384526706801598,101.785
NASDAQ:TEAM,TEAM,206.79,181.7235,112.2065,Technology Services,Packaged Software,,207.3662
NYSE:HUM,HUM,431.87,395.41900000000015,301.0342499999998,Health Services,Managed Health Care,26.93193902871321,456.5
NYSE:GRMN,GRMN,268.36,287.855,249.5962499999999,Electronic Technology,Telecommunications Equipment,35.16382763113451,314.28
NYSE:P,P,154.49,113.26199999999999,81.49199999999999,Electronic Technology,Computer Peripherals,53.83512544802866,157.05
NYSE:BDX,BDX,183.75,182.96800000000005,163.80048133125038,Health Technology,Medical Specialties,-31.440152121697352,193.07
NASDAQ:EBAY,EBAY,112.19,107.43599999999995,102.46524999999994,Retail Trade,Internet Retail,56.0748870238864,119.31
NYSE:EW,EW,85.21,88.05000000000003,84.82424999999999,Health Technology,Medical Specialties,-27.06374085684431,96.29
NYSE:WAB,WAB,285.43,288.79099999999994,265.08624999999995,Producer Manufacturing,Trucks/Construction/Farm Machinery,18.36849077754001,306.6399
NYSE:A,A,170.54,157.271,133.4895,Health Technology,Medical Specialties,8.498727735368943,177.05
NYSE:STT,STT,174.96,185.96699999999998,156.95125000000002,Finance,Investment Banks/Brokers,68.31427517521209,195.93
NYSE:ROK,ROK,432.59,435.72599999999983,426.7927500000002,Producer Manufacturing,Electrical Products,40.172188484895074,497.36
NYSE:STM,STM,52.06,52.551,49.55649999999999,Electronic Technology,Semiconductors,,81.42
NYSE:VEEV,VEEV,296.13,264.66499999999996,202.42200000000014,Technology Services,Packaged Software,38.674033149171265,302.17
NYSE:TEVA,TEVA,41.1,37.816,33.97275,Health Technology,Pharmaceuticals: Generic,-291.1841346529439,42.02
NYSE:DEO,DEO,86.73,89.98099999999997,85.64625000000005,Consumer Non-Durables,Beverages: Alcoholic,,102.735
NASDAQ:PYPL,PYPL,55.53,56.04000000000002,49.617500000000014,Commercial Services,Miscellaneous Commercial Services,-3.021616177268143,79.215
NYSE:FNV,FNV,244.85,254.4890000000001,239.49774999999994,Non-Energy Minerals,Precious Metals,37.06481221841536,285.67
NASDAQ:NTAP,NTAP,237.15,202.31149999999985,144.66762499999987,Electronic Technology,Computer Peripherals,63.35598536330372,238.075
NYSE:XYZ,XYZ,77.24,79.38499999999999,70.77974999999999,Commercial Services,Miscellaneous Commercial Services,-83.26638356478824,86.92
NASDAQ:CCEP,CCEP,104.25,104.83700000000002,99.48949999999999,Consumer Non-Durables,Beverages: Non-Alcoholic,,113.67
NYSE:CLS,CLS,362.16,335.4580000000002,331.06399999999996,Electronic Technology,Electronic Components,67.05069924546675,474.025
NYSE:MT,MT,64.11,71.88399999999999,63.090499999999984,Non-Energy Minerals,Steel,,79.68
NASDAQ:WDAY,WDAY,186.59,192.05899999999994,154.40537500000005,Technology Services,Information Technology Services,204.05261286882333,247.4
NASDAQ:TRI,TRI,103.21,101.44350000000006,96.6315039574999,Technology Services,Internet Software/Services,41.23369123771166,166.8765526
NYSE:TWLO,TWLO,289.47,250.658,182.15425,Technology Services,Packaged Software,4659.40170940171,308.4
NASDAQ:FLEX,FLEX,119.83,115.33800000000005,102.67237499999999,Electronic Technology,Electronic Production Equipment,51.22048025401865,166.86
NYSE:AMP,AMP,500.51,538.335,492.4930000000002,Finance,Investment Managers,11.668701706637345,572.56
NASDAQ:KDP,KDP,31.76,31.469,29.70499999999999,Consumer Non-Durables,Beverages: Non-Alcoholic,-89.03836571998008,33.82
NYSE:SLF,SLF,76.99,79.83999999999999,72.78649999999999,Finance,Multi-Line Insurance,37.23535198821447,84.375
NYSE:IQV,IQV,259.88,258.1349999999999,205.4494999999999,Health Technology,Biotechnology,-0.36463081130355834,277.4
NYSE:WDS,WDS,22.57,22.901000000000003,21.549499999999995,Energy Minerals,Oil & Gas Production,,25.1899
NYSE:WAT,WAT,433.77,417.6290000000001,364.11974999999956,Health Technology,Medical Specialties,-156.1597729115977,454.54
NYSE:HMC,HMC,32.7,32.300000000000004,28.653500000000008,Consumer Durables,Motor Vehicles,124.53665568369026,33.445
NASDAQ:ILMN,ILMN,278.17,229.93400000000005,167.903,Health Technology,Medical Specialties,-9.613842864778189,309.345
NASDAQ:CRDO,CRDO,216.55,212.86800000000002,181.25387500000005,Technology Services,Information Technology Services,93.82823871906838,308.6699
NASDAQ:RVMD,RVMD,189.76,203.231,151.69224999999997,Health Technology,Pharmaceuticals: Other,-132.54433366314026,224.31
NYSE:KB,KB,123.07,124.79099999999998,110.64824999999996,Finance,Regional Banks,12.593252079943515,133.29
NASDAQ:OKTA,OKTA,232.13,175.53999999999996,117.02425000000001,Technology Services,Packaged Software,75.22960561858457,232.98
NYSE:LYV,LYV,170.33,175.33300000000003,164.99950000000013,Consumer Services,Movies/Entertainment,157.53861240500123,189.245
NASDAQ:ONC,ONC,354.47,356.59500000000014,320.54425000000003,Health Technology,Pharmaceuticals: Major,143.769322235434,385.22
NYSE:PRU,PRU,113.09,119.21499999999992,108.47949999999989,Finance,Life/Health Insurance,88.24163243316046,127.72
NYSE:ADM,ADM,79.89,81.68500000000002,75.52099999999992,Process Industries,Agricultural Commodities/Milling,313.7458563535912,88.75
NASDAQ:VOD,VOD,15.56,16.485999999999994,15.299499999999998,Communications,Wireless Telecommunications,,17.71
NASDAQ:ZS,ZS,233.73,187.3285,162.93037500000003,Technology Services,Packaged Software,81.47818343722173,336.99
NYSE:IX,IX,36.95,39.03500000000003,35.759249999999994,Finance,Finance/Rental/Leasing,145.47681004132863,42.39
NASDAQ:PAYX,PAYX,103.98,115.15150000000024,103.28012499999984,Technology Services,Data Processing Services,13.625648279113634,129.24
NYSE:CHT,CHT,45.99,44.43399999999993,43.42049999999997,Communications,Major Telecommunications,2.216458382456972,46.48
NYSE:EL,EL,98.05,95.86799999999997,91.39149999999998,Consumer Non-Durables,Household/Personal Care,78.89277928255268,121.635
NYSE:EC,EC,16.94,17.06800000000001,14.772249999999994,Energy Minerals,Integrated Oil,289.60915157292663,18.38
NASDAQ:STLD,STLD,238.38,240.2705,219.882125,Non-Energy Minerals,Steel,84.19267976463549,288.74
NYSE:SHG,SHG,75.52,78.59300000000002,68.30024999999999,Finance,Major Banks,14.266752105455879,85.57
NYSE:TECK,TECK,68.05,67.226,59.79050000000002,Non-Energy Minerals,Other Metals/Minerals,301.6070998743283,72.56
NASDAQ:BIIB,BIIB,225.71,217.9720000000003,197.65425,Health Technology,Pharmaceuticals: Major,-84.84701423553336,230.49
NASDAQ:EXPE,EXPE,274.22,295.6050000000001,257.806,Consumer Services,Other Consumer Services,188.32501609787508,342.0
NASDAQ:RPRX,RPRX,56.93,59.080999999999996,52.13349999999999,Health Technology,Pharmaceuticals: Major,-46.30872483221476,64.38
NYSE:RMD,RMD,230.05,225.08000000000007,223.82399999999961,Health Technology,Medical Specialties,2.4163568773234294,277.67
NYSE:CNC,CNC,65.36,65.175,54.13599999999999,Health Services,Managed Health Care,,69.63
NASDAQ:DXCM,DXCM,84.11,87.40299999999993,73.87049999999996,Health Technology,Medical Specialties,43.63270777479894,92.59
NASDAQ:MDB,MDB,385.93,400.542,337.8709999999998,Technology Services,Packaged Software,,473.1
NYSE:MTD,MTD,1549.99,1422.1230000000007,1312.8145000000004,Health Technology,Medical Specialties,18.365276211950395,1585.72
NASDAQ:NTRS,NTRS,168.21,181.66499999999994,164.41224999999991,Finance,Investment Managers,98.21052138473792,195.78
NYSE:CQP,CQP,63.54,66.06599999999995,62.77850000000002,Utilities,Gas Distributors,138.5005512679162,71.25
NYSE:BAP,BAP,381.21,380.35999999999984,355.75025000000016,Finance,Major Banks,15.959769840131333,413.245
NASDAQ:ZM,ZM,97.74,98.23200000000003,91.58037500000016,Technology Services,Packaged Software,342.3070311156954,114.74
NYSE:WSM,WSM,241.78,234.98599999999993,211.46474999999992,Retail Trade,Specialty Stores,41.977034448327494,254.89
NYSE:PBA,PBA,47.31,47.51799999999997,45.90149999999997,Industrial Services,Oil & Gas Pipelines,21.06822772484617,51.58
NASDAQ:SMCI,SMCI,41.855,39.287500000000016,32.59162499999999,Electronic Technology,Computer Processing Hardware,445.48655569782323,56.6
NASDAQ:VRSN,VRSN,303.74,291.9750000000003,268.91125,Technology Services,Internet Software/Services,7.709390862944169,312.48
NYSE:FTI,FTI,69.57,73.91000000000001,68.42424999999999,Industrial Services,Oilfield Services/Equipment,39.912622874083326,80.6999
NYSE:HPQ,HPQ,30.2,31.652999999999974,24.12700000000004,Technology Services,Information Technology Services,-10.852713178294572,36.225
NASDAQ:AFRM,AFRM,80.7,74.638,66.32000000000002,Finance,Finance/Rental/Leasing,2187.184562097971,90.44
NASDAQ:FFIV,FFIV,479.83,419.3440000000002,353.59737500000006,Technology Services,Packaged Software,11.429715412098073,482.47
NYSE:NVT,NVT,167.43,161.42300000000003,144.04925000000006,Electronic Technology,Electronic Components,96.57851486627821,184.64
NYSE:WRB,WRB,71.91,69.58899999999997,68.84425000000002,Finance,Multi-Line Insurance,15.165120223485996,78.96
NYSE:CPAY,CPAY,397.92,404.85299999999995,351.2007499999999,Commercial Services,Miscellaneous Commercial Services,-6.9703139531960865,427.46
NYSE:ATI,ATI,191.84,204.48800000000003,171.59874999999997,Non-Energy Minerals,Other Metals/Minerals,55.15134290180477,243.5694
NYSE:SN,SN,184.98,178.78299999999993,137.97124999999997,Consumer Durables,Electronics/Appliances,-6.768292682926829,194.54
NASDAQ:LPLA,LPLA,330.88,346.8220000000001,323.92974999999996,Finance,Investment Banks/Brokers,39.3876110359433,400.16
NYSE:RBRK,RBRK,125.14,102.574,72.53549999999998,Technology Services,Information Technology Services,39.08980089394555,127.9
NASDAQ:TSEM,TSEM,228.71,230.6065,203.632125,Electronic Technology,Semiconductors,93.0396690192261,319.94
NYSE:WST,WST,366.0,354.397,305.8147499999999,Health Technology,Medical Specialties,18.812916001980298,386.0
NASDAQ:ROIV,ROIV,35.44,36.602999999999994,30.820500000000003,Health Technology,Pharmaceuticals: Major,19.768504416692036,42.5
NYSE:DGX,DGX,230.97,237.91299999999995,208.83074999999994,Health Services,Services to the Health Industry,14.537338641573166,248.84
NASDAQ:ENTG,ENTG,165.79,149.79299999999998,136.70337500000002,Producer Manufacturing,Industrial Machinery,75.31645569620254,186.94
NYSE:LH,LH,312.15,319.8169999999999,282.813,Health Services,Medical/Nursing Services,28.467642391112673,341.795
NASDAQ:MTSI,MTSI,330.06,291.60800000000006,283.12812500000007,Electronic Technology,Semiconductors,166.69435215946845,418.9
NYSE:EXPD,EXPD,193.24,188.91199999999984,164.85700000000003,Transportation,Air Freight/Couriers,50.82613873176541,195.725
NYSE:IOT,IOT,41.55,40.05300000000001,33.87224999999997,Technology Services,Packaged Software,,47.47
NYSE:CIB,CIB,94.81,96.50099999999998,80.07449999999999,Finance,Regional Banks,82.3181674232028,105.6
NYSE:FMX,FMX,119.24,119.21499999999996,117.41824999999992,Consumer Non-Durables,Beverages: Non-Alcoholic,133.97260273972603,141.47
NYSE:VLTO,VLTO,96.93,96.70000000000003,92.45899999999997,Producer Manufacturing,Industrial Machinery,10.366951823502934,105.75
NASDAQ:FWONA,FWONA,86.67,89.68799999999999,84.3560000000001,Technology Services,Internet Software/Services,-97.55404570722668,98.79
NASDAQ:FWONK,FWONK,94.04,97.89700000000008,91.89712499999997,Technology Services,Internet Software/Services,-97.55404570722668,107.31
NYSE:CHD,CHD,98.11,98.08500000000008,96.95550000000006,Consumer Non-Durables,Household/Personal Care,9.829721362229108,106.04
NYSE:IHG,IHG,160.68,158.7469999999999,150.95350000000005,Consumer Services,Hotels/Resorts/Cruise lines,,175.89
NASDAQ:PFG,PFG,107.24,113.40249999999999,102.71524999999994,Finance,Investment Managers,2.8493364558938286,121.18
NASDAQ:FCNCA,FCNCA,2068.39,2161.3019999999974,2053.2335000000003,Finance,Regional Banks,30.908082726725745,2296.3
NASDAQ:INCY,INCY,112.79,121.84099999999994,107.38075000000003,Health Technology,Pharmaceuticals: Major,38.01648836981059,132.6
NASDAQ:ROKU,ROKU,152.85,154.80349999999999,125.46587499999994,Technology Services,Packaged Software,1440.02849002849,159.89
NASDAQ:GH,GH,167.47,167.85700000000003,127.2465,Health Technology,Medical Specialties,-12.33693626537459,191.05
NASDAQ:TROW,TROW,105.16,108.28499999999994,103.81425000000017,Finance,Investment Managers,28.619347913591834,122.0
NYSE:AER,AER,144.72,146.4760000000001,144.06274999999997,Finance,Finance/Rental/Leasing,-35.223123017271774,158.805
NASDAQ:DLTR,DLTR,118.64,122.64499999999995,117.02000000000001,Retail Trade,Discount Stores,197.27553496580632,142.4
NYSE:SNX,SNX,273.37,262.80500000000006,221.84099999999995,Distribution Services,Electronics Distributors,88.85002186270223,298.7699
NYSE:GPN,GPN,82.2,87.74400000000007,76.32924999999999,Finance,Finance/Rental/Leasing,-57.10685483870967,95.88
NYSE:IFF,IFF,84.55,84.78799999999998,77.53699999999994,Consumer Non-Durables,Food: Specialty/Candy,-91.65057707984727,89.315
NYSE:DINO,DINO,121.3,104.274,74.47499999999998,Energy Minerals,Oil Refining/Marketing,350.424618756278,124.22
NYSE:THC,THC,263.78,265.044,216.36024999999995,Health Services,Hospital/Nursing Management,213.53901070882202,283.05
NASDAQ:PTC,PTC,194.45,149.35800000000012,143.89900000000011,Technology Services,Packaged Software,-11.941697920218216,206.82
NYSE:USFD,USFD,97.43,101.51700000000001,93.72125000000001,Distribution Services,Food Distributors,29.425837320574153,111.42
NASDAQ:GMAB,GMAB,37.07,33.782,29.600125,Health Technology,Biotechnology,-11.450243814339887,40.17
NYSE:YPF,YPF,50.04,51.55299999999998,45.616249999999965,Energy Minerals,Integrated Oil,2063.2638888888887,57.87
NYSE:U,U,46.88,43.855,31.235750000000003,Technology Services,Packaged Software,79.31696085955487,52.15
NYSE:RS,RS,402.45,400.08099999999973,362.89224999999976,Non-Energy Minerals,Steel,42.33434485257484,433.02
NYSE:PKG,PKG,230.51,240.53500000000003,228.72575000000012,Process Industries,Containers/Packaging,-19.756963918489436,259.98
NASDAQ:VTRS,VTRS,17.64,16.873000000000005,15.566749999999999,Health Technology,Pharmaceuticals: Major,-2517.948717948718,18.43
NASDAQ:NTNX,NTNX,74.63,68.48049999999999,51.18912499999998,Technology Services,Data Processing Services,3149.176646706587,74.66
NYSE:BEKE,BEKE,17.84,17.184999999999988,16.776250000000005,Finance,Real Estate Development,123.91163092917479,19.88
NYSE:PR,PR,23.03,22.451000000000015,19.859499999999997,Energy Minerals,Integrated Oil,231.6392269148175,24.6451
NASDAQ:SSNC,SSNC,81.03,80.91199999999998,74.02950000000004,Technology Services,Packaged Software,35.332682382480115,89.93
NYSE:WES,WES,45.62,47.403999999999954,43.997249999999994,Industrial Services,Oil & Gas Pipelines,13.253150057273771,50.07
NYSE:GFL,GFL,42.78,42.32399999999998,40.64875000000001,Industrial Services,Environmental Services,-162.037135938195,47.01
NASDAQ:SITM,SITM,612.37,645.5980000000001,547.5805,Electronic Technology,Semiconductors,,901.81
NYSE:DT,DT,63.5,53.99600000000006,43.06999999999999,Technology Services,Packaged Software,-20.862396956246045,63.7766
NASDAQ:ZBRA,ZBRA,387.18,367.02999999999986,272.2038749999996,Electronic Technology,Computer Processing Hardware,121.6620879120879,390.801
NASDAQ:NDSN,NDSN,328.17,320.754,291.7781249999997,Producer Manufacturing,Industrial Machinery,23.037027014837875,339.12
NYSE:BBY,BBY,87.01,87.61600000000001,73.82875000000001,Retail Trade,Electronics/Appliance Stores,68.7941645771598,96.53
NYSE:TOST,TOST,31.31,32.852999999999994,29.249250000000007,Technology Services,Packaged Software,97.42813918305596,39.725
NYSE:ITT,ITT,201.37,207.03600000000012,198.6507499999999,Producer Manufacturing,Auto Parts: OEM,-37.96180851761927,230.32
NASDAQ:SWKS,SWKS,76.35,77.50199999999992,66.52725000000001,Electronic Technology,Semiconductors,-67.95018608645863,92.7999
NASDAQ:KSPI,KSPI,92.99,98.85000000000005,85.46062499999995,Finance,Finance/Rental/Leasing,8.274674827850035,109.94
NASDAQ:LSCC,LSCC,126.05,122.73000000000002,115.29675,Electronic Technology,Semiconductors,550.9433962264152,157.01
NYSE:WCC,WCC,365.69,357.764,325.40575000000007,Distribution Services,Wholesale Distributors,10.46475195822455,388.64
NASDAQ:CDW,CDW,142.17,142.34199999999996,131.28349999999998,Technology Services,Information Technology Services,5.15061270321731,161.1
NYSE:WF,WF,72.92,74.36199999999997,68.02849999999998,Finance,Major Banks,1.304248341087645,84.71
NYSE:OVV,OVV,63.88,62.89600000000005,56.04899999999999,Energy Minerals,Integrated Oil,37.04990256714395,67.51
NYSE:GPC,GPC,127.02,132.584,120.35650000000001,Distribution Services,Wholesale Distributors,-9.904397705544934,151.57
NASDAQ:SMTC,SMTC,187.3,159.9635,122.65624999999996,Electronic Technology,Semiconductors,,201.99
NYSE:ESS,ESS,271.57,278.2050000000001,268.81774999999993,Finance,Real Estate Investment Trusts,-71.7274287875702,303.345
NYSE:IEX,IEX,234.29,230.71000000000012,213.74999999999972,Producer Manufacturing,Industrial Machinery,10.877796901893285,243.7954
NYSE:RVTY,RVTY,154.18,133.98500000000007,108.45425000000004,Health Technology,Medical Specialties,-0.8755071535340577,166.25
NASDAQ:EWBC,EWBC,125.53,129.35399999999998,122.31800000000003,Finance,Regional Banks,17.643374787510073,137.47
NASDAQ:PAA,PAA,24.34,24.647999999999996,22.460749999999983,Industrial Services,Oil & Gas Pipelines,981.1125485122897,26.385
NASDAQ:MEDP,MEDP,612.05,601.2109999999999,521.7372500000001,Commercial Services,Miscellaneous Commercial Services,37.234832585321755,677.9
NYSE:MGA,MGA,63.99,67.12199999999999,62.46075,Producer Manufacturing,Auto Parts: OEM,22.271178154210077,73.22
NYSE:CLH,CLH,316.93,316.1039999999999,295.2307500000001,Industrial Services,Environmental Services,36.44919242019585,335.94
NYSE:RGA,RGA,255.98,248.61600000000004,221.40024999999997,Finance,Life/Health Insurance,160.55237102657634,258.53
NASDAQ:XP,XP,32.22,20.049000000000007,18.652250000000002,Finance,Investment Banks/Brokers,21.82822933456136,32.29
NYSE:J,J,139.15,143.88500000000002,132.96150000000003,Technology Services,Data Processing Services,-25.682671153099523,168.44
NASDAQ:NWSA,NWSA,29.12,29.493999999999993,26.59850000000003,Consumer Services,Publishing: Newspapers,586.5263157894736,31.66
NYSE:BEN,BEN,32.0,33.58099999999997,29.95475,Finance,Investment Managers,103.1372549019608,36.28
NASDAQ:NWS,NWS,32.01,32.972,30.186750000000018,Consumer Services,Publishing: Newspapers,586.5263157894736,35.76
NASDAQ:APA,APA,45.88,42.86999999999998,36.38775000000001,Energy Minerals,Integrated Oil,26.32902298850573,47.44
NYSE:DOCN,DOCN,134.82,126.112,109.24449999999999,Technology Services,Packaged Software,-24.45482866043614,187.5
NASDAQ:HST,HST,22.65,22.543999999999997,21.63075,Finance,Real Estate Investment Trusts,8.320251177394024,25.71
AMEX:SUN,SUN,75.6,75.28800000000003,67.74175,Distribution Services,Wholesale Distributors,185.46174946662603,80.22
NYSE:CRBG,CRBG,34.09,33.96500000000001,29.520749999999985,Finance,Life/Health Insurance,97.06519926629983,35.64
NASDAQ:LAMR,LAMR,146.47,149.87699999999995,143.96375,Finance,Real Estate Investment Trusts,4.2040063257775335,166.33
NYSE:SOLV,SOLV,87.29,88.48799999999999,78.02200000000003,Health Services,Medical/Nursing Services,3.348257737979364,94.16
NASDAQ:EXEL,EXEL,59.86,56.374,49.705625000000026,Health Technology,Pharmaceuticals: Major,25.630769230769225,61.14
NYSE:JHX,JHX,25.12,28.25199999999998,24.22824999999998,Non-Energy Minerals,Construction Materials,22.93388429752066,31.43
NYSE:UNM,UNM,91.67,92.25,83.33949999999997,Finance,Multi-Line Insurance,-16.55925155925156,96.77
NYSE:BMNR,BMNR,24.03,23.737999999999996,20.98725,Finance,Financial Conglomerates,51.19201030927836,56.85
NYSE:ARMK,ARMK,54.94,57.34799999999998,49.39675000000002,Consumer Services,Restaurants,34.4547134935305,62.6475
NYSE:W,W,105.74,101.911,87.41525000000004,Retail Trade,Specialty Stores,-106.5348237317283,119.98
NYSE:ONTO,ONTO,294.53,292.677,262.4575,Electronic Technology,Electronic Equipment/Instruments,74.86267707429893,386.46
NYSE:EQH,EQH,52.92,52.336000000000034,45.37325000000001,Finance,Life/Health Insurance,-38.334434897554544,55.225
NYSE:CRL,CRL,301.79,286.38700000000006,213.27099999999982,Commercial Services,Miscellaneous Commercial Services,-102.91234684260131,333.295
NASDAQ:JAZZ,JAZZ,218.42,242.57299999999995,214.68525,Health Technology,Pharmaceuticals: Major,,266.375
NYSE:EG,EG,368.37,372.7240000000002,350.02374999999967,Finance,Property/Casualty Insurance,-11.50616423870718,401.07
NYSE:RNR,RNR,331.38,326.442,306.5142499999999,Finance,Property/Casualty Insurance,-9.975169654643047,340.2436
NYSE:GWRE,GWRE,167.32,165.382,147.67275,Technology Services,Information Technology Services,-37.661906343407495,255.89
NYSE:CACI,CACI,610.65,630.62,566.5127500000001,Technology Services,Information Technology Services,-1.204836156292471,683.5
NYSE:SWK,SWK,88.57,95.127,84.92474999999997,Consumer Durables,Tools & Hardware,247.21560452650388,104.68
NASDAQ:DOCU,DOCU,71.08,65.90200000000002,53.187249999999985,Technology Services,Packaged Software,34.8073701842546,75.0
NYSE:GDDY,GDDY,104.35,97.62899999999993,91.1635,Technology Services,Data Processing Services,29.66185625353707,137.927
NASDAQ:HAS,HAS,93.32,92.05800000000002,90.86625000000005,Consumer Durables,Recreational Products,,106.98
NYSE:AIZ,AIZ,266.49,279.0860000000004,251.88174999999993,Finance,Property/Casualty Insurance,31.3330118791917,303.94
NYSE:SKM,SKM,34.24,37.220000000000006,33.5135,Communications,Wireless Telecommunications,413.4688691232529,47.1794
NASDAQ:CORT,CORT,121.19,114.95899999999997,71.67175000000002,Health Technology,Pharmaceuticals: Major,23.912286808214404,126.3833
NASDAQ:COKE,COKE,196.24,192.22799999999995,184.53775000000002,Consumer Non-Durables,Beverages: Non-Alcoholic,23.776623376623366,219.65
NYSE:IVZ,IVZ,29.51,31.598000000000003,27.96750000000001,Finance,Investment Managers,,33.66
NYSE:EMBJ,EMBJ,71.16,74.62499999999997,67.06425,Electronic Technology,Aerospace & Defense,179.203334877258,80.75
NYSE:PAG,PAG,196.16,212.8239999999999,180.342,Retail Trade,Specialty Stores,-1.65342601787487,227.0
NYSE:SJM,SJM,119.83,122.63999999999994,109.99899999999994,Consumer Non-Durables,Food: Specialty/Candy,,135.89
NASDAQ:TEM,TEM,70.93,67.49199999999996,56.23699999999999,Technology Services,Packaged Software,,97.305
NYSE:ALLE,ALLE,150.48,157.5420000000001,149.8870000000001,Consumer Durables,Tools & Hardware,16.12746158840078,183.11
NASDAQ:ICLR,ICLR,164.17,166.67299999999997,143.9356250000001,Commercial Services,Miscellaneous Commercial Services,-63.33255159474671,203.91
NYSE:GL,GL,164.17,172.44699999999997,158.81024999999994,Finance,Multi-Line Insurance,19.45099580712788,191.55
NASDAQ:BTSG,BTSG,63.74,59.89600000000003,53.698750000000004,Health Services,Medical/Nursing Services,201.76380368098162,73.7499
NASDAQ:FROG,FROG,102.23,93.106,69.86587499999999,Technology Services,Packaged Software,81.81818181818181,105.7598
NYSE:BAX,BAX,24.35,25.039000000000026,21.048249999999985,Health Technology,Medical Specialties,11.610830656264335,30.0
NASDAQ:SEIC,SEIC,104.7,106.75399999999998,91.7712500000001,Finance,Investment Managers,-11.086201098531554,112.15
NASDAQ:HALO,HALO,110.42,107.93199999999999,80.01724999999999,Health Technology,Biotechnology,42.58758081491505,116.845
NYSE:FRO,FRO,56.1,47.212999999999994,37.772749999999995,Transportation,Marine Shipping,750.1004880849842,56.86
NYSE:BWA,BWA,61.3,64.96000000000001,60.6075,Producer Manufacturing,Trucks/Construction/Farm Machinery,30.790960451977405,78.82
NYSE:BJ,BJ,98.58,94.09500000000003,93.78174999999996,Retail Trade,Specialty Stores,19.678185175415457,105.78
NYSE:AIT,AIT,335.38,336.90999999999997,307.7170000000001,Distribution Services,Wholesale Distributors,13.224527695439441,374.8
NASDAQ:VICR,VICR,266.07,231.03400000000002,223.295,Electronic Technology,Electronic Components,14.171591157802577,382.65
NYSE:EHC,EHC,123.33,122.18299999999992,108.76424999999999,Health Services,Medical/Nursing Services,10.799136069114464,127.99
NYSE:PINS,PINS,21.4,21.19399999999999,20.759249999999998,Technology Services,Internet Software/Services,-247.50889679715306,35.42
NYSE:IT,IT,191.15,187.66200000000003,168.28074999999987,Technology Services,Internet Software/Services,32.94136546184741,261.1
NASDAQ:MANH,MANH,204.89,207.25749999999965,161.90512499999983,Technology Services,Packaged Software,-8.196192320103252,227.03
NASDAQ:SAIL,SAIL,20.77,19.438999999999993,15.868249999999998,Technology Services,Packaged Software,-366.3157894736842,23.89
NYSE:CR,CR,204.75,207.75400000000008,197.75350000000012,Electronic Technology,Aerospace & Defense,19.509875640087778,230.5
NYSE:WTS,WTS,352.72,366.1949999999998,328.2835000000002,Producer Manufacturing,Industrial Machinery,17.24492845047977,394.54
NYSE:CCK,CCK,108.26,113.69900000000003,107.64549999999993,Process Industries,Containers/Packaging,42.75751759436981,122.91
NYSE:AFG,AFG,141.08,142.459,135.3505000000001,Finance,Property/Casualty Insurance,43.39188021883098,148.709
NASDAQ:SANM,SANM,217.49,208.18,192.420125,Electronic Technology,Electronic Production Equipment,68.71823379923758,288.68
NYSE:ARW,ARW,227.9,219.846,186.96850000000006,Distribution Services,Electronics Distributors,46.582102035126844,249.43
NYSE:HBM,HBM,26.12,27.445000000000004,24.711500000000004,Non-Energy Minerals,Other Metals/Minerals,10.138524156842188,32.15
NYSE:MOG.B,MOG.B,368.34,385.13755000000015,345.896765,Electronic Technology,Aerospace & Defense,158.48058464223388,450.0
NYSE:MOG.A,MOG.A,363.09,385.508,349.88849999999996,Electronic Technology,Aerospace & Defense,158.48058464223388,448.8499
NYSE:DVA,DVA,179.25,180.41399999999996,174.60275000000004,Health Services,Medical/Nursing Services,55.842744595800816,247.49
NASDAQ:CHYM,CHYM,30.08,30.830000000000005,23.441624999999995,Technology Services,Packaged Software,,35.55
NASDAQ:TECH,TECH,72.46,72.37500000000001,62.55737500000007,Health Technology,Biotechnology,,72.69
NASDAQ:VIAV,VIAV,45.46,40.03299999999998,38.389875,Technology Services,Information Technology Services,255.96590909090904,60.43
NYSE:TX,TX,58.18,56.128,46.67549999999999,Non-Energy Minerals,Steel,62.954609529179585,59.3159
NASDAQ:CART,CART,47.76,47.97900000000003,42.43162499999997,Transportation,Air Freight/Couriers,8.123181377303597,52.68
NASDAQ:RGEN,RGEN,173.88,174.30599999999995,142.32100000000003,Health Technology,Pharmaceuticals: Major,-66.40060813378943,198.87
NASDAQ:FORM,FORM,139.67,122.05849999999995,113.35562499999999,Electronic Technology,Semiconductors,502.4744027303754,160.27
NASDAQ:GSAT,GSAT,83.82,82.74900000000005,75.08275000000002,Communications,Wireless Telecommunications,-274.38271604938274,84.85
NASDAQ:LFUS,LFUS,426.5,430.3295,397.7778750000001,Electronic Technology,Electronic Production Equipment,51.56792911744267,500.57
NASDAQ:FRHC,FRHC,169.65,165.01899999999995,145.90537500000008,Finance,Investment Banks/Brokers,-15.544295521412218,178.0
NYSE:IAG,IAG,18.8,19.645999999999994,18.371,Non-Energy Minerals,Precious Metals,179.57652975922576,24.87
NASDAQ:PCVX,PCVX,71.38,60.1425,55.97662499999999,Health Technology,Biotechnology,-60.685994283380985,90.75
NYSE:AVTR,AVTR,15.67,14.785,10.836500000000001,Health Technology,Medical Specialties,-40.67439409905163,16.375
NASDAQ:CGNX,CGNX,62.92,62.81,57.639250000000075,Electronic Technology,Electronic Equipment/Instruments,78.11069496462754,72.88
NYSE:MICC,MICC,17.28,19.067999999999998,17.0715,Consumer Non-Durables,Food: Meat/Fish/Dairy,,20.685
NASDAQ:TWST,TWST,159.78,147.142,82.84762499999997,Health Technology,Biotechnology,-268.4763047390522,219.7126
NASDAQ:TXG,TXG,80.65,70.248,37.58874999999999,Health Technology,Biotechnology,-149.74765681326605,102.81
NASDAQ:HUT,HUT,84.27,89.5915,82.387125,Technology Services,Data Processing Services,-207.87100068073516,140.8
NYSE:ESTC,ESTC,98.23,89.00900000000013,65.40799999999996,Technology Services,Packaged Software,31.13695090439277,108.0
NYSE:PAYC,PAYC,232.22,225.11999999999972,156.95725,Technology Services,Packaged Software,47.69269616817119,244.98
NYSE:MOH,MOH,196.93,199.23200000000014,182.88600000000037,Health Services,Managed Health Care,-75.36958261382301,244.89
NYSE:FDS,FDS,287.18,284.97099999999966,247.44800000000023,Commercial Services,Financial Publishing/Services,-15.29633861592727,320.48
NYSE:PSO,PSO,16.97,16.222,14.814750000000004,Consumer Services,Publishing: Books/Magazines,,17.745
AMEX:DDS,DDS,642.24,631.8880000000001,602.9595,Retail Trade,Department Stores,34.14838170001931,741.975
NYSE:AMG,AMG,387.26,368.516,327.6075,Finance,Investment Managers,146.58531363733675,393.42
NYSE:PBF,PBF,84.27,74.694,50.919,Energy Minerals,Oil Refining/Marketing,,89.48
NASDAQ:BPOP,BPOP,156.29,166.27,151.996625,Finance,Regional Banks,40.87624355941539,179.235
NASDAQ:VSAT,VSAT,72.01,74.838,63.1015,Electronic Technology,Telecommunications Equipment,12.030776404756347,93.0299
NYSE:BIO,BIO,366.16,372.4600000000002,308.2009999999999,Health Technology,Medical Specialties,18.670642060350602,396.23
NYSE:EGO,EGO,37.66,41.65400000000001,37.019,Non-Energy Minerals,Precious Metals,-2.2218329779267454,51.16
NASDAQ:KRYS,KRYS,331.61,339.838,306.3695,Health Technology,Biotechnology,38.638832841843865,382.535
NYSE:GKOS,GKOS,165.69,172.17099999999996,137.19200000000004,Health Technology,Medical Specialties,9.080325960419094,191.62
NYSE:MUSA,MUSA,529.14,527.88,512.0725,Retail Trade,Specialty Stores,53.00138462791519,636.045
NYSE:SSB,SSB,100.25,105.45700000000008,100.04175000000001,Finance,Major Banks,11.437630134393348,112.2
NYSE:SSL,SSL,15.11,13.056999999999999,11.366000000000003,Process Industries,Chemicals: Major Diversified,,15.34
NYSE:MSGS,MSGS,402.3,398.6729999999999,353.93775000000005,Consumer Services,Movies/Entertainment,,438.93
NYSE:RRC,RRC,40.89,40.044,39.78825000000002,Energy Minerals,Oil & Gas Production,-16.439049064238752,48.31
NYSE:DAR,DAR,60.26,63.66599999999998,57.674749999999996,Consumer Non-Durables,Food: Specialty/Candy,2940.6052963430016,69.9758
NASDAQ:MTCH,MTCH,41.09,40.70700000000001,35.84962500000001,Technology Services,Internet Software/Services,43.4693459093705,44.935
NASDAQ:ONB,ONB,24.58,25.739000000000004,24.545250000000006,Finance,Major Banks,93.77605717689099,27.3599
NASDAQ:HSIC,HSIC,84.01,87.41899999999995,80.73200000000006,Distribution Services,Medical Distributors,17.182375588193345,92.18
NYSE:QGEN,QGEN,45.38,43.604,42.3575,Health Technology,Medical Specialties,7.127476313522829,57.815
NASDAQ:KYMR,KYMR,112.4,114.47,94.11912499999997,Health Technology,Biotechnology,34.5269347894571,130.05
NYSE:CFR,CFR,150.24,160.85,147.853,Finance,Regional Banks,12.787584706768168,170.8
NASDAQ:PTGX,PTGX,143.73,146.217,113.45575,Health Technology,Pharmaceuticals: Major,,160.81
NASDAQ:FCFS,FCFS,213.7,217.62800000000007,206.20824999999985,Finance,Finance/Rental/Leasing,58.11233611442192,238.93
NASDAQ:GTLB,GTLB,55.09,46.589499999999994,32.632124999999974,Technology Services,Packaged Software,-293.51351351351354,55.55
NYSE:R,R,238.55,246.33799999999997,234.90050000000002,Transportation,Air Freight/Couriers,9.198879912452929,284.25
NYSE:S,S,26.27,22.308999999999994,17.001250000000002,Technology Services,Packaged Software,-25.689338235294134,26.5
NYSE:OSCR,OSCR,33.37,31.423000000000002,22.7765,Health Services,Managed Health Care,,34.48
NYSE:LTH,LTH,40.62,42.47499999999999,34.566750000000006,Consumer Services,Other Consumer Services,39.44322802627463,47.235
NYSE:TTC,TTC,95.79,96.76100000000001,94.52749999999996,Producer Manufacturing,Trucks/Construction/Farm Machinery,49.037749814951894,105.185
NASDAQ:LLYVK,LLYVK,98.2,100.8695,96.55812499999999,Consumer Services,Movies/Entertainment,-150.4373927958834,109.75
NASDAQ:LLYVA,LLYVA,95.33,97.53449999999998,93.716625,Consumer Services,Movies/Entertainment,-150.4373927958834,106.055
NASDAQ:BRKR,BRKR,58.84,58.733000000000004,49.77800000000001,Health Technology,Medical Specialties,-924.3512974051896,66.9808
NASDAQ:SIRI,SIRI,26.51,27.913500000000006,25.931874999999955,Consumer Services,Broadcasting,23.50653941322022,32.66
NYSE:VIRT,VIRT,57.51,60.29299999999999,51.49625000000005,Finance,Investment Banks/Brokers,-0.939792639301526,68.7599
NASDAQ:SIMO,SIMO,263.9,266.26200000000006,213.53137500000008,Electronic Technology,Semiconductors,707.5586095392077,355.0
NYSE:SM,SM,37.0,35.41099999999999,29.308999999999987,Energy Minerals,Integrated Oil,154.05636208368918,41.56
NYSE:JXN,JXN,129.71,133.51,116.72500000000005,Finance,Life/Health Insurance,292.3179034813514,140.9
NASDAQ:MXL,MXL,96.16,80.25199999999998,58.725249999999996,Electronic Technology,Semiconductors,,128.3
NYSE:KNTK,KNTK,53.46,53.080999999999996,47.873000000000005,Industrial Services,Oil & Gas Pipelines,97.10947109471095,56.92
NYSE:VOYA,VOYA,94.67,100.08900000000008,85.41550000000004,Finance,Life/Health Insurance,-41.19172546891019,105.64
NASDAQ:IDCC,IDCC,331.31,337.755,317.57362500000016,Technology Services,Packaged Software,-36.55889878784483,412.6
NYSE:PCOR,PCOR,56.21,56.306999999999974,53.53399999999999,Technology Services,Packaged Software,,82.315
NASDAQ:TTEK,TTEK,33.34,35.394499999999994,32.931000000000004,Industrial Services,Engineering & Construction,-1.861330851558866,43.14
NASDAQ:NTSK,NTSK,20.755,16.2585,12.547,Technology Services,Packaged Software,-15.785019043588658,24.98
NASDAQ:TGTX,TGTX,55.37,54.0535,42.514125,Health Technology,Pharmaceuticals: Major,-71.45328719723183,59.3
NASDAQ:CAI,CAI,29.7,26.580999999999996,20.954500000000003,Health Technology,Biotechnology,99.8804347826087,33.65
NYSE:ZETA,ZETA,33.09,30.223000000000003,21.656,Technology Services,Packaged Software,,34.8
NYSE:HNGE,HNGE,102.9,92.55900000000001,63.351749999999996,Technology Services,Packaged Software,,103.28
NYSE:NEU,NEU,893.36,908.307,752.0249999999994,Process Industries,Chemicals: Specialty,22.87488383881052,981.6575
NYSE:RHP,RHP,120.28,123.50100000000002,111.95225000000002,Finance,Real Estate Investment Trusts,26.435246995994678,137.46
NYSE:REXR,REXR,36.74,37.14500000000004,36.47125000000011,Finance,Real Estate Investment Trusts,-571.4404662781016,44.38
NASDAQ:AVT,AVT,99.36,96.66900000000001,79.33700000000003,Distribution Services,Electronics Distributors,1987.4301675977656,108.63
NASDAQ:PCTY,PCTY,153.96,148.93900000000002,123.93962500000018,Technology Services,Packaged Software,29.340277777777775,161.93
NYSE:EAT,EAT,193.87,218.109,172.23700000000002,Consumer Services,Restaurants,29.777063143713878,254.99
NYSE:RAL,RAL,73.2,68.01599999999999,57.453250000000004,Electronic Technology,Electronic Equipment/Instruments,20.265151515151516,75.41
NYSE:UGI,UGI,37.12,36.95700000000001,36.535999999999994,Distribution Services,Wholesale Distributors,18.35793357933579,41.34
NYSE:EDU,EDU,58.63,56.511000000000024,54.01925000000013,Consumer Services,Other Consumer Services,786.0360360360361,64.97
NASDAQ:SYRE,SYRE,85.69,93.979,70.46100000000001,Health Technology,Pharmaceuticals: Major,29.37675648867581,110.175
NASDAQ:CBSH,CBSH,54.39,57.55850000000005,54.34812500000005,Finance,Regional Banks,1.1707227138643008,60.92
NASDAQ:CBC,CBC,32.42,32.415000000000006,28.158625000000008,Finance,Regional Banks,14.589371980676333,33.8177
NASDAQ:CHRD,CHRD,141.54,142.02300000000002,128.23374999999996,Energy Minerals,Integrated Oil,,157.06
NYSE:LNC,LNC,40.23,43.06599999999999,39.02899999999999,Finance,Multi-Line Insurance,76.54285339283369,47.665
NASDAQ:MORN,MORN,204.45,202.99199999999988,184.19874999999988,Commercial Services,Financial Publishing/Services,35.11293634496921,227.51
NASDAQ:HQY,HQY,92.61,96.95100000000005,88.42899999999996,Finance,Investment Managers,14.557982700483791,107.62
NASDAQ:AUGO,AUGO,91.26,83.89599999999999,74.57162500000001,Non-Energy Minerals,Other Metals/Minerals,2271.560480147738,110.321
NYSE:THG,THG,219.33,224.29299999999995,197.21250000000003,Finance,Property/Casualty Insurance,25.043563114239902,236.065
NYSE:VIST,VIST,66.26,69.42000000000002,66.1105,Energy Minerals,Oil & Gas Production,27.919291518305496,81.4395
NASDAQ:DBX,DBX,34.36,34.684999999999995,28.445,Technology Services,Packaged Software,-6.939854593522808,38.17
NYSE:KMX,KMX,52.61,58.889999999999944,49.17099999999995,Retail Trade,Specialty Stores,82.036397866332,65.28
NASDAQ:SLAB,SLAB,222.04,220.161,208.14175,Electronic Technology,Semiconductors,52.21689634511684,223.5
NASDAQ:SSRM,SSRM,35.51,35.321000000000005,30.113000000000007,Non-Energy Minerals,Precious Metals,11.129848229342318,39.44
NYSE:MSM,MSM,129.51,123.07299999999995,107.57950000000002,Distribution Services,Wholesale Distributors,40.798508926819686,132.33
NYSE:ACA,ACA,147.18,145.70100000000005,128.83625,Non-Energy Minerals,Construction Materials,-152.41305598947628,147.24
NYSE:HIMS,HIMS,30.92,29.490999999999993,26.923750000000013,Health Services,Medical/Nursing Services,-320.746887966805,65.2994
NYSE:KEX,KEX,136.25,137.04400000000004,136.02249999999998,Transportation,Marine Shipping,0.03592384145612238,157.69
NASDAQ:APPF,APPF,202.2,210.86199999999985,182.66012500000005,Technology Services,Information Technology Services,17.880861340309917,265.02
NYSE:MHK,MHK,118.07,129.84199999999996,116.1214999999999,Producer Manufacturing,Building Products,37.58919796607273,140.3
NASDAQ:BZ,BZ,15.73,15.855999999999998,15.281000000000002,Commercial Services,Commercial Printing/Forms,182.69230769230765,23.49
NASDAQ:DSGX,DSGX,82.82,79.0645,74.11100000000009,Technology Services,Packaged Software,32.86489842581153,98.35
NYSE:ETSY,ETSY,76.71,76.98599999999999,66.58775000000007,Retail Trade,Internet Retail,-295.6470122675109,87.9736
NASDAQ:URBN,URBN,82.18,78.29500000000003,72.31374999999996,Retail Trade,Apparel/Footwear Retail,75.96324461343472,85.43
NASDAQ:DUOL,DUOL,149.92,143.45799999999997,123.77462499999993,Technology Services,Packaged Software,-27.48659590764855,343.998
NASDAQ:QLYS,QLYS,202.42,180.33000000000007,128.19325000000003,Technology Services,Packaged Software,15.530156768862465,204.405
NASDAQ:PLXS,PLXS,262.54,256.55799999999994,238.61000000000004,Electronic Technology,Electronic Production Equipment,-3.875022883993416,307.06
NYSE:AXTA,AXTA,32.63,34.858000000000004,32.24474999999999,Process Industries,Industrial Specialties,-16.98377728820349,38.61
NYSE:MSA,MSA,180.71,185.80199999999974,177.9242500000002,Electronic Technology,Electronic Equipment/Instruments,39.66133584195673,208.92
NASDAQ:VCTR,VCTR,112.44,112.53450000000002,86.918,Finance,Investment Managers,148.1557981705518,123.55
NYSE:PACS,PACS,43.3,43.67099999999998,39.093999999999994,Health Services,Hospital/Nursing Management,53.08441558441558,49.49
NASDAQ:ALKS,ALKS,40.61,45.263999999999996,39.86475,Health Technology,Pharmaceuticals: Major,-99.43939686835492,55.67
NASDAQ:NICE,NICE,117.49,106.60350000000008,104.49049999999997,Technology Services,Information Technology Services,-52.93709757305597,138.58
NASDAQ:GLBE,GLBE,40.39,39.86400000000001,35.45849999999999,Retail Trade,Internet Retail,340.93851132686086,43.99
NYSE:FLR,FLR,50.68,53.12799999999997,49.254000000000005,Industrial Services,Engineering & Construction,-94.54427672022295,58.35
NYSE:GTES,GTES,26.67,26.656000000000006,25.662,Producer Manufacturing,Electrical Products,206.2815222375058,30.34
NYSE:MATX,MATX,225.67,224.13100000000009,187.95225,Transportation,Marine Shipping,46.09278773778567,240.87
NYSE:MTDR,MTDR,54.28,55.386,53.8395,Energy Minerals,Integrated Oil,160.68765534382769,66.8387
NYSE:LB,LB,86.25,84.15000000000005,72.4675,Commercial Services,Miscellaneous Commercial Services,-34.422110552763826,91.69
NYSE:RNG,RNG,79.27,71.17699999999998,46.44849999999999,Technology Services,Packaged Software,215.14305652477321,81.9016
NYSE:VSXY,VSXY,82.87,84.745,67.62075,Retail Trade,Apparel/Footwear Retail,1016.6581240389544,102.46
NYSE:LW,LW,47.87,49.34399999999999,45.9729999999999,Consumer Non-Durables,Food: Specialty/Candy,-54.18569254185692,67.07
NYSE:NPO,NPO,311.45,313.325,295.27824999999996,Producer Manufacturing,Industrial Machinery,1.694370834337099,390.42
NASDAQ:LNTH,LNTH,100.15,100.42600000000003,90.07125000000005,Health Technology,Medical Specialties,-0.7945719132220453,111.86
NYSE:CHE,CHE,499.82,520.89,458.8202500000003,Health Services,Hospital/Nursing Management,43.67262338244358,557.0
NASDAQ:CVLT,CVLT,157.25,141.66499999999996,116.50749999999996,Technology Services,Packaged Software,-2.6980150317980365,177.81
NYSE:ELF,ELF,109.23,101.24100000000004,79.57899999999998,Consumer Non-Durables,Household/Personal Care,93.05747922437672,141.5
NYSE:ANDG,ANDG,56.82,53.62699999999999,37.232749999999996,Consumer Services,Other Consumer Services,98.99836575465233,58.18
NYSE:INGM,INGM,27.72,27.941000000000003,26.038500000000006,Technology Services,Information Technology Services,196.52173913043478,31.69
NASDAQ:XMTR,XMTR,111.07,95.7095,74.36587499999999,Technology Services,Information Technology Services,81.20444955887994,112.94
NASDAQ:AMRX,AMRX,19.91,18.487999999999996,15.283999999999995,Health Technology,Pharmaceuticals: Major,152.8057553956834,21.175
NASDAQ:ACT,ACT,45.97,48.25099999999998,43.98175000000002,Finance,Multi-Line Insurance,11.91951854845954,50.56
NYSE:MAC,MAC,22.25,23.365999999999993,22.03250000000001,Finance,Real Estate Investment Trusts,-2.314049586776857,26.675
NYSE:VNO,VNO,33.63,36.359999999999985,33.37849999999999,Finance,Real Estate Investment Trusts,-97.71444009185466,41.6
NASDAQ:GRAL,GRAL,140.58,94.49600000000002,73.86750000000002,Health Technology,Medical Specialties,19.70106135778434,166.475
NASDAQ:KOD,KOD,99.87,49.040000000000006,37.73675,Health Technology,Biotechnology,-1.846273442814122,104.0
NASDAQ:KNSA,KNSA,79.78,77.19900000000001,57.59974999999999,Health Technology,Pharmaceuticals: Major,33.3041958041958,82.94
NYSE:IFS,IFS,53.84,55.182,51.485249999999986,Finance,Regional Banks,8.670152628603734,61.38
NASDAQ:UBSI,UBSI,45.46,47.451999999999984,44.503750000000004,Finance,Regional Banks,12.109744560075677,49.62
NYSE:BLCO,BLCO,17.3,17.163,16.61325,Health Technology,Medical Specialties,77.63833428408442,18.915
NASDAQ:NAVN,NAVN,23.64,25.064,18.90075,Technology Services,Packaged Software,26.992287917737777,30.88
NYSE:ST,ST,42.29,43.34200000000003,41.799250000000036,Electronic Technology,Electronic Equipment/Instruments,68.07534411977781,53.89
NASDAQ:LYFT,LYFT,16.22,16.37949999999999,15.102124999999997,Transportation,Other Transportation,36.621196222455424,25.54
NYSE:SEI,SEI,76.4,63.880999999999986,62.921749999999996,Industrial Services,Oilfield Services/Equipment,-13.8971807628524,86.19
NYSE:ANF,ANF,142.58,132.30400000000003,101.34825,Retail Trade,Apparel/Footwear Retail,43.22115384615386,155.22
NYSE:TBBB,TBBB,55.59,50.16199999999999,40.694,Retail Trade,Food Retail,-46.43696162881753,55.87
NASDAQ:LGND,LGND,301.81,291.43749999999994,246.452875,Health Technology,Pharmaceuticals: Major,813.4046052631579,326.63
NASDAQ:CZR,CZR,29.5,29.711999999999968,27.513250000000063,Consumer Services,Casinos/Gaming,22.533775172062192,30.88
NYSE:CMBT,CMBT,20.6,18.865000000000002,15.073250000000005,Transportation,Marine Shipping,2866.172248031752,20.885
NYSE:INSW,INSW,119.82,104.83600000000006,83.04449999999999,Transportation,Marine Shipping,374.7512038523274,122.7494
NYSE:M,M,22.67,22.875000000000007,21.58425000000001,Retail Trade,Department Stores,97.14557564224548,26.585
NYSE:WEX,WEX,172.43,187.30599999999993,162.7357500000001,Commercial Services,Miscellaneous Commercial Services,57.04687815720349,203.99
NYSE:MTRN,MTRN,280.45,265.3740000000001,208.64625,Electronic Technology,Electronic Equipment/Instruments,52.39910499709951,324.985
NYSE:CVI,CVI,58.02,45.989999999999995,33.54275,Energy Minerals,Oil Refining/Marketing,97.37282905756854,61.09
NASDAQ:HWC,HWC,72.4,75.321,70.68725,Finance,Regional Banks,18.138969134863935,80.13
NASDAQ:PI,PI,189.63,177.975,142.87162499999997,Electronic Technology,Semiconductors,1.1550308008213561,247.0635
NASDAQ:MKTX,MKTX,164.58,163.264,155.32500000000002,Finance,Investment Banks/Brokers,1.3053050954078498,195.965
NYSE:KOF,KOF,109.86,110.35700000000004,106.1434999999999,Consumer Non-Durables,Beverages: Non-Alcoholic,31.25096525096526,117.0889
NASDAQ:VRNS,VRNS,50.12,45.637000000000015,34.472374999999985,Technology Services,Packaged Software,-27.525805442602447,63.8
NYSE:MCY,MCY,102.75,103.57900000000002,98.17024999999998,Finance,Property/Casualty Insurance,58.286474796206946,113.06
NASDAQ:CACC,CACC,547.6,578.682,535.7917499999999,Finance,Finance/Rental/Leasing,70.51059302059343,668.86
NASDAQ:RUSHB,RUSHB,57.34,53.660677494000026,47.199770105999974,Retail Trade,Specialty Stores,0.7833333333333397,57.43
NASDAQ:SAIC,SAIC,134.66,128.9589999999999,109.02350000000006,Technology Services,Information Technology Services,-12.178943877363004,142.6608
NASDAQ:ERAS,ERAS,16.03,16.431,14.730500000000001,Health Technology,Pharmaceuticals: Major,-18.394648829431443,24.28
NASDAQ:RDNT,RDNT,70.91,73.69949999999997,65.03887499999999,Health Services,Medical/Nursing Services,-50.052246603970744,85.84
NASDAQ:EXLS,EXLS,36.79,35.9965,32.475125000000006,Technology Services,Data Processing Services,4.921700223713643,43.88
NYSE:SXT,SXT,130.37,131.42400000000006,112.12624999999991,Consumer Non-Durables,Food: Specialty/Candy,36.067059356592665,138.82
NYSE:MUR,MUR,38.68,36.59799999999999,36.37024999999997,Energy Minerals,Oil & Gas Production,920.9511568123395,43.34
NASDAQ:CROX,CROX,114.98,122.4140000000001,108.34250000000002,Consumer Non-Durables,Apparel/Footwear,,141.28
NASDAQ:FTDR,FTDR,79.8,81.571,68.47150000000002,Consumer Durables,Homebuilding,18.318863988155325,93.43
NASDAQ:LAUR,LAUR,39.47,37.67300000000001,35.29550000000002,Commercial Services,Miscellaneous Commercial Services,51.23494905835133,40.925
NYSE:DOCS,DOCS,30.5,26.708000000000016,25.578249999999993,Technology Services,Packaged Software,-52.01810637495284,71.37
NASDAQ:ORKA,ORKA,82.11,93.99050000000001,66.58937499999999,Health Technology,Pharmaceuticals: Major,-12.264474134977732,115.515
NYSE:ASB,ASB,28.65,30.315999999999995,28.545499999999993,Finance,Major Banks,-2.175590186699584,32.46
NYSE:HAE,HAE,118.69,103.40799999999997,75.90224999999998,Health Technology,Medical Specialties,2.628587666950849,121.1925
NASDAQ:CAKE,CAKE,108.45,107.521,76.74600000000007,Consumer Services,Restaurants,23.782360684510763,118.46
NYSE:HRB,HRB,44.05,47.262,38.74925000000001,Consumer Services,Other Consumer Services,4.453422916288364,58.67
NYSE:NIQ,NIQ,18.09,17.409000000000002,12.870499999999998,Technology Services,Packaged Software,-1036.2637362637363,19.69
NYSE:WPP,WPP,25.38,25.839999999999993,20.23200000000001,Commercial Services,Advertising/Marketing Services,,27.7751
NYSE:TFX,TFX,125.12,131.58299999999988,124.2985000000001,Health Technology,Medical Specialties,-17.41772151898735,145.0
NYSE:STVN,STVN,19.4,20.880000000000024,18.043499999999987,Health Technology,Medical Specialties,-20.74554294975689,27.99
NASDAQ:PAGP,PAGP,26.62,26.82,24.25799999999999,Industrial Services,Oil & Gas Pipelines,1196.7656765676568,28.7
NYSE:VSH,VSH,34.04,33.497,32.17625,Electronic Technology,Electronic Production Equipment,1193.8775510204084,69.47
NASDAQ:PSMT,PSMT,168.88,172.73399999999998,165.6554999999999,Retail Trade,Specialty Stores,12.1976958930613,199.84
NASDAQ:MMSI,MMSI,87.21,88.24799999999996,76.26675000000003,Health Technology,Medical Specialties,20.297674418604647,94.7482
NYSE:MTN,MTN,146.03,143.00199999999998,137.27324999999993,Consumer Services,Hotels/Resorts/Cruise lines,-5.09078734885186,163.34
NASDAQ:MRX,MRX,71.92,71.93400000000003,55.68399999999999,Technology Services,Internet Software/Services,105.95918367346941,79.1099
NASDAQ:CRSP,CRSP,53.39,55.14100000000002,52.80487500000002,Health Technology,Biotechnology,60.56696726786907,75.16
NASDAQ:SHC,SHC,18.06,18.720999999999997,16.997624999999992,Health Technology,Medical Specialties,567.3835125448028,19.85
NASDAQ:ACIW,ACIW,50.87,51.863999999999976,46.763250000000035,Technology Services,Packaged Software,169.33677863910424,61.08
NASDAQ:WAY,WAY,26.68,25.065000000000005,23.799250000000008,Technology Services,Packaged Software,18.566591422121903,40.35
NASDAQ:RELY,RELY,24.13,24.12899999999999,20.042250000000006,Commercial Services,Miscellaneous Commercial Services,3025.8389261744965,27.479
NYSE:WHD,WHD,63.43,67.78099999999999,57.733000000000004,Industrial Services,Oilfield Services/Equipment,19.183464297915947,74.07
NASDAQ:IRDM,IRDM,47.47,48.217,38.7975,Communications,Specialty Telecommunications,-56.08074839980305,57.18
NYSE:BOX,BOX,36.39,33.871,27.781,Technology Services,Information Technology Services,75.3731343283582,36.88
NASDAQ:ACMR,ACMR,71.37,76.50500000000001,69.184,Producer Manufacturing,Industrial Machinery,180.56698673982626,127.19
NYSE:GHC,GHC,1173.16,1160.0520000000006,1132.5772499999994,Consumer Services,Other Consumer Services,676.6108756554844,1262.345
NASDAQ:CLMT,CLMT,56.42,51.824,36.75537500000001,Energy Minerals,Oil Refining/Marketing,35.74530516431925,59.865
NASDAQ:DFTX,DFTX,36.9,40.092,28.552249999999994,Health Technology,Pharmaceuticals: Major,-186.82108626198078,49.7
NYSE:HCC,HCC,93.07,96.60499999999998,90.14174999999999,Energy Minerals,Coal,1451.219512195122,111.42
NASDAQ:VEON,VEON,76.81,66.1075,55.86,Communications,Wireless Telecommunications,-80.16652039355166,78.83
NASDAQ:TVTX,TVTX,52.125,61.754499999999986,45.60687499999999,Health Technology,Pharmaceuticals: Major,-159.5536959553696,68.73
NYSE:BETA,BETA,20.98,22.454000000000015,19.285,Electronic Technology,Aerospace & Defense,-62.49366447034972,39.5
NYSE:CNO,CNO,52.99,54.705999999999996,47.939000000000014,Finance,Multi-Line Insurance,44.98633132859487,57.59
NYSE:BLSH,BLSH,32.59,32.51699999999998,32.479,Technology Services,Packaged Software,-292.4503882657463,62.09
NASDAQ:GTX,GTX,26.24,27.301999999999985,25.503625,Producer Manufacturing,Auto Parts: OEM,25.005897617362592,36.25
NASDAQ:KLIC,KLIC,92.01,89.20250000000004,86.166125,Producer Manufacturing,Industrial Machinery,,135.8
NASDAQ:EBC,EBC,21.03,22.085000000000008,20.943624999999994,Finance,Regional Banks,-4.72503474290253,23.775
NASDAQ:MEOH,MEOH,62.1,58.91300000000001,55.41699999999999,Process Industries,Chemicals: Specialty,157.562394122318,66.75
NASDAQ:NSIT,NSIT,163.605,157.1159999999999,108.32387499999979,Technology Services,Information Technology Services,75.94278283485045,168.5003
NYSE:RXO,RXO,29.08,22.23300000000001,20.30275,Technology Services,Packaged Software,0.7490636704119934,29.9
NASDAQ:SYNA,SYNA,119.82,104.43299999999996,101.845875,Electronic Technology,Semiconductors,-9367.077175697865,149.11
NYSE:CON,CON,37.19,35.149,27.526999999999997,Health Services,Medical/Nursing Services,45.64774381368266,37.29
NASDAQ:DAVE,DAVE,368.42,349.48600000000005,279.7515,Finance,Major Banks,-21.30091772661407,458.25
NASDAQ:FSLY,FSLY,29.3,24.856,20.608624999999996,Technology Services,Information Technology Services,61.59223300970874,34.82
NASDAQ:CHEF,CHEF,114.32,112.15599999999998,85.09662499999995,Distribution Services,Food Distributors,55.45994673222702,118.5099
NASDAQ:BLLN,BLLN,98.09,100.614,95.1605,Health Services,Medical/Nursing Services,,150.44
NASDAQ:TENB,TENB,41.59,35.84800000000002,27.377999999999997,Technology Services,Packaged Software,,43.67
NYSE:DK,DK,74.51,71.02700000000002,50.526999999999994,Energy Minerals,Oil Refining/Marketing,,82.27
NASDAQ:NWE,NWE,74.15,70.44199999999998,69.98575000000001,Utilities,Electric Utilities,17.173472342890246,76.0
NYSE:TREX,TREX,44.78,45.779999999999994,42.740750000000006,Non-Energy Minerals,Forest Products,-14.572438162544167,54.3
NYSE:CUZ,CUZ,27.62,28.83100000000001,26.875500000000027,Finance,Real Estate Investment Trusts,84.4988344988345,32.95
NYSE:UNF,UNF,260.85,273.245,258.54924999999974,Consumer Services,Other Consumer Services,-48.73153575615475,306.67
NYSE:OPLN,OPLN,36.71,35.30400000000001,33.82824999999999,Technology Services,Packaged Software,108.58257477243171,42.9
NASDAQ:TFSL,TFSL,16.07,17.14900000000002,15.869125000000022,Finance,Savings Banks,44.17989417989418,19.49
NASDAQ:AXTI,AXTI,68.46,72.92999999999999,64.66149999999999,Electronic Technology,Electronic Production Equipment,,143.16
NASDAQ:BWIN,BWIN,31.87,31.158000000000023,24.700499999999973,Finance,Insurance Brokers/Services,-804.0860215053764,32.705
NYSE:OII,OII,44.81,48.79299999999999,39.69099999999999,Producer Manufacturing,Industrial Machinery,20.20484171322159,54.25
NYSE:CGAU,CGAU,22.54,22.503999999999994,18.648999999999994,Non-Energy Minerals,Precious Metals,5.024405080891629,24.5199
NYSE:TPC,TPC,83.36,89.24399999999996,81.10425000000001,Industrial Services,Engineering & Construction,227.43009320905463,102.3
NYSE:CVSA,CVSA,129.38,129.532,119.08849999999998,Consumer Services,Other Consumer Services,43.24753295148713,156.2599
NASDAQ:DIOD,DIOD,94.94,96.448,86.93674999999996,Electronic Technology,Semiconductors,1.2295908083047762,125.99
NYSE:GEF.B,GEF.B,108.04,108.646,92.024,Process Industries,Containers/Packaging,103.08422301304863,114.64
NYSE:GEF,GEF,81.82,84.471,74.02349999999996,Process Industries,Containers/Packaging,103.08422301304863,90.565
NASDAQ:SEZL,SEZL,128.64,119.364,105.44637499999999,Technology Services,Packaged Software,51.01620787239516,195.71
NASDAQ:HTFL,HTFL,49.74,46.620000000000005,32.736000000000004,Technology Services,Packaged Software,-65.18585675430644,54.3195
NYSE:ITGR,ITGR,126.61,125.92400000000006,98.54475,Health Technology,Medical Specialties,-33.29151790022194,126.795
NYSE:ARX,ARX,19.8,19.001999999999995,14.771249999999998,Finance,Property/Casualty Insurance,795.5000000000001,19.9
NASDAQ:DLO,DLO,15.23,14.642000000000007,13.492000000000008,Technology Services,Packaged Software,23.13333333333334,16.78
NYSE:STNG,STNG,85.14,81.89000000000007,75.86625000000005,Transportation,Marine Shipping,372.7207419017764,90.06
NYSE:TDW,TDW,85.42,89.14899999999999,78.1875,Transportation,Marine Shipping,-70.3696084481931,101.575
NYSE:AKO.B,AKO.B,29.61,30.031860000000005,29.207464999999996,Consumer Non-Durables,Beverages: Non-Alcoholic,5.1704327843738085,33.86
NASDAQ:EWTX,EWTX,39.06,42.72200000000001,35.57924999999999,Health Technology,Biotechnology,-54.6775130737943,48.51
NASDAQ:INDV,INDV,35.83,36.12400000000001,35.66950000000001,Health Technology,Pharmaceuticals: Major,588.5234429671099,42.81
NASDAQ:ADPT,ADPT,26.49,26.221000000000004,18.9685,Health Technology,Biotechnology,-47.80285035629455,30.74
NYSE:CNK,CNK,36.4,36.254,30.390499999999992,Consumer Services,Movies/Entertainment,87.86246236729521,39.07
NASDAQ:LIVN,LIVN,76.39,78.37000000000005,72.102,Health Technology,Medical Specialties,288.6002014098691,85.76
NASDAQ:ACLS,ACLS,134.71,126.64800000000002,123.304,Producer Manufacturing,Industrial Machinery,-23.98130271313891,193.78
NYSE:GFF,GFF,90.59,98.27900000000005,88.69399999999997,Producer Manufacturing,Building Products,,108.57
NYSE:PARR,PARR,81.89,79.81799999999998,61.9905,Energy Minerals,Oil Refining/Marketing,699.1279069767442,89.45
NYSE:GEO,GEO,31.13,31.563,23.851999999999997,Commercial Services,Miscellaneous Commercial Services,73.64864864864865,33.17
NYSE:SKE,SKE,32.59,32.488000000000014,30.476,Non-Energy Minerals,Precious Metals,13.179167640408943,38.77
NASDAQ:TRMD,TRMD,39.94,34.674,29.779249999999998,Transportation,Marine Shipping,427.5006944492393,41.545
NYSE:FBP,FBP,26.68,27.94600000000002,24.68575,Finance,Regional Banks,25.644641418211123,29.88
NYSE:PAY,PAY,31.88,35.69099999999999,28.38949999999999,Commercial Services,Miscellaneous Commercial Services,75.43859649122807,45.31
NASDAQ:TNGX,TNGX,23.81,23.991000000000007,21.598249999999997,Health Technology,Biotechnology,-5.035561877667139,34.39
NASDAQ:ICUI,ICUI,160.32,168.6839999999999,147.73524999999998,Health Technology,Medical Specialties,-46.71374632918472,192.85
NYSE:WK,WK,73.25,72.53399999999996,62.58124999999992,Technology Services,Information Technology Services,,97.095
NYSE:HP,HP,39.88,41.37199999999999,36.91725000000001,Industrial Services,Contract Drilling,,48.17
NYSE:DHT,DHT,24.64,21.400000000000013,18.217,Transportation,Marine Shipping,252.40687679083095,25.0699
NASDAQ:JOYY,JOYY,81.05,76.66,66.95462500000001,Technology Services,Data Processing Services,-11.38361462728551,82.15
NASDAQ:AYA,AYA,27.42,27.60800000000001,20.320965,Non-Energy Minerals,Precious Metals,249.0969886303393,30.67
NASDAQ:CATY,CATY,59.12,62.08699999999999,56.93375000000002,Finance,Regional Banks,24.161682073590736,65.255
NYSE:NP,NP,28.74,30.926,27.415499999999998,Finance,Insurance Brokers/Services,,35.15
NYSE:BWLP,BWLP,26.0,24.455000000000005,19.772250000000003,Transportation,Marine Shipping,219.837992842966,26.483
NYSE:SIG,SIG,105.22,94.55500000000009,90.19325,Retail Trade,Specialty Stores,,110.2
NYSE:ERO,ERO,37.61,36.429,30.29475,Non-Energy Minerals,Other Metals/Minerals,19.35574445076284,40.83
NASDAQ:RLAY,RLAY,17.88,18.889999999999997,14.478375000000003,Health Technology,Biotechnology,-0.4380627889997624,21.27
NASDAQ:PLSE,PLSE,53.81,49.85000000000001,29.479375000000005,Health Technology,Medical Specialties,-25.06142506142507,58.9
NYSE:KFY,KFY,71.66,79.46300000000001,70.85899999999995,Commercial Services,Personnel Services,5.261482130064479,87.51
NASDAQ:PENG,PENG,76.28,57.443999999999996,42.34474999999999,Electronic Technology,Semiconductors,-99.54289732770745,89.86
NASDAQ:CRVL,CRVL,77.16,70.28100000000003,61.59274999999997,Finance,Insurance Brokers/Services,20.625238276782326,79.43
NYSE:BFH,BFH,100.58,106.06799999999994,90.52049999999996,Finance,Finance/Rental/Leasing,20.143298583992664,114.53
AMEX:SUNC,SUNC,74.85,76.958,66.73049999999999,Distribution Services,Wholesale Distributors,344.82352941176464,83.5
NASDAQ:WSFS,WSFS,75.39,79.019,71.86375000000001,Finance,Savings Banks,27.73934915893727,82.94
NYSE:APLE,APLE,16.31,16.121000000000002,14.385749999999998,Finance,Real Estate Investment Trusts,6.049290515309931,17.28
NYSE:MSGE,MSGE,80.84,79.56000000000002,69.47824999999999,Consumer Services,Movies/Entertainment,63.15697266993693,90.41
NYSE:BILL,BILL,44.83,47.25800000000003,42.735499999999966,Technology Services,Packaged Software,-175.47445255474452,57.21
NASDAQ:CVBF,CVBF,21.49,22.47299999999997,21.015124999999998,Finance,Regional Banks,-21.57880360557224,23.41
NASDAQ:MNDY,MNDY,88.96,88.655,84.26462500000001,Technology Services,Packaged Software,163.72881355932202,210.49
NYSE:PVH,PVH,81.35,77.553,76.76549999999995,Consumer Non-Durables,Apparel/Footwear,-148.28563393687674,100.745
NASDAQ:SKYW,SKYW,96.52,100.61949999999999,96.21450000000002,Transportation,Airlines,-12.607873474299474,117.72
NYSE:WBI,WBI,29.98,31.086000000000002,28.762,Industrial Services,Oilfield Services/Equipment,-36.36915604128719,36.89
NYSE:SLG,SLG,48.41,53.639000000000024,46.88699999999997,Finance,Real Estate Investment Trusts,-130.20012128562766,60.09
NYSE:TNK,TNK,106.14,94.05299999999997,77.37125,Transportation,Marine Shipping,258.99911229471815,107.385
NYSE:QTWO,QTWO,58.6,60.944000000000074,54.217500000000015,Technology Services,Information Technology Services,156.5745856353591,76.24
NASDAQ:MGNI,MGNI,25.4,24.380999999999997,17.17075000000001,Technology Services,Packaged Software,75.23302263648468,26.84
NASDAQ:VCYT,VCYT,45.23,43.378499999999995,42.27187500000001,Health Technology,Medical Specialties,,60.91
NYSE:VAC,VAC,105.34,109.26899999999992,84.22049999999999,Consumer Services,Other Consumer Services,13.586160261467366,131.34
NYSE:ZIM,ZIM,29.99,28.778999999999996,26.041750000000008,Transportation,Marine Shipping,178.17124735729385,30.96
NYSE:LXP,LXP,61.0,60.797999999999924,53.847750000000055,Finance,Real Estate Investment Trusts,-105.98254204811582,61.61
NASDAQ:IPAR,IPAR,112.21,115.62800000000007,103.70975000000003,Consumer Non-Durables,Household/Personal Care,-4.321608040201009,129.29
NYSE:ECO,ECO,93.11,74.45400000000002,55.77299999999998,Transportation,Marine Shipping,606.3465453239133,94.98
AMEX:NHC,NHC,227.11,224.2579999999999,190.4099999999999,Health Services,Hospital/Nursing Management,67.12698099559414,239.29
NYSE:MANU,MANU,20.51,21.330000000000005,19.732999999999997,Consumer Services,Movies/Entertainment,-633.1147540983607,24.45
NASDAQ:AMLX,AMLX,28.14,30.139999999999993,19.074624999999997,Health Technology,Pharmaceuticals: Major,16.003441600344154,41.14
NYSE:SXI,SXI,285.01,293.995,277.89025,Electronic Technology,Electronic Equipment/Instruments,37.62319784963753,363.89
NASDAQ:IDYA,IDYA,36.11,37.912,33.834999999999994,Health Technology,Pharmaceuticals: Major,-39.45655896791872,42.68
NYSE:RHI,RHI,33.93,40.06000000000001,31.736999999999977,Commercial Services,Personnel Services,-35.38650306748467,46.699
NASDAQ:PLMR,PLMR,130.76,130.84099999999995,125.40400000000004,Finance,Property/Casualty Insurance,15.427553444180525,147.62
NYSE:WT,WT,22.61,23.521,18.652,Finance,Investment Managers,67.69230769230768,25.91
NASDAQ:TARS,TARS,73.16,74.84800000000003,67.442,Health Technology,Pharmaceuticals: Major,10.97459391920034,91.53
NYSE:NIC,NIC,162.79,170.46999999999994,155.2205,Finance,Major Banks,12.140287769784177,180.0
NYSE:HG,HG,34.52,34.932,31.969499999999982,Finance,Multi-Line Insurance,-22.09457654288004,37.31
NYSE:NATL,NATL,45.79,46.182000000000016,44.21974999999999,Electronic Technology,Computer Processing Hardware,64.68215863260994,48.5
NYSE:HNI,HNI,46.86,48.045000000000016,41.73650000000003,Producer Manufacturing,Office Equipment/Supplies,-30.750439710768035,52.79
NASDAQ:BATRA,BATRA,57.57,56.31999999999998,52.120499999999936,Consumer Services,Movies/Entertainment,-140.49692078997666,60.48
NASDAQ:ARQT,ARQT,26.58,25.216499999999996,24.81025,Health Technology,Pharmaceuticals: Major,,31.77
NASDAQ:BATRK,BATRK,52.0,51.42600000000003,47.69900000000004,Consumer Services,Movies/Entertainment,-140.49692078997666,54.86
NASDAQ:SBLK,SBLK,29.7,30.499000000000002,26.122500000000002,Transportation,Marine Shipping,432900.0,32.88
NYSE:AAMI,AAMI,93.71,92.75199999999997,71.54599999999999,Finance,Investment Managers,171.860547847741,98.52
NASDAQ:EXPO,EXPO,69.81,68.078,66.18124999999995,Industrial Services,Engineering & Construction,16.388673390224987,81.95
NASDAQ:BRZE,BRZE,29.06,28.024,23.588500000000007,Technology Services,Internet Software/Services,35.107197549770284,37.3273
NASDAQ:CDNA,CDNA,63.67,53.988000000000014,30.66825,Health Technology,Medical Specialties,,72.51
NASDAQ:FA,FA,19.04,20.758,16.1025,Technology Services,Packaged Software,5322.222222222223,25.15
NASDAQ:PTRN,PTRN,18.42,19.812000000000005,17.3085,Commercial Services,Advertising/Marketing Services,62.526766595289075,29.8
NYSE:DKL,DKL,56.49,55.530000000000015,52.90749999999999,Industrial Services,Oil & Gas Pipelines,-34.94481765834933,61.5
NYSE:AWR,AWR,82.26,86.33299999999991,79.76749999999996,Utilities,Water Utilities,25.75862068965518,91.72
NYSE:CXW,CXW,32.93,33.626999999999995,25.320750000000015,Commercial Services,Miscellaneous Commercial Services,5.270574971815106,36.55
NASDAQ:FFBC,FFBC,30.9,32.663,30.830249999999985,Finance,Regional Banks,-0.3419504855696822,36.245
NASDAQ:SHOO,SHOO,44.3,45.00899999999997,41.38900000000002,Consumer Non-Durables,Apparel/Footwear,,49.7
NYSE:ASH,ASH,70.57,71.92399999999998,63.15575,Consumer Non-Durables,Food: Specialty/Candy,,78.25
NASDAQ:COHU,COHU,68.19,58.87700000000001,46.18562500000003,Electronic Technology,Semiconductors,99.06025428413487,75.72
NYSE:KN,KN,37.56,36.824,32.62474999999999,Electronic Technology,Electronic Components,137.7528089887641,42.93
NASDAQ:SFNC,SFNC,22.18,23.131500000000035,21.586624999999994,Finance,Major Banks,5.908146780521569,24.32
NASDAQ:WIX,WIX,76.56,75.82700000000007,70.17624999999991,Technology Services,Packaged Software,-283.71924746743844,148.33
NYSE:HIW,HIW,29.04,30.68500000000002,27.31050000000001,Finance,Real Estate Investment Trusts,401.14388922335945,35.435
NYSE:ATKR,ATKR,94.84,94.09700000000001,76.72425000000008,Producer Manufacturing,Electrical Products,-98.24884055653285,94.9
NASDAQ:EXTR,EXTR,24.19,22.902,21.831000000000003,Electronic Technology,Computer Peripherals,,33.73
NASDAQ:VECO,VECO,52.28,48.88900000000001,46.99625000000001,Electronic Technology,Electronic Production Equipment,-9.80192991366175,86.63
NYSE:HTGC,HTGC,16.51,17.114999999999995,16.166499999999992,Finance,Finance/Rental/Leasing,49.930426716140985,19.13
NASDAQ:FRPT,FRPT,64.07,66.21150000000003,63.42837499999998,Consumer Non-Durables,Food: Specialty/Candy,19.15285451197054,86.0
NYSE:DAC,DAC,169.09,154.723,127.52674999999999,Transportation,Marine Shipping,16.863643390154433,171.09
NYSE:WOR,WOR,62.45,59.34099999999999,55.98524999999999,Producer Manufacturing,Industrial Machinery,23.82578992314261,67.535
NYSE:PK,PK,15.17,15.316000000000006,12.951250000000002,Finance,Real Estate Investment Trusts,,16.2
NASDAQ:SPSC,SPSC,84.59,81.24500000000002,67.727375,Technology Services,Packaged Software,-63.75748213940916,114.87
NASDAQ:INTA,INTA,39.61,39.00100000000002,29.570000000000043,Technology Services,Packaged Software,-1009.2307692307692,47.93
NYSE:CBZ,CBZ,54.82,54.63399999999998,39.55300000000001,Commercial Services,Miscellaneous Commercial Services,-52.61557177615571,56.4093
NYSE:TNET,TNET,65.45,67.416,52.538500000000035,Commercial Services,Miscellaneous Commercial Services,52.58906105151634,73.075
NASDAQ:AGYS,AGYS,105.03,107.417,91.15025000000003,Technology Services,Packaged Software,82.99595141700405,145.25
NASDAQ:NTCT,NTCT,40.69,39.02299999999995,35.81749999999998,Technology Services,Packaged Software,,45.28
NASDAQ:SLDE,SLDE,25.14,23.55899999999999,19.562,Technology Services,Packaged Software,90.4350952894642,26.75
NYSE:EFXT,EFXT,24.04,22.28700000000001,22.267000000000003,Producer Manufacturing,Industrial Machinery,-51.61358910427361,29.15
NYSE:BHE,BHE,81.47,78.52800000000002,71.94800000000001,Electronic Technology,Electronic Production Equipment,1938.059701492537,100.4099
NYSE:ABM,ABM,49.63,48.53100000000002,44.36825,Commercial Services,Miscellaneous Commercial Services,25.916466346153843,51.2863
NYSE:CXT,CXT,50.45,49.99300000000005,47.49599999999994,Producer Manufacturing,Industrial Machinery,41.93023255813952,68.535
NYSE:SPNT,SPNT,24.96,24.275,22.75525000000001,Finance,Property/Casualty Insurance,15.742971887550205,26.5
NASDAQ:ARCB,ARCB,129.36,134.93599999999995,123.36975000000002,Transportation,Trucking,-155.1484354105376,176.6857
NASDAQ:OUST,OUST,39.9,39.99699999999997,32.21525,Electronic Technology,Semiconductors,27.457716701902747,63.79
NYSE:SDRL,SDRL,46.15,46.61500000000002,44.33549999999998,Industrial Services,Contract Drilling,,55.47
NASDAQ:APPN,APPN,40.1,37.42999999999999,27.758125000000014,Technology Services,Packaged Software,-3759.5238095238096,46.059
NASDAQ:DGII,DGII,75.63,75.756,61.52225000000001,Electronic Technology,Telecommunications Equipment,48.676470588235276,86.84
NASDAQ:ATRC,ATRC,55.81,51.670000000000016,36.72774999999999,Health Technology,Medical Specialties,,61.7
NASDAQ:ASST,ASST,27.8,23.687500000000004,15.872624999999985,Finance,Financial Conglomerates,-10.307197191339966,36.2
NASDAQ:IMOS,IMOS,77.73,62.7435,52.21349999999999,Electronic Technology,Semiconductors,,83.84
NYSE:DNOW,DNOW,15.57,15.917999999999996,13.967499999999996,Distribution Services,Wholesale Distributors,-193.88254486133766,17.26
NASDAQ:DXPE,DXPE,180.92,189.27500000000003,159.27575000000002,Distribution Services,Wholesale Distributors,22.988586233457045,208.0
NYSE:TALO,TALO,16.8,16.587,14.676499999999994,Energy Minerals,Oil & Gas Production,,18.725
NYSE:HOG,HOG,26.9,26.90899999999998,23.624250000000064,Consumer Durables,Motor Vehicles,-16.484889797773235,28.86
NYSE:IMAX,IMAX,50.8,52.056000000000004,41.91875000000002,Consumer Durables,Electronics/Appliances,33.48039215686275,57.73
NASDAQ:ZLAB,ZLAB,24.99,25.168,20.68199999999998,Health Technology,Biotechnology,-21.773978092439208,31.85
NASDAQ:MGRC,MGRC,113.64,114.82699999999997,113.55675000000008,Finance,Finance/Rental/Leasing,-5.919791951820423,125.83
NASDAQ:AEHR,AEHR,84.64,99.03500000000003,73.23375000000001,Electronic Technology,Electronic Production Equipment,,147.4
NASDAQ:ALRM,ALRM,55.65,55.759000000000015,49.41862500000001,Technology Services,Packaged Software,-23.448934139357306,58.145
NASDAQ:ACHC,ACHC,29.25,28.894999999999992,25.01674999999997,Health Services,Medical/Nursing Services,-64.09486640648454,35.83
NASDAQ:FIVN,FIVN,36.4,33.672,23.228125,Technology Services,Packaged Software,203.07692307692307,40.0
NASDAQ:CHRN,CHRN,18.59,20.177500000000002,15.75325,Technology Services,Data Processing Services,-19.328961236678772,30.0
NYSE:KWR,KWR,155.95,162.18700000000018,150.20875000000004,Process Industries,Chemicals: Specialty,,183.005
NASDAQ:HURN,HURN,167.05,157.61100000000002,136.01200000000003,Commercial Services,Miscellaneous Commercial Services,74.33458337144425,186.775
NYSE:VIA,VIA,32.37,27.694,20.2105,Technology Services,Packaged Software,9.928812289246917,55.2
NYSE:NOG,NOG,24.76,24.859999999999985,24.28150000000004,Energy Minerals,Oil & Gas Production,118.5048408024753,31.17
NYSE:ROG,ROG,147.41,136.89100000000005,126.18399999999997,Process Industries,Chemicals: Specialty,,169.0
NYSE:NMM,NMM,93.06,89.174,73.6035,Transportation,Marine Shipping,146.88780737704917,95.0
NYSE:FIGS,FIGS,15.78,14.260000000000002,12.966500000000007,Consumer Non-Durables,Apparel/Footwear,253.77128953771293,17.48
NYSE:GRDN,GRDN,41.28,41.152,37.73525000000001,Retail Trade,Drugstore Chains,139.74807557732683,48.33
NYSE:GRND,GRND,15.03,15.387000000000004,13.550249999999997,Technology Services,Internet Software/Services,18.967587034813917,18.4999
NASDAQ:NBTB,NBTB,50.06,51.85300000000003,47.28850000000002,Finance,Major Banks,129.0388086642599,54.5
NASDAQ:SKWD,SKWD,58.32,57.71500000000005,50.944250000000025,Finance,Multi-Line Insurance,15.696420871065108,65.69
NYSE:DCO,DCO,170.56,179.74,150.80675000000002,Electronic Technology,Aerospace & Defense,56.45430684800763,210.39
NASDAQ:MBX,MBX,53.24,61.475,44.68837499999999,Health Technology,Biotechnology,-33.99379738111646,72.64
NYSE:WTTR,WTTR,19.76,20.112000000000002,17.000500000000002,Energy Minerals,Oil & Gas Production,61.946050096339114,22.55
NYSE:ATHM,ATHM,20.67,21.76900000000001,19.984499999999993,Technology Services,Internet Software/Services,-31.096388117119034,28.12
NYSE:WLY,WLY,49.64,49.702000000000005,42.37325,Consumer Services,Publishing: Books/Magazines,-206.59594095940957,57.4499
NYSE:LPG,LPG,57.64,53.084999999999994,40.84124999999996,Transportation,Marine Shipping,1263.716814159292,59.97
NYSE:MAN,MAN,52.78,57.917000000000016,39.33300000000002,Commercial Services,Personnel Services,,63.88
NASDAQ:PLUS,PLUS,93.3,90.44800000000001,85.24575000000002,Technology Services,Packaged Software,-19.79842606654702,98.14
NASDAQ:BANR,BANR,66.43,70.28400000000002,65.89250000000004,Finance,Regional Banks,9.376908979841158,74.84
NASDAQ:BUSE,BUSE,28.93,30.296999999999958,27.702124999999956,Finance,Regional Banks,31.967686093479514,31.7
NYSE:HCI,HCI,191.69,185.37699999999992,169.04399999999993,Finance,Property/Casualty Insurance,8.220685926154795,210.5
NASDAQ:IOSP,IOSP,95.65,94.74100000000008,83.31400000000009,Process Industries,Chemicals: Major Diversified,32.84313725490195,100.4799
NASDAQ:LIND,LIND,35.82,30.634000000000004,23.33975,Consumer Services,Hotels/Resorts/Cruise lines,87.94843049327355,36.36
NASDAQ:HRMY,HRMY,40.28,40.086000000000006,34.40149999999997,Health Technology,Pharmaceuticals: Major,88.57226792009402,43.49
NASDAQ:CNXN,CNXN,92.81,85.412,70.95125000000009,Technology Services,Information Technology Services,34.75396335186328,93.8884
NASDAQ:SYBT,SYBT,75.09,80.13100000000003,73.44275000000006,Finance,Regional Banks,13.631633714880333,89.215
NASDAQ:NRIX,NRIX,22.35,25.054000000000002,19.665375000000004,Health Technology,Biotechnology,-55.53840216132768,28.23
NYSE:KSS,KSS,20.35,18.389,16.698249999999994,Retail Trade,Department Stores,-4.649429997764698,25.22
NYSE:PBI,PBI,16.8,16.878000000000004,14.5655,Technology Services,Packaged Software,116.72705314009661,19.07
NASDAQ:PDFS,PDFS,54.4,48.79600000000001,44.64674999999999,Technology Services,Information Technology Services,250.0,71.685
NYSE:LTC,LTC,42.46,41.53999999999998,39.131750000000004,Finance,Real Estate Investment Trusts,74.0523882896764,43.6021
NYSE:RAMP,RAMP,37.56,37.66999999999998,32.644,Technology Services,Packaged Software,143.9276485788114,38.2295
NASDAQ:FLYW,FLYW,18.76,18.242000000000022,15.268750000000026,Commercial Services,Miscellaneous Commercial Services,32.38578680203045,19.73
NYSE:NTB,NTB,57.5,60.052999999999976,56.41625000000001,Finance,Regional Banks,-7.230843065109585,64.17
NASDAQ:CENT,CENT,40.58,41.85200000000001,39.471250000000005,Consumer Non-Durables,Consumer Sundries,-4.408857255832356,46.97
NASDAQ:CENTA,CENTA,35.0,36.186,34.8005,Consumer Non-Durables,Consumer Sundries,-4.408857255832356,40.795
NASDAQ:MBIN,MBIN,48.92,52.61,47.10449999999998,Finance,Regional Banks,145.09446470003314,56.87
NYSE:PRLB,PRLB,93.84,87.95999999999995,71.95075,Process Industries,Chemicals: Specialty,104.028307022319,99.96
NASDAQ:UFPT,UFPT,288.97,297.3639999999999,245.91350000000003,Process Industries,Industrial Specialties,21.13383404216812,338.71
NASDAQ:AUPH,AUPH,16.65,16.22600000000001,15.446499999999997,Health Technology,Biotechnology,79.15601023017902,19.25
NASDAQ:PHVS,PHVS,31.1,34.55900000000001,30.677249999999997,Health Technology,Biotechnology,13.303628262253337,43.25
NYSE:MD,MD,26.64,26.552,23.51625000000002,Health Services,Medical/Nursing Services,6.623093681917207,27.94
NYSE:IDT,IDT,81.49,70.56499999999998,57.49575000000001,Communications,Major Telecommunications,30.13432835820895,82.305
NYSE:PEB,PEB,19.12,18.392000000000003,15.649249999999995,Finance,Real Estate Investment Trusts,178.4911717495987,19.93
NYSE:ATEN,ATEN,29.63,26.452999999999985,26.1895,Technology Services,Information Technology Services,-18.52879944482998,38.49
NYSE:AGM,AGM,203.9,221.74399999999997,186.98549999999997,Finance,Finance/Rental/Leasing,12.354239593320104,248.285
NASDAQ:PGNY,PGNY,27.93,26.50499999999999,24.139249999999997,Commercial Services,Miscellaneous Commercial Services,78.88947092718703,33.065
NYSE:OFG,OFG,50.54,52.30599999999998,46.22575000000004,Finance,Major Banks,20.525080413805092,54.47
NASDAQ:ADUS,ADUS,114.33,116.38100000000004,105.38412500000007,Health Services,Medical/Nursing Services,24.241416576606518,124.435
NASDAQ:ECPG,ECPG,99.77,99.35900000000001,81.18412500000002,Finance,Finance/Rental/Leasing,12.752459345512953,104.98
NASDAQ:NEO,NEO,16.35,17.63,12.519000000000004,Health Services,Medical/Nursing Services,,20.15
NYSE:PRGO,PRGO,15.06,14.148999999999997,12.317999999999959,Health Technology,Pharmaceuticals: Major,,22.02
NASDAQ:NCNO,NCNO,19.73,20.683,18.286250000000003,Technology Services,Packaged Software,,27.5
NASDAQ:BLKB,BLKB,45.48,45.312,41.097,Technology Services,Packaged Software,43.62807657247036,70.71
NASDAQ:VCEL,VCEL,40.1,41.14299999999999,38.37837500000002,Health Technology,Pharmaceuticals: Major,,49.32
NASDAQ:MCRI,MCRI,114.34,121.16400000000006,112.16574999999996,Consumer Services,Hotels/Resorts/Cruise lines,23.46620450606586,135.925
NASDAQ:GCT,GCT,57.26,52.91899999999998,42.86012500000002,Distribution Services,Wholesale Distributors,27.760008823205045,57.4
NASDAQ:SONO,SONO,17.26,16.222500000000007,15.089125,Consumer Durables,Electronics/Appliances,,19.82
NASDAQ:SDGR,SDGR,27.28,22.973,16.135749999999984,Technology Services,Packaged Software,,33.78
NASDAQ:SRCE,SRCE,83.9,86.59599999999998,76.758625,Finance,Regional Banks,29.87439994739266,91.46
NYSE:FCF,FCF,19.89,21.018000000000008,19.293249999999983,Finance,Regional Banks,36.589919103920344,22.3425
NYSE:PLGO,PLGO,24.28,24.39799999999999,22.072249999999997,Finance,Multi-Line Insurance,189.03047091412745,26.34
NASDAQ:TILE,TILE,34.73,36.422,31.932250000000003,Producer Manufacturing,Building Products,59.97822931785196,40.5
NASDAQ:PVLA,PVLA,138.77,147.32400000000007,124.91774999999954,Health Technology,Biotechnology,-77.78037110514647,161.38
NASDAQ:PRCH,PRCH,17.56,16.940999999999995,11.55675,Finance,Property/Casualty Insurance,136.73469387755102,18.3695
NYSE:INSP,INSP,68.89,66.328,58.852000000000075,Health Technology,Medical Specialties,,147.03
NASDAQ:FTRE,FTRE,20.84,18.859999999999996,15.128250000000005,Commercial Services,Miscellaneous Commercial Services,96.63605606573225,23.51
NYSE:DAO,DAO,17.4,16.219,12.701,Technology Services,Internet Software/Services,,18.94
NASDAQ:CHCO,CHCO,139.97,143.76600000000002,130.62125000000003,Finance,Major Banks,2.830271216097977,148.99
NASDAQ:EZPW,EZPW,31.96,31.237000000000002,29.303749999999997,Finance,Finance/Rental/Leasing,39.524085896691815,37.125
NYSE:INVX,INVX,28.06,29.163999999999998,26.83200000000001,Industrial Services,Oilfield Services/Equipment,62.23524109959442,33.71
NYSE:KRP,KRP,15.24,14.917999999999997,14.553499999999996,Miscellaneous,Investment Trusts/Mutual Funds,1882.2085889570556,15.8
NASDAQ:AMPL,AMPL,15.67,13.418000000000006,9.134,Technology Services,Packaged Software,-42.492012779552724,15.8699
NYSE:GRC,GRC,73.99,76.743,71.88099999999999,Producer Manufacturing,Industrial Machinery,22.531223980016648,92.78
NYSE:SMA,SMA,32.83,33.005,32.476249999999986,Finance,Real Estate Investment Trusts,,38.69
NASDAQ:PLPC,PLPC,397.25,423.91999999999996,339.7217500000001,Producer Manufacturing,Building Products,74.96977496977497,504.69
NASDAQ:ZD,ZD,56.52,55.879,46.155749999999976,Technology Services,Internet Software/Services,-518.2958856142399,60.4801
NASDAQ:AGIO,AGIO,31.81,32.82,31.280250000000052,Health Technology,Pharmaceuticals: Major,12.453454695904007,46.0
NYSE:BLX,BLX,54.0,54.841999999999985,53.81000000000002,Finance,Major Banks,2.5040575005796373,63.195
NASDAQ:KARO,KARO,61.08,63.789,53.69037500000002,Technology Services,Packaged Software,23.733563267945673,68.8
NASDAQ:ALNT,ALNT,109.91,105.09099999999998,81.26225000000002,Producer Manufacturing,Electrical Products,83.21927997619756,121.4199
NASDAQ:ASTH,ASTH,37.55,37.448999999999984,33.50987500000003,Health Services,Services to the Health Industry,108.13648293963256,51.6
NYSE:WKC,WKC,36.41,35.841,30.276000000000046,Distribution Services,Wholesale Distributors,,41.2
NYSE:NSP,NSP,48.73,50.60500000000001,38.83874999999999,Commercial Services,Miscellaneous Commercial Services,,55.9
NASDAQ:ZYME,ZYME,25.79,26.50599999999999,24.796000000000014,Health Technology,Pharmaceuticals: Major,-2162.8762541806022,31.34
NASDAQ:TH,TH,18.41,18.814000000000004,14.583750000000004,Consumer Services,Hotels/Resorts/Cruise lines,39.94673768308921,21.7599
NASDAQ:XNCR,XNCR,24.63,24.702,16.09525,Health Technology,Biotechnology,30.987951807228914,30.61
NASDAQ:STRA,STRA,82.39,81.7300000000001,80.551,Consumer Services,Other Consumer Services,24.35263311027058,89.73
NASDAQ:GABC,GABC,48.16,49.764999999999986,45.25699999999998,Finance,Regional Banks,21.438814531548758,52.23
NASDAQ:URGN,URGN,36.83,43.48899999999999,30.460000000000008,Health Technology,Biotechnology,72.77506930503776,50.81
NASDAQ:SEPN,SEPN,38.37,39.004000000000005,31.131125000000004,Health Technology,Biotechnology,48.54196301564723,51.1
NASDAQ:ZBIO,ZBIO,27.26,30.350500000000004,24.383374999999994,Health Technology,Biotechnology,-41.57447490780824,44.6
NYSE:EVTC,EVTC,29.64,29.360999999999972,28.215999999999987,Commercial Services,Miscellaneous Commercial Services,-85.89291439563964,34.41
NASDAQ:BAND,BAND,53.27,53.01399999999995,40.414500000000004,Technology Services,Packaged Software,56.66666666666668,79.08
NASDAQ:PSNL,PSNL,16.0,16.22,10.908374999999994,Health Services,Medical/Nursing Services,-32.61253309796999,18.89
NASDAQ:FRNM,FRNM,15.78,14.719,12.526750000000002,Health Technology,Medical Specialties,-116.27565982404693,17.5
NASDAQ:STBA,STBA,48.05,50.049,45.94449999999999,Finance,Regional Banks,23.25581395348838,53.5
NASDAQ:FSUN,FSUN,38.49,39.902999999999935,37.80900000000003,Finance,Major Banks,-152.33254868392896,42.34
NYSE:DCOM,DCOM,38.14,40.32600000000001,37.05100000000001,Finance,Regional Banks,17.568417741428124,41.97
NYSE:GLP,GLP,49.37,50.013,47.71625000000002,Distribution Services,Wholesale Distributors,236.3899963754984,54.29
NYSE:XHR,XHR,18.02,18.517000000000003,17.36675,Finance,Real Estate Investment Trusts,-137.66744061439542,22.06
NASDAQ:ATEX,ATEX,84.53,87.20899999999999,62.94387500000003,Communications,Wireless Telecommunications,-99.09374535730203,113.0
NASDAQ:AZTA,AZTA,37.72,34.168000000000006,28.10050000000001,Health Services,Medical/Nursing Services,,46.41
NYSE:BY,BY,36.32,38.119000000000014,34.64549999999999,Finance,Regional Banks,35.636528575748414,40.03
NYSE:FLNG,FLNG,30.84,31.374000000000013,29.963749999999997,Transportation,Marine Shipping,153.11355311355314,33.4
NYSE:GIC,GIC,42.95,40.43800000000002,34.19374999999998,Retail Trade,Internet Retail,48.358624961288314,44.36
NYSE:CTS,CTS,57.25,59.57899999999999,57.0625,Electronic Technology,Electronic Production Equipment,7.300097118808681,69.55
NYSE:PBT,PBT,34.86,33.767999999999994,25.877499999999998,Miscellaneous,Investment Trusts/Mutual Funds,61.478599221789885,37.0
NASDAQ:DSGR,DSGR,35.03,34.86399999999998,29.89712499999998,Distribution Services,Wholesale Distributors,70.2979515828678,35.295
NYSE:TRIN,TRIN,17.1,17.923000000000002,16.636749999999996,Miscellaneous,Investment Trusts/Mutual Funds,-21.868534139742156,18.895
NASDAQ:BFC,BFC,145.41,152.99850000000004,144.26724999999993,Finance,Regional Banks,29.95651662945116,159.095
NASDAQ:PRGS,PRGS,39.33,41.53400000000001,36.409000000000034,Technology Services,Packaged Software,23.64332357577123,47.25
NASDAQ:KMTS,KMTS,26.98,26.142000000000003,23.433249999999997,Health Technology,Medical Specialties,-49.54310687326184,29.9999
NYSE:GSL,GSL,44.58,44.572000000000024,40.2355,Transportation,Marine Shipping,-5.166673045275356,46.57
NYSE:WWW,WWW,19.43,19.858000000000004,18.01375,Consumer Non-Durables,Apparel/Footwear,16.061365059486523,27.725
NASDAQ:QCRH,QCRH,97.21,101.66099999999999,93.75337500000008,Finance,Major Banks,28.21143928738867,108.11
NASDAQ:RBCAA,RBCAA,90.93,95.25050000000005,82.36700000000005,Finance,Regional Banks,4.010462074978205,102.22
NYSE:OBK,OBK,51.56,53.604000000000006,47.81950000000004,Finance,Regional Banks,132.36363636363635,55.57
NASDAQ:ETON,ETON,55.21,56.59900000000001,34.00574999999999,Health Technology,Pharmaceuticals: Major,,66.37
NASDAQ:ICFI,ICFI,87.55,87.47500000000005,78.61299999999997,Commercial Services,Miscellaneous Commercial Services,16.484630987673587,98.03
NASDAQ:KRSA,KRSA,33.92,29.733500000000003,21.151625000000003,Health Technology,Biotechnology,-291.3202437373053,59.36
NYSE:EFOR,EFOR,37.5,33.01899999999996,32.14375000000005,Technology Services,Information Technology Services,-47.995194473644695,54.94
NASDAQ:SAFT,SAFT,103.82,103.54100000000003,83.32200000000009,Finance,Property/Casualty Insurance,21.068569082323975,104.01
NASDAQ:PGY,PGY,18.22,20.369,16.594250000000017,Technology Services,Packaged Software,147.93683138053999,31.06
NYSE:TEN,TEN,51.4,45.723,38.42249999999999,Transportation,Marine Shipping,560.1050262565642,53.84
NASDAQ:CNOB,CNOB,29.94,31.732499999999995,29.812500000000007,Finance,Regional Banks,,34.14
NYSE:CBL,CBL,48.51,54.42100000000001,46.63399999999998,Finance,Real Estate Investment Trusts,1655.9281437125746,60.3999
NASDAQ:CSWC,CSWC,23.54,24.28200000000004,23.3855,Miscellaneous,Investment Trusts/Mutual Funds,-17.814527946409882,25.75
NASDAQ:OPRA,OPRA,17.58,18.693999999999996,16.904749999999993,Technology Services,Packaged Software,72.58156840297653,20.78
NYSE:SBH,SBH,15.9,16.41400000000001,14.934999999999999,Retail Trade,Specialty Stores,24.723413863174528,17.92
NYSE:NVGS,NVGS,23.93,22.775999999999996,21.023999999999994,Transportation,Marine Shipping,175.1862649821834,25.48
NYSE:ENR,ENR,21.33,21.770000000000003,20.43650000000001,Consumer Non-Durables,Household/Personal Care,-72.91686237670267,25.35
NASDAQ:DMLP,DMLP,29.75,28.743999999999993,27.04449999999999,Miscellaneous,Investment Trusts/Mutual Funds,145.8051689860835,30.54
NASDAQ:PCRX,PCRX,36.31,26.148999999999994,23.9535,Health Technology,Pharmaceuticals: Major,,36.46
NYSE:PRSU,PRSU,52.94,49.22300000000003,43.95125,Consumer Services,Hotels/Resorts/Cruise lines,241.28382630585267,56.515
NASDAQ:FCEL,FCEL,18.03,18.204,14.827374999999998,Electronic Technology,Electronic Equipment/Instruments,83.00200909379296,37.88
NASDAQ:MLKN,MLKN,20.88,22.042999999999996,19.40175,Producer Manufacturing,Office Equipment/Supplies,30.1130524152107,24.71
NASDAQ:OMER,OMER,19.83,18.194,13.058375000000002,Health Technology,Pharmaceuticals: Major,,21.2399
NASDAQ:ESQ,ESQ,118.57,120.98899999999999,113.56262499999998,Finance,Major Banks,8.057836227566664,134.815
NASDAQ:ATLC,ATLC,93.73,94.84899999999996,79.32099999999997,Finance,Finance/Rental/Leasing,65.98846842070382,114.3399
NASDAQ:UFCS,UFCS,55.14,54.459,45.648750000000035,Finance,Property/Casualty Insurance,48.18861414606094,56.74
NYSE:AMBQ,AMBQ,58.56,63.132000000000005,53.325250000000004,Electronic Technology,Semiconductors,29.770336982185018,91.61
NYSE:AMN,AMN,36.52,34.868999999999986,27.101500000000005,Commercial Services,Personnel Services,,38.44
NASDAQ:NUTX,NUTX,206.29,196.97499999999997,147.09225000000004,Health Services,Medical/Nursing Services,,226.1575
NASDAQ:INBX,INBX,95.01,103.54699999999998,91.07724999999999,Health Technology,Biotechnology,-26.26180836707152,155.29
NASDAQ:AMAL,AMAL,46.58,48.510000000000005,43.28912499999998,Finance,Regional Banks,36.094674556213015,51.59
NASDAQ:BHRB,BHRB,68.88,71.219,67.11362499999998,Finance,Regional Banks,-74.6632911392405,75.085
NASDAQ:PNTG,PNTG,39.73,39.083999999999996,34.76074999999999,Health Services,Medical/Nursing Services,26.110833749375928,42.74
NYSE:SCL,SCL,61.03,63.20299999999993,56.46774999999987,Process Industries,Chemicals: Specialty,101.61387936251766,68.0
NYSE:AGL,AGL,82.39,89.62200000000004,62.79675000000003,Health Services,Medical/Nursing Services,,133.04
AMEX:TMP,TMP,95.73,98.758,88.01299999999999,Finance,Regional Banks,36.3545418167267,102.585
NASDAQ:WABC,WABC,58.66,59.36600000000006,55.570999999999984,Finance,Regional Banks,4.604970161218498,63.61
NASDAQ:LQDT,LQDT,43.13,42.7725,36.32775000000002,Retail Trade,Internet Retail,39.21052631578947,45.0
NASDAQ:CTBI,CTBI,74.16,76.71000000000001,68.473,Finance,Regional Banks,18.558493299529154,79.9199
NYSE:TK,TK,15.27,13.661000000000007,12.181000000000001,Transportation,Marine Shipping,259.0909090909091,15.5
NASDAQ:TWFG,TWFG,24.76,27.064000000000004,23.002375000000004,Finance,Insurance Brokers/Services,38.8036809815951,31.3
NYSE:CNMD,CNMD,44.42,47.77400000000001,40.957000000000065,Health Technology,Medical Specialties,11.046680197158604,53.66
NYSE:AAT,AAT,21.52,22.099999999999966,21.365500000000004,Finance,Real Estate Investment Trusts,-5.327413984461708,25.97
NASDAQ:OMDA,OMDA,21.55,21.973000000000003,17.512125000000005,Technology Services,Internet Software/Services,,26.915
NYSE:UAN,UAN,124.75,127.41100000000003,120.86174999999999,Process Industries,Chemicals: Agricultural,99.91820486953677,139.5
NASDAQ:RDWR,RDWR,30.98,29.064000000000004,27.32537499999997,Electronic Technology,Computer Communications,-58.64978902953586,32.791
NASDAQ:FMBH,FMBH,48.52,50.434999999999974,45.611374999999995,Finance,Regional Banks,6.908904810644832,53.36
NASDAQ:CBRL,CBRL,57.46,54.3285,40.894499999999994,Consumer Services,Restaurants,79.96661101836395,60.26
NYSE:EPC,EPC,27.8,27.998999999999988,23.543250000000015,Consumer Non-Durables,Household/Personal Care,-52.51937984496124,29.95
NASDAQ:RDVT,RDVT,79.78,74.4435,55.26462500000001,Technology Services,Packaged Software,85.75297941495124,81.795
NYSE:UVE,UVE,45.85,43.768,38.081999999999994,Finance,Property/Casualty Insurance,68.84009942004971,47.56
NASDAQ:BJRI,BJRI,59.87,63.15200000000002,50.09200000000001,Consumer Services,Restaurants,-11.27998345740281,74.6
NYSE:PD,PD,16.16,13.733000000000004,9.735999999999997,Technology Services,Packaged Software,-42.48554913294797,16.4
NASDAQ:HBT,HBT,34.95,36.17299999999999,30.748250000000002,Finance,Regional Banks,25.41064388961891,37.51
NYSE:USPH,USPH,84.67,81.19000000000008,76.30499999999999,Health Services,Medical/Nursing Services,-56.44827586206896,93.5
NASDAQ:OSBC,OSBC,24.61,25.272499999999987,22.251375000000003,Finance,Major Banks,13.571428571428571,26.055
NYSE:ASIC,ASIC,25.93,26.363999999999997,22.068250000000003,Finance,Property/Casualty Insurance,65.91639871382637,29.0
NASDAQ:SCSC,SCSC,60.93,57.35500000000004,46.79299999999997,Distribution Services,Electronics Distributors,40.74411195812949,66.78
NASDAQ:PFBC,PFBC,102.58,105.21400000000001,97.71050000000004,Finance,Regional Banks,8.256523937307975,112.26
NASDAQ:SENEA,SENEA,178.34,187.37699999999998,156.06449999999998,Consumer Non-Durables,Food: Specialty/Candy,33.12611012433392,210.0
NYSE:OPY,OPY,113.94,117.81800000000003,101.16075000000005,Finance,Investment Banks/Brokers,24.714629804167988,125.8825
NASDAQ:LBRX,LBRX,37.22,43.91049999999999,31.725875000000002,Health Technology,Pharmaceuticals: Major,-689.0322580645161,50.16
NASDAQ:QMCO,QMCO,30.425,25.266499999999997,12.514125000000002,Electronic Technology,Computer Peripherals,-277.0943456671472,35.65
NYSE:DFIN,DFIN,48.46,48.354,46.84149999999997,Technology Services,Packaged Software,12.389657058042346,56.26
NASDAQ:VOR,VOR,19.9,21.857,17.062250000000002,Health Technology,Biotechnology,99.53964593414939,33.4199
NYSE:HZO,HZO,52.37,50.61699999999999,35.83775000000001,Retail Trade,Specialty Stores,,52.56
NYSE:GNK,GNK,26.5,26.677,24.07749999999999,Transportation,Marine Shipping,,28.42
NYSE:ODC,ODC,85.98,89.23899999999999,79.24924999999998,Process Industries,Chemicals: Agricultural,11.593722369584437,107.0
NYSE:MYE,MYE,30.63,32.011999999999986,25.990250000000003,Producer Manufacturing,Miscellaneous Manufacturing,104.35620663068619,37.45
NYSE:BH,BH,363.81,371.15399999999994,356.96749999999986,Consumer Services,Restaurants,-22.50802683124462,483.6
NASDAQ:AMPH,AMPH,26.62,23.406,22.003375,Health Technology,Pharmaceuticals: Major,6.4371025283077365,29.52
NASDAQ:UVSP,UVSP,40.9,42.156000000000084,38.92362500000002,Finance,Regional Banks,19.337016574585636,45.455
NYSE:AMTB,AMTB,28.77,29.23100000000004,24.70449999999999,Finance,Major Banks,-3.0402330238485433,30.6
NASDAQ:JANX,JANX,18.39,17.293999999999997,15.095874999999992,Health Technology,Biotechnology,36.17915904936015,35.34
NYSE:BOW,BOW,34.03,33.66799999999999,27.986250000000002,Finance,Multi-Line Insurance,32.66206896551724,35.07
NASDAQ:CRAI,CRAI,176.73,169.68799999999996,165.38400000000007,Commercial Services,Miscellaneous Commercial Services,17.475999106943497,227.29
NASDAQ:KRT,KRT,54.58,49.96000000000001,34.12599999999999,Process Industries,Containers/Packaging,169.38134810710991,55.3599
NYSE:NPK,NPK,151.59,147.79799999999992,134.94549999999998,Electronic Technology,Aerospace & Defense,207.0051324732973,158.17
NASDAQ:NBN,NBN,125.99,131.01199999999997,123.11399999999999,Finance,Regional Banks,35.26192859526193,142.31
NASDAQ:CSTL,CSTL,34.42,33.57200000000001,28.42187500000001,Health Technology,Medical Specialties,-144.28478118876552,44.28
AMEX:UMAC,UMAC,20.83,24.872000000000007,19.22975,Electronic Technology,Electronic Equipment/Instruments,49.953110346983436,34.9264
NYSE:HRTG,HRTG,34.83,33.944000000000024,27.86825000000001,Finance,Property/Casualty Insurance,32.71668822768435,36.5
NASDAQ:HSTM,HSTM,33.13,29.649999999999995,24.836875000000028,Technology Services,Packaged Software,28.531073446327692,33.21
AMEX:REPX,REPX,45.37,40.399,34.87675000000003,Energy Minerals,Integrated Oil,185.43851121449896,45.85
NASDAQ:ANL,ANL,15.62,14.624999999999996,11.09975,Commercial Services,Miscellaneous Commercial Services,,17.25
NASDAQ:MBWM,MBWM,57.78,60.330000000000005,54.914624999999965,Finance,Regional Banks,7.7475407481869665,62.9499
NYSE:IBTA,IBTA,43.07,39.88700000000001,31.4935,Technology Services,Packaged Software,-164.5476772616137,43.8503
NASDAQ:BFST,BFST,30.49,31.247000000000014,29.133999999999997,Finance,Regional Banks,-0.6700883946392981,32.525
NASDAQ:HBNC,HBNC,19.26,19.728999999999996,18.566499999999998,Finance,Regional Banks,3.5622866894197935,21.04
NASDAQ:CCNE,CCNE,33.28,34.24100000000002,31.34299999999997,Finance,Regional Banks,50.18062397372742,36.17
NASDAQ:MCBS,MCBS,34.2,35.34,32.41525,Finance,Regional Banks,16.84242702124407,37.46
NASDAQ:NWPX,NWPX,101.32,108.17749999999998,100.81637500000002,Non-Energy Minerals,Construction Materials,77.75335238513958,152.03
NYSE:FET,FET,84.61,81.35900000000001,60.399,Industrial Services,Oilfield Services/Equipment,71.82455568237407,89.93
NYSE:FTK,FTK,26.79,28.938,21.663999999999994,Industrial Services,Oilfield Services/Equipment,430.12295081967204,39.67
NYSE:ANRO,ANRO,24.37,30.369999999999997,23.90175,Health Technology,Biotechnology,1.284403669724782,37.48
NASDAQ:BBNX,BBNX,17.63,18.822,14.690499999999997,Health Technology,Medical Specialties,-35.37748003091986,32.71
NASDAQ:CEVA,CEVA,33.49,32.007999999999996,30.551874999999995,Electronic Technology,Semiconductors,32.96774193548387,51.6
NASDAQ:CAC,CAC,55.49,57.404999999999994,51.608999999999995,Finance,Major Banks,63.19913211186115,60.59
NYSE:KFRC,KFRC,51.28,54.70100000000001,42.978500000000004,Commercial Services,Personnel Services,23.35146159075458,61.68
NASDAQ:RIGL,RIGL,49.08,46.208,36.2655,Health Technology,Pharmaceuticals: Major,-73.08289918654603,52.24
NYSE:CPF,CPF,35.6,37.539,35.17625000000002,Finance,Regional Banks,18.148148148148138,40.9899
NASDAQ:HAFC,HAFC,30.78,31.732999999999997,29.74475,Finance,Regional Banks,57.56664662256965,33.5
NASDAQ:TRST,TRST,53.59,56.492000000000004,50.36225,Finance,Savings Banks,23.238191462490537,59.28
NASDAQ:CBLL,CBLL,23.63,23.379999999999995,20.346499999999995,Health Technology,Medical Specialties,-34.76988560787444,25.6269
NASDAQ:MPB,MPB,35.7,36.976000000000006,34.27425000000005,Finance,Regional Banks,283.90022675736964,39.15
NASDAQ:NBBK,NBBK,22.12,22.601999999999997,21.36675000000001,Finance,Regional Banks,36.03812467800104,23.4699
NASDAQ:QNST,QNST,15.73,18.11500000000001,14.430500000000015,Commercial Services,Advertising/Marketing Services,499.81818181818187,22.29
NYSE:HIPO,HIPO,33.97,32.589,28.948749999999983,Finance,Property/Casualty Insurance,660.8000000000001,38.725
NASDAQ:FCBC,FCBC,47.34,48.20800000000001,43.28549999999999,Finance,Regional Banks,78.2419233658903,50.17
NYSE:BZH,BZH,33.41,33.26400000000001,26.902749999999987,Consumer Durables,Homebuilding,-1349.090909090909,34.54
NYSE:EIG,EIG,49.4,48.967,45.484750000000005,Finance,Property/Casualty Insurance,29.297033726127598,52.59
NASDAQ:DJCO,DJCO,642.18,628.8310000000001,564.5312499999999,Consumer Services,Publishing: Newspapers,-175.49166626868524,692.5
NASDAQ:HQ,HQ,16.3,15.823000000000004,14.22825,Technology Services,Packaged Software,-2857.5268817204305,45.0
NASDAQ:CYRX,CYRX,17.35,16.416000000000004,12.93675,Transportation,Air Freight/Couriers,24.22661200149086,18.36
NASDAQ:SIBN,SIBN,19.37,18.772000000000002,16.113750000000003,Health Technology,Medical Specialties,36.091794158553554,21.89
NASDAQ:PAYS,PAYS,15.37,13.370000000000001,7.777749999999995,Commercial Services,Miscellaneous Commercial Services,354.16666666666663,15.445
NASDAQ:THFF,THFF,72.79,77.89100000000005,70.6645,Finance,Major Banks,21.947331505451768,84.17
NASDAQ:EGBN,EGBN,28.22,28.155999999999988,26.781500000000023,Finance,Regional Banks,,29.29
NYSE:SMBK,SMBK,50.02,51.37000000000002,44.663000000000004,Finance,Regional Banks,38.75991348233598,54.1399
NASDAQ:PUBM,PUBM,18.64,17.48,11.681875000000003,Technology Services,Internet Software/Services,76.3586956521739,19.48
NASDAQ:APOG,APOG,40.59,39.60350000000003,38.361125,Producer Manufacturing,Building Products,-2.2457549753514656,50.8816
NASDAQ:FEIM,FEIM,75.09,75.94350000000001,62.37487500000001,Electronic Technology,Telecommunications Equipment,531.9018404907977,89.76
NYSE:HSHP,HSHP,17.92,17.457000000000004,14.448999999999998,Transportation,Marine Shipping,2113.5593220338983,19.55
NASDAQ:GSBC,GSBC,76.745,79.44650000000003,71.36975000000002,Finance,Regional Banks,-16.9615832363213,82.91
NYSE:MTUS,MTUS,19.99,19.96400000000002,18.989250000000002,Non-Energy Minerals,Steel,141.80327868852456,22.58
NASDAQ:CCBG,CCBG,48.1,50.741999999999976,47.01362500000001,Finance,Regional Banks,7.950931394820543,53.6
NYSE:KOP,KOP,43.41,46.53100000000002,41.1165,Process Industries,Chemicals: Specialty,-1051.4127082048117,53.0
NASDAQ:WRLD,WRLD,175.48,184.38399999999993,163.23437499999994,Finance,Finance/Rental/Leasing,344.92656875834444,227.68
NYSE:MCS,MCS,27.07,28.355000000000008,21.33700000000001,Consumer Services,Movies/Entertainment,119.10691283812795,32.42
NASDAQ:BUUU,BUUU,43.27,36.24,20.95954405,Commercial Services,Miscellaneous Commercial Services,,52.91
NYSE:PSTL,PSTL,22.76,23.239999999999995,21.666500000000035,Finance,Real Estate Investment Trusts,22.195318805488306,25.22
NASDAQ:TRNS,TRNS,86.23,88.53000000000004,80.70712500000008,Electronic Technology,Electronic Equipment/Instruments,-59.54506190613302,100.0
NASDAQ:ORRF,ORRF,40.9,42.180999999999955,38.90362499999999,Finance,Regional Banks,8.28443560417702,43.81
NASDAQ:MITK,MITK,17.7,18.096,15.608875000000008,Technology Services,Information Technology Services,236.20352250489236,21.05
NYSE:ASC,ASC,19.28,18.239999999999995,16.256249999999998,Transportation,Marine Shipping,570.5855651384477,20.025
NASDAQ:KRNT,KRNT,18.3,16.794,15.593875000000002,Process Industries,Chemicals: Specialty,-56.3963963963964,19.78
NASDAQ:IBCP,IBCP,35.37,36.85699999999998,35.31312500000001,Finance,Regional Banks,12.175747796946764,39.24
NASDAQ:VREX,VREX,18.46,17.874,13.14125,Health Technology,Medical Specialties,,18.63
NYSE:MTW,MTW,21.67,21.032999999999998,15.067999999999987,Producer Manufacturing,Trucks/Construction/Farm Machinery,827.6849642004773,24.0
NASDAQ:RCBC,RCBC,54.98,51.250000000000036,45.080787500000014,Finance,Regional Banks,30.00665335994676,55.77
NASDAQ:ALRS,ALRS,31.07,32.85099999999999,28.431000000000004,Finance,Major Banks,4.4253463314520385,34.4
NASDAQ:SMBC,SMBC,69.93,73.69699999999997,69.25775,Finance,Savings Banks,31.54044750430292,79.86
NASDAQ:PGC,PGC,43.37,45.361000000000004,40.68175000000002,Finance,Regional Banks,89.59265890778873,49.1394
NYSE:CTO,CTO,20.49,21.135000000000012,20.20625000000002,Finance,Real Estate Investment Trusts,,22.71
NASDAQ:FDUS,FDUS,19.06,19.537000000000013,18.984000000000027,Miscellaneous,Investment Trusts/Mutual Funds,-26.863181312569512,21.15
NASDAQ:FISI,FISI,38.45,40.74799999999998,36.35525,Finance,Regional Banks,23.404255319148945,42.97
NASDAQ:GRPN,GRPN,18.63,20.158,17.66025,Retail Trade,Internet Retail,-109.92970123022847,29.8995
NASDAQ:PRAA,PRAA,20.03,19.761,17.473750000000003,Commercial Services,Miscellaneous Commercial Services,40.54280137559252,22.55
NASDAQ:SHBI,SHBI,22.27,23.287000000000003,20.97225000000001,Finance,Regional Banks,21.339362618432393,24.89
NASDAQ:BWMN,BWMN,42.7,40.989999999999995,33.64249999999999,Industrial Services,Engineering & Construction,-58.20244328097731,45.83
NASDAQ:VBNK,VBNK,22.04,21.485000000000003,18.386500000000005,Finance,Regional Banks,51.4360285024025,25.05
NASDAQ:MLAB,MLAB,127.51,123.18300000000002,101.783625,Health Technology,Medical Specialties,-42.43559718969555,144.35
NASDAQ:PKOH,PKOH,49.03,47.67999999999999,34.015625000000014,Producer Manufacturing,Metal Fabrication,29.33915399668824,53.3
NASDAQ:WASH,WASH,37.07,39.21700000000003,35.298374999999986,Finance,Regional Banks,21.73785839672324,40.54
NASDAQ:TSAT,TSAT,45.96,48.231999999999985,42.1755,Communications,Specialty Telecommunications,-923.5764099077282,61.5399
NASDAQ:CWBC,CWBC,25.71,26.090999999999987,24.753749999999986,Finance,Regional Banks,-75.83272550449793,28.17
NYSE:RGR,RGR,43.26,39.872,39.234750000000034,Consumer Durables,Recreational Products,,48.21
NASDAQ:NVCT,NVCT,21.12,21.894000000000002,14.132750000000005,Health Technology,Pharmaceuticals: Major,-0.8771929824561373,29.275
NYSE:TCBX,TCBX,41.34,44.44299999999998,40.86274999999999,Finance,Savings Banks,14.327223960661586,46.355
NASDAQ:KE,KE,28.68,25.913999999999994,25.7215,Electronic Technology,Electronic Production Equipment,33.38461538461538,32.0
NYSE:NGVC,NGVC,29.68,28.90900000000001,28.433749999999996,Retail Trade,Food Retail,-4.37926878264364,41.07
NASDAQ:CASS,CASS,53.4,55.677,49.34937500000014,Commercial Services,Miscellaneous Commercial Services,24.45401414949247,59.63
NASDAQ:BCAL,BCAL,21.23,21.571999999999992,19.682499999999997,Finance,Regional Banks,2.3180343069077445,22.4085
NASDAQ:DGICA,DGICA,18.23,18.802999999999994,18.167499999999986,Finance,Multi-Line Insurance,31.83875835309335,21.06
NASDAQ:PFIS,PFIS,67.25,70.24800000000005,61.23899999999996,Finance,Regional Banks,-12.284457129266256,73.37
NASDAQ:CCSI,CCSI,36.71,36.528999999999996,31.407624999999985,Technology Services,Packaged Software,33.890035653968845,41.4
NASDAQ:FTH,FTH,26.03,31.694000000000006,25.106125000000006,Health Technology,Biotechnology,27.544191274139163,42.1431
NYSE:CNNE,CNNE,15.5,15.352999999999989,14.098499999999987,Consumer Services,Restaurants,,19.0
NASDAQ:OSPN,OSPN,18.22,17.06,13.641249999999994,Technology Services,Information Technology Services,-16.838166510757706,18.825
NASDAQ:CARE,CARE,30.16,31.361999999999995,27.133374999999994,Finance,Regional Banks,253.86283545676332,36.06
NASDAQ:MSBI,MSBI,32.16,33.199999999999996,27.734250000000014,Finance,Regional Banks,85.32276330690827,35.1
NYSE:MG,MG,20.77,19.424999999999994,16.953250000000004,Industrial Services,Engineering & Construction,141.91176470588235,21.77
NASDAQ:LEGH,LEGH,27.81,28.615000000000002,24.195,Consumer Durables,Homebuilding,65.07617612589986,31.34
NASDAQ:RRBI,RRBI,100.27,101.87999999999995,92.92537499999993,Finance,Regional Banks,17.98036093418258,104.87
NYSE:SMC,SMC,31.95,32.785000000000004,30.393250000000016,Industrial Services,Oil & Gas Pipelines,,36.47
NASDAQ:WCCB,WCCB,60.95,57.41800000000003,50.92453750000001,Finance,Regional Banks,-5.131147540983606,62.3
NASDAQ:DCBO,DCBO,25.47,23.934500000000057,19.882499999999986,Technology Services,Packaged Software,-20.68260975224428,28.72
AMEX:BHB,BHB,37.83,39.664999999999985,36.07175000000001,Finance,Regional Banks,128.5137522079233,41.12
NASDAQ:ACNB,ACNB,62.29,64.378,55.956124999999965,Finance,Regional Banks,34.14370610480821,67.6
NASDAQ:CBNK,CBNK,38.54,37.26300000000001,33.236999999999995,Finance,Major Banks,11.320030698388322,40.7
NASDAQ:CLMB,CLMB,33.26,29.517999999999983,25.452875,Distribution Services,Electronics Distributors,-8.52570021545091,35.0675
NASDAQ:HELE,HELE,26.51,28.160000000000004,23.367624999999983,Consumer Durables,Home Furnishings,,31.98
NASDAQ:FLGT,FLGT,21.74,20.450000000000003,19.469000000000023,Health Services,Medical/Nursing Services,-69.91621011923942,31.04
NYSE:MLR,MLR,52.46,55.08900000000002,48.51675000000002,Consumer Durables,Motor Vehicles,-13.468659991770672,59.7
NASDAQ:IBEX,IBEX,44.52,39.95599999999999,33.68049999999998,Commercial Services,Miscellaneous Commercial Services,-11.29568106312292,45.28
NASDAQ:VLGEA,VLGEA,44.03,44.10600000000001,42.08750000000001,Retail Trade,Food Retail,-11.402498449543726,48.205
NASDAQ:FBIZ,FBIZ,69.36,70.93099999999998,61.49275,Finance,Regional Banks,36.455171392611234,73.74
NASDAQ:GCBC,GCBC,33.65,34.859,28.122000000000003,Finance,Savings Banks,21.492428388980116,36.33
NASDAQ:KIDS,KIDS,21.65,22.951999999999998,19.108874999999998,Health Technology,Medical Specialties,1.7810026385224325,26.74
NASDAQ:SFST,SFST,59.65,62.24000000000005,58.537749999999996,Finance,Regional Banks,48.48597206772957,65.09
NASDAQ:BWB,BWB,20.25,21.257999999999992,19.628500000000003,Finance,Regional Banks,21.13539445628999,22.62
NASDAQ:ITIC,ITIC,296.95,292.3860000000002,259.44249999999994,Finance,Specialty Insurance,19.18057569493722,309.55
NASDAQ:KELYA,KELYA,15.59,16.22900000000001,12.14824999999999,Commercial Services,Personnel Services,-40.47341870391928,17.75
NYSE:EBF,EBF,22.12,21.838000000000015,21.02475000000002,Commercial Services,Commercial Printing/Forms,-27.29411764705882,22.94
NYSE:BXC,BXC,70.76,79.69100000000003,64.47500000000011,Distribution Services,Wholesale Distributors,50.86063298167686,93.8
NYSE:MEI,MEI,15.55,15.570999999999998,11.38425,Electronic Technology,Electronic Components,-9.752747252747247,20.38
NYSE:OOMA,OOMA,20.04,21.904000000000018,17.37425,Communications,Major Telecommunications,133.18385650224215,26.19
NASDAQ:NVEC,NVEC,113.82,109.38199999999998,90.06500000000001,Electronic Technology,Semiconductors,78.56562922868743,135.0
NASDAQ:CIVB,CIVB,26.41,27.486999999999988,25.659999999999997,Finance,Regional Banks,-3.136427566807312,29.97
NASDAQ:XRPN,XRPN,17.09,14.075999999999999,11.279732500000003,Finance,Financial Conglomerates,82.91814946619218,53.0
NASDAQ:DCTH,DCTH,15.36,15.991000000000009,12.04975,Health Technology,Medical Specialties,0.14925373134328784,17.42
NASDAQ:TITN,TITN,22.63,22.025000000000006,19.7185,Distribution Services,Wholesale Distributors,-51.17602427921093,26.9
NASDAQ:MNPR,MNPR,78.96,101.8315,76.761,Health Technology,Biotechnology,-77.41015402167712,124.82
NYSE:AII,AII,26.77,25.302999999999994,20.281499999999998,Finance,Property/Casualty Insurance,7.532852119193047,27.4
NASDAQ:BSVN,BSVN,54.79,53.94899999999998,46.873750000000015,Finance,Regional Banks,-25.30514010658415,57.675
NASDAQ:HBCP,HBCP,65.67,69.194,65.077,Finance,Regional Banks,1.5726941830918304,74.5
NASDAQ:BWFG,BWFG,64.72,66.846,55.933125000000004,Finance,Regional Banks,32.66637668551544,69.59
NYSE:CMDB,CMDB,20.8,21.42400000000001,18.398,Transportation,Marine Shipping,,24.76
NASDAQ:BSRR,BSRR,38.905,40.182999999999986,38.03637499999999,Finance,Regional Banks,-1.2440682313710314,43.125
NYSE:MOV,MOV,31.57,34.23500000000001,30.67025000000001,Consumer Durables,Other Consumer Specialties,302.7210884353742,40.5
NASDAQ:OBT,OBT,36.93,38.18600000000002,35.178375,Finance,Regional Banks,17.05079692695791,40.0999
NASDAQ:WEYS,WEYS,51.46,46.611000000000004,37.36124999999999,Consumer Non-Durables,Apparel/Footwear,490.0847457627119,52.48
NASDAQ:PBAM,PBAM,85.25,87.72500000000002,74.66600000000001,Finance,Regional Banks,27.74804214321933,92.09
NASDAQ:COFS,COFS,32.48,33.53000000000001,31.231749999999995,Finance,Regional Banks,-7.957442092430453,35.4
NASDAQ:PDLB,PDLB,20.05,20.401000000000003,18.50625,Finance,Savings Banks,37.830374753451665,21.1
AMEX:CIX,CIX,39.26,34.766000000000005,26.98275,Producer Manufacturing,Metal Fabrication,33.077270673294166,40.29
NASDAQ:WTBA,WTBA,28.37,29.085000000000008,25.75675000000005,Finance,Regional Banks,37.19096334185849,30.5
NASDAQ:FMAO,FMAO,34.55,34.95700000000003,29.493875000000003,Finance,Regional Banks,52.42925787506676,36.12
NASDAQ:ESEA,ESEA,71.24,74.26100000000001,67.71125000000002,Transportation,Marine Shipping,10.340731769802266,79.67
NYSE:HBB,HBB,34.76,33.17600000000001,23.14175,Consumer Durables,Electronics/Appliances,658.2674772036473,39.99
NASDAQ:GRVY,GRVY,66.87,70.03399999999999,64.852,Technology Services,Packaged Software,71.48529411764703,76.0
NYSE:LXFR,LXFR,17.24,17.204,15.681000000000001,Non-Energy Minerals,Other Metals/Minerals,83.64583333333334,19.45
NASDAQ:LOCO,LOCO,15.22,15.033999999999997,13.952250000000003,Consumer Services,Restaurants,75.28830313014826,17.4
NASDAQ:NRC,NRC,20.33,20.90299999999997,18.974749999999993,Health Services,Services to the Health Industry,-1686.9047619047624,23.68
NASDAQ:CZNC,CZNC,24.94,25.68399999999998,23.30549999999998,Finance,Regional Banks,100.20248038471273,26.37
NYSE:GNE,GNE,16.63,15.525000000000002,14.469999999999995,Utilities,Electric Utilities,392.0814479638009,16.87
NYSE:AVBC,AVBC,21.89,21.978,20.16825,Finance,Savings Banks,100.10368066355626,22.8965
NASDAQ:FRBA,FRBA,17.48,18.088,16.893875,Finance,Regional Banks,6.702809265648104,19.325
NASDAQ:PBFS,PBFS,17.4,17.730500000000006,15.712625000000003,Finance,Regional Banks,-45.46839299314547,19.91
NASDAQ:RBB,RBB,25.42,26.581499999999995,24.17200000000001,Finance,Regional Banks,12.795575896262404,28.24
NYSE:HVT,HVT,27.26,27.877000000000027,24.838750000000022,Retail Trade,Specialty Stores,97.7873386601106,29.83
NASDAQ:PLBC,PLBC,60.96,62.25200000000001,55.154624999999996,Finance,Regional Banks,34.06175771971497,64.0
NASDAQ:CBK,CBK,30.89,33.477999999999994,29.759625,Finance,Regional Banks,5.215547703180203,35.78
NASDAQ:VALU,VALU,43.88,39.28399999999997,36.92100000000001,Consumer Services,Publishing: Books/Magazines,-27.717866511221224,45.2
NASDAQ:STRZ,STRZ,23.79,25.305,20.158624999999997,Consumer Services,Movies/Entertainment,-377.258487850309,32.58
NASDAQ:USCB,USCB,22.04,22.666000000000015,20.197000000000003,Finance,Regional Banks,22.26377461979556,23.8858
NYSE:GCO,GCO,36.51,35.108999999999995,33.480000000000004,Retail Trade,Apparel/Footwear Retail,,43.6
NASDAQ:PCB,PCB,27.73,27.866000000000007,25.321000000000005,Finance,Regional Banks,17.071210416331773,30.835
NASDAQ:CHMG,CHMG,80.54,82.68199999999999,69.10512499999999,Finance,Regional Banks,,86.0
NASDAQ:ADV,ADV,30.28,31.812499999999908,30.08012500000001,Commercial Services,Advertising/Marketing Services,-106.88685275942893,47.45
NASDAQ:TWIN,TWIN,26.26,24.93849999999999,20.167750000000005,Producer Manufacturing,Trucks/Construction/Farm Machinery,239.2876129718235,29.235
NASDAQ:PKBK,PKBK,32.19,33.967,30.852875,Finance,Regional Banks,48.84024354885474,35.7
NASDAQ:FRST,FRST,15.25,16.008000000000003,14.76275,Finance,Regional Banks,285.69979716024346,16.8758
NYSE:SI,SI,18.13,19.568,16.784000000000002,Health Technology,Medical Specialties,48.06957997454391,24.595
NASDAQ:CZFS,CZFS,78.05,81.08999999999995,69.60687500000003,Finance,Regional Banks,20.323312535450953,84.65
NASDAQ:MVBF,MVBF,28.91,30.42499999999999,27.969249999999988,Finance,Regional Banks,508.7811271297509,31.99
NASDAQ:PRE,PRE,21.84,22.205000000000002,19.40325,Finance,Financial Conglomerates,44.4598633646456,27.24
NASDAQ:FNLC,FNLC,32.97,34.730000000000025,30.996500000000008,Finance,Major Banks,17.79908295122968,36.3
NASDAQ:NECB,NECB,27.0,26.818500000000007,25.21125,Finance,Major Banks,-12.121948257014454,28.94
NASDAQ:SHIP,SHIP,17.11,17.637,14.703249999999997,Transportation,Marine Shipping,755.3672316384182,19.22
NASDAQ:NWFL,NWFL,33.53,34.12400000000001,31.393375,Finance,Regional Banks,27.623571322547136,35.48
NYSE:JILL,JILL,24.51,21.981,16.66875,Retail Trade,Apparel/Footwear Retail,61.885365144020945,25.135
NASDAQ:WSBF,WSBF,19.48,20.74149999999997,19.107125,Finance,Finance/Rental/Leasing,14.725069897483683,21.66
NASDAQ:TSBK,TSBK,44.82,45.87700000000002,41.81787499999998,Finance,Savings Banks,9.65078656699766,49.38
NASDAQ:FLXS,FLXS,85.17,81.978,61.927999999999976,Consumer Durables,Home Furnishings,36.802461277318066,90.645
NASDAQ:ARTNA,ARTNA,33.63,34.857,33.392874999999954,Utilities,Water Utilities,4.32715948205212,36.98
NASDAQ:FSBW,FSBW,44.1,43.55199999999998,41.81924999999998,Finance,Savings Banks,5.5949726332860354,45.85
NASDAQ:AVBH,AVBH,31.05,31.783000000000023,30.400624999999998,Finance,Regional Banks,-5.913550782285863,34.175
NASDAQ:PNRG,PNRG,214.87,207.5500000000001,201.55675000000005,Energy Minerals,Oil & Gas Production,106.71524074213174,278.9
NASDAQ:SILC,SILC,58.92,47.8565,35.196375,Electronic Technology,Computer Communications,37.82127659574468,63.0
NASDAQ:RCKY,RCKY,44.93,45.81700000000001,40.437125000000016,Consumer Non-Durables,Apparel/Footwear,279.4184839044652,53.01
NASDAQ:TJGC,TJGC,33.28,15.346,6.7087274999999975,Electronic Technology,Electronic Equipment/Instruments,,36.76
NASDAQ:BCML,BCML,30.53,30.54649999999999,30.475375000000007,Finance,Regional Banks,-210.33886583679114,34.98
NYSE:CVEO,CVEO,32.12,33.19799999999999,30.88575,Consumer Services,Hotels/Resorts/Cruise lines,8.310139165009941,36.5
NASDAQ:CFFI,CFFI,101.39,92.97999999999998,80.04699999999995,Finance,Regional Banks,10.877163431170263,103.52
NYSE:CBNA,CBNA,49.25,47.03100000000002,39.545,Finance,Major Banks,107.50071571714858,50.99
NASDAQ:JAKK,JAKK,28.23,25.57499999999998,22.518749999999983,Consumer Durables,Recreational Products,,28.6
NASDAQ:SMTI,SMTI,35.07,34.696999999999996,24.81949999999999,Health Technology,Medical Specialties,77.64001710132534,35.34
NASDAQ:JMSB,JMSB,22.8,23.121500000000005,21.43237500000003,Finance,Regional Banks,39.13286713286715,24.26
NYSE:COSO,COSO,26.67,27.32699999999999,25.85725,Finance,Regional Banks,4.803415762319856,28.56
NASDAQ:FDBC,FDBC,54.73,54.80249999999999,48.675374999999974,Finance,Regional Banks,11.470883534136545,56.9
NASDAQ:FVCB,FVCB,17.37,18.249000000000002,16.495500000000014,Finance,Regional Banks,45.8762886597938,19.11
NYSE:CLW,CLW,18.97,20.847,17.15974999999998,Process Industries,Pulp & Paper,-701.3531799729363,23.59
NASDAQ:RELL,RELL,20.79,18.40800000000001,15.371999999999996,Electronic Technology,Electronic Production Equipment,105.87792012057271,23.15
NASDAQ:MKTW,MKTW,19.25,19.0745,17.57537499999999,Technology Services,Data Processing Services,-144.86333647502357,22.83
NASDAQ:FCCO,FCCO,32.27,33.618999999999986,31.315124999999988,Finance,Regional Banks,19.984984984984983,35.735
NASDAQ:FRD,FRD,41.98,42.767999999999994,28.417249999999996,Non-Energy Minerals,Steel,151.30581297388372,48.7699
NASDAQ:PMTS,PMTS,25.54,26.31199999999999,18.784375000000004,Finance,Finance/Rental/Leasing,290.3225806451613,31.2499
NASDAQ:RCMT,RCMT,41.38,39.147000000000006,27.604749999999996,Commercial Services,Personnel Services,35.80959968133837,43.6785
NASDAQ:BPRN,BPRN,42.82,43.069,37.904624999999996,Finance,Regional Banks,939.8797595190381,44.495
NASDAQ:MYFW,MYFW,29.83,30.820000000000004,28.59049999999999,Finance,Investment Managers,125.62695924764891,34.36
NASDAQ:QNBC,QNBC,46.25,45.0335,42.05212000000007,Finance,Regional Banks,-42.17745803357314,46.6
NASDAQ:FRAF,FRAF,62.6,63.044999999999995,57.47349999999999,Finance,Regional Banks,11.101861661873775,65.41
NASDAQ:OVLY,OVLY,33.37,34.17299999999999,33.34787500000001,Finance,Regional Banks,-9.014084507042249,35.97
NASDAQ:ATLO,ATLO,31.46,31.869000000000007,29.005874999999996,Finance,Regional Banks,32.12312549329123,32.86
NASDAQ:FUNC,FUNC,43.15,43.939499999999995,40.409125,Finance,Regional Banks,-4.642313546423131,46.3
NASDAQ:BDSX,BDSX,26.02,26.614499999999985,17.969,Health Services,Medical/Nursing Services,54.83375959079284,31.97
NASDAQ:NKSH,NKSH,42.56,42.17,37.939499999999995,Finance,Major Banks,119.5108393551973,45.0
NASDAQ:KINS,KINS,18.49,19.20800000000002,17.223750000000003,Finance,Insurance Brokers/Services,34.81651962664621,20.9
NASDAQ:FBLA,FBLA,16.77,16.101499999999998,14.502250000000004,Finance,Regional Banks,-109.79166666666667,17.36
NASDAQ:FXNC,FXNC,29.46,30.79399999999999,28.69187500000003,Finance,Regional Banks,12.867581536268032,33.24
AMEX:GENC,GENC,18.05,17.71900000000001,15.571500000000006,Producer Manufacturing,Trucks/Construction/Farm Machinery,48.430321592649314,20.19
NASDAQ:LCNB,LCNB,18.52,19.229999999999997,17.627625000000002,Finance,Major Banks,25.867432400095723,21.32
NASDAQ:VABK,VABK,48.5,47.479999999999976,43.26412499999999,Finance,Regional Banks,111.09690616210688,50.0
NASDAQ:ANIK,ANIK,19.58,20.733000000000004,15.52100000000002,Health Technology,Medical Specialties,,22.88
NASDAQ:HWBK,HWBK,37.82,39.18250000000002,36.38087499999999,Finance,Regional Banks,20.73989755264656,40.6
NASDAQ:RMBI,RMBI,15.32,15.718999999999998,14.783750000000023,Finance,Major Banks,-15.020809685962917,16.59
NASDAQ:ESCA,ESCA,18.64,20.11650000000001,17.94162500000001,Consumer Durables,Recreational Products,417.0731707317073,23.0742
NASDAQ:EFSI,EFSI,45.53,43.93300000000003,39.91012500000001,Finance,Regional Banks,-6.072048168180427,48.17
NASDAQ:CMTV,CMTV,43.2,41.19299999999997,37.434650000000005,Finance,Major Banks,16.65042461367116,43.95
NASDAQ:PEBK,PEBK,43.78,43.97999999999998,41.157875000000026,Finance,Regional Banks,1.3251351637867015,45.78
NASDAQ:HQI,HQI,17.2,16.91799999999997,12.976499999999996,Commercial Services,Personnel Services,157.12401055408966,20.8388
AMEX:ACU,ACU,62.15,61.417000000000016,48.99899999999998,Distribution Services,Wholesale Distributors,5.337248467052429,64.87
NASDAQ:UTMD,UTMD,74.54,72.37700000000004,67.47074999999998,Health Technology,Medical Specialties,-10.159744408945679,76.89
NASDAQ:INBK,INBK,25.99,28.100000000000016,24.581625000000003,Finance,Regional Banks,1119.5454545454545,31.09
NASDAQ:CFBK,CFBK,33.84,34.949000000000005,31.166687500000013,Finance,Savings Banks,17.097906644129495,38.11
NASDAQ:OVBC,OVBC,44.74,45.02049999999998,44.19362499999998,Finance,Regional Banks,-30.47224709042077,54.96
NASDAQ:FCAP,FCAP,62.7,62.90200000000002,57.80124999999998,Finance,Savings Banks,26.54419595314163,71.0
NASDAQ:AOUT,AOUT,16.5,14.399999999999988,11.109125,Consumer Durables,Recreational Products,77.3142112125163,17.6887
AMEX:CMT,CMT,23.27,24.450000000000003,22.97275000000001,Producer Manufacturing,Industrial Machinery,-56.45607317592002,28.69
NASDAQ:CZWI,CZWI,21.1,21.358,20.568749999999994,Finance,Regional Banks,-65.0565576276368,24.425
NASDAQ:CUE,CUE,27.66,29.104999999999997,21.297824999999996,Health Technology,Biotechnology,-805.6387169386605,45.5
NASDAQ:PDEX,PDEX,62.49,66.78999999999999,55.86099999999999,Health Technology,Medical Specialties,142.70920794850267,77.0
NASDAQ:RICK,RICK,26.07,28.681000000000022,25.745749999999987,Consumer Services,Restaurants,79.8266522210184,32.0
NASDAQ:CHCI,CHCI,18.71,18.941,15.73275,Consumer Durables,Homebuilding,502.81385281385286,22.07
NASDAQ:LARK,LARK,31.16,31.91399999999998,28.849250000000005,Finance,Major Banks,21.863250243698655,34.6
NASDAQ:CBFV,CBFV,37.2,37.357,36.04287499999999,Finance,Regional Banks,8.466108560626516,38.86
NASDAQ:ECBK,ECBK,21.12,20.794500000000006,18.899125,Finance,Regional Banks,127.44186046511629,21.78
NASDAQ:SBFG,SBFG,29.21,28.551499999999983,23.98700000000001,Finance,Regional Banks,21.37327499158533,32.93
NASDAQ:BSET,BSET,20.95,19.17000000000001,16.73387499999999,Consumer Durables,Home Furnishings,163.48862405200435,22.26
NASDAQ:BVFL,BVFL,21.24,21.25899999999999,20.162000000000003,Finance,Savings Banks,45.356895356895336,22.17
NYSE:WHG,WHG,18.92,19.278,17.841499999999993,Finance,Investment Managers,44.72318339100347,20.97
NASDAQ:FNWD,FNWD,41.17,43.307999999999986,37.71612500000002,Finance,Savings Banks,-3.196164602477041,45.9
NASDAQ:MNSB,MNSB,24.63,24.868499999999997,23.34899999999998,Finance,Regional Banks,9.414225941422592,25.865
NASDAQ:HNVR,HNVR,24.48,26.574,23.835125000000012,Finance,Regional Banks,68.66952789699572,27.94
NASDAQ:EDRY,EDRY,58.72,52.46050000000001,28.037425000000002,Transportation,Marine Shipping,,73.07
NASDAQ:RFAI,RFAI,38.1,35.348,17.027505,Finance,Financial Conglomerates,-82.21415607985482,73.0
NASDAQ:GIBO,GIBO,62.27,35.19171999999999,34.99593,Technology Services,Internet Software/Services,,77.5
AMEX:SIF,SIF,23.75,22.427,17.67175,Electronic Technology,Aerospace & Defense,-101.17074927953888,28.995
NASDAQ:EML,EML,24.59,25.30400000000003,22.348500000000023,Consumer Durables,Tools & Hardware,302.75150472914873,29.91
NASDAQ:LSBK,LSBK,18.25,17.68499999999999,16.360370000000003,Finance,Savings Banks,17.654123298638915,19.09
NASDAQ:OCC,OCC,15.8,15.331000000000003,11.969125,Electronic Technology,Telecommunications Equipment,484.1666666666667,27.9799
NASDAQ:HURC,HURC,21.0,22.232999999999997,19.14812499999999,Producer Manufacturing,Industrial Machinery,,24.49
NASDAQ:HYNE,HYNE,16.79,16.546,15.720650000000001,Finance,Savings Banks,-18.354430379746844,16.86
NASDAQ:BOTJ,BOTJ,26.94,27.241000000000007,23.563247499999985,Finance,Regional Banks,19.808467741935488,29.79
NASDAQ:MGYR,MGYR,18.96,19.372499999999995,18.096055,Finance,Savings Banks,24.123139036083778,20.0
NYSE:TISI,TISI,26.16,25.24200000000001,18.23603,Commercial Services,Miscellaneous Commercial Services,-126.26145580954386,29.57
NASDAQ:PROV,PROV,18.26,18.316499999999998,17.109399999999994,Finance,Savings Banks,41.08019639934533,18.99
NASDAQ:PBHC,PBHC,16.96,16.80301000000001,14.917837500000001,Finance,Regional Banks,-102.68924302788844,18.3
NASDAQ:OESX,OESX,25.83,25.198999999999998,14.620000000000005,Electronic Technology,Semiconductors,,31.65
NASDAQ:PARK,PARK,20.25,20.695,18.763875,Health Services,Medical/Nursing Services,-64.23731614609154,26.79
NASDAQ:AUBN,AUBN,26.54,26.7164,25.367405000000026,Finance,Regional Banks,25.424051839146166,28.88
NASDAQ:FDSB,FDSB,17.32,18.07227,16.116239999999998,Finance,Savings Banks,-87.03094140882159,18.6925
NASDAQ:RLYB,RLYB,17.02,16.849999999999998,12.395224999999996,Health Technology,Biotechnology,,17.5738
NASDAQ:FUSB,FUSB,16.4,16.484,15.863002500000002,Finance,Regional Banks,1089.0625,16.99
AMEX:BDL,BDL,46.79,46.17100000000001,37.679970000000004,Consumer Services,Restaurants,48.070503404993985,52.12
NASDAQ:PFX,PFX,44.945,46.77853999999959,43.63847500000002,Miscellaneous,Investment Trusts/Mutual Funds,,56.4767
NASDAQ:CPBI,CPBI,20.0,20.71018,18.744900000000005,Finance,Investment Banks/Brokers,50.36580670003852,21.8349
NASDAQ:SVRN,SVRN,44.0,19.8685,12.967199999989257,Finance,Financial Conglomerates,,74.74
NASDAQ:AIRT,AIRT,30.55,30.514999999999997,24.770204999999997,Transportation,Air Freight/Couriers,-868.9193654990087,35.0
NASDAQ:CPHC,CPHC,15.7,15.779999999999996,15.695635000000001,Consumer Services,Movies/Entertainment,55.64142194744976,16.965
NASDAQ:RGS,RGS,29.45,27.933510000000012,26.221727499999993,Consumer Services,Other Consumer Services,-96.50517567720598,31.5
NASDAQ:CLST,CLST,16.8,17.442680000000017,16.5233725,Finance,Savings Banks,1.1980267794221333,20.5
NASDAQ:APLM,APLM,21.5,23.24627999999999,18.8967025,Finance,Financial Conglomerates,,42.12
NASDAQ:QETA,QETA,16.41,12.263000000000002,11.677997499999998,Finance,Financial Conglomerates,,21.59
NASDAQ:NCEW,NCEW,16.8,17.20015,14.252794999999997,Transportation,Airlines,,20.8342
NASDAQ:ACFN,ACFN,18.69,19.849000000000004,18.546225,Electronic Technology,Electronic Equipment/Instruments,-59.23970432946145,27.05
NASDAQ:SAIH,SAIH,25.61,24.4805,13.69875,Technology Services,Data Processing Services,,33.0
NASDAQ:MBBC,MBBC,15.095,15.161999999999997,14.369154999999997,Finance,Regional Banks,,15.79
NYSE:MANE,MANE,130.9,109.631,,Health Technology,Pharmaceuticals: Major,-44.046094750320094,136.715
